log_id,station_id,user_id,start_time,end_time,energy_kwh,fee,payment_method
L006045,ST020,U00296,2026-03-21 22:24:00,2026-03-21 23:19:00,26.47,8470,APP
L008553,ST003,U02395,2026-05-03 02:06:00,2026-05-03 02:44:00,53.41,17091,APP
L007363,ST013,U00332,2026/03/10 06:39:00,2026-03-10 07:29:00,142.41,45571,MEMBERSHIP
L003452,ST023,U00423,2026-03-15 00:11:00,2026-03-15 01:06:00,27.54,8813,APP
L010772,ST007,U00644,2026-07-03 12:28:00,2026-07-03 13:20:00,116.63,37322,APP
L004437,ST008,U02196,2026-07-09 20:30:00,2026-07-10 02:56:00,38.94,9930,APP
L004829,ST005,U01637,2026-06-24 12:10:00,2026-06-24 12:34:00,70.36,22515,CARD
L000208,ST025,U02288,2026-07-16 07:47:00,2026-07-16 15:19:00,46.26,13508,APP
L010043,ST040,U00882,2026-06-18 16:33:00,2026-06-19 00:27:00,66.5,19418,MEMBERSHIP
L005340,ST025,U00397,2026-06-28 14:35:00,2026-06-28 21:35:00,3096.0,9040,app
L001572,ST011,U02340,2026/01/22 09:49:00,2026-01-22 10:09:00,29.04,9293,MEMBERSHIP
L002388,ST011,U01256,2026-06-10 16:38:00,2026-06-10 17:02:00,51.73,16554,CARD
L007466,ST033,U00655,2026-02-10 19:38:00,2026-02-10 20:08:00,42.21,13507,MEMBERSHIP
L011450,ST012,U00108,20260105075300,2026-01-05 08:28:00,25.47,8150,APP
L001847,ST018,U00318,20260215145100,2026-02-15 18:03:00,14.52,4240,MEMBERSHIP
L010932,ST040,U01045,2026-04-10 21:38:00,2026-04-11 00:11:00,21.69,6333,MEMBERSHIP
L011762,ST013,U02138,2026-02-21 18:08:00,2026-02-21 18:48:00,112.35,"35,952",MEMBERSHIP
L003226,ST035,U02059,2026-02-18 06:24:00,2026-02-18 10:25:00,29.02,7400,APP
L009555,ST024,U01639,2026-06-02 00:01:00,2026-06-02 00:29:00,75.76,26289,MEMBERSHIP
L011418,ST015,U01683,2026-03-03 12:48:00,2026-03-03 13:29:00,83.1,26592,APP
L008672,ST026,U02323,2026-03-04 07:59:00,2026-03-04 08:22:00,42.23,16047,MEMBERSHIP
L002010,ST024,U00996,2026/04/07 16:40:00,2026-04-07 17:15:00,69.31,24051,CARD
L009269,ST033,U02736,2026-04-27 21:59:00,2026-04-27 22:38:00,,20982,MEMBERSHIP
L007893,ST033,U02185,2026-05-17 00:07:00,2026-05-17 00:39:00,62.08,19866,MEMBERSHIP
L002525,ST022,U00951,2026-05-03 07:42:00,2026-05-03 08:33:00,N/A,25439,card
L005418,ST039,U00148,2026-07-17 15:26:00,2026-07-17 16:07:00,22.3,7738,CARD
L006323,ST039,U01795,2026-01-11 12:54:00,2026-01-11 13:42:00,34.94,12124,MEMBERSHIP
L003516,ST036,U02510,2026-02-18 14:49:00,2026-02-18 17:21:00,17.87,5218,APP
L004511,ST007,U01616,2026-01-08 12:00:00,2026-01-08 12:29:00,59.92,19174,CARD
L008193,ST004,U01854,2026-06-23 02:25:00,2026-06-23 02:48:00,49.15,15728,MEMBERSHIP
L008849,ST003,U02703,2026-06-23 20:00:00,2026-06-23 20:23:00,36.53,11690,CARD
L010166,ST032,U01929,2026-05-09 18:42:00,2026-05-09 19:03:00,24.41,9276,MEMBERSHIP
L003127,ST005,U02408,2026-05-16 04:32:00,2026-05-16 05:19:00,127.45,40784,MEMBERSHIP
L005728,ST025,U02483,2026-04-19 09:13:00,2026-04-19 11:25:00,11.26,3288,MEMBERSHIP
L006519,ST029,U01460,2026-07-24 07:34:00,2026-07-24 10:38:00,20.65,6030,CARD
L004351,ST025,U00275,2026-02-14 07:40:00,2026-02-14 13:24:00,24.93,7280,APP
L003703,ST017,U00358,2026/04/24 05:16:00,2026-04-24 08:46:00,14.57,4254,APP
L011470,ST039,U01627,2026-07-03 13:54:00,2026-07-03 14:15:00,10.17,"3,529",MEMBERSHIP
L009142,ST007,U02285,2026-06-13 10:55:00,2026-06-13 11:40:00,72.89,23325,CARD
L011046,ST020,U00936,2026-07-01 17:48:00,2026-07-01 18:11:00,15.74,5037,MEMBERSHIP
L005655,ST031,U01220,20260220203700,2026-02-20 20:57:00,,16044,MEMBERSHIP
L004354,ST036,U02888,2026/01/15 14:07:00,2026-01-15 19:03:00,40.69,11881,APP
L008692,ST013,U00774,2026-07-24 13:26:00,2026-07-24 14:17:00,104.81,33539,MEMBERSHIP
L006154,ST023,U02383,2026/02/18 23:24:00,2026-02-19 00:22:00,32.43,10378,APP
L004292,ST030,U00723,2026/07/06 01:52:00,2026-07-06 02:28:00,97.57,31222,MEMBERSHIP
L005440,ST039,U02811,2026-07-17 23:57:00,2026-07-18 00:36:00,18.62,6461,Card
L002972,ST026,U00122,2026-01-12 05:32:00,2026-01-12 06:14:00,93.15,35397,CARD
L004764,ST021,U00577,2026-03-25 02:22:00,2026-03-25 05:20:00,17.04,4976,MEMBERSHIP
L007676,ST037,U01998,2026-02-06 04:27:00,2026-02-06 05:25:00,89.14,30932,MEMBERSHIP
L005254,ST022,U00445,2026-07-21 02:03:00,2026-07-21 02:27:00,49.75,17263,CARD
L010198,ST013,U01761,2026-01-30 14:48:00,2026-01-30 15:28:00,79.92,25574,APP
L006990,ST017,U02167,2026-02-26 05:35:00,2026-02-26 11:33:00,25.77,7525,MEMBERSHIP
L008044,ST023,U00123,2026-07-14 15:17:00,2026-07-14 16:04:00,34.05,10896,CARD
L008651,ST007,U00396,2026-02-17 23:41:00,2026-02-18 00:24:00,90.48,"28,954",APP
L011336,ST008,U01464,2026-02-26 16:49:00,2026-02-26 23:28:00,-,7533,app
L006051,ST031,U01015,2026-07-14 20:57:00,2026-07-14 21:29:00,71.42,27140,MEMBERSHIP
L003951,ST003,U01449,2026-07-05 20:12:00,2026-07-05 21:10:00,117.29,37533,CARD
L005356,ST018,U02455,2026-06-04 07:55:00,2026-06-04 14:05:00,28.04,8188,CARD
L009925,ST013,U00028,2026/04/10 21:50:00,2026-04-10 22:47:00,143.02,45766,APP
L002226,ST039,U01075,2026-07-25 13:46:00,2026-07-25 14:34:00,24.54,,APP
L007253,ST026,U02768,2026-03-13 23:09:00,2026-03-13 23:46:00,98.43,37403,membership
L009316,ST034,U01432,2026-01-12 16:59:00,2026-01-12 17:31:00,61.72,23454,card
L004762,ST011,U02789,2026-03-04 07:34:00,2026-03-04 08:11:00,83.24,,APP
L004745,ST006,U00446,2026-03-04 08:39:00,2026-03-04 10:50:00,9.86,,APP
L003157,ST040,U00166,2026-07-09 00:21:00,2026-07-09 06:58:00,48.98,14302,CARD
L010301,ST005,U01123,2026-06-19 07:03:00,2026-06-19 07:39:00,106.07,33942,APP
L001214,ST039,U01024,2026-06-08 07:46:00,2026-06-08 08:27:00,25.33,8790,CARD
L003928,ST028,U00960,2026-03-24 14:52:00,2026-03-24 15:48:00,65.76,21043,MEMBERSHIP
L006151,ST021,U00858,2026-04-10 20:41:00,2026-04-11 01:55:00,22.38,6535,MEMBERSHIP
L005430,ST034,U02693,2026-02-25 16:19:00,2026-02-25 16:53:00,65.19,24772,CARD
L006950,ST001,U02970,2026/05/22 23:07:00,2026-05-23 00:02:00,117.48,44642,MEMBERSHIP
L001533,ST012,U00916,2026-01-25 16:24:00,2026-01-25 15:18:00,30.33,9706,APP
L000405,ST019,U01972,2026-01-27 04:09:00,2026-01-27 04:43:00,96.89,33621,MEMBERSHIP
L007032,ST001,U02941,2026-02-09 06:56:00,2026-02-09 07:34:00,79.78,30316,APP
L005983,ST037,U02662,2026-05-27 23:58:00,2026-05-28 00:52:00,108.87,37778,APP
L007764,ST039,U00194,2026/07/05 07:06:00,2026-07-05 07:43:00,22.09,7665,Card
L003758,ST006,U00893,2026-06-12 04:16:00,2026-06-12 09:19:00,22.72,6634,MEMBERSHIP
L011162,ST019,U01213,2026-04-08 09:43:00,2026-04-08 10:24:00,112.74,39121,CARD
L005992,ST013,U02985,2026-03-14 17:59:00,2026-03-14 18:59:00,112.18,35898,APP
L005654,ST010,U02515,2026-06-06 00:20:00,2026-06-06 05:41:00,27.42,8007,MEMBERSHIP
L010572,ST019,U00148,2026-01-03 23:15:00,2026-01-04 00:00:00,88.35,30657,app
L004669,ST015,U00760,2026-07-18 11:05:00,2026-07-18 11:35:00,57.87,18518,MEMBERSHIP
L007688,ST009,U01737,2026-05-22 16:23:00,2026-05-22 16:47:00,12.31,4272,APP
L009797,ST034,U00869,2026/04/19 20:36:00,2026-04-19 21:05:00,82.03,31171,CARD
L006331,ST015,U01238,20260228000900,2026-02-28 00:49:00,89.78,28730,APP
L006884,ST029,U02645,2026/01/13 01:26:00,2026-01-13 07:37:00,43.11,12588,CARD
L002122,ST018,U00654,20260202172200,2026-02-03 00:39:00,28.15,8220,MEMBERSHIP
L004085,ST020,U02629,2026-01-19 08:11:00,2026-01-19 08:40:00,21.39,6845,CARD
L000143,ST014,U02492,2026-07-07 16:05:00,2026-07-07 16:43:00,27.38,10404,APP
L005681,ST023,U02502,2026/03/08 20:27:00,2026-03-08 21:19:00,33.37,10678,MEMBERSHIP
L011169,ST029,U00956,2026-06-27 02:30:00,2026-06-27 04:45:00,14.24,4158,CARD
L010336,ST039,U00416,20260425205800,2026-04-25 21:47:00,35.17,12204,MEMBERSHIP
L003574,ST011,U00797,2026-05-05 22:20:00,2026-05-05 23:06:00,71.06,22739,MEMBERSHIP
L011086,ST028,U00311,20260324233800,2026-03-24 23:59:00,21.39,6845,APP
L010003,ST028,U01257,2026-03-08 11:49:00,2026-03-08 12:38:00,45.68,14618,APP
L002611,ST001,U00208,2026-01-27 11:25:00,2026-01-27 12:22:00,117.88,44794,MEMBERSHIP
L008864,ST001,U01111,2026-07-17 20:47:00,2026-07-17 21:30:00,96.21,36560,MEMBERSHIP
L008346,ST002,U02182,2026-01-09 18:44:00,2026-01-09 21:57:00,30.07,8780,CARD
L002263,ST030,U02864,2026-07-18 15:37:00,2026-07-18 16:15:00,82.56,26419,APP
L005234,ST017,U02912,2026-05-18 18:37:00,2026-05-18 21:35:00,11.78,3440,CARD
L010670,ST040,U02571,2026-07-04 04:36:00,2026-07-04 08:09:00,31.55,9213,CARD
L009091,ST025,U02655,2026-07-22 02:51:00,2026-07-22 08:08:00,21.03,6141,MEMBERSHIP
L005098,ST007,U01095,20260325210500,2026-03-25 21:34:00,40.63,13002,APP
L003378,ST002,U01174,2026/04/09 07:18:00,2026-04-09 14:06:00,41.47,12109,CARD
L011566,ST033,U01283,2026-05-08 23:06:00,2026-05-08 23:30:00,53.0,16960,CARD
L007779,ST033,U00584,2026-03-11 01:28:00,2026-03-11 01:55:00,45.3,,CARD
L008794,ST018,U00178,2026-03-25 09:11:00,2026-03-25 16:26:00,28.95,8453,APP
L005046,ST028,U01989,2026-02-23 16:18:00,2026-02-23 16:58:00,54.2,17344,card
L011924,ST015,U02511,2026-07-29 19:44:00,2026-07-29 20:12:00,45.92,14694,APP
L006611,ST034,U00216,2026-03-23 20:04:00,2026-03-23 20:49:00,121.67,46235,app
L009509,ST003,U01754,2026-06-22 12:06:00,2026-06-22 12:55:00,84.74,27117,APP
L010863,ST019,U00690,2026-06-20 23:27:00,2026-06-20 23:59:00,84.03,29158,APP
L004498,ST034,U00193,20260116053500,2026-01-16 06:32:00,134.04,50935,MEMBERSHIP
L010120,ST006,U02410,2026-01-28 17:51:00,2026-01-28 23:24:00,25.74,7516,APP
L000458,ST012,U02133,2026-01-28 19:50:00,2026-01-28 20:23:00,20.06,6419,APP
L007823,ST028,U02916,20260515225300,2026-05-15 23:32:00,47.83,15306,MEMBERSHIP
L010717,ST034,U02408,2026-01-09 07:43:00,2026-01-09 08:18:00,100.14,,APP
L002519,ST040,U00112,2026-01-28 06:06:00,2026-01-28 09:32:00,33.87,9890,MEMBERSHIP
L009018,ST036,U00969,20260516001000,2026-05-16 04:26:00,28.67,8372,APP
L001831,ST023,U00910,2026/02/04 19:47:00,2026-02-04 20:22:00,24.51,7843,CARD
L003164,ST016,U01611,2026-05-03 00:20:00,2026-05-03 05:18:00,28.67,7311,CARD
L005897,ST039,U01092,2026/05/11 06:36:00,2026-05-11 06:59:00,14.07,4882,CARD
L004640,ST030,U00024,2026-01-16 17:40:00,2026-01-16 18:11:00,62.39,19965,MEMBERSHIP
L000494,ST013,U00698,2026/06/20 18:52:00,2026-06-20 19:18:00,58.85,18832,MEMBERSHIP
L000608,ST032,U02116,2026-04-08 00:26:00,2026-04-08 00:57:00,46.47,17659,MEMBERSHIP
L009842,ST035,U00288,2026-06-16 13:29:00,2026-06-16 19:05:00,43.26,11031,APP
L002210,ST027,U02263,2026-06-05 20:32:00,2026-06-06 00:34:00,24.17,7058,MEMBERSHIP
L011731,ST008,U00907,2026/02/03 01:04:00,2026-02-03 03:59:00,12.05,3073,MEMBERSHIP
L000447,ST031,U02869,2026-06-05 07:26:00,2026-06-05 08:06:00,69.48,26402,CARD
L003037,ST022,U00497,2026-07-03 19:21:00,2026-07-03 19:45:00,44.1,15303,MEMBERSHIP
L005260,ST021,U02934,2026-05-22 15:18:00,2026-05-22 19:20:00,21.88,6389,CARD
L004326,ST027,U01256,2026-05-09 19:28:00,2026-05-09 23:58:00,25.43,7426, APP 
L003328,ST004,U01784,2026-03-12 04:56:00,2026-03-12 05:56:00,91.06,29139,APP
L010934,ST019,U00164,2026-06-20 15:13:00,2026-06-20 15:43:00,72.88,25289,MEMBERSHIP
L007943,ST036,U00290,2026-04-25 16:11:00,2026-04-25 23:24:00,46.47,13569,APP
L003553,ST001,U02267,2026-01-16 05:37:00,2026-01-16 06:00:00,42.38,16104,MEMBERSHIP
L005222,ST020,U02202,2026/03/02 07:17:00,2026-03-02 07:56:00,25.01,8003,APP
L001147,ST025,U01828,20260420033600,2026-04-20 09:46:00,32.02,9350,CARD
L006255,ST020,U01984,2026-06-09 22:53:00,2026-06-09 23:24:00,22.91,7331,APP
L002430,ST007,U01544,2026/06/14 03:36:00,2026-06-14 04:03:00,47.58,15226,MEMBERSHIP
L003932,ST025,U02969,2026-05-21 08:03:00,2026-05-21 14:37:00,26.7,7796,MEMBERSHIP
L005577,ST016,U02592,2026-06-22 17:02:00,2026-06-23 00:36:00,37.51,9565,MEMBERSHIP
L007332,ST024,U01820,2026/07/06 07:40:00,2026-07-06 08:14:00,64.42,,CARD
L007492,ST040,U02666,2026-06-24 06:59:00,2026-06-24 10:38:00,22.88,,MEMBERSHIP
L006782,ST025,U00481,2026-03-19 21:16:00,2026-03-19 23:39:00,9.85,2876,APP
L006150,ST030,U00134,2026/06/10 15:41:00,2026-06-10 16:19:00,93.84,30029,MEMBERSHIP
L002715,ST015,U00739,2026/06/21 15:03:00,2026-06-21 15:57:00,102.28,32730,CARD
L007356,ST037,U00356,2026-02-26 16:53:00,2026-02-26 17:52:00,82.56,28648,APP
L011208,ST027,U01978,2026-06-25 17:07:00,2026-06-26 00:23:00,38.4,11213,CARD
L009851,ST027,U02969,2026-07-01 13:05:00,2026-07-01 18:04:00,22.76,6646,CARD
L005064,ST006,U02347,2026-01-28 04:41:00,2026-01-28 11:47:00,38.03,11105,MEMBERSHIP
L007894,ST036,U00517,2026/02/03 09:27:00,2026-02-03 15:46:00,51.37,15000,CARD
L007752,ST006,U02069,2026-03-19 07:30:00,2026-03-19 13:23:00,26.63,,MEMBERSHIP
L007931,ST019,U00683,2026/06/28 12:57:00,2026-06-28 13:49:00,102.66,-35623,APP
L011988,ST012,U01117,2026-03-05 00:32:00,2026-03-05 01:26:00,25.52,8166,CARD
L011777,ST016,U00300,2026-03-30 12:48:00,2026-03-30 20:09:00,35.05,8938,MEMBERSHIP
L003362,ST012,U02242,2026-03-12 04:39:00,2026-03-12 05:17:00,19.05,6096,MEMBERSHIP
L003732,ST007,U02785,2026-03-31 21:24:00,2026-03-31 22:20:00,99.37,31798,APP
L000741,ST016,U02051,2026-06-10 06:27:00,2026-06-10 10:42:00,24.79,6321,MEMBERSHIP
L007161,ST034,U01460,2026-02-16 21:37:00,2026-02-16 22:30:00,101.55,38589,MEMBERSHIP
L008828,ST024,U01922,2026-07-06 19:13:00,2026-07-06 20:08:00,137.25,47626,APP
L010182,ST011,U02321,2026-04-28 14:14:00,2026-04-28 14:51:00,73.63,23562,CARD
L000118,ST011,U00324,2026-01-17 10:41:00,2026-01-17 11:35:00,95.81,30659,MEMBERSHIP
L002070,ST030,U02877,2026/05/29 08:59:00,2026-05-29 09:38:00,99.66,31891,MEMBERSHIP
L005907,ST015,U02974,2026-01-18 01:25:00,2026-01-18 02:17:00,92.37,29558,CARD
L003658,ST040,U00156,2026-04-10 10:34:00,2026-04-10 17:32:00,52.74,15400,CARD
L005336,ST012,U01932,2026-06-03 14:44:00,2026-06-03 15:30:00,21.34,6829,CARD
L002095,ST013,U00311,2026/02/04 09:38:00,2026-02-04 10:16:00,99.23,31754,MEMBERSHIP
L007982,ST034,U00756,20260629053300,2026-06-29 06:10:00,104.28,39626,CARD
L006378,ST015,U00799,20260428104300,2026-04-28 11:17:00,50.74,16237,MEMBERSHIP
L008066,ST029,U02802,2026/06/10 07:16:00,2026-06-10 06:36:00,64.44,18816,CARD
L008983,ST023,U02471,2026-05-28 19:37:00,2026-05-28 20:37:00,42.15,13488,MEMBERSHIP
L003542,ST014,U02416,20260721191100,2026-07-21 19:55:00,28.54,10845,APP
L004690,ST005,U02474,2026/01/23 03:39:00,2026-01-23 03:59:00,42.27,13526,APP
L001585,ST031,U02612,2026-03-27 23:49:00,2026-03-28 00:43:00,90.91,34546,CARD
L007431,ST018,U01791,2026-07-29 00:05:00,2026-07-29 06:20:00,34.08,9951,MEMBERSHIP
L007095,ST010,U02462,20260613164500,2026-06-13 23:11:00,28.34,8275,APP
L003491,ST005,U00069,2026/06/24 03:03:00,2026-06-24 03:38:00,102.84,32909,MEMBERSHIP
L007858,ST012,U02166,2026-03-31 13:51:00,2026-03-31 14:20:00,18.27,5846,CARD
L007739,ST034,U00224,20260530202500,2026-05-30 20:49:00,56.5,21470,CARD
L003592,ST040,U02720,2026/06/09 00:06:00,2026-06-09 05:38:00,54.18,,APP
L010939,ST025,U01531,2026-02-19 22:36:00,2026-02-20 02:02:00,19.77,5773,CARD
L001231,ST030,U01623,2026-03-26 05:37:00,2026-03-26 06:13:00,102.21,32707,APP
L003887,ST013,U00033,2026-04-19 19:42:00,2026-04-19 20:07:00,66.69,21341,APP
L005906,ST005,U01132,2026-01-13 10:52:00,2026-01-13 11:18:00,59.05,18896,APP
L006074,ST027,U02445,2026-04-19 15:18:00,2026-04-19 19:07:00,20.53,5995,MEMBERSHIP
L004924,ST040,U02166,2026-01-26 03:24:00,2026-01-26 08:33:00,33.21,9697,APP
L011546,ST011,U01457,2026-05-08 04:07:00,2026-05-08 04:59:00,81.43,26058,CARD
L003390,ST014,U01471,20260319231700,2026-03-19 23:46:00,21.1,8018,APP
L001191,ST029,U01379,20260601042500,2026-06-01 08:54:00,31.62,9233,MEMBERSHIP
L009578,ST028,U01784,2026-03-14 06:37:00,2026-03-14 07:16:00,36.42,11654,APP
L005571,ST012,U01754,2026-03-01 13:48:00,2026-03-01 14:20:00,20.85,6672,MEMBERSHIP
L009739,ST020,U01491,2026-03-16 11:32:00,2026-03-16 12:14:00,30.73,9834,APP
L007081,ST039,U01558,2026-03-19 10:14:00,2026-03-19 10:56:00,21.5,7460,CARD
L009544,ST004,U02808,2026-06-30 13:09:00,2026-06-30 13:41:00,59.07,18902,MEMBERSHIP
L010477,ST023,U01261,2026-02-14 15:51:00,2026-02-14 16:29:00,27.31,8739,MEMBERSHIP
L000552,ST037,U02347,2026-06-27 08:39:00,2026-06-27 09:36:00,87.05,30206,APP
L006913,ST002,U00849,20260524032600,2026-05-24 06:00:00,20.63,6024,MEMBERSHIP
L004396,ST027,U02363,2026-01-10 08:03:00,2026-01-10 13:49:00,29.3,8556,APP
L006590,ST030,U02428,2026-01-16 07:39:00,2026-01-16 08:06:00,53.35,17072,CARD
L005818,ST009,U02139,2026-07-14 08:53:00,2026-07-14 09:24:00,20.89,7249,APP
L006282,ST028,U00344,2026-01-24 03:40:00,2026-01-24 04:39:00,65.65,21008,MEMBERSHIP
L011157,ST009,U01048,20260128231900,2026-01-28 23:45:00,15.47,5368,APP
L010384,ST039,U02509,20260728133900,2026-07-28 14:13:00,21.07,7311,APP
L008388,ST033,U01150,2026-02-02 15:11:00,2026-02-02 15:54:00,92.2,29504,CARD
L002623,ST035,U02525,2026/02/16 09:31:00,2026-02-16 15:24:00,54.97,14017,CARD
L011464,ST029,U02637,2026-07-13 22:39:00,2026-07-14 00:50:00,18.16,5303,APP
L001940,ST005,U01832,2026-01-22 10:41:00,2026-01-22 11:40:00,149.74,47917,CARD
L000850,ST031,U00462,20260331213600,2026-03-31 22:10:00,51.69,19642,APP
L006062,ST012,U00429,2026-04-17 21:54:00,2026-04-17 22:35:00,22.63,7242,APP
L004248,ST001,U02772,20260308114400,2026-03-08 12:40:00,112.9,42902,APP
L006583,ST024,U01976,2026-05-07 01:18:00,2026-05-07 01:58:00,73.97,25668,CARD
L002066,ST032,U01664,2026-07-24 20:38:00,2026-07-24 21:36:00,65.12,24746,MEMBERSHIP
L006501,ST004,U00539,20260719065400,2026-07-19 07:41:00,84.28,26970,APP
L006393,ST016,U02588,2026-01-05 12:49:00,2026-01-05 20:24:00,41.68,,APP
L000521,ST037,U02038,20260526085400,2026-05-26 09:15:00,,13467,CARD
L000261,ST040,U02963,2026-05-31 06:37:00,2026-05-31 11:40:00,48.69,14217,CARD
L006200,ST021,U00935,2026-03-03 04:07:00,2026-03-03 10:20:00,25.85,7548,MEMBERSHIP
L003817,ST005,U02375,2026-05-05 15:15:00,2026-05-05 15:38:00,52.74,16877,MEMBERSHIP
L010723,ST007,U00799,2026-02-15 03:26:00,2026-02-15 04:07:00,88.4,28288,MEMBERSHIP
L009397,ST018,U00878,2026/01/04 16:46:00,2026-01-04 22:59:00,30.75,8979,MEMBERSHIP
L011862,ST028,U02258,2026/04/18 11:16:00,2026-04-18 11:55:00,40.01,12803,MEMBERSHIP
L010968,ST014,U01716,2026-03-12 19:25:00,2026-03-12 19:53:00,15.41,,MEMBERSHIP
L005018,ST036,U02342,2026-06-17 10:15:00,2026-06-17 12:21:00,12.87,3758,APP
L006377,ST026,U01500,2026-05-14 08:24:00,2026-05-14 08:45:00,46.32,17602,MEMBERSHIP
L007853,ST036,U00327,2026/02/10 10:00:00,2026-02-10 13:52:00,34.35,10030,MEMBERSHIP
L009901,ST009,U00071,2026-02-27 04:43:00,2026-02-27 05:41:00,34.65,12024,CARD
L009137,ST040,U00652,2026-05-26 14:12:00,2026-05-26 18:09:00,37.24,10874,CARD
L010460,ST030,U01205,2026-07-14 19:14:00,2026-07-14 20:07:00,142.76,45683,APP
L005088,ST006,U01198,2026-04-28 09:27:00,2026-04-28 12:01:00,16.01,4675,APP
L011770,ST013,U00376,2026/06/03 03:08:00,2026-06-03 03:52:00,101.44,32461,MEMBERSHIP
L004016,ST012,U02206,2026-04-25 23:59:00,2026-04-26 00:30:00,20.57,6582,CARD
L011455,ST027,U01361,20260707040600,2026-07-07 09:07:00,23.73,,APP
L011749,ST028,U02128,2026/04/28 21:50:00,2026-04-28 22:18:00,27.32,8742,CARD
L008325,ST031,U02435,2026-04-16 14:29:00,2026-04-16 15:19:00,68.97,26209,card
L009353,ST031,U00223,2026-04-07 09:59:00,2026-04-07 10:43:00,74.62,28356, APP 
L010626,ST030,U02014,2026-04-29 01:55:00,2026-04-29 02:45:00,121.83,38986,APP
L001624,ST022,U02063,2026-01-29 22:15:00,2026-01-29 22:36:00,39.84,13824,MEMBERSHIP
L004341,ST018,U01141,20260623164000,2026-06-23 23:13:00,40.81,11917,CARD
L000421,ST039,U02749,2026-04-19 11:33:00,2026-04-19 12:17:00,27.86,9667,CARD
L000250,ST019,U01237,2026-01-08 07:58:00,2026-01-08 08:54:00,131.84,45748,APP
L008712,ST010,U01106,2026-05-09 16:33:00,2026-05-09 20:21:00,17.29,5049,MEMBERSHIP
L007662,ST029,U01305,2026-03-25 12:45:00,2026-03-25 18:17:00,35.95,,CARD
L004478,ST040,U01220,2026-04-15 04:24:00,2026-04-15 12:01:00,47.17,13774,MEMBERSHIP
L005993,ST022,U00632,2026-02-27 10:05:00,2026-02-27 10:57:00,71.79,24911,CARD
L001449,ST036,U00748,2026-03-03 22:15:00,2026-03-04 01:04:00,21.69,6333,APP
L001958,ST026,U01134,2026/01/16 15:32:00,2026-01-16 16:14:00,90.66,34451,APP
L007154,ST015,U02358,2026-05-02 15:33:00,2026-05-02 16:33:00,129.95,41584,CARD
L003458,ST034,U02187,2026-04-07 00:55:00,2026-04-07 01:39:00,-,"33,850",APP
L009120,ST014,U01509,2026/03/12 23:46:00,2026-03-13 00:37:00,29.29,11130,MEMBERSHIP
L011139,ST031,U01452,2026-05-27 01:02:00,2026-05-27 01:56:00,88.22,33524,app
L002281,ST018,U01656,2026-07-03 03:29:00,2026-07-03 09:09:00,33.59,9808,CARD
L006046,ST016,U01336,2026-04-30 21:05:00,2026-05-01 03:42:00,25.86,6594,MEMBERSHIP
L002787,ST026,U01121,20260601194700,2026-06-01 20:30:00,119.07,45247,CARD
L010889,ST032,U01687,2026-07-21 20:53:00,2026-07-21 21:37:00,59.58,22640,MEMBERSHIP
L003463,ST024,U01971,2026-05-13 11:52:00,2026-05-13 12:41:00,102.23,35474,APP
L000935,ST005,U01454,2026-03-14 02:42:00,2026-03-14 03:12:00,74.75,23920,APP
L008460,ST024,U00496,2026-01-20 16:49:00,2026-01-20 17:16:00,76.32,26483,APP
L010285,ST035,U01996,2026-07-02 18:54:00,2026-07-02 23:01:00,36.02,9185,MEMBERSHIP
L002999,ST037,U01211,2026-01-27 06:23:00,2026-01-27 06:45:00,44.02,15275,CARD
L010609,ST008,U02750,2026-02-21 10:00:00,2026-02-21 15:13:00,30.21,7704,Card
L006318,ST016,U00386,2026-04-12 10:18:00,2026-04-12 18:16:00,41.9,10684,MEMBERSHIP
L008276,ST023,U00899,2026-04-16 17:52:00,2026-04-16 18:49:00,35.52,11366, APP 
L003907,ST028,U01949,2026-07-16 08:28:00,2026-07-16 08:53:00,36.96,11827,MEMBERSHIP
L006375,ST022,U00355,2026-04-16 11:37:00,2026-04-16 12:21:00,94.31,32726,MEMBERSHIP
L004984,ST015,U02373,20260227092600,2026-02-27 10:13:00,97.38,,APP
L000485,ST029,U00336,2026-01-17 02:47:00,2026-01-17 07:25:00,35.12,10255,MEMBERSHIP
L004114,ST020,U02066,2026-07-06 05:46:00,2026-07-06 06:29:00,27.41,8771,APP
L001102,ST019,U00029,2026-03-15 01:58:00,2026-03-15 02:57:00,121.85,42282,CARD
L005015,ST007,U00008,2026-02-15 14:59:00,2026-02-15 15:56:00,103.87,33238,MEMBERSHIP
L009662,ST029,U01735,2026-02-22 02:59:00,2026-02-22 09:57:00,62.13,18142,CARD
L011438,ST024,U02593,2026-05-01 11:49:00,2026-05-01 12:27:00,97.46,33819,CARD
L010822,ST029,U02645,2026-06-06 05:18:00,2026-06-06 11:01:00,35.61,10398,Card
L004656,ST021,U01467,2026-02-01 16:54:00,2026-02-01 21:58:00,29.85,8716,CARD
L004361,ST004,U00038,2026-01-10 03:40:00,2026-01-10 04:15:00,68.64,21965,APP
L010985,ST005,U02238,2026-02-17 16:15:00,2026-02-17 16:36:00,53.05,16976,CARD
L004407,ST026,U00085,2026-07-04 04:37:00,2026-07-04 05:10:00,62.3,23674,CARD
L004920,ST015,U00638,2026-05-18 19:28:00,2026-05-18 20:17:00,78.13,25002,MEMBERSHIP
L006794,ST002,U02883,2026-02-01 04:35:00,2026-02-01 11:15:00,61.23,17879,Card
L007536,ST006,U01027,2026-04-28 07:21:00,2026-04-28 11:24:00,18.88,5513,MEMBERSHIP
L008212,ST023,U01644,2026/04/11 17:11:00,2026-04-11 18:05:00,39.77,12726,CARD
L005299,ST010,U02241,2026-05-02 00:56:00,2026-05-02 03:40:00,12.15,3548,CARD
L011291,ST013,U00202,2026/01/27 12:24:00,2026-01-27 12:51:00,51.12,16358,MEMBERSHIP
L009497,ST002,U02031,2026-06-12 18:54:00,2026-06-12 23:55:00,32.82,9583,CARD
L002522,ST004,U00768,2026/06/15 12:53:00,2026-06-15 13:18:00,37.07,11862,CARD
L006561,ST038,U00475,2026-04-16 23:29:00,2026-04-17 00:19:00,146.41,46851,APP
L000304,ST038,U01129,2026-01-05 14:35:00,2026-01-05 15:00:00,62.16,19891,CARD
L011250,ST005,U02749,2026/05/03 04:26:00,2026-05-03 05:14:00,89.34,28589,CARD
L008116,ST023,U02427,2026-03-07 02:41:00,2026-03-07 03:38:00,41.33,13226,APP
L001760,ST012,U01517,2026-04-27 03:17:00,2026-04-27 03:54:00,23.64,7565,CARD
L000805,ST014,U00681,2026-03-29 05:27:00,2026-03-29 06:18:00,25.79,9800,MEMBERSHIP
L007190,ST033,U01200,2026-01-23 00:54:00,2026-01-23 01:18:00,41.26,13203,CARD
L008421,ST038,U00870,2026-04-17 06:48:00,2026-04-17 07:08:00,36.86,11795,APP
L006569,ST024,U01502,2026-02-20 19:43:00,2026-02-20 20:05:00,42.57,14772,CARD
L003858,ST038,U02757,2026-03-24 10:26:00,2026-03-24 10:51:00,59.81,19139,APP
L005273,ST010,U02515,20260420191600,2026-04-20 22:44:00,21.48,6272,APP
L010481,ST011,U00443,2026-02-20 22:06:00,2026-02-20 22:34:00,45.77,,CARD
L008349,ST018,U02661,2026-07-11 08:42:00,2026-07-11 16:18:00,37.43,10930,MEMBERSHIP
L005223,ST027,U00291,2026-01-12 06:40:00,2026-01-12 10:02:00,15.25,4453,APP
L011887,ST039,U00024,2026-07-25 14:54:00,2026-07-25 15:17:00,11.58,4018,APP
L007798,ST019,U01546,2026-07-12 17:23:00,2026-07-12 18:07:00,128.43,44565,APP
L006202,ST021,U01498,2026-05-13 22:49:00,2026-05-14 04:39:00,36.61,10690,MEMBERSHIP
L005084,ST031,U00729,2026-02-21 03:00:00,2026-02-21 04:00:00,102.97,39129,MEMBERSHIP
L001494,ST022,U01057,2026-04-30 23:06:00,2026-04-30 23:49:00,65.1,22590,CARD
L003954,ST023,U01736,20260605182300,2026-06-05 19:05:00,27.63,8842,APP
L003107,ST030,U00728,20260505043100,2026-05-05 04:51:00,55.59,17789,APP
L000890,ST015,U00625,2026-06-21 03:07:00,2026-06-21 04:04:00,,30432,APP
L000229,ST013,U01819,2026-04-15 23:48:00,2026-04-16 00:33:00,123.37,39478,MEMBERSHIP
L003482,ST037,U00597,2026-06-05 22:06:00,2026-06-05 22:58:00,106.45,36938,APP
L009193,ST014,U00848,20260327090600,2026-03-27 10:02:00,26.29,9990, APP 
L009257,ST027,U02723,2026-07-08 08:21:00,2026-07-08 14:22:00,26.91,7858,CARD
L003108,ST015,U02376,2026/07/27 23:53:00,2026-07-28 00:20:00,51.37,16438,APP
L005255,ST010,U02254,2026-01-08 13:07:00,2026-01-08 20:32:00,37.19,10859,CARD
L000307,ST009,U01661,2026-07-23 16:14:00,2026-07-23 16:55:00,22.61,7846,MEMBERSHIP
L004608,ST037,U02739,20260429040800,2026-04-29 04:33:00,50.69,17589,CARD
L011348,ST028,U02436,2026-05-27 10:09:00,2026-05-27 10:31:00,26.26,8403,Card
L005533,ST002,U02089,2026-03-08 06:23:00,2026-03-08 12:45:00,54.21,,APP
L008927,ST007,U02126,2026-03-12 09:14:00,2026-03-12 10:03:00,90.84,29069,CARD
L000029,ST027,U01628,2026-01-06 04:20:00,2026-01-06 07:07:00,10.98,3206,APP
L004970,ST012,U00026,2026-02-25 06:34:00,2026-02-25 07:14:00,24.56,7859,CARD
L001355,ST040,U01944,2026-04-16 23:37:00,2026-04-17 02:13:00,24.07,7028,MEMBERSHIP
L008957,ST026,U00679,2026-06-16 04:36:00,2026-06-16 05:20:00,114.41,43476,MEMBERSHIP
L010316,ST009,U00177,2026-03-22 17:10:00,2026-03-22 17:36:00,18.17,6305,MEMBERSHIP
L011088,ST026,U02740,2026-03-28 02:22:00,2026-03-28 03:06:00,100.4,38152,CARD
L008666,ST031,U02769,2026-01-04 18:56:00,2026-01-04 19:41:00,99.22,37704,MEMBERSHIP
L011325,ST034,U02148,2026-03-22 10:20:00,2026-03-22 10:56:00,102.94,39117,APP
L000409,ST003,U01064,2026-01-17 16:41:00,2026-01-17 17:33:00,91.76,29363,APP
L005876,ST014,U02239,2026-04-07 18:03:00,2026-04-07 18:54:00,28.62,10876,CARD
L003147,ST036,U00134,2026-01-08 23:21:00,2026-01-09 01:38:00,19.28,5630,CARD
L006366,ST040,U00005,2026-07-15 19:12:00,2026-07-15 23:50:00,43.26,12632,CARD
L011319,ST038,U02717,2026-01-21 08:54:00,2026-01-21 09:45:00,132.53,42410,CARD
L001902,ST006,U01888,2026-07-22 23:50:00,2026-07-23 06:53:00,36.89,10772,MEMBERSHIP
L002051,ST025,U02924,2026-03-21 12:06:00,2026-03-21 19:52:00,47.63,13908,APP
L001788,ST038,U02640,20260105234000,2026-01-06 00:33:00,145.65,46608,APP
L008615,ST037,U00741,2026-01-09 10:53:00,2026-01-09 11:32:00,70.99,24634,CARD
L008739,ST005,U01580,2026/02/20 19:56:00,2026-02-20 20:49:00,144.13,46122,CARD
L010495,ST035,U00809,2026-01-18 12:19:00,2026-01-18 19:30:00,62.73,15996,MEMBERSHIP
L000893,ST001,U01289,20260709034100,2026-07-09 04:34:00,88.45,33611,CARD
L005870,ST023,U00885,2026/05/22 05:49:00,2026-05-22 06:32:00,31.57,10102,APP
L003775,ST035,U02300,2026-02-05 21:10:00,2026-02-06 03:18:00,54.06,13785,MEMBERSHIP
L007360,ST011,U00666,2026-05-06 04:07:00,2026-05-06 04:27:00,35.65,11408,CARD
L009405,ST030,U02715,2026/03/15 15:18:00,2026-03-15 16:15:00,147.36,47155,CARD
L005232,ST003,U01361,2026-06-24 13:28:00,2026-06-24 14:04:00,60.91,19491,APP
L007780,ST035,U02960,2026-06-08 04:12:00,2026-06-08 08:40:00,39.48,10067,MEMBERSHIP
L000185,ST017,U01146,2026/02/07 17:37:00,2026-02-07 20:32:00,13.32,3889,CARD
L002947,ST015,U01252,2026/07/10 21:49:00,2026-07-10 22:26:00,59.27,18966,MEMBERSHIP
L000978,ST031,U00168,2026-04-07 10:03:00,2026-04-07 10:26:00,51.45,19551,APP
L001201,ST035,U00153,2026-02-01 03:01:00,2026-02-01 05:26:00,19.82,5054,app
L004933,ST030,U01725,2026-06-26 07:52:00,2026-06-26 08:25:00,89.99,28797,CARD
L006644,ST022,U01680,2026-05-16 23:53:00,2026-05-17 00:51:00,91.86,31875,MEMBERSHIP
L001438,ST035,U00304,2026-01-30 09:57:00,2026-01-30 15:23:00,34.98,8920,CARD
L009788,ST014,U02264,2026-01-01 08:57:00,2026-01-01 09:23:00,N/A,6889,CARD
L006647,ST016,U00455,2026-01-14 06:19:00,2026-01-14 14:15:00,33.55,8555,APP
L001188,ST029,U00897,2026-05-22 04:44:00,2026-05-22 07:14:00,22.89,6684,APP
L006183,ST021,U02929,2026-01-10 02:09:00,2026-01-10 08:30:00,39.97,11671,APP
L004454,ST015,U01563,2026-07-07 01:44:00,2026-07-07 02:20:00,58.33,18666,CARD
L002285,ST031,U00743,2026-04-02 14:21:00,2026-04-02 14:54:00,54.38,20664,MEMBERSHIP
L008583,ST006,U00515,2026-03-11 14:41:00,2026-03-11 21:45:00,38.4,11213,card
L008844,ST014,U00572,2026-02-03 08:32:00,2026-02-03 09:22:00,34.99,13296,MEMBERSHIP
L003705,ST032,U02956,2026/07/24 06:43:00,2026-07-24 07:31:00,65.78,24996,MEMBERSHIP
L002549,ST019,U00900,2026-07-01 09:40:00,2026-07-01 10:19:00,72.8,25262,CARD
L000562,ST028,U02820,2026/02/28 13:18:00,2026-02-28 14:17:00,65.16,20851,CARD
L011023,ST010,U00032,2026-06-12 09:34:00,2026-06-12 15:59:00,28.31,8267,MEMBERSHIP
L009976,ST038,U01511,2026-04-12 10:49:00,2026-04-12 11:30:00,106.35,34032,APP
L011683,ST016,U01933,2026-02-28 11:33:00,2026-02-28 16:24:00,20.05,5113,MEMBERSHIP
L009264,ST023,U00352,2026-04-25 15:56:00,2026-04-25 16:46:00,37.33,"11,946",APP
L001632,ST037,U02503,2026-07-12 06:08:00,2026-07-12 04:55:00,80.87,28062,MEMBERSHIP
L005665,ST013,U00261,2026-03-16 10:15:00,2026-03-16 11:12:00,143.31,45859,CARD
L000607,ST004,U02734,20260223025800,2026-02-23 03:51:00,92.13,29482,MEMBERSHIP
L006346,ST031,U01729,2026-03-20 06:21:00,2026-03-20 06:50:00,,20889,CARD
L007653,ST005,U02419,2026-05-26 01:02:00,2026-05-26 01:43:00,76.18,24378,APP
L004257,ST004,U02949,20260219023600,2026-02-19 02:59:00,36.16,11571,APP
L001132,ST026,U00101,2026-05-28 17:28:00,2026-05-28 18:20:00,130.02,,APP
L003784,ST040,U02876,2026-04-01 11:47:00,2026-04-01 19:22:00,64.06,18706,APP
L000909,ST008,U02657,2026-05-08 02:22:00,2026-05-08 05:02:00,12.71,3241,CARD
L008631,ST035,U00485,2026-07-21 00:24:00,2026-07-21 07:15:00,55.34,14112,MEMBERSHIP
L004041,ST024,U00745,20260704193700,2026-07-04 20:30:00,111.73,38770,CARD
L006391,ST027,U01861,2026-07-13 07:17:00,2026-07-13 09:42:00,10.09,"2,946",CARD
L009343,ST032,U00706,2026-03-03 20:49:00,2026-03-03 21:35:00,56.29,21390,MEMBERSHIP
L007279,ST022,U01541,2026/04/04 19:10:00,2026-04-04 20:09:00,102.28,35491,APP
L011043,ST015,U01406,2026-02-04 06:28:00,2026-02-04 06:54:00,,14637,MEMBERSHIP
L004490,ST033,U02620,2026/04/16 15:11:00,2026-04-16 15:53:00,83.63,26762,MEMBERSHIP
L001030,ST004,U02769,2026-02-25 23:12:00,2026-02-26 00:06:00,107.42,34374,APP
L003973,ST002,U00194,2026-07-15 11:14:00,2026-07-15 14:09:00,20.71,6047,CARD
L004371,ST017,U00479,2026-05-06 03:32:00,2026-05-06 06:10:00,13.81,4033,CARD
L009585,ST003,U01496,2026-06-25 14:20:00,2026-06-25 15:10:00,95.94,30701,APP
L009204,ST027,U00804,2026-01-17 18:41:00,2026-01-18 02:34:00,38.3,11184,CARD
L007134,ST003,U01882,2026-02-26 19:22:00,2026-02-26 19:53:00,59.91,19171,APP
L001216,ST031,U01224,2026-07-09 10:20:00,2026-07-09 11:11:00,107.26,40759,CARD
L007590,ST037,U00368,2026-01-12 12:20:00,2026-01-12 13:20:00,89.05,30900,MEMBERSHIP
L005991,ST029,U01420,2026-07-04 10:08:00,2026-07-04 17:26:00,69.21,20209,APP
L007998,ST038,U02284,2026-05-26 10:59:00,2026-05-26 11:53:00,13589.0,43485,MEMBERSHIP
L010367,ST017,U00580,2026/05/29 18:54:00,2026-05-29 22:33:00,18.89,5516,card
L005451,ST022,U01405,2026-05-31 05:05:00,2026-05-31 05:54:00,,25772,MEMBERSHIP
L011131,ST030,U02310,2026-01-31 22:33:00,2026-01-31 23:02:00,54.32,17382,APP
L010058,ST026,U00575,2026/04/13 02:09:00,2026-04-13 02:52:00,90.61,34432,APP
L001642,ST034,U01399,2026-07-14 17:28:00,2026-07-14 17:51:00,42.25,16055,APP
L002213,ST009,U02119,2026-05-08 04:21:00,2026-05-08 05:12:00,36.04,,CARD
L005894,ST031,U01959,2026-06-19 23:32:00,2026-06-19 23:58:00,50.27,19103,CARD
L002735,ST031,U00542,2026-05-17 04:34:00,2026-05-17 05:27:00,73.46,27915,MEMBERSHIP
L002473,ST018,U00483,2026/04/30 13:18:00,2026-04-30 18:02:00,29.67,,APP
L002781,ST013,U00262,2026-02-03 13:22:00,2026-02-03 13:52:00,76.4,24448, APP 
L011099,ST018,U02575,2026-05-15 18:48:00,2026-05-16 01:45:00,32.55,9505, APP 
L009345,ST003,U01372,2026-03-22 00:34:00,2026-03-22 00:54:00,41.34,13229,CARD
L011372,ST010,U00450,2026-02-04 01:08:00,2026-02-04 07:37:00,32.02,9350,APP
L000858,ST014,U02745,2026-02-17 10:53:00,2026-02-17 11:48:00,29.88,,CARD
L008257,ST037,U00744,2026-01-11 09:43:00,2026-01-11 10:09:00,39.74,13790,CARD
L005171,ST005,U02656,2026-03-09 22:23:00,2026-03-09 23:18:00,137.8,44096,CARD
L009881,ST022,U01454,2026-05-12 23:54:00,2026-05-13 00:42:00,92.37,32052,MEMBERSHIP
L005797,ST039,U01127,2026-02-12 01:29:00,2026-02-12 02:13:00,23.69,8220,CARD
L000739,ST014,U00211,2026/02/09 11:57:00,2026-02-09 12:38:00,20.9,7942,CARD
L005143,ST027,U02521,2026-06-10 21:16:00,2026-06-10 23:57:00,14.02,4094,MEMBERSHIP
L001505,ST038,U00109,2026-03-11 06:13:00,2026-03-11 07:13:00,125.38,40122,MEMBERSHIP
L009168,ST001,U01869,2026/07/08 00:02:00,2026-07-08 00:51:00,109.63,41659,APP
L005995,ST007,U02461,2026-02-19 10:59:00,2026-02-19 11:41:00,63.97,20470,MEMBERSHIP
L007505,ST019,U02686,20260406013100,2026-04-06 01:54:00,64.3,22312,MEMBERSHIP
L007308,ST040,U00221,2026-01-14 10:37:00,2026-01-14 16:00:00,36.72,10722,CARD
L003151,ST039,U00771,2026-06-26 22:31:00,2026-06-26 23:08:00,25.67,8907,MEMBERSHIP
L000484,ST017,U02318,2026-06-29 13:55:00,2026-06-29 21:32:00,38.27,11175,MEMBERSHIP
L008542,ST037,U01860,2026-05-12 18:02:00,2026-05-12 18:45:00,68.51,23773,APP
L002963,ST008,U02248,2026-01-14 14:34:00,2026-01-14 19:52:00,,8025,CARD
L008227,ST007,U00759,2026-06-05 16:15:00,2026-06-05 16:41:00,43.4,13888,MEMBERSHIP
L011880,ST027,U00922,2026/06/13 21:50:00,2026-06-14 01:33:00,21.32,6225,APP
L004170,ST040,U00261,2026-06-21 19:58:00,2026-06-21 22:33:00,23.5,6862,APP
L000869,ST004,U01464,2026-04-28 20:01:00,2026-04-28 20:55:00,99.86,31955,MEMBERSHIP
L000725,ST022,U01876,2026/01/02 00:29:00,2026-01-02 00:49:00,31.62,10972,APP
L010097,ST016,U01933,2026/01/27 10:41:00,2026-01-27 14:57:00,22.76,5804,CARD
L003156,ST019,U01987,2026/05/25 19:49:00,2026-05-25 20:16:00,66.13,22947,APP
L011642,ST013,U01994,2026-07-25 20:17:00,2026-07-25 20:39:00,49.47,15830,CARD
L009995,ST038,U01032,2026-04-01 15:41:00,2026-04-01 16:36:00,120.96,38707,APP
L002564,ST031,U00324,2026-01-21 12:39:00,2026-01-21 13:20:00,65.28,24806,APP
L003966,ST039,U00541,2026/01/28 10:41:00,2026-01-28 11:25:00,25.79,8949,MEMBERSHIP
L008853,ST019,U02645,20260715080600,2026-07-15 09:05:00,168.32,58407,CARD
L010403,ST012,U00627,2026-03-19 12:32:00,2026-03-19 13:18:00,26.31,8419,MEMBERSHIP
L007085,ST012,U01912,2026/04/25 18:01:00,2026-04-25 18:22:00,14.04,4493,APP
L011158,ST015,U00462,2026/05/30 09:14:00,2026-05-30 09:34:00,,9712,APP
L002303,ST039,U00809,2026-05-23 11:35:00,2026-05-23 12:33:00,33.94,11777,APP
L007855,ST019,U01634,2026-06-19 14:44:00,2026-06-19 15:21:00,68.8,23874,MEMBERSHIP
L004875,ST031,U02244,2026-05-28 04:34:00,2026-05-28 05:15:00,84.54,32125,APP
L007551,ST038,U00397,20260409150300,2026-04-09 16:03:00,115.18,36858,APP
L011069,ST005,U00643,2026-01-01 15:17:00,2026-01-01 16:14:00,118.43,37898,MEMBERSHIP
L002655,ST001,U01979,2026-05-26 21:56:00,2026-05-26 22:19:00,50.28,19106,MEMBERSHIP
L009907,ST033,U00399,2026-07-21 11:58:00,2026-07-21 12:38:00,81.99,26237,APP
L000398,ST009,U01003,2026-04-15 03:44:00,2026-04-15 04:25:00,20.26,7030,APP
L004864,ST038,U02368,2026-06-03 00:22:00,2026-06-03 01:06:00,101.94,32621,Card
L000456,ST005,U00147,2026-03-25 14:34:00,2026-03-25 15:27:00,121.05,38736,MEMBERSHIP
L003693,ST018,U02377,20260310131400,2026-03-10 17:22:00,24.56,7172,APP
L011689,ST028,U01369,2026-04-28 22:10:00,2026-04-28 22:57:00,47.87,15318,app
L005929,ST037,U01877,2026-02-11 08:08:00,2026-02-11 08:36:00,52.82,18329,APP
L003637,ST006,U01536,2026-04-28 14:12:00,2026-04-28 16:37:00,13.8,4030,APP
L010252,ST004,U02407,2026-03-28 04:44:00,2026-03-28 05:06:00,43.46,13907,CARD
L003169,ST007,U00391,2026-02-11 11:49:00,2026-02-11 12:49:00,119.56,38259,MEMBERSHIP
L010395,ST002,U02808,2026-05-03 13:54:00,2026-05-03 21:45:00,63.77,18621,MEMBERSHIP
L000319,ST022,U01856,2026-05-16 05:06:00,2026-05-16 05:45:00,62.62,21729,CARD
L009381,ST037,U01297,20260126005100,2026-01-26 01:17:00,44.32,15379,CARD
L005715,ST010,U01710,2026-06-10 16:30:00,2026-06-10 23:55:00,38.83,11338,APP
L011446,ST031,U00180,2026-03-06 23:02:00,2026-03-06 23:45:00,79.05,30039,MEMBERSHIP
L002407,ST022,U00808,2026-03-05 21:11:00,2026-03-05 21:40:00,56.75,19692,MEMBERSHIP
L005097,ST027,U00222,2026/02/04 10:59:00,2026-02-04 17:00:00,25.27,7379,MEMBERSHIP
L011661,ST004,U02963,2026/01/01 00:40:00,2026-01-01 01:40:00,104.68,33498,APP
L008423,ST029,U01433,20260124230700,2026-01-25 07:04:00,51.12,14927,MEMBERSHIP
L006053,ST033,U01709,2026-03-19 00:21:00,2026-03-19 00:47:00,36.74,11757,APP
L006985,ST006,U02626,2026-07-22 07:21:00,2026-07-22 12:08:00,18.99,5545,APP
L009174,ST028,U02830,20260504043700,2026-05-04 05:02:00,25.93,8298,APP
L004881,ST029,U01012,2026-04-07 03:43:00,2026-04-07 09:09:00,47.89,13984,APP
L000537,ST015,U00814,2026-07-01 08:28:00,2026-07-01 08:54:00,53.06,16979, APP 
L003803,ST025,U02221,2026-03-19 03:48:00,2026-03-19 10:43:00,38.3,11184,CARD
L006620,ST036,U01356,2026/01/06 12:44:00,2026-01-06 19:57:00,62.58,,CARD
L001859,ST039,U00069,2026-03-03 20:00:00,2026-03-03 20:24:00,13.38,4643,MEMBERSHIP
L007856,ST029,U01385,2026-01-18 05:58:00,2026-01-18 12:13:00,56.66,16545,APP
L011300,ST023,U02969,2026-01-08 02:02:00,2026-01-08 02:58:00,41.95,13424,APP
L000799,ST018,U02339,2026-03-25 15:11:00,2026-03-25 17:58:00,14.05,4103,CARD
L007367,ST006,U01792,2026/05/08 07:49:00,2026-05-08 15:49:00,44.15,12892,MEMBERSHIP
L004890,ST003,U01997,20260222221500,2026-02-22 22:56:00,91.56,29299,APP
L003518,ST034,U01118,20260126112300,2026-01-26 12:20:00,164.56,62533,APP
L011844,ST023,U01477,2026/06/03 13:33:00,2026-06-03 14:25:00,30.99,9917,MEMBERSHIP
L002004,ST025,U00777,2026-04-05 11:13:00,2026-04-05 17:47:00,41.17,12022,APP
L006803,ST017,U02631,2026-05-29 08:54:00,2026-05-29 16:46:00,40.37,11788,MEMBERSHIP
L003897,ST040,U02214,2026-03-09 16:24:00,2026-03-09 18:59:00,17.74,,APP
L004930,ST004,U02828,2026-05-17 21:44:00,2026-05-17 22:06:00,4308.0,,APP
L008843,ST035,U00217,2026-05-11 00:49:00,2026-05-11 03:22:00,-,4735,CARD
L001820,ST027,U02816,2026-06-29 09:34:00,2026-06-29 14:47:00,25.53,7455,app
L010981,ST016,U01472,2026-07-12 10:14:00,2026-07-12 13:12:00,12.23,3119,MEMBERSHIP
L010526,ST005,U00230,2026-06-02 04:50:00,2026-06-02 05:42:00,155.78,49850,CARD
L001774,ST009,U02886,2026-02-28 02:33:00,2026-02-28 03:30:00,42.26,14664,APP
L007434,ST006,U01557,2026-03-03 02:36:00,2026-03-03 07:26:00,18.64,5443,MEMBERSHIP
L010371,ST012,U02205,2026-01-10 13:19:00,2026-01-10 14:11:00,32.14,10285,APP
L001961,ST028,U00956,2026/07/07 03:14:00,2026-07-07 04:11:00,79.68,25498,CARD
L003507,ST003,U00583,2026/03/31 01:37:00,2026-03-31 02:13:00,66.57,21302,CARD
L006325,ST025,U01592,2026-07-07 07:38:00,2026-07-07 12:03:00,25.25,7373,MEMBERSHIP
L011285,ST022,U01093,2026-01-21 22:50:00,2026-01-21 23:49:00,96.75,"33,572",CARD
L011301,ST014,U01244,2026-06-08 01:19:00,2026-06-08 01:51:00,20.53,7801,APP
L000694,ST006,U01175,2026-03-27 20:18:00,2026-03-28 00:06:00,21.99,6421, APP 
L011335,ST003,U00153,2026-06-06 14:45:00,2026-06-06 15:29:00,89.48,28634,MEMBERSHIP
L007849,ST036,U00500,2026-03-17 13:15:00,2026-03-17 20:19:00,68.52,20008,MEMBERSHIP
L010154,ST026,U01760,2026-01-09 11:07:00,2026-01-09 12:07:00,165.37,62841,APP
L009398,ST017,U00179,2026/02/10 08:47:00,2026-02-10 12:55:00,23.77,6941,CARD
L008424,ST025,U02395,2026-03-27 10:02:00,2026-03-27 14:10:00,23.44,6844,MEMBERSHIP
L002786,ST006,U01718,2026-07-17 09:31:00,2026-07-17 14:27:00,27.59,8056,APP
L009630,ST017,U01802,2026-04-26 18:22:00,2026-04-27 00:51:00,,9116,MEMBERSHIP
L009798,ST037,U02163,2026-02-27 20:14:00,2026-02-27 21:05:00,102.83,35682,APP
L001562,ST012,U02599,2026-07-19 13:33:00,2026-07-19 13:53:00,14.73,4714,APP
L002871,ST033,U01074,2026-05-09 15:13:00,2026-05-09 15:47:00,74.5,23840,CARD
L010892,ST034,U01913,2026-01-26 21:18:00,2026-01-26 22:13:00,111.78,42476,APP
L011124,ST022,U02584,2026/02/03 23:14:00,2026-02-03 23:39:00,52.26,18134,APP
L002671,ST007,U01399,2026-07-26 01:10:00,2026-07-26 01:53:00,77.89,24925,APP
L003387,ST010,U02471,2026-04-24 02:28:00,2026-04-24 04:58:00,13.47,3933,MEMBERSHIP
L003871,ST036,U02501,2026-06-04 11:18:00,2026-06-04 18:09:00,52.9,15447,CARD
L010826,ST005,U00115,2026-02-22 10:19:00,2026-02-22 10:39:00,52.35,16752,MEMBERSHIP
L007168,ST039,U00068,20260122224600,2026-01-22 23:09:00,10.9,3782,APP
L000580,ST018,U00155,2026/06/02 08:08:00,2026-06-02 14:58:00,36.32,10605,CARD
L001345,ST032,U02417,2026-04-28 08:47:00,2026-04-28 09:29:00,58.64,22283,MEMBERSHIP
L002685,ST034,U02193,2026-05-06 03:29:00,2026-05-06 03:54:00,66.26,25179,CARD
L007320,ST021,U00549,2026-03-06 10:26:00,2026-03-06 16:14:00,33.24,"9,706",app
L005594,ST023,U01251,2026-07-05 23:04:00,2026-07-05 23:54:00,28.75,9200,MEMBERSHIP
L003225,ST019,U01671,2026-05-12 08:58:00,2026-05-12 09:21:00,6121.0,21240,APP
L006124,ST002,U00554,2026-01-01 13:39:00,2026-01-01 17:57:00,35.3,10308,card
L003828,ST019,U00014,2026/02/20 09:46:00,2026-02-20 10:31:00,88.9,30848,membership
L008278,ST027,U01103,2026-03-30 03:32:00,2026-03-30 08:29:00,23.43,6842,MEMBERSHIP
L003442,ST011,U02391,2026-03-19 01:52:00,2026-03-19 02:27:00,49.06,15699,APP
L011351,ST037,U02487,2026-03-21 10:43:00,2026-03-21 11:07:00,5308.0,18419,CARD
L011959,ST030,U01779,2026-01-16 09:03:00,2026-01-16 09:49:00,107.36,34355,CARD
L004928,ST020,U02062,2026-01-30 09:46:00,2026-01-30 10:33:00,N/A,8394,CARD
L007644,ST004,U00865,20260702183700,2026-07-02 19:15:00,-,26355,MEMBERSHIP
L007585,ST019,U02771,2026-03-18 03:13:00,2026-03-18 03:40:00,65.94,,APP
L000583,ST023,U01469,2026-03-06 02:26:00,2026-03-06 02:46:00,,3030,MEMBERSHIP
L003125,ST032,U00653,20260518025000,2026-05-18 03:10:00,29.68,11278,MEMBERSHIP
L007929,ST027,U01090,2026-06-14 15:55:00,2026-06-14 23:20:00,31.0,9052,CARD
L004427,ST004,U02069,2026-03-08 10:13:00,2026-03-08 10:55:00,72.63,23242,CARD
L010480,ST008,U01727,2026-04-11 07:08:00,2026-04-11 09:45:00,10.17,2593,CARD
L010406,ST005,U00678,2026-03-14 10:12:00,2026-03-14 11:01:00,106.04,33933,CARD
L005335,ST026,U01418,2026-05-18 22:53:00,2026-05-18 23:38:00,N/A,49780,APP
L008596,ST023,U01243,2026-06-25 05:29:00,2026-06-25 06:03:00,21.04,6733,MEMBERSHIP
L005003,ST015,U01339,2026-05-19 17:19:00,2026-05-19 17:45:00,37.78,12090,APP
L003009,ST001,U01489,2026-03-31 22:00:00,2026-03-31 22:38:00,69.69,26482,APP
L001341,ST036,U00782,2026-03-06 10:06:00,2026-03-06 14:57:00,36.9,10775,MEMBERSHIP
L002767,ST003,U00476,2026-05-03 13:59:00,2026-05-03 14:28:00,46.85,14992,APP
L011167,ST003,U02288,2026-07-28 06:20:00,2026-07-28 06:40:00,31.31,10019,app
L011129,ST019,U02819,2026/03/11 09:07:00,2026-03-11 09:28:00,55.77,19352,MEMBERSHIP
L010456,ST014,U01358,2026-05-08 19:38:00,2026-05-08 20:07:00,13.48,5122,MEMBERSHIP
L010907,ST032,U01656,2026-07-19 13:36:00,2026-07-19 14:13:00,38.45,14611,APP
L000919,ST024,U01416,2026-06-19 12:20:00,2026-06-19 12:53:00,95.57,33163,MEMBERSHIP
L011467,ST028,U01154,2026-06-17 01:26:00,2026-06-17 02:19:00,,16445,APP
L004700,ST014,U01620,2026-05-11 17:09:00,2026-05-11 17:56:00,21.92,8330,APP
L005271,ST038,U00958,2026-07-17 21:06:00,2026-07-17 22:02:00,162.54,52013,APP
L005350,ST025,U02475,2026-01-05 16:20:00,2026-01-05 18:27:00,13.13,3834,MEMBERSHIP
L000829,ST026,U02284,2026-06-09 03:23:00,2026-06-09 04:17:00,139.95,53181,MEMBERSHIP
L000516,ST001,U00811,2026-02-07 23:19:00,2026-02-07 23:52:00,50.61,19232,MEMBERSHIP
L003530,ST029,U02886,2026-02-23 23:10:00,2026-02-24 05:54:00,5044.0,14728,CARD
L002942,ST033,U01863,2026-05-21 13:03:00,2026-05-21 13:48:00,68.19,21821,Card
L010714,ST009,U00625,2026-07-03 23:37:00,2026-07-04 00:10:00,19.31,6701,MEMBERSHIP
L002521,ST036,U00828,2026-03-21 20:56:00,2026-03-21 23:12:00,19.96,5828,CARD
L003626,ST029,U02903,2026-02-01 07:01:00,2026-02-01 10:56:00,29.7,8672,CARD
L002615,ST038,U01730,2026-04-16 04:18:00,2026-04-16 04:44:00,49.26,15763,MEMBERSHIP
L009468,ST005,U00303,2026-04-06 04:22:00,2026-04-06 04:45:00,47.4,15168,APP
L009010,ST003,U00184,2026/04/15 23:08:00,2026-04-15 23:34:00,56.21,17987,CARD
L001335,ST003,U00684,2026-07-20 18:01:00,2026-07-20 18:57:00,93.07,,MEMBERSHIP
L003143,ST026,U00337,2026-02-05 13:48:00,2026-02-05 14:46:00,163.42,62100,CARD
L002343,ST025,U02913,2026-07-13 04:41:00,2026-07-13 10:12:00,25.58,7469,CARD
L009415,ST032,U00163,2026-06-21 00:11:00,2026-06-21 00:42:00,45.07,17127,CARD
L010970,ST029,U02659,2026-07-11 09:19:00,2026-07-11 14:00:00,38.5,11242,APP
L011359,ST010,U02416,20260613212400,2026-06-14 04:32:00,32.95,9621,CARD
L011328,ST029,U01669,2026-06-24 05:53:00,2026-06-24 12:47:00,N/A,12451,MEMBERSHIP
L006102,ST023,U01543,2026-03-29 20:53:00,2026-03-29 21:19:00,17.0,,APP
L007674,ST017,U01347,2026-05-05 06:37:00,2026-05-05 09:20:00,12.84,3749,card
L004074,ST014,U00360,2026-03-15 17:18:00,2026-03-15 18:16:00,32.67,12415,APP
L004794,ST013,U01313,2026-05-10 20:11:00,2026-05-10 20:44:00,69.73,22314,APP
L000746,ST011,U00294,2026-04-20 08:05:00,2026-04-20 09:00:00,92.97,29750, APP 
L005010,ST021,U02893,2026-03-02 19:33:00,2026-03-02 22:09:00,12.4,"3,621",CARD
L003473,ST033,U00439,2026-04-16 06:00:00,2026-04-16 06:59:00,128.72,41190,APP
L000020,ST013,U00032,20260704124000,2026-07-04 13:37:00,145.11,46435,MEMBERSHIP
L009400,ST037,U01958,2026/04/18 17:22:00,2026-04-18 17:42:00,37.43,12988,APP
L007912,ST008,U01141,2026-02-08 10:55:00,2026-02-08 15:30:00,24.95,,MEMBERSHIP
L007089,ST020,U01524,2026-01-23 01:13:00,2026-01-23 01:41:00,15.88,5082,CARD
L006677,ST012,U00973,2026-04-24 00:11:00,2026-04-24 00:43:00,22.42,7174,MEMBERSHIP
L009521,ST014,U01566,2026-02-07 08:14:00,2026-02-07 09:09:00,29.08,"11,050",MEMBERSHIP
L003540,ST017,U00929,2026/07/27 09:03:00,2026-07-27 13:51:00,18.82,5495,CARD
L006360,ST007,U00984,2026-04-21 01:08:00,2026-04-21 02:08:00,111.92,35814,membership
L010267,ST010,U02085,2026-05-27 01:44:00,2026-05-27 08:47:00,34.56,10092,CARD
L008018,ST017,U01366,2026-07-28 12:44:00,2026-07-28 18:34:00,36.35,10614,CARD
L011352,ST011,U00840,2026-06-06 17:31:00,2026-06-06 17:58:00,52.96,16947,MEMBERSHIP
L007020,ST024,U02273,2026-01-02 06:07:00,2026-01-02 07:02:00,161.11,55905,CARD
L008055,ST005,U02959,2026-07-24 11:47:00,2026-07-24 12:19:00,87.08,27866,APP
L011926,ST025,U02728,2026-04-04 02:04:00,2026-04-04 06:57:00,29.04,8480, APP 
L010898,ST002,U00162,2026-05-13 05:47:00,2026-05-13 07:51:00,18.8,5490,CARD
L010465,ST016,U01523,2026-06-05 18:24:00,2026-06-05 21:50:00,15.94,4065,CARD
L004619,ST030,U01197,2026-06-13 12:58:00,2026-06-13 13:39:00,84.57,27062,APP
L006842,ST015,U02876,2026-02-19 01:36:00,2026-02-19 02:14:00,79.37,25398,CARD
L008733,ST009,U00590,20260430194700,2026-04-30 20:11:00,16.43,5701,MEMBERSHIP
L005573,ST032,U01345,2026/03/11 23:57:00,2026-03-12 00:34:00,47.69,18122,MEMBERSHIP
L002889,ST032,U00503,2026-05-30 16:50:00,2026-05-30 17:27:00,35.57,13517,APP
L009996,ST014,U02451,2026-06-21 08:39:00,2026-06-21 09:01:00,14.04,5335,APP
L009262,ST006,U01776,2026-06-27 07:56:00,2026-06-27 12:35:00,18.58,5425,CARD
L003778,ST040,U01651,2026/06/09 13:26:00,2026-06-09 16:40:00,26.95,7869,MEMBERSHIP
L000658,ST016,U00869,2026-07-10 15:46:00,2026-07-10 20:40:00,25.51,,CARD
L006450,ST034,U00884,20260129205500,2026-01-29 21:16:00,60.58,23020,MEMBERSHIP
L001046,ST013,U00262,2026-05-30 18:50:00,2026-05-30 19:18:00,67.17,21494,CARD
L010883,ST007,U02893,20260307101200,2026-03-07 10:47:00,48.64,15565,membership
L009292,ST036,U01072,2026-07-04 16:06:00,2026-07-04 20:27:00,38.73,11309,MEMBERSHIP
L002399,ST020,U00337,2026-07-04 18:10:00,2026-07-04 19:03:00,31.58,10106,CARD
L006638,ST025,U01577,2026-07-16 23:00:00,2026-07-17 01:40:00,13.41,3916,CARD
L009226,ST024,U00571,2026-05-16 03:12:00,2026-05-16 03:57:00,89.97,31220,MEMBERSHIP
L009972,ST030,U02884,2026-06-28 17:01:00,2026-06-28 17:51:00,97.66,31251,MEMBERSHIP
L007844,ST005,U01983,2026-07-20 21:49:00,2026-07-20 22:18:00,77.09,24669,CARD
L007699,ST023,U01654,2026-02-27 03:30:00,2026-02-27 03:50:00,12.79,4093,CARD
L002126,ST031,U02565,2026-02-21 03:39:00,2026-02-21 04:31:00,84.52,32118,CARD
L005548,ST037,U00774,2026/07/22 00:25:00,2026-07-22 01:24:00,84.82,29433,APP
L004821,ST038,U02018,2026-04-14 16:59:00,2026-04-14 17:22:00,60.19,19261,MEMBERSHIP
L011984,ST019,U00292,2026-04-15 13:06:00,2026-04-15 13:44:00,94.67,32850,CARD
L005943,ST032,U01702,2026/06/04 03:03:00,2026-06-04 03:35:00,34.49,13106,CARD
L002544,ST024,U02479,2026-02-12 16:59:00,2026-02-12 17:33:00,77.99,27063,MEMBERSHIP
L002513,ST026,U02975,2026-02-25 10:38:00,2026-02-25 11:19:00,120.64,45843,CARD
L002702,ST006,U02698,2026/02/19 02:42:00,2026-02-19 10:22:00,30.36,8865,CARD
L000243,ST020,U02372,2026-02-07 23:24:00,2026-02-08 00:21:00,41.3,13216,membership
L011178,ST038,U02913,2026-07-04 01:19:00,2026-07-04 02:15:00,113.69,36381,MEMBERSHIP
L009358,ST031,U02385,2026-02-25 19:09:00,2026-02-25 19:29:00,28.38,10784,APP
L010229,ST031,U01110,2026-01-18 02:17:00,2026-01-18 03:03:00,72.49,27546,APP
L007261,ST030,U01890,2026-03-02 11:03:00,2026-03-02 11:44:00,97.78,31290,MEMBERSHIP
L000117,ST025,U00043,2026-06-13 06:14:00,2026-06-13 09:41:00,19.59,5720,MEMBERSHIP
L011173,ST034,U00703,2026-01-06 19:14:00,2026-01-06 19:38:00,55.28,21006,card
L008110,ST014,U01814,2026-03-08 01:18:00,2026-03-08 01:59:00,28.78,10936,APP
L001795,ST027,U00846,2026-05-20 10:52:00,2026-05-20 15:50:00,26.07,7612,CARD
L011624,ST016,U00363,2026-03-24 01:40:00,2026-03-24 04:32:00,16.96,4325,MEMBERSHIP
L008250,ST032,U02441,2026-03-13 16:09:00,2026-03-13 17:08:00,84.17,31985,CARD
L007566,ST033,U00973,20260616163500,2026-06-16 17:25:00,70.86,22675,MEMBERSHIP
L000056,ST012,U02074,2026-07-06 16:33:00,2026-07-06 17:00:00,13.37,4278,MEMBERSHIP
L001110,ST018,U02778,2026-03-09 03:30:00,2026-03-09 10:54:00,35.8,10454,CARD
L009323,ST019,U02589,2026/05/08 09:27:00,2026-05-08 10:09:00,84.67,29380,APP
L009592,ST023,U02411,2026-01-05 14:46:00,2026-01-05 15:20:00,20.21,6467,APP
L010211,ST035,U02184,2026-04-18 23:22:00,2026-04-19 01:56:00,21.92,5590,MEMBERSHIP
L004782,ST011,U01239,2026/02/26 12:32:00,2026-02-26 13:12:00,81.24,25997,APP
L006238,ST035,U00694,2026/03/27 07:44:00,2026-03-27 12:02:00,27.42,6992,CARD
L006994,ST009,U01973,20260327015600,2026-03-27 02:45:00,23.99,8325,APP
L010139,ST028,U02701,2026-06-21 05:42:00,2026-06-21 06:41:00,84.02,26886,MEMBERSHIP
L005022,ST015,U00445,2026-03-17 06:34:00,2026-03-17 07:18:00,83.3,26656,MEMBERSHIP
L006037,ST040,U02047,2026-03-30 05:46:00,2026-03-30 11:00:00,42.85,12512,CARD
L002343,ST025,U02913,2026-07-13 04:41:00,2026-07-13 10:12:00,25.58,7469,CARD
L006404,ST027,U02506,2026/02/18 04:28:00,2026-02-18 11:23:00,35.2,10278,APP
L004945,ST016,U02515,2026-04-29 19:57:00,2026-04-30 01:51:00,28.99,7392,APP
L003742,ST010,U02611,20260416174900,2026-04-16 22:53:00,27.06,,MEMBERSHIP
L011185,ST002,U01021,2026-07-14 13:32:00,2026-07-14 20:35:00,45.01,13143,MEMBERSHIP
L008428,ST006,U01896,2026-03-03 10:38:00,2026-03-03 14:10:00,19.09,5574,MEMBERSHIP
L001685,ST003,U00438,2026-04-19 03:37:00,2026-04-19 04:06:00,53.54,17133,CARD
L009773,ST008,U02676,2026-01-02 04:18:00,2026-01-02 08:48:00,24.77,6316,CARD
L003193,ST010,U02391,2026-05-23 02:01:00,2026-05-23 07:58:00,31.32,9145,APP
L002867,ST032,U00501,2026-03-06 03:38:00,2026-03-06 04:20:00,46.0,17480,membership
L000368,ST031,U00741,2026-05-17 22:49:00,2026-05-17 23:42:00,89.63,34059,APP
L007322,ST006,U01353,2026-02-19 10:40:00,2026-02-19 16:56:00,36.95,10789,APP
L007420,ST036,U01749,2026-05-19 14:06:00,2026-05-19 20:18:00,58.79,17167, APP 
L011231,ST037,U01435,2026-06-28 18:59:00,2026-06-28 19:56:00,114.23,39638,APP
L001250,ST030,U02314,2026-07-24 19:09:00,2026-07-24 19:50:00,76.0,24320,CARD
L011192,ST027,U02823,20260520115600,2026-05-20 14:12:00,13.3,3884,CARD
L000240,ST032,U02999,2026-04-11 08:57:00,2026-04-11 09:29:00,42.95,16321,CARD
L003007,ST014,U02710,2026-01-07 14:20:00,2026-01-07 15:20:00,37.25,14155,MEMBERSHIP
L001999,ST015,U02461,2026-06-22 07:38:00,2026-06-22 08:24:00,89.27,28566,APP
L004867,ST034,U01018,2026/04/04 03:59:00,2026-04-04 04:39:00,77.7,29526,APP
L010284,ST037,U01227,2026/02/07 06:51:00,2026-02-07 07:28:00,70.45,24446,CARD
L003270,ST001,U00224,2026-03-15 07:11:00,2026-03-15 07:35:00,45.07,17127,APP
L003635,ST017,U02980,2026-01-16 04:02:00,2026-01-16 08:54:00,24.6,7183,MEMBERSHIP
L007444,ST011,U00434,2026/03/14 19:53:00,2026-03-14 20:16:00,37.2,,membership
L007238,ST035,U02709,2026-06-18 07:17:00,2026-06-18 15:09:00,64.47,16440,APP
L010209,ST032,U02137,2026-04-12 11:23:00,2026-04-12 12:23:00,60.26,22899,APP
L006188,ST021,U00688,2026-04-23 00:45:00,2026-04-23 04:21:00,20.29,5925,CARD
L000016,ST013,U00906,2026/01/19 01:43:00,2026-01-19 02:42:00,173.87,55638,APP
L008435,ST024,U02417,2026/05/16 02:15:00,2026-05-16 02:46:00,91.53,31761,APP
L004623,ST024,U00504,2026-01-18 18:40:00,2026-01-18 19:36:00,164.06,56929,APP
L011781,ST029,U02778,2026/05/19 17:05:00,2026-05-20 00:16:00,6312.0,18431,CARD
L002099,ST010,U00335,2026-07-01 06:29:00,2026-07-01 11:32:00,26.7,7796,MEMBERSHIP
L009614,ST007,U02226,2026-03-13 15:16:00,2026-03-13 15:54:00,62.23,19914,CARD
L004998,ST019,U01920,2026-03-25 22:56:00,2026-03-25 23:48:00,146.18,50724,APP
L003639,ST032,U02682,2026-01-23 00:37:00,2026-01-23 01:22:00,66.99,25456,CARD
L006088,ST022,U01080,2026-07-09 22:58:00,2026-07-09 23:20:00,34.51,11975,MEMBERSHIP
L006632,ST019,U02461,2026-06-25 21:24:00,2026-06-25 22:07:00,92.16,31980,MEMBERSHIP
L004529,ST015,U01718,2026-01-30 07:24:00,2026-01-30 08:20:00,81.18,25978,CARD
L001273,ST034,U01030,2026/01/05 23:38:00,2026-01-06 00:21:00,106.2,40356,MEMBERSHIP
L004008,ST020,U01326,2026-05-01 20:12:00,2026-05-01 20:35:00,16.9,,MEMBERSHIP
L000707,ST009,U00972,20260430002800,2026-04-30 01:11:00,29.97,"10,400",MEMBERSHIP
L001655,ST035,U02377,2026-05-16 15:39:00,2026-05-16 19:30:00,36.62,9338,APP
L008593,ST030,U02071,2026/07/01 19:47:00,2026-07-01 20:28:00,77.13,24682,MEMBERSHIP
L009333,ST029,U02264,2026-05-17 03:27:00,2026-05-17 11:23:00,75.83,22142,Card
L010740,ST003,U02569,2026-03-31 17:56:00,2026-03-31 18:31:00,69.93,22378,APP
L009433,ST010,U00846,2026-05-11 07:15:00,2026-05-11 10:27:00,12.69,3705,CARD
L002362,ST012,U00864,2026-01-06 14:53:00,2026-01-06 15:41:00,23.16,7411,APP
L004660,ST024,U01333,2026-01-20 14:41:00,2026-01-20 15:37:00,134.61,46710,CARD
L011414,ST020,U02047,2026-04-09 21:37:00,2026-04-09 22:02:00,17.17,5494,CARD
L002005,ST015,U00859,20260519172300,2026-05-19 17:55:00,51.99,16637,MEMBERSHIP
L000181,ST038,U02170,2026/06/23 23:42:00,2026-06-24 00:02:00,41.11,13155,CARD
L001369,ST008,U02429,2026-06-18 22:21:00,2026-06-19 02:55:00,21.04,5365,MEMBERSHIP
L008840,ST023,U02755,2026-02-02 18:14:00,2026-02-02 19:11:00,39.15,12528,CARD
L004730,ST032,U02526,2026-05-20 22:35:00,2026-05-20 22:59:00,23.03,,MEMBERSHIP
L007576,ST007,U02936,20260609000800,2026-06-09 00:44:00,57.92,18534,CARD
L003382,ST025,U02632,2026/07/26 04:15:00,2026-07-26 08:58:00,20.04,5852,APP
L005786,ST030,U02264,20260305002000,2026-03-05 01:11:00,112.34,35949,MEMBERSHIP
L007712,ST033,U00823,2026-05-24 20:11:00,2026-05-24 20:39:00,45.41,14531,APP
L005074,ST037,U02957,2026-05-22 18:23:00,2026-05-22 19:19:00,100.71,34946,CARD
L008069,ST028,U00486,2026/02/17 06:25:00,2026-02-17 07:25:00,71.37,22838,MEMBERSHIP
L005152,ST016,U02801,2026-06-30 01:30:00,2026-06-30 08:15:00,32.07,8178,MEMBERSHIP
L010355,ST010,U02932,2026-05-08 23:44:00,2026-05-09 01:44:00,10.61,3098,MEMBERSHIP
L003330,ST001,U01058,20260325054300,2026-03-25 06:30:00,75.17,28565,APP
L007328,ST005,U00486,2026/06/27 04:09:00,2026-06-27 05:06:00,,52845,CARD
L008736,ST026,U02071,2026-02-21 10:00:00,2026-02-21 10:35:00,91.91,34926,MEMBERSHIP
L003833,ST040,U02143,20260208222300,2026-02-09 01:54:00,32.8,9578,APP
L005871,ST038,U00086,2026-07-16 23:04:00,2026-07-16 23:57:00,145.17,46454,MEMBERSHIP
L007930,ST032,U02456,2026/04/19 18:24:00,2026-04-19 18:54:00,41.61,15812,MEMBERSHIP
L000968,ST033,U01787,20260313092800,2026-03-13 10:13:00,66.14,21165,CARD
L006001,ST015,U00862,2026-06-20 06:49:00,2026-06-20 07:36:00,95.58,30586,MEMBERSHIP
L000480,ST018,U02312,2026/07/28 04:22:00,2026-07-28 11:07:00,31.11,9084,MEMBERSHIP
L001699,ST033,U02417,2026-04-17 05:36:00,2026-04-17 06:00:00,34.35,10992,MEMBERSHIP
L003898,ST002,U02008,20260611065100,2026-06-11 09:14:00,16.77,4897, APP 
L002813,ST035,U00239,2026-04-02 12:40:00,2026-04-02 17:20:00,28.43,7250,APP
L009935,ST023,U02038,2026-03-29 07:42:00,2026-03-29 08:26:00,20.68,6618,MEMBERSHIP
L007960,ST015,U01727,2026-01-02 08:55:00,2026-01-02 09:38:00,87.15,27888,APP
L004062,ST016,U00773,2026-05-11 23:28:00,2026-05-12 07:16:00,43.47,11085,MEMBERSHIP
L008249,ST026,U02771,2026-06-22 07:47:00,2026-06-22 08:47:00,161.24,,APP
L002206,ST032,U00538,2026-03-13 15:19:00,2026-03-13 16:00:00,42.13,16009,CARD
L002699,ST029,U00823,2026-01-01 14:17:00,2026-01-01 17:10:00,2694.0,7866,APP
L002894,ST030,U00536,2026/02/23 11:53:00,2026-02-23 12:35:00,79.03,25290,MEMBERSHIP
L000113,ST030,U01362,2026-05-03 21:32:00,2026-05-03 22:22:00,110.2,35264,CARD
L007157,ST032,U01180,2026-03-17 17:51:00,2026-03-17 18:22:00,40.16,15261,APP
L004285,ST017,U00969,2026-01-19 16:26:00,2026-01-19 23:41:00,28.5,8322,APP
L004167,ST038,U02041,2026/06/04 14:58:00,2026-06-04 15:48:00,95.69,30621,CARD
L008761,ST005,U02655,2026-05-18 22:40:00,2026-05-18 23:13:00,84.43,27018, APP 
L007563,ST037,U00023,2026-03-21 20:26:00,2026-03-21 21:24:00,107.7,37372,CARD
L011603,ST006,U00466,2026-06-07 01:24:00,2026-06-07 08:54:00,44.07,12868,APP
L009762,ST023,U02139,2026/07/01 04:55:00,2026-07-01 05:28:00,19.54,6253,MEMBERSHIP
L007846,ST010,U02789,2026-01-31 01:12:00,2026-01-31 07:59:00,30.41,8880,APP
L008606,ST002,U00846,2026-03-23 05:36:00,2026-03-23 12:29:00,60.78,17748,CARD
L001381,ST019,U01186,20260610124700,2026-06-10 13:24:00,77.17,26778,MEMBERSHIP
L006057,ST009,U02712,2026-02-25 01:16:00,2026-02-25 01:54:00,22.57,7832,MEMBERSHIP
L006852,ST029,U00436,2026-01-07 22:10:00,2026-01-08 02:39:00,31.12,9087,app
L002318,ST004,U02375,2026-02-16 02:32:00,2026-02-16 03:21:00,98.37,31478,APP
L003607,ST040,U01604,2026-03-01 00:03:00,2026-03-01 06:56:00,48.37,14124,MEMBERSHIP
L011269,ST037,U01703,2026-05-22 00:04:00,2026-05-22 00:29:00,34.53,,MEMBERSHIP
L004502,ST024,U00631,2026-01-11 02:07:00,2026-01-11 02:43:00,88.28,30633,APP
L007359,ST008,U00376,2026/07/02 00:42:00,2026-07-02 06:20:00,32.43,8270, APP 
L005250,ST011,U02906,2026-07-03 02:02:00,2026-07-03 02:59:00,92.29,29533,CARD
L004962,ST039,U02849,2026-02-15 05:29:00,2026-02-15 06:12:00,24.18,8390,CARD
L008438,ST024,U01937,2026-05-17 07:23:00,2026-05-17 08:05:00,81.23,28187,CARD
L001107,ST024,U00402,2026-01-21 11:49:00,2026-01-21 12:21:00,77.19,26785,CARD
L007381,ST018,U00211,20260621173400,2026-06-21 22:50:00,27.26,7960,MEMBERSHIP
L011252,ST040,U02562,2026-04-23 23:56:00,2026-04-24 04:51:00,43.99,12845,APP
L006610,ST022,U02214,2026-04-04 18:22:00,2026-04-04 19:12:00,98.15,34058,CARD
L006350,ST037,U00385,2026-03-16 11:05:00,2026-03-16 12:02:00,110.55,38361,APP
L011714,ST033,U02114,2026-05-02 22:30:00,2026-05-02 23:06:00,79.04,25293,APP
L007467,ST012,U01754,2026-05-15 23:13:00,2026-05-16 00:12:00,37.3,11936,Card
L004075,ST018,U01981,2026-02-25 08:10:00,2026-02-25 12:31:00,17.23,5031,APP
L004123,ST030,U02332,2026-07-09 14:07:00,2026-07-09 14:43:00,87.53,28010,APP
L004126,ST025,U00044,2026-01-02 07:28:00,2026-01-02 09:40:00,11.41,3332,MEMBERSHIP
L000165,ST019,U01072,2026-02-24 12:24:00,2026-02-24 12:49:00,60.82,21105,MEMBERSHIP
L000979,ST017,U00165,2026-07-24 04:14:00,2026-07-24 06:41:00,11.96,3492,CARD
L009812,ST009,U01872,2026-05-03 08:46:00,2026-05-03 09:10:00,17.3,6003,MEMBERSHIP
L007341,ST003,U02498,2026-07-01 10:11:00,2026-07-01 10:49:00,78.88,25242,MEMBERSHIP
L003821,ST018,U02205,2026-03-28 20:02:00,2026-03-29 02:08:00,31.81,9289,APP
L009518,ST025,U02773,2026-03-25 16:26:00,2026-03-25 19:57:00,17.73,5177,APP
L007130,ST021,U01860,2026-05-15 03:27:00,2026-05-15 08:03:00,23.94,6990,MEMBERSHIP
L006376,ST015,U02930,2026-04-10 18:01:00,2026-04-10 18:55:00,81.21,,APP
L010397,ST040,U00686,2026-02-03 09:40:00,2026-02-03 14:01:00,38.49,11239,APP
L000822,ST032,U02942,2026-07-10 17:40:00,2026-07-10 18:25:00,46.63,"17,719",MEMBERSHIP
L009036,ST009,U01889,2026-04-18 10:31:00,2026-04-18 11:17:00,31.16,10813,CARD
L001516,ST026,U02863,2026-01-16 03:24:00,2026-01-16 04:09:00,83.33,31665,MEMBERSHIP
L002930,ST025,U02520,2026/04/06 08:31:00,2026-04-06 14:20:00,22.67,6620,MEMBERSHIP
L003480,ST013,U02146,2026-07-08 12:01:00,2026-07-08 12:54:00,150.7,48224,APP
L000027,ST036,U00076,2026-07-01 02:37:00,2026-07-01 07:33:00,37.57,10970,MEMBERSHIP
L011793,ST039,U01149,2026-02-10 03:05:00,2026-02-10 03:45:00,27.7,9612,MEMBERSHIP
L003499,ST016,U00663,2026-05-08 23:44:00,2026-05-09 04:32:00,22.44,5722,APP
L005118,ST021,U00153,2026-01-23 22:50:00,2026-01-24 02:32:00,21.88,6389,card
L010361,ST031,U02656,2026-01-12 09:59:00,2026-01-12 10:52:00,104.61,39752,CARD
L009973,ST035,U01514,2026-04-29 20:10:00,2026-04-29 22:42:00,16.54,4218,APP
L001193,ST005,U01396,2026-05-01 15:14:00,2026-05-01 16:03:00,91.93,29418, APP 
L006650,ST031,U02323,2026/02/27 12:16:00,2026-02-27 13:11:00,123.07,46767,MEMBERSHIP
L011658,ST022,U00296,2026-04-12 02:58:00,2026-04-12 03:18:00,41.09,14258,APP
L007183,ST032,U01308,2026-01-19 05:40:00,2026-01-19 06:01:00,27.23,10347,CARD
L005513,ST027,U00242,2026-02-28 02:43:00,2026-02-28 06:30:00,18.27,5335,MEMBERSHIP
L003577,ST022,U00945,20260106141500,2026-01-06 14:50:00,71.03,-24647,CARD
L010015,ST029,U02586,2026-02-12 13:12:00,2026-02-12 18:13:00,31.77,9277,MEMBERSHIP
L009459,ST023,U02693,2026-05-17 12:42:00,2026-05-17 13:21:00,20.09,6429,MEMBERSHIP
L011461,ST032,U01177,2026-05-05 12:21:00,2026-05-05 13:00:00,45.72,17374,APP
L005902,ST035,U01978,2026-01-09 20:05:00,2026-01-10 02:43:00,59.22,15101,CARD
L005066,ST009,U02454,20260425141600,2026-04-25 14:59:00,21.68,7523,MEMBERSHIP
L002927,ST011,U02365,2026-01-08 16:37:00,2026-01-08 17:00:00,43.2,,Card
L003969,ST022,U00725,2026-04-23 04:19:00,2026-04-23 04:52:00,58.53,20310,APP
L007488,ST018,U02764,2026-07-23 00:41:00,2026-07-23 02:41:00,8.66,2529,CARD
L002983,ST033,U01189,2026-04-08 00:06:00,2026-04-08 00:31:00,37.66,12051,CARD
L000263,ST002,U02232,2026-06-12 01:39:00,2026-06-12 04:38:00,22.64,6611,APP
L011747,ST018,U00018,2026-02-11 03:14:00,2026-02-11 08:49:00,31.14,9093,CARD
L010268,ST014,U01373,2026-07-02 04:19:00,2026-07-02 05:09:00,26.22,9964,MEMBERSHIP
L010306,ST031,U02406,2026-04-05 16:28:00,2026-04-05 16:49:00,33.44,12707,CARD
L011297,ST040,U00591,2026-07-06 10:23:00,2026-07-06 13:37:00,27.07,,CARD
L001283,ST007,U00241,20260212181700,2026-02-12 19:00:00,80.22,25670,APP
L002545,ST011,U01758,20260715142400,2026-07-15 15:20:00,115.05,36816,CARD
L001011,ST006,U02399,2026-02-01 20:42:00,2026-02-02 03:48:00,35.29,10305,membership
L007361,ST038,U02226,2026-06-09 02:15:00,2026-06-09 02:53:00,74.79,"23,933",APP
L002988,ST001,U02949,2026-04-20 04:50:00,2026-04-20 05:46:00,118.98,45212,card
L007994,ST017,U01047,2026-03-18 12:50:00,2026-03-18 17:20:00,22.97,6707,MEMBERSHIP
L005616,ST030,U00544,2026-01-22 14:05:00,2026-01-22 14:32:00,58.76,18803,APP
L004446,ST020,U00272,2026-06-16 03:39:00,2026-06-16 04:28:00,33.94,"10,861",MEMBERSHIP
L001117,ST020,U01878,2026-01-12 07:36:00,2026-01-12 08:25:00,-,8192,CARD
L005979,ST040,U01313,2026-06-01 15:45:00,2026-06-01 20:57:00,41.65,12162,CARD
L000378,ST001,U02997,2026-04-05 16:40:00,2026-04-05 17:37:00,83.51,31734,CARD
L010132,ST020,U02801,2026-02-23 07:11:00,2026-02-23 07:35:00,15.63,5002,CARD
L010001,ST018,U00985,2026-07-13 09:57:00,2026-07-13 16:04:00,33.89,9896,APP
L010027,ST019,U01145,2026-05-08 16:29:00,2026-05-08 17:04:00,72.47,25147,CARD
L004634,ST014,U01548,20260531152900,2026-05-31 16:07:00,23.32,"8,862",CARD
L005065,ST037,U02973,2026-03-08 11:53:00,2026-03-08 12:48:00,106.68,37018,CARD
L008569,ST040,U01973,2026-07-15 09:08:00,2026-07-15 16:21:00,51.83,15134,APP
L002681,ST016,U00148,2026-07-25 03:29:00,2026-07-25 08:37:00,25.64,6538,APP
L007342,ST027,U01008,2026-01-03 18:28:00,2026-01-04 00:32:00,27.87,8138,MEMBERSHIP
L001969,ST032,U01740,2026-03-22 07:17:00,2026-03-22 07:52:00,41.97,15949,MEMBERSHIP
L004862,ST017,U01634,2026-04-02 22:04:00,2026-04-03 04:38:00,27.79,8115,MEMBERSHIP
L011141,ST024,U00131,2026-06-08 03:26:00,2026-06-08 04:11:00,125.42,43521,CARD
L006196,ST022,U00336,2026-06-14 21:25:00,2026-06-14 21:54:00,50.92,17669,MEMBERSHIP
L009836,ST028,U01877,2026-01-10 00:45:00,2026-01-10 01:19:00,31.59,10109,APP
L002060,ST028,U02292,2026-06-30 17:54:00,2026-06-30 18:28:00,47.89,15325,APP
L001965,ST032,U02572,2026-01-14 08:44:00,2026-01-14 09:38:00,61.89,23518,CARD
L003111,ST016,U00841,2026-06-29 13:47:00,2026-06-29 17:37:00,22.86,5829,CARD
L011625,ST020,U00182,2026-03-13 21:09:00,2026-03-13 21:55:00,32.55,10416,APP
L004156,ST007,U01604,2026-02-10 11:28:00,2026-02-10 12:05:00,77.62,24838,MEMBERSHIP
L010544,ST040,U02534,2026-04-12 18:29:00,2026-04-13 02:25:00,61.04,17824,membership
L004663,ST040,U00728,2026/06/09 13:25:00,2026-06-09 20:51:00,57.1,16673,CARD
L002390,ST039,U02860,20260521085200,2026-05-21 09:41:00,26.29,9123,APP
L010304,ST032,U02709,2026-01-27 00:19:00,2026-01-27 01:19:00,61.67,23435,MEMBERSHIP
L002264,ST024,U02270,2026-04-19 20:53:00,2026-04-19 21:43:00,133.47,46314,APP
L000010,ST032,U02863,2026-07-04 19:25:00,2026-07-04 19:57:00,41.86,15907,CARD
L003241,ST023,U01622,2026-03-17 16:02:00,2026-03-17 16:44:00,29.24,9357,APP
L007164,ST006,U00887,20260208151900,2026-02-08 19:00:00,16.04,4684,CARD
L009183,ST017,U00731,2026-02-13 21:40:00,2026-02-14 04:09:00,26.52,7744,CARD
L008014,ST027,U00712,2026-03-05 22:46:00,2026-03-06 06:19:00,46.93,13704,membership
L004539,ST012,U01095,2026-03-25 00:45:00,2026-03-25 01:19:00,16.78,5370,MEMBERSHIP
L003678,ST001,U01171,2026-03-15 14:51:00,2026-03-15 15:49:00,97.84,"37,179",MEMBERSHIP
L009529,ST010,U02976,20260503164600,2026-05-03 23:42:00,34.97,10211,Card
L010170,ST014,U01922,2026-03-27 00:58:00,2026-03-27 01:38:00,24.61,9352,CARD
L001066,ST037,U01602,2026/02/22 08:17:00,2026-02-22 09:15:00,117.42,40745,CARD
L003993,ST002,U01044,2026-05-15 12:03:00,2026-05-15 14:40:00,20.12,5875,CARD
L002232,ST037,U00816,2026-07-12 03:48:00,2026-07-12 04:35:00,103.55,35932,APP
L011190,ST035,U01056,2026-03-25 12:27:00,2026-03-25 16:25:00,35.76,9119,CARD
L004060,ST021,U00518,2026-07-21 13:50:00,2026-07-21 18:22:00,20.44,5968,MEMBERSHIP
L008452,ST021,U01282,2026-04-18 03:35:00,2026-04-18 08:47:00,20.28,5922,CARD
L003185,ST027,U02469,2026-02-19 21:00:00,2026-02-20 02:08:00,31.67,9248,Card
L001922,ST021,U00481,20260706193900,2026-07-06 23:59:00,17.67,5160,MEMBERSHIP
L001490,ST023,U02100,2026-01-25 15:24:00,2026-01-25 16:04:00,22.9,7328,APP
L004866,ST039,U00081,2026-06-16 04:24:00,2026-06-16 04:46:00,14.55,5049,APP
L005489,ST003,U00404,2026/06/19 12:13:00,2026-06-19 13:10:00,109.01,34883,CARD
L003122,ST006,U02561,2026-07-12 16:05:00,2026-07-12 21:15:00,26.24,7662,CARD
L011008,ST018,U01831,20260505020200,2026-05-05 08:05:00,28.77,8401,CARD
L002058,ST039,U00862,20260221161900,2026-02-21 17:00:00,27.73,9622,MEMBERSHIP
L009659,ST002,U00110,2026-03-03 01:21:00,2026-03-03 04:51:00,32.02,9350,APP
L007724,ST013,U00566,2026-04-14 00:21:00,2026-04-14 01:12:00,130.2,41664,MEMBERSHIP
L007078,ST023,U00988,2026-02-10 09:49:00,2026-02-10 10:29:00,24.43,7818,MEMBERSHIP
L004158,ST033,U02677,2026-06-29 17:50:00,2026-06-29 18:49:00,116.6,37312,membership
L000876,ST005,U02879,2026-03-02 18:49:00,2026-03-02 19:41:00,112.79,36093,CARD
L000322,ST005,U00814,2026-02-03 08:15:00,2026-02-03 09:03:00,88.25,28240,CARD
L008321,ST031,U02356,2026-01-16 17:24:00,2026-01-16 18:08:00,73.41,27896,CARD
L007790,ST031,U00064,2026-04-21 00:07:00,2026-04-21 01:02:00,118.49,45026,MEMBERSHIP
L007680,ST007,U01068,2026-07-14 06:45:00,2026-07-14 07:05:00,29.77,9526,APP
L009941,ST019,U01401,2026-04-23 16:11:00,2026-04-23 17:11:00,123.46,,CARD
L006506,ST017,U01819,2026/07/05 06:17:00,2026-07-05 12:46:00,37.39,10918,APP
L007970,ST026,U01349,2026-02-02 02:04:00,2026-02-02 02:27:00,48.56,18453,CARD
L011492,ST011,U02087,2026-03-06 07:04:00,2026-03-06 08:01:00,119.3,38176,CARD
L001218,ST034,U02639,2026/01/05 04:09:00,2026-01-05 05:01:00,,45269,APP
L000953,ST031,U00533,2026-07-11 06:59:00,2026-07-11 07:20:00,29.89,11358,MEMBERSHIP
L002969,ST028,U00301,2026-07-10 13:33:00,2026-07-10 13:54:00,22.81,7299,CARD
L011025,ST015,U02006,20260102092500,2026-01-02 09:53:00,51.46,16467,membership
L005110,ST029,U02647,2026-02-27 23:39:00,2026-02-28 07:08:00,51.45,15023,MEMBERSHIP
L002197,ST029,U01794,2026-04-02 03:53:00,2026-04-02 10:00:00,50.96,14880,CARD
L004595,ST033,U02807,2026-02-18 22:24:00,2026-02-18 22:44:00,42.65,13648,MEMBERSHIP
L009519,ST006,U00151,2026/07/07 04:25:00,2026-07-07 10:30:00,24.6,7183,MEMBERSHIP
L005668,ST039,U01186,2026-04-15 14:15:00,2026-04-15 14:52:00,17.24,5982,MEMBERSHIP
L010377,ST029,U00700,2026-06-04 20:23:00,2026-06-05 04:02:00,60.84,17765,APP
L010549,ST007,U02240,20260112095100,2026-01-12 10:27:00,58.34,18669,APP
L002669,ST013,U01580,2026-05-01 00:12:00,2026-05-01 01:10:00,163.35,52272,MEMBERSHIP
L004891,ST037,U02800,2026-06-15 10:51:00,2026-06-15 11:48:00,112.49,39034,MEMBERSHIP
L006943,ST009,U02045,2026-01-06 20:29:00,2026-01-06 20:54:00,17.8,6177,APP
L009148,ST040,U01791,2026-07-23 03:26:00,2026-07-23 09:54:00,50.67,14796,MEMBERSHIP
L011270,ST038,U00159,2026-05-04 08:49:00,2026-05-04 09:47:00,107.19,34301,CARD
L007927,ST012,U00740,2026/01/24 00:14:00,2026-01-24 01:07:00,25.95,8304,CARD
L011724,ST018,U02081,20260623145300,2026-06-23 20:44:00,28.2,"8,234",CARD
L000854,ST016,U00475,20260620115700,2026-06-20 14:47:00,10.95,"2,792",MEMBERSHIP
L003520,ST038,U01060,2026-07-18 02:20:00,2026-07-18 02:48:00,64.66,20691,MEMBERSHIP
L004465,ST005,U02791,2026-04-27 05:54:00,2026-04-27 06:23:00,84.83,27146,MEMBERSHIP
L001702,ST014,U02004,20260709054300,2026-07-09 06:36:00,36.59,13904,CARD
L003413,ST028,U00227,2026/05/18 12:48:00,2026-05-18 13:43:00,6039.0,19325,APP
L007410,ST011,U00129,2026-05-25 10:10:00,2026-05-25 10:33:00,46.75,14960,CARD
L004414,ST020,U01342,2026-03-06 09:17:00,2026-03-06 08:27:00,39.44,12621,CARD
L001530,ST016,U02418,2026-06-14 14:44:00,2026-06-14 17:48:00,17.16,4376,app
L005422,ST039,U00072,2026-02-08 08:58:00,2026-02-08 09:35:00,18.21,6319,CARD
L011478,ST006,U00854,2026-01-01 07:26:00,2026-01-01 15:08:00,37.1,10833,app
L008714,ST026,U00271,20260425104900,2026-04-25 11:12:00,53.49,20326,CARD
L001074,ST032,U01134,2026-07-23 00:30:00,2026-07-23 01:03:00,37.6,14288,membership
L011720,ST011,U00567,2026-01-11 14:11:00,2026-01-11 14:54:00,69.47,22230,APP
L009334,ST018,U02039,2026-04-10 15:52:00,2026-04-10 19:53:00,19.46,5682,APP
L005248,ST010,U02619,2026-02-24 12:32:00,2026-02-24 18:56:00,36.86,10763,APP
L009628,ST015,U02795,2026-06-25 10:02:00,2026-06-25 10:47:00,95.5,30560,CARD
L000384,ST035,U00173,2026-06-04 16:04:00,2026-06-04 22:19:00,55.62,14183,MEMBERSHIP
L004445,ST028,U00698,2026-03-23 21:39:00,2026-03-23 22:15:00,4499.0,,CARD
L007773,ST033,U02126,2026/06/30 16:24:00,2026-06-30 16:45:00,40.12,12838,APP
L004436,ST019,U02618,2026-03-11 20:02:00,2026-03-11 20:27:00,57.26,19869,MEMBERSHIP
L004832,ST021,U01960,2026-05-20 08:40:00,2026-05-20 15:50:00,30.18,8813,CARD
L011206,ST010,U02731,2026-03-05 11:24:00,2026-03-05 17:50:00,31.1,9081,MEMBERSHIP
L002335,ST008,U00228,20260321190100,2026-03-22 00:25:00,21.47,5475,CARD
L006896,ST002,U02774,2026-03-10 09:46:00,2026-03-10 12:03:00,19.87,5802,MEMBERSHIP
L010699,ST035,U02747,2026/03/30 21:59:00,2026-03-31 03:20:00,38.23,9749,MEMBERSHIP
L001817,ST032,U00608,2026-05-30 01:17:00,2026-05-30 02:12:00,66.98,25452,CARD
L009464,ST005,U01392,20260402121400,2026-04-02 12:41:00,77.6,,APP
L002542,ST040,U01922,2026-03-22 17:26:00,2026-03-22 21:58:00,34.27,10007,MEMBERSHIP
L003173,ST032,U02852,2026-06-26 13:31:00,2026-06-26 13:55:00,32.19,,MEMBERSHIP
L009165,ST017,U02578,2026-01-26 01:36:00,2026-01-26 06:22:00,21.13,6170,APP
L011614,ST033,U00941,2026/01/19 17:17:00,2026-01-19 18:02:00,87.29,27933,Card
L009125,ST036,U00152,2026-03-15 01:56:00,2026-03-15 06:35:00,37.03,10813,CARD
L002385,ST010,U00518,2026-07-21 01:45:00,2026-07-21 05:00:00,16.66,4865,APP
L008999,ST039,U02549,2026-02-26 00:34:00,2026-02-26 01:16:00,20.26,7030,CARD
L002304,ST024,U02168,2026-05-10 03:14:00,2026-05-10 03:37:00,67.8,23527,CARD
L006821,ST019,U01777,2026/02/16 23:25:00,2026-02-17 00:02:00,85.65,29721,APP
L009270,ST029,U02231,2026-05-02 00:08:00,2026-05-02 07:40:00,73.63,21500,APP
L008574,ST033,U00739,2026-07-07 08:57:00,2026-07-07 09:57:00,114.8,36736,CARD
L006579,ST018,U02604,2026-04-06 21:08:00,2026-04-07 00:01:00,14.97,4371,APP
L003791,ST040,U02039,2026-02-03 12:24:00,2026-02-03 15:29:00,23.99,7005,app
L005372,ST024,U01772,2026-01-24 02:42:00,2026-01-24 03:35:00,99.46,34513,CARD
L010702,ST006,U00240,2026-05-06 13:04:00,2026-05-06 19:52:00,38.01,11099,membership
L003315,ST015,U02965,20260428204200,2026-04-28 21:08:00,54.49,17437,APP
L001896,ST029,U02408,2026-02-02 04:12:00,2026-02-02 11:40:00,64.59,18860,CARD
L000246,ST005,U00957,2026-04-17 09:01:00,2026-04-17 09:37:00,101.05,32336,MEMBERSHIP
L004444,ST022,U02057,2026-05-29 16:20:00,2026-05-29 17:05:00,65.86,22853,APP
L009955,ST035,U01852,2026-01-27 06:31:00,2026-01-27 12:29:00,36.89,9407,APP
L001599,ST020,U00041,20260213160400,2026-02-13 16:30:00,16.06,5139,CARD
L007871,ST008,U01691,2026-04-08 10:36:00,2026-04-08 16:35:00,25.18,6421,CARD
L008560,ST022,U01880,20260630023900,2026-06-30 03:11:00,61.02,21174,MEMBERSHIP
L011396,ST013,U00989,2026-05-17 06:05:00,2026-05-17 06:48:00,97.68,31258,APP
L007570,ST021,U02497,2026-05-03 17:56:00,2026-05-03 22:51:00,22.56,6588,APP
L011282,ST031,U02464,2026/05/22 04:23:00,2026-05-22 04:43:00,43.92,16690,CARD
L001374,ST017,U00357,2026/01/03 16:51:00,2026-01-03 19:57:00,15.94,4654,APP
L008955,ST035,U02406,2026-03-19 22:10:00,2026-03-20 05:23:00,65.61,16731,CARD
L007234,ST023,U01458,2026-01-01 00:55:00,2026-01-01 01:30:00,17.73,5674,app
L001844,ST014,U00482,20260412003700,2026-04-12 01:23:00,21.38,8124,MEMBERSHIP
L000024,ST030,U01935,2026-02-21 10:43:00,2026-02-21 11:24:00,100.16,32051,APP
L004347,ST034,U00097,2026-01-17 14:24:00,2026-01-17 14:44:00,37.09,14094,MEMBERSHIP
L000912,ST029,U02304,2026-02-24 03:50:00,2026-02-24 10:52:00,47.39,13838,CARD
L010466,ST005,U00397,2026-03-10 11:17:00,2026-03-10 12:14:00,107.47,34390,CARD
L007496,ST003,U01159,2026/05/17 23:41:00,2026-05-18 00:12:00,65.14,20845,CARD
L003342,ST005,U01832,20260316125200,2026-03-16 13:38:00,131.28,42010,CARD
L003465,ST014,U02559,2026/04/09 11:56:00,2026-04-09 12:29:00,18.58,7060,MEMBERSHIP
L008557,ST015,U00320,20260606050000,2026-06-06 05:24:00,37.4,11968,APP
L010687,ST010,U02964,2026-06-24 15:01:00,2026-06-24 18:49:00,15.48,,CARD
L003115,ST006,U00823,2026-07-19 12:14:00,2026-07-19 18:59:00,27.81,8121,CARD
L000417,ST012,U00340,2026-05-29 05:28:00,2026-05-29 06:09:00,28.39,9085,MEMBERSHIP
L008510,ST013,U02265,2026-01-18 04:31:00,2026-01-18 05:12:00,98.01,31363,CARD
L010143,ST018,U01943,2026/07/05 18:31:00,2026-07-05 22:36:00,16.81,4909,MEMBERSHIP
L011665,ST020,U02841,2026-02-16 04:59:00,2026-02-16 05:46:00,23.98,7674,MEMBERSHIP
L001691,ST026,U02887,20260413141100,2026-04-13 14:55:00,96.81,36788,MEMBERSHIP
L004289,ST019,U02679,2026/03/22 18:59:00,2026-03-22 19:58:00,176.28,61169,CARD
L000716,ST011,U00590,2026-06-16 21:37:00,2026-06-16 22:25:00,86.14,27565,CARD
L003979,ST033,U01032,2026-06-27 18:55:00,2026-06-27 19:46:00,112.23,35914,APP
L006972,ST001,U02435,2026-07-03 01:39:00,2026-07-03 02:19:00,87.67,33315,CARD
L004702,ST038,U02162,20260611011900,2026-06-11 01:44:00,66.04,21133,CARD
L005711,ST006,U02841,2026-05-29 13:24:00,2026-05-29 16:58:00,18.93,5528,MEMBERSHIP
L005974,ST014,U01538,2026-05-18 16:01:00,2026-05-18 16:33:00,20.29,7710,card
L005999,ST012,U02358,2026/07/06 15:32:00,2026-07-06 16:15:00,28.83,9226,APP
L001868,ST011,U01233,2026-02-08 12:36:00,2026-02-08 13:05:00,48.84,15629,CARD
L004723,ST007,U00114,2026-05-05 15:14:00,2026-05-05 16:11:00,83.41,26691,APP
L004732,ST019,U00148,2026-02-02 01:15:00,2026-02-02 01:35:00,59.86,20771,CARD
L009606,ST009,U02070,2026-06-11 20:33:00,2026-06-11 21:20:00,34.87,12100,CARD
L005000,ST039,U00298,2026/06/01 08:51:00,2026-06-01 09:13:00,13.12,4553,CARD
L000792,ST004,U00835,2026-06-08 13:33:00,2026-06-08 14:02:00,42.99,13757,CARD
L003383,ST017,U02934,2026-05-29 02:22:00,2026-05-29 09:34:00,38.31,11187,MEMBERSHIP
L006559,ST022,U00928,2026-04-04 20:40:00,2026-04-04 21:25:00,84.08,29176,APP
L008942,ST039,U01485,2026-01-09 00:45:00,2026-01-09 01:05:00,12.58,4365,CARD
L009167,ST021,U00183,2026/05/17 00:36:00,2026-05-17 06:13:00,34.17,9978,CARD
L010020,ST008,U01577,20260628062400,2026-06-28 10:36:00,26.3,6706,APP
L003774,ST039,U01191,2026/03/24 11:34:00,2026-03-24 12:22:00,27.09,9400,MEMBERSHIP
L005326,ST022,U00266,2026-03-14 20:10:00,2026-03-14 20:45:00,66.17,,CARD
L002924,ST036,U00743,2026-07-17 14:29:00,2026-07-17 19:02:00,41.78,12200,CARD
L002088,ST019,U01011,2026-06-17 07:24:00,2026-06-17 08:15:00,95.27,33059,membership
L007375,ST031,U00233,20260126084300,2026-01-26 09:23:00,81.09,30814,MEMBERSHIP
L008953,ST014,U01293,2026-06-24 19:39:00,2026-06-24 20:32:00,31.03,11791,Card
L005722,ST001,U01101,2026-01-24 15:12:00,2026-01-24 15:40:00,57.37,21801,APP
L000349,ST016,U02907,2026-04-02 11:59:00,2026-04-02 10:46:00,35.87,9147,MEMBERSHIP
L010309,ST014,U02766,2026/07/26 08:26:00,2026-07-26 09:00:00,17.76,6749,CARD
L009377,ST031,U01689,2026/02/18 14:36:00,2026-02-18 15:01:00,40.17,15265,CARD
L005163,ST035,U02736,2026-03-02 21:02:00,2026-03-02 23:18:00,21.15,5393,CARD
L001212,ST028,U02173,2026-01-17 02:31:00,2026-01-17 03:13:00,40.33,12906,APP
L003955,ST023,U02551,2026-02-07 07:28:00,2026-02-07 08:20:00,2572.0,8230,CARD
L007334,ST017,U01792,2026-06-18 01:07:00,2026-06-18 04:43:00,22.13,6462,CARD
L011441,ST025,U02213,2026-05-10 01:28:00,2026-05-10 04:59:00,14.3,4176,APP
L001363,ST008,U00012,2026-02-10 10:01:00,2026-02-10 13:20:00,20.09,5123,MEMBERSHIP
L009158,ST026,U01261,2026-04-30 13:08:00,2026-04-30 13:55:00,140.84,53519,MEMBERSHIP
L006211,ST011,U02761,2026-07-23 23:15:00,2026-07-23 23:55:00,78.97,25270,CARD
L002712,ST020,U00842,2026-03-12 21:45:00,2026-03-12 22:30:00,23.63,7562,CARD
L011296,ST009,U02606,2026-06-19 21:11:00,2026-06-19 21:58:00,30.82,10695,MEMBERSHIP
L008524,ST001,U00510,2026-05-19 14:00:00,2026-05-19 14:31:00,44.91,17066,MEMBERSHIP
L001304,ST033,U01973,2026-01-20 12:56:00,2026-01-20 13:41:00,67.67,21654,APP
L010712,ST037,U01033,2026-02-13 21:26:00,2026-02-13 21:46:00,35.52,12325,MEMBERSHIP
L004709,ST012,U00633,2026-04-15 00:14:00,2026-04-15 01:01:00,21.82,6982,MEMBERSHIP
L008438,ST024,U01937,2026/05/17 07:23:00,2026-05-17 08:05:00,81.23,28187,CARD
L007946,ST016,U00890,2026-07-28 02:49:00,2026-07-28 08:22:00,24.99,6372,APP
L011074,ST012,U00136,2026-05-13 16:35:00,2026-05-13 17:01:00,13.5,4320,APP
L007297,ST033,U00964,2026-05-17 23:07:00,2026-05-17 23:35:00,43.09,13789, APP 
L008871,ST014,U01230,2026-07-25 07:34:00,2026-07-25 08:13:00,25.24,9591,APP
L007784,ST012,U01307,2026-03-18 19:38:00,2026-03-18 20:24:00,30.78,9850,MEMBERSHIP
L007717,ST010,U00038,2026-06-05 16:36:00,2026-06-05 23:02:00,40.13,11718,MEMBERSHIP
L002336,ST007,U01993,2026-04-21 20:11:00,2026-04-21 20:34:00,41.37,13238,APP
L000292,ST028,U01831,2026-03-26 13:45:00,2026-03-26 14:15:00,30.27,9686,Card
L004547,ST009,U00645,2026-06-21 13:11:00,2026-06-21 13:44:00,17.22,5975,CARD
L003571,ST038,U01689,2026/07/03 10:51:00,2026-07-03 11:31:00,107.8,34496,CARD
L006123,ST032,U01699,2026/03/13 14:22:00,2026-03-13 14:52:00,30.19,11472,APP
L009190,ST030,U01960,2026-02-16 03:38:00,2026-02-16 04:01:00,49.91,15971,APP
L009084,ST024,U00622,2026-01-13 08:12:00,2026-01-13 08:56:00,84.39,29283,MEMBERSHIP
L007366,ST038,U00243,2026-05-12 13:48:00,2026-05-12 14:48:00,113.19,36221,MEMBERSHIP
L006227,ST002,U00920,2026/02/02 22:37:00,2026-02-03 06:17:00,56.88,16609,APP
L003608,ST010,U00823,2026-03-12 08:58:00,2026-03-12 12:22:00,15.37,4488,APP
L001139,ST040,U00530,2026-07-09 17:34:00,2026-07-09 21:41:00,-,10591,APP
L003581,ST021,U02063,2026/07/01 19:19:00,2026-07-02 03:04:00,33.34,9735,MEMBERSHIP
L009027,ST033,U01022,20260510170900,2026-05-10 17:34:00,52.16,16691,APP
L001317,ST023,U02178,2026-06-26 20:59:00,2026-06-26 21:57:00,31.18,9978,MEMBERSHIP
L011323,ST022,U02471,2026-02-20 15:12:00,2026-02-20 15:32:00,40.33,13995,CARD
L001954,ST033,U02831,2026-02-21 15:54:00,2026-02-21 16:53:00,87.53,28010,CARD
L008800,ST001,U02063,2026-03-06 10:21:00,2026-03-06 10:52:00,63.89,24278,MEMBERSHIP
L003113,ST015,U01277,2026-06-05 14:35:00,2026-06-05 15:16:00,72.16,23091,MEMBERSHIP
L010722,ST021,U01004,2026-03-05 14:20:00,2026-03-05 19:11:00,-,8445,MEMBERSHIP
L006099,ST019,U01998,2026-01-02 02:53:00,2026-01-02 03:30:00,105.52,36615,APP
L009975,ST010,U02902,2026-01-27 02:57:00,2026-01-27 06:39:00,14.47,4225,APP
L007567,ST003,U02589,2026/02/07 08:39:00,2026-02-07 09:25:00,89.21,28547,APP
L011476,ST020,U02183,2026-06-15 20:37:00,2026-06-15 21:09:00,17.8,5696,CARD
L003396,ST008,U02635,2026-04-09 15:12:00,2026-04-09 21:06:00,32.99,8412,CARD
L001982,ST031,U01583,2026-05-23 19:32:00,2026-05-23 20:16:00,76.91,29226,CARD
L001195,ST024,U00024,2026/04/16 14:41:00,2026-04-16 15:33:00,121.36,42112,CARD
L004175,ST019,U02801,2026-02-28 11:31:00,2026-02-28 12:11:00,100.75,34960,APP
L005556,ST027,U02789,2026-02-28 17:10:00,2026-03-01 00:32:00,38.44,,MEMBERSHIP
L008886,ST026,U00239,2026-01-08 18:07:00,2026-01-08 18:57:00,138.64,52683,CARD
L007890,ST037,U01560,2026-07-10 12:34:00,2026-07-10 13:19:00,100.61,34912,APP
L005772,ST029,U02894,2026/01/17 23:45:00,2026-01-18 06:58:00,N/A,14089,CARD
L006740,ST017,U01752,2026-05-13 02:57:00,2026-05-13 05:13:00,13.51,3945,MEMBERSHIP
L006345,ST033,U01725,2026-07-12 13:59:00,2026-07-12 14:58:00,96.29,,MEMBERSHIP
L006637,ST035,U00231,2026-01-21 14:43:00,2026-01-21 16:48:00,17.6,,CARD
L001827,ST033,U00692,20260130082000,2026-01-30 08:47:00,37.95,12144,card
L000102,ST034,U00080,2026-07-28 00:09:00,2026-07-28 00:41:00,91.51,34774,APP
L005529,ST025,U02084,2026-04-03 23:57:00,2026-04-04 05:11:00,24.18,7061,CARD
L003219,ST003,U02603,2026-01-09 05:15:00,2026-01-09 06:05:00,110.93,"35,498",APP
L000988,ST003,U02957,2026-03-14 08:46:00,2026-03-14 06:51:00,84.95,27184,CARD
L000490,ST038,U02329,2026-06-12 00:22:00,2026-06-12 00:42:00,59.85,19152,APP
L007805,ST028,U00350,2026-07-15 07:12:00,2026-07-15 07:51:00,56.1,,APP
L006701,ST005,U01346,2026-05-18 11:07:00,2026-05-18 11:33:00,62.95,20144,CARD
L004166,ST032,U02956,20260130160800,2026-01-30 16:52:00,47.56,18073,CARD
L006379,ST035,U01965,2026-06-19 05:13:00,2026-06-19 12:24:00,57.56,14678,APP
L010771,ST016,U02341,2026-06-04 04:18:00,2026-06-04 10:34:00,30.88,7874,APP
L008220,ST036,U00207,2026-06-04 00:10:00,2026-06-04 04:02:00,32.12,9379,MEMBERSHIP
L001001,ST032,U01949,2026-06-16 22:43:00,2026-06-16 23:19:00,51.52,19578,APP
L001145,ST020,U02231,2026-01-07 08:51:00,2026-01-07 09:19:00,16.51,5283,APP
L005913,ST040,U00816,2026-07-29 07:35:00,2026-07-29 13:05:00,42.28,12346,MEMBERSHIP
L004340,ST035,U01492,2026-01-11 10:56:00,2026-01-11 18:55:00,73.95,18857,CARD
L002502,ST032,U01635,2026-04-03 07:30:00,2026-04-03 08:21:00,55.74,21181,MEMBERSHIP
L000176,ST034,U00214,2026/06/23 13:26:00,2026-06-23 14:02:00,86.71,32950,CARD
L007460,ST006,U01187,2026/05/11 07:14:00,2026-05-11 09:28:00,10.95,3197,MEMBERSHIP
L005914,ST037,U01885,2026-06-17 17:14:00,2026-06-17 18:05:00,114.26,39648,MEMBERSHIP
L005642,ST012,U00261,2026-02-20 12:23:00,2026-02-20 13:11:00,22.96,7347,CARD
L002884,ST022,U01810,2026-05-17 12:52:00,2026-05-17 13:18:00,56.36,19557,APP
L006502,ST002,U00830,2026-06-26 13:39:00,2026-06-26 21:06:00,71.07,20752,APP
L006743,ST006,U00480,2026-04-02 13:56:00,2026-04-02 19:37:00,26.57,7758,APP
L003229,ST038,U01428,2026-04-20 14:33:00,2026-04-20 15:06:00,76.06,24339,MEMBERSHIP
L005845,ST039,U01692,2026-06-13 02:38:00,2026-06-13 02:58:00,1246.0,,MEMBERSHIP
L010088,ST007,U00406,2026-04-21 23:41:00,2026-04-22 00:04:00,37.29,11933,APP
L000180,ST032,U00329,20260306103800,2026-03-06 11:06:00,33.01,12544,MEMBERSHIP
L002820,ST033,U01076,2026-03-17 04:28:00,2026-03-17 04:48:00,35.93,11498,MEMBERSHIP
L001563,ST027,U01934,2026-01-15 21:52:00,2026-01-16 02:46:00,22.32,6517,APP
L010684,ST038,U00927,2026-06-13 20:16:00,2026-06-13 20:47:00,66.77,21366,CARD
L001400,ST029,U02871,20260301004400,2026-03-01 03:59:00,21.41,6252,CARD
L002759,ST040,U02705,2026-06-08 21:37:00,2026-06-09 00:20:00,23.49,6859,CARD
L001917,ST025,U02483,2026-03-17 18:04:00,2026-03-18 01:27:00,34.59,10100,card
L008379,ST030,U02558,2026-03-31 06:31:00,2026-03-31 07:30:00,,52170,APP
L005776,ST032,U01628,2026/03/05 10:03:00,2026-03-05 10:33:00,39.65,15067,MEMBERSHIP
L000377,ST016,U02027,2026-07-03 12:27:00,2026-07-03 15:17:00,14.14,3606,MEMBERSHIP
L003029,ST035,U00189,2026-05-22 03:20:00,2026-05-22 06:55:00,31.75,8096,CARD
L007051,ST004,U01404,2026-02-24 02:37:00,2026-02-24 03:34:00,92.72,29670,MEMBERSHIP
L005407,ST016,U00243,2026-03-06 19:57:00,2026-03-07 00:09:00,25.23,6434,CARD
L011111,ST017,U01444,2026-05-08 02:07:00,2026-05-08 06:15:00,23.05,6731,MEMBERSHIP
L003850,ST029,U01515,2026-06-15 11:57:00,2026-06-15 14:44:00,23.69,6917,MEMBERSHIP
L004514,ST013,U02916,2026/06/26 00:25:00,2026-06-26 01:17:00,131.91,42211,APP
L010937,ST025,U00515,2026/06/13 10:40:00,2026-06-13 17:24:00,28.22,8240,MEMBERSHIP
L006153,ST017,U01451,2026-04-23 06:24:00,2026-04-23 12:40:00,27.48,8024,APP
L011017,ST037,U00298,2026/05/15 08:07:00,2026-05-15 09:03:00,106.03,36792,CARD
L005069,ST002,U01167,20260520061100,2026-05-20 10:33:00,29.88,8725,MEMBERSHIP
L004161,ST029,U01688,2026-04-07 16:24:00,2026-04-07 20:40:00,41.74,12188,APP
L009824,ST008,U00670,2026-03-30 07:44:00,2026-03-30 14:49:00,36.7,9358,MEMBERSHIP
L011953,ST029,U01196,2026-04-30 12:41:00,2026-04-30 15:54:00,20.86,6091,APP
L000083,ST032,U01945,2026-02-02 22:41:00,2026-02-02 23:07:00,27.79,10560,MEMBERSHIP
L011680,ST012,U02241,2026-02-02 21:46:00,2026-02-02 22:18:00,17.36,5555,MEMBERSHIP
L003054,ST017,U02823,2026/05/25 21:56:00,2026-05-26 05:46:00,30.43,8886,CARD
L004559,ST015,U02569,2026-02-16 12:31:00,2026-02-16 13:06:00,50.13,16042,CARD
L002453,ST026,U02331,2026-02-01 15:35:00,2026-02-01 16:08:00,96.26,36579,CARD
L007895,ST023,U01950,20260717112300,2026-07-17 11:55:00,20.32,6502,MEMBERSHIP
L007648,ST006,U00195,2026-02-23 16:18:00,2026-02-23 18:45:00,11.31,3303,CARD
L004133,ST026,U02129,2026-04-06 09:41:00,2026-04-06 10:05:00,70.7,26866,CARD
L003310,ST019,U00555,2026-07-11 10:22:00,2026-07-11 11:19:00,145.3,50419,APP
L007884,ST032,U02420,2026-01-17 11:59:00,2026-01-17 12:28:00,27.5,10450,APP
L004048,ST021,U01944,20260308231200,2026-03-09 04:49:00,30.76,8982,MEMBERSHIP
L002975,ST007,U02955,2026-03-15 14:53:00,2026-03-15 15:29:00,78.44,25101,CARD
L006364,ST031,U01199,2026-06-24 14:14:00,2026-06-24 15:00:00,65.04,24715,CARD
L002306,ST011,U01809,2026-01-30 21:41:00,2026-01-30 22:32:00,105.07,33622,CARD
L006177,ST009,U01710,2026-07-11 14:09:00,2026-07-11 14:59:00,35.23,12225,MEMBERSHIP
L006634,ST023,U01958,2026/06/12 18:22:00,2026-06-12 19:21:00,3369.0,10781,APP
L002136,ST019,U02487,2026-01-30 13:39:00,2026-01-30 14:27:00,103.51,35918,APP
L011378,ST016,U01562,2026-03-18 00:12:00,2026-03-18 08:09:00,31.13,7938, APP 
L000041,ST008,U00145,2026/07/23 15:59:00,2026-07-23 22:43:00,33.75,8606,APP
L004277,ST019,U01810,2026-04-14 19:27:00,2026-04-14 20:21:00,107.9,37441,MEMBERSHIP
L003944,ST038,U00889,2026-01-26 09:20:00,2026-01-26 09:44:00,61.51,19683,CARD
L008174,ST005,U00549,2026-02-19 10:27:00,2026-02-19 11:18:00,101.48,32474,APP
L005806,ST020,U02474,2026-05-01 03:39:00,2026-05-01 04:32:00,39.74,12717,MEMBERSHIP
L007956,ST011,U00414,2026-04-12 18:33:00,2026-04-12 19:02:00,51.94,16621, APP 
L009224,ST027,U01017,20260305170800,2026-03-06 00:52:00,41.03,11981,membership
L001168,ST036,U01152,2026-04-30 00:28:00,2026-04-30 03:12:00,23.66,6909,CARD
L004104,ST025,U01843,2026-01-11 11:16:00,2026-01-11 18:56:00,45.82,13379,MEMBERSHIP
L010795,ST001,U00659,20260626094800,2026-06-26 10:30:00,86.77,32973,MEMBERSHIP
L007622,ST010,U00267,2026-01-02 07:36:00,2026-01-02 14:06:00,33.42,9759,CARD
L009707,ST030,U02198,2026-03-29 14:12:00,2026-03-29 14:55:00,116.64,37325,APP
L001327,ST031,U02217,20260511001300,2026-05-11 01:07:00,116.79,44380,APP
L004739,ST005,U00669,20260224173100,2026-02-24 17:56:00,61.34,19629,CARD
L002814,ST021,U02617,20260519215300,2026-05-20 03:16:00,24.11,7040,MEMBERSHIP
L004111,ST038,U00332,2026-06-16 17:34:00,2026-06-16 17:56:00,56.22,17990,APP
L011928,ST005,U02246,2026-01-30 19:44:00,2026-01-30 20:29:00,101.09,32349,CARD
L003135,ST013,U01038,2026-07-19 22:46:00,2026-07-19 23:26:00,79.82,25542, APP 
L006497,ST029,U01374,2026-05-23 20:11:00,2026-05-24 00:45:00,36.28,10594,CARD
L011871,ST002,U00040,2026-07-12 19:19:00,2026-07-12 23:33:00,30.16,8807,CARD
L007525,ST031,U02446,2026-05-10 11:02:00,2026-05-10 11:56:00,100.13,38049,MEMBERSHIP
L002470,ST014,U00974,2026/02/24 07:32:00,2026-02-24 08:02:00,19.2,7296,membership
L000879,ST029,U02946,2026-01-13 13:26:00,2026-01-13 19:24:00,44.6,13023,membership
L008486,ST025,U00480,20260704171000,2026-07-04 23:38:00,26.43,7718,MEMBERSHIP
L001130,ST019,U01934,2026-06-17 14:19:00,2026-06-17 15:12:00,112.53,39048,CARD
L004462,ST034,U02655,2026-02-09 12:48:00,2026-02-09 13:14:00,56.75,21565,card
L007016,ST021,U02286,2026-07-05 22:39:00,2026-07-06 06:14:00,41.95,12249,Card
L005215,ST004,U00172,2026-02-18 17:33:00,2026-02-18 18:04:00,4353.0,13930,MEMBERSHIP
L000190,ST026,U02156,2026-06-30 05:20:00,2026-06-30 06:03:00,109.13,41469,MEMBERSHIP
L010665,ST008,U00986,2026-01-06 10:30:00,2026-01-06 16:39:00,38.4,,MEMBERSHIP
L004397,ST031,U00444,2026-04-26 20:39:00,2026-04-26 21:06:00,44.28,16826,MEMBERSHIP
L008082,ST013,U01043,2026-03-09 10:48:00,2026-03-09 11:48:00,161.43,51658,CARD
L011433,ST019,U01126,2026-05-05 18:09:00,2026-05-05 18:40:00,65.1,22590,CARD
L003597,ST032,U02062,2026-03-30 10:15:00,2026-03-30 11:00:00,65.87,25031,MEMBERSHIP
L007519,ST033,U02657,2026-05-04 00:31:00,2026-05-04 01:13:00,77.07,24662,APP
L011688,ST035,U00009,20260313054500,2026-03-13 10:19:00,34.32,8752,CARD
L007468,ST013,U02076,2026/02/19 02:12:00,2026-02-19 02:34:00,54.91,17571,APP
L008169,ST025,U00320,2026-01-02 09:34:00,2026-01-02 17:06:00,39.65,11578,APP
L004626,ST002,U02918,2026-05-09 02:01:00,2026-05-09 08:01:00,48.9,14279,CARD
L008186,ST003,U00389,2026-03-14 04:51:00,2026-03-14 05:33:00,89.81,28739,MEMBERSHIP
L010779,ST011,U02192,20260610011300,2026-06-10 02:12:00,88.41,28291,CARD
L011413,ST003,U00464,2026-02-11 06:59:00,2026-02-11 07:28:00,62.37,19958,APP
L004423,ST021,U02753,2026-04-03 13:18:00,2026-04-03 20:01:00,34.0,9928,CARD
L002760,ST016,U02212,2026-03-06 20:31:00,2026-03-07 02:50:00,25.52,6508,CARD
L005967,ST036,U01795,2026-04-23 09:20:00,2026-04-23 14:22:00,34.04,9940,MEMBERSHIP
L002883,ST015,U01330,2026/03/30 22:24:00,2026-03-30 23:13:00,75.09,24029,card
L002941,ST032,U01750,2026-07-17 03:06:00,2026-07-17 04:01:00,80.65,30647,CARD
L008472,ST034,U02411,2026-03-14 01:14:00,2026-03-14 01:48:00,85.75,32585,MEMBERSHIP
L007175,ST029,U01979,2026-05-21 02:12:00,2026-05-21 08:56:00,66.43,19398,MEMBERSHIP
L007958,ST003,U02042,2026-06-12 19:48:00,2026-06-12 20:18:00,55.81,17859,CARD
L010895,ST001,U00561,2026-06-09 23:12:00,2026-06-09 23:52:00,89.35,,CARD
L006146,ST034,U02247,2026-03-20 06:02:00,2026-03-20 06:49:00,140.55,53409,CARD
L008845,ST028,U01299,2026-03-16 11:04:00,2026-03-16 11:50:00,55.98,17914,APP
L011913,ST040,U01407,2026-05-05 14:47:00,2026-05-05 18:43:00,27.49,8027,CARD
L004238,ST032,U00410,2026/07/04 09:13:00,2026-07-04 10:03:00,55.14,20953,CARD
L000541,ST025,U01766,2026-02-22 15:40:00,2026-02-22 21:47:00,,11245,MEMBERSHIP
L010100,ST018,U01696,2026-01-13 10:57:00,2026-01-13 15:20:00,17.1,4993,CARD
L005445,ST008,U00959,2026-05-08 08:04:00,2026-05-08 10:09:00,9.24,2356,app
L001974,ST020,U00151,2026-01-18 13:00:00,2026-01-18 13:37:00,21.78,6970,APP
L005557,ST032,U01515,2026-01-22 16:36:00,2026-01-22 17:31:00,60.83,23115,CARD
L010633,ST001,U01028,2026-07-06 09:58:00,2026-07-06 10:46:00,74.8,28424,CARD
L002863,ST014,U01387,2026/05/18 17:39:00,2026-05-18 18:32:00,32.04,12175,APP
L010775,ST011,U00472,2026/02/28 06:06:00,2026-02-28 07:06:00,-,34778,MEMBERSHIP
L008061,ST011,U00701,2026-06-04 20:16:00,2026-06-04 21:04:00,83.67,26774,APP
L011594,ST030,U01160,20260302203500,2026-03-02 21:14:00,107.38,34362,CARD
L009738,ST034,U01229,2026/03/22 01:46:00,2026-03-22 02:46:00,175.99,66876,MEMBERSHIP
L004194,ST008,U02263,2026/02/03 20:12:00,2026-02-04 03:53:00,45.65,11641,MEMBERSHIP
L011845,ST006,U02531,2026-07-14 23:40:00,2026-07-15 05:49:00,24.19,7063,MEMBERSHIP
L000625,ST019,U02422,20260310121600,2026-03-10 13:04:00,139.57,48431,CARD
L007347,ST023,U00299,2026-06-17 23:12:00,2026-06-17 23:54:00,24.65,7888,CARD
L007560,ST034,U01308,2026-01-14 07:26:00,2026-01-14 08:15:00,134.32,51042,CARD
L000345,ST038,U00759,2026-02-17 03:35:00,2026-02-17 04:13:00,80.09,25629,APP
L001025,ST030,U02749,2026-02-27 07:47:00,2026-02-27 08:09:00,56.65,18128,CARD
L005528,ST023,U01344,2026/04/01 18:33:00,2026-04-01 19:10:00,21.46,6867,CARD
L008106,ST013,U01814,2026-01-06 15:31:00,2026-01-06 16:02:00,70.74,22637,APP
L010536,ST040,U00516,2026-04-17 08:02:00,2026-04-17 11:06:00,19.59,5720,APP
L003184,ST033,U02025,20260721064400,2026-07-21 07:06:00,45.92,14694,MEMBERSHIP
L007532,ST029,U00283,2026-01-27 11:43:00,2026-01-27 18:38:00,47.92,13993,APP
L003835,ST026,U01629,2026-02-17 10:08:00,2026-02-17 11:01:00,122.0,46360,APP
L002912,ST021,U02689,2026-02-06 20:50:00,2026-02-07 01:19:00,20.95,6117,APP
L007756,ST009,U00330,2026-05-23 23:56:00,2026-05-24 00:29:00,18.71,6492,APP
L007288,ST002,U01460,2026/05/21 06:40:00,2026-05-21 09:10:00,16.02,4678,CARD
L010512,ST040,U01409,2026-06-27 22:42:00,2026-06-28 06:26:00,61.0,17812,MEMBERSHIP
L003049,ST020,U02455,2026-01-17 08:08:00,2026-01-17 08:42:00,22.24,7117,APP
L006878,ST014,U02047,2026/05/13 19:19:00,2026-05-13 20:16:00,40.15,15257,CARD
L003508,ST003,U02251,2026/05/31 02:16:00,2026-05-31 03:13:00,123.71,39587,MEMBERSHIP
L001658,ST002,U03000,2026/06/09 11:14:00,2026-06-09 18:30:00,44.61,13026,MEMBERSHIP
L010734,ST017,U01846,2026-04-24 01:16:00,2026-04-24 09:10:00,44.83,13090,APP
L009632,ST013,U00985,2026-05-12 23:32:00,2026-05-13 00:21:00,117.55,37616,CARD
L007104,ST040,U00223,20260426061300,2026-04-26 11:32:00,47.32,13817,MEMBERSHIP
L009924,ST013,U01299,2026-06-25 17:33:00,2026-06-25 18:26:00,99.6,31872,CARD
L009781,ST036,U02641,2026-03-04 20:32:00,2026-03-05 01:36:00,37.85,11052,APP
L001866,ST017,U01005,2026-04-11 00:06:00,2026-04-11 03:25:00,17.35,5066,card
L006406,ST040,U01264,2026/01/25 20:43:00,2026-01-26 00:18:00,35.38,10331,MEMBERSHIP
L006739,ST018,U02314,2026-01-21 02:44:00,2026-01-21 07:54:00,30.81,8997,CARD
L002403,ST017,U01969,2026-06-23 13:06:00,2026-06-23 19:16:00,35.49,"10,363",APP
L011639,ST037,U02236,2026-05-02 00:13:00,2026-05-02 00:58:00,63.87,22163,MEMBERSHIP
L000006,ST017,U01801,2026/04/12 19:56:00,2026-04-13 01:47:00,36.01,10515,MEMBERSHIP
L009311,ST005,U00289,2026-01-16 15:54:00,2026-01-16 16:43:00,101.32,32422,APP
L006094,ST009,U01153,2026/05/10 10:45:00,2026-05-10 11:44:00,42.26,14664,app
L010820,ST031,U00814,2026-03-15 17:59:00,2026-03-15 18:52:00,95.82,36412,app
L007902,ST003,U02390,2026-06-10 03:47:00,2026-06-10 04:43:00,104.92,33574,CARD
L009418,ST035,U00128,2026-05-01 12:12:00,2026-05-01 18:40:00,,12046,MEMBERSHIP
L000401,ST032,U02829,2026/04/12 01:55:00,2026-04-12 02:48:00,68.6,26068,APP
L009933,ST002,U00385,2026-05-03 14:13:00,2026-05-03 19:33:00,34.54,10086,CARD
L011247,ST028,U00480,2026-03-22 16:25:00,2026-03-22 17:06:00,39.42,12614,APP
L002093,ST022,U02408,2026-06-12 03:45:00,2026-06-12 04:45:00,118.9,41258,APP
L010999,ST009,U00755,2026-03-23 21:21:00,2026-03-23 21:48:00,19.58,6794,APP
L004493,ST006,U01778,2026-07-18 11:14:00,2026-07-18 16:53:00,33.43,9762,MEMBERSHIP
L004082,ST011,U02179,2026-03-30 08:09:00,2026-03-30 08:43:00,75.42,24134,CARD
L001619,ST010,U01160,2026-02-11 05:20:00,2026-02-11 10:21:00,28.81,8413,CARD
L009600,ST013,U00729,20260627021100,2026-06-27 02:40:00,82.95,26544,MEMBERSHIP
L003302,ST009,U01421,20260105133200,2026-01-05 14:06:00,17.33,6014,APP
L011387,ST009,U00986,20260324171500,2026-03-24 17:44:00,15.41,5347,APP
L002581,ST012,U02030,2026-03-24 22:50:00,2026-03-24 23:17:00,15.56,4979,APP
L011409,ST002,U02166,20260213020800,2026-02-13 04:59:00,22.26,6500,CARD
L011796,ST019,U00272,2026-03-07 07:22:00,2026-03-07 08:06:00,114.29,39659,CARD
L007028,ST020,U02539,2026-04-09 04:27:00,2026-04-09 05:11:00,29.12,9318,APP
L005613,ST006,U01849,2026-07-05 07:38:00,2026-07-05 11:39:00,16.84,4917,CARD
L006251,ST007,U01428,2026-02-12 23:16:00,2026-02-12 23:52:00,58.66,18771,CARD
L008790,ST029,U01874,2026-03-10 12:58:00,2026-03-10 20:22:00,69.16,20195,APP
L010656,ST012,U00534,2026-03-23 23:37:00,2026-03-24 00:03:00,18.45,5904,CARD
L011193,ST024,U00422,2026-07-25 19:18:00,2026-07-25 19:45:00,69.82,24228,MEMBERSHIP
L000622,ST010,U02292,2026-03-24 23:33:00,2026-03-25 02:25:00,12.17,3554,MEMBERSHIP
L010117,ST004,U02513,2026-01-08 11:41:00,2026-01-08 12:06:00,36.11,11555,MEMBERSHIP
L006865,ST008,U01749,2026/06/16 11:18:00,2026-06-16 17:42:00,31.16,7946,APP
L010107,ST002,U00834,2026-03-30 14:17:00,2026-03-30 21:34:00,62.05,18119,membership
L002333,ST011,U02941,20260205231400,2026-02-05 23:47:00,64.81,20739,membership
L004235,ST027,U02466,2026/05/29 03:57:00,2026-05-29 09:18:00,33.03,9645,APP
L010449,ST001,U02907,20260321005700,2026-03-21 01:44:00,99.89,37958,CARD
L001258,ST010,U01534,20260219123200,2026-02-19 20:14:00,36.56,10676,APP
L004673,ST001,U02662,2026-05-20 01:33:00,2026-05-20 02:29:00,101.88,38714,CARD
L004425,ST031,U01855,2026-05-16 14:18:00,2026-05-16 15:04:00,84.7,32186,membership
L008206,ST001,U00817,2026-05-12 20:57:00,2026-05-12 21:54:00,82.54,31365,CARD
L009302,ST004,U01415,2026-04-30 14:04:00,2026-04-30 14:34:00,59.14,18925,APP
L001551,ST010,U02098,2026-06-28 17:54:00,2026-06-29 01:27:00,39.27,11467,MEMBERSHIP
L004556,ST028,U01141,2026-01-23 07:43:00,2026-01-23 08:06:00,33.0,10560,MEMBERSHIP
L008442,ST026,U00469,2026-04-02 07:48:00,2026-04-02 08:25:00,95.21,36180,APP
L005606,ST027,U02214,2026-02-01 10:23:00,2026-02-01 13:25:00,16.51,4821,MEMBERSHIP
L008883,ST007,U01666,2026/07/21 10:07:00,2026-07-21 10:41:00,75.71,24227,APP
L003341,ST002,U00429,2026-06-08 10:19:00,2026-06-08 17:06:00,46.36,13537,CARD
L006138,ST012,U00185,2026-07-06 03:18:00,2026-07-06 03:43:00,17.15,5488,MEMBERSHIP
L000350,ST005,U02477,2026-06-16 04:04:00,2026-06-16 04:57:00,136.05,43536,Card
L000693,ST019,U01744,2026/04/24 21:00:00,2026-04-24 21:44:00,91.27,31671,MEMBERSHIP
L004335,ST004,U00329,2026/03/29 20:09:00,2026-03-29 20:43:00,63.27,20246,MEMBERSHIP
L002574,ST014,U00021,2026-02-20 12:38:00,2026-02-20 13:16:00,18.39,6988,APP
L005637,ST031,U00371,2026-06-16 15:52:00,2026-06-16 16:37:00,6535.0,24833,APP
L005173,ST001,U02750,2026-02-18 13:35:00,2026-02-18 12:59:00,104.38,39664,MEMBERSHIP
L006178,ST025,U02968,2026-05-19 09:35:00,2026-05-19 14:33:00,25.61,7478,MEMBERSHIP
L001189,ST017,U00681,2026-07-16 13:34:00,2026-07-16 15:46:00,10.51,,app
L007848,ST019,U02656,2026-02-27 21:47:00,2026-02-27 22:11:00,50.58,17551,APP
L002239,ST022,U00630,2026-07-20 19:37:00,2026-07-20 20:20:00,N/A,28100,APP
L007103,ST030,U00665,2026-01-10 09:40:00,2026-01-10 10:35:00,159.74,51117,MEMBERSHIP
L011530,ST034,U02890,2026-07-16 00:31:00,2026-07-16 00:58:00,52.93,20113,MEMBERSHIP
L004450,ST003,U02099,2026-05-10 20:47:00,2026-05-10 21:30:00,63.95,20464,MEMBERSHIP
L002540,ST029,U00164,2026-05-08 23:44:00,2026-05-09 02:20:00,22.5,6570,CARD
L008074,ST018,U01800,2026/04/26 04:10:00,2026-04-26 10:39:00,30.57,8926,CARD
L006453,ST017,U01270,20260210110900,2026-02-10 14:00:00,13.18,3849,MEMBERSHIP
L008735,ST013,U02306,20260208102400,2026-02-08 11:14:00,93.87,30038,MEMBERSHIP
L006066,ST026,U01003,2026-02-17 06:44:00,2026-02-17 07:25:00,106.28,40386,CARD
L002014,ST007,U00414,20260401170100,2026-04-01 17:38:00,77.59,24829,CARD
L006300,ST017,U00702,2026-01-15 11:50:00,2026-01-15 15:20:00,21.78,6360,MEMBERSHIP
L003664,ST025,U01451,2026-06-22 19:16:00,2026-06-22 17:42:00,22.68,6623,CARD
L011696,ST012,U00596,2026-01-31 17:32:00,2026-01-31 18:19:00,32.63,10442,CARD
L004441,ST010,U00320,2026-04-29 04:15:00,2026-04-29 12:01:00,34.51,10077,MEMBERSHIP
L000729,ST023,U01910,2026-03-23 07:32:00,2026-03-23 08:20:00,27.64,8845,CARD
L004908,ST040,U00318,2026-02-18 12:32:00,2026-02-18 18:32:00,38.92,11365,CARD
L008414,ST015,U02710,2026-01-20 15:38:00,2026-01-20 16:09:00,46.53,14890,APP
L002085,ST039,U02405,2026-02-02 05:35:00,2026-02-02 06:00:00,17.32,6010,CARD
L003075,ST013,U02256,2026-03-01 19:30:00,2026-03-01 20:11:00,118.24,37837,APP
L003041,ST027,U00973,2026-07-29 02:05:00,2026-07-29 05:31:00,19.73,5761,MEMBERSHIP
L008812,ST020,U02476,2026/06/19 19:00:00,2026-06-19 19:49:00,32.43,10378,CARD
L003769,ST001,U02869,2026-03-02 06:08:00,2026-03-02 06:47:00,75.57,28717,CARD
L002292,ST022,U02208,20260430214900,2026-04-30 22:35:00,78.35,27187,MEMBERSHIP
L009157,ST027,U01265,2026-01-23 00:06:00,2026-01-23 06:39:00,25.87,7554,APP
L003583,ST030,U01307,2026-05-28 13:35:00,2026-05-28 14:22:00,91.03,29130,MEMBERSHIP
L011150,ST030,U00730,2026-01-24 16:03:00,2026-01-24 16:24:00,49.94,15981,MEMBERSHIP
L005701,ST021,U02386,2026-06-03 10:47:00,2026-06-03 15:46:00,22.73,6637,app
L001007,ST029,U00665,2026-06-01 16:17:00,2026-06-01 20:53:00,31.1,9081,CARD
L002177,ST008,U00134,2026/01/14 06:29:00,2026-01-14 10:09:00,17.03,4343,MEMBERSHIP
L011411,ST029,U00632,2026-06-15 20:10:00,2026-06-16 01:45:00,43.14,12597,MEMBERSHIP
L009720,ST024,U02751,2026-05-29 05:46:00,2026-05-29 06:42:00,150.3,52154,MEMBERSHIP
L011729,ST901,U02820,2026/03/13 12:02:00,2026-03-13 19:57:00,37.31,10895,APP
L006760,ST022,U01160,2026-02-01 07:07:00,2026-02-01 07:38:00,47.56,16503,CARD
L006787,ST024,U01365,2026-06-17 18:56:00,2026-06-17 19:48:00,146.9,50974,MEMBERSHIP
L010866,ST039,U00916,20260211162500,2026-02-11 16:57:00,20.22,7016,CARD
L002447,ST035,U01624,2026-01-03 02:05:00,2026-01-03 07:16:00,41.09,10478,CARD
L008077,ST038,U00938,2026-07-15 06:42:00,2026-07-15 07:29:00,86.43,27658,MEMBERSHIP
L008925,ST022,U00278,2026/03/12 21:26:00,2026-03-12 22:25:00,88.38,30668,CARD
L010478,ST019,U01281,20260324232000,2026-03-24 23:58:00,84.13,29193,APP
L003884,ST012,U00509,2026/01/28 08:12:00,2026-01-28 08:51:00,27.4,8768,APP
L000689,ST006,U00689,2026-07-27 17:32:00,2026-07-27 21:59:00,26.71,7799,MEMBERSHIP
L009968,ST004,U00883,2026-05-25 06:27:00,2026-05-25 06:52:00,37.94,"12,141",APP
L000860,ST005,U01770,2026/04/05 11:21:00,2026-04-05 12:05:00,131.03,41930,CARD
L010827,ST010,U00088,2026-04-13 22:11:00,2026-04-14 05:20:00,31.95,9329,APP
L005569,ST035,U02794,2026-03-10 23:14:00,2026-03-11 06:58:00,52.32,13342,CARD
L004481,ST032,U02057,2026-04-01 12:53:00,2026-04-01 13:53:00,82.69,31422,APP
L008588,ST039,U02257,2026-04-13 14:57:00,2026-04-13 15:20:00,16.71,5798,MEMBERSHIP
L006904,ST028,U02597,2026-02-10 06:59:00,2026-02-10 07:20:00,29.62,9478,APP
L005531,ST030,U01274,2026-06-24 07:50:00,2026-06-24 08:10:00,44.79,14333,Card
L001621,ST002,U00023,2026-06-05 19:39:00,2026-06-06 03:06:00,58.89,,CARD
L001627,ST014,U00092,2026-04-27 16:37:00,2026-04-27 17:24:00,30.99,11776,APP
L007250,ST027,U00060,20260602023900,2026-06-02 05:05:00,9.48,2768,MEMBERSHIP
L008228,ST020,U01071,20260625153900,2026-06-25 16:05:00,15.04,4813,CARD
L008072,ST032,U00585,2026-04-09 00:01:00,2026-04-09 00:21:00,24.24,9211,MEMBERSHIP
L007554,ST031,U00296,2026/06/21 16:47:00,2026-06-21 17:16:00,41.11,15622,card
L002778,ST023,U01760,2026-06-28 06:45:00,2026-06-28 07:07:00,12.66,4051,APP
L005963,ST025,U02291,2026/04/28 22:45:00,2026-04-29 01:13:00,11.69,3413,MEMBERSHIP
L008641,ST034,U00068,2026/02/04 00:38:00,2026-02-04 01:10:00,94.88,36054,Card
L011895,ST019,U00508,20260501215400,2026-05-01 22:41:00,100.88,35005,CARD
L008547,ST018,U01219,2026-03-13 19:35:00,2026-03-14 02:28:00,32.0,9344,APP
L007642,ST014,U00389,2026-05-11 20:21:00,2026-05-11 21:21:00,35.26,13399,MEMBERSHIP
L008743,ST038,U00382,2026-03-05 10:07:00,2026-03-05 10:41:00,62.79,20093,card
L006875,ST038,U02276,2026-07-26 21:12:00,2026-07-26 22:10:00,133.42,42694,MEMBERSHIP
L005788,ST029,U02949,2026/02/22 05:09:00,2026-02-22 11:34:00,51.52,15044,MEMBERSHIP
L010183,ST006,U01172,2026-04-18 19:38:00,2026-04-19 00:06:00,23.98,7002,CARD
L009338,ST015,U02259,2026-04-18 04:21:00,2026-04-18 04:41:00,38.93,12458,card
L003020,ST006,U01071,2026-04-06 11:32:00,2026-04-06 13:50:00,10.32,3013,APP
L005713,ST029,U02551,2026-02-08 04:46:00,2026-02-08 03:24:00,66.05,19287,Card
L007800,ST015,U02534,2026/01/07 02:21:00,2026-01-07 03:00:00,55.48,17754,CARD
L005245,ST004,U01218,2026/03/26 17:03:00,2026-03-26 17:34:00,53.28,17050,CARD
L003566,ST014,U01723,2026-06-05 02:26:00,2026-06-05 03:20:00,31.66,12031,CARD
L004780,ST032,U00498,2026-04-23 09:48:00,2026-04-23 10:20:00,33.58,12760,MEMBERSHIP
L002553,ST005,U01482,2026-01-31 20:09:00,2026-01-31 20:58:00,111.4,35648,MEMBERSHIP
L008538,ST004,U00362,2026-03-04 17:34:00,2026-03-04 18:03:00,58.27,18646,CARD
L005942,ST006,U01515,2026-03-04 13:03:00,2026-03-04 12:46:00,17.98,"5,250",CARD
L007978,ST020,U01892,2026-01-12 22:25:00,2026-01-12 22:58:00,17.07,5462,MEMBERSHIP
L008646,ST017,U02871,2026-05-01 22:00:00,2026-05-02 04:34:00,40.46,11814,CARD
L009484,ST016,U02704,2026-01-22 14:20:00,2026-01-22 17:09:00,12.65,3226,APP
L007732,ST024,U02506,2026-04-17 02:23:00,2026-04-17 03:17:00,102.29,35495,MEMBERSHIP
L011745,ST036,U00030,20260209075000,2026-02-09 11:30:00,35.0,10220,CARD
L005289,ST020,U00539,2026-03-08 20:08:00,2026-03-08 20:43:00,24.52,7846,MEMBERSHIP
L005826,ST015,U02925,2026-01-04 06:26:00,2026-01-04 07:25:00,123.01,39363,APP
L003899,ST005,U01031,2026-05-18 12:43:00,2026-05-18 13:12:00,84.83,27146,MEMBERSHIP
L000564,ST033,U01485,2026/01/08 18:52:00,2026-01-08 19:16:00,47.33,15146,CARD
L004050,ST030,U01634,2026-07-12 02:39:00,2026-07-12 03:28:00,130.39,41725,APP
L007044,ST010,U00952,2026-02-07 02:33:00,2026-02-07 08:21:00,36.19,10567,APP
L000211,ST022,U01528,2026/04/21 07:56:00,2026-04-21 08:44:00,101.54,35234,MEMBERSHIP
L009149,ST024,U00741,2026/02/05 01:54:00,2026-02-05 02:23:00,7614.0,26421,APP
L002827,ST019,U00166,20260722094400,2026-07-22 10:10:00,49.7,17246,MEMBERSHIP
L003384,ST018,U00301,2026-05-19 14:48:00,2026-05-19 22:37:00,42.87,,MEMBERSHIP
L008342,ST024,U00933,2026/06/16 04:32:00,2026-06-16 05:19:00,107.29,37230,card
L005228,ST018,U00488,2026-05-09 16:50:00,2026-05-09 21:48:00,25.37,7408,CARD
L011641,ST025,U00450,20260529143600,2026-05-29 20:24:00,29.93,8740,APP
L003367,ST009,U02658,2026-02-02 16:19:00,2026-02-02 16:49:00,16.69,5791,APP
L000238,ST033,U00308,2026/03/03 13:53:00,2026-03-03 14:46:00,108.82,34822,APP
L006893,ST033,U01884,2026-03-04 19:57:00,2026-03-04 20:27:00,47.08,15066,MEMBERSHIP
L008063,ST026,U00135,2026-02-28 20:40:00,2026-02-28 21:03:00,61.24,23271,MEMBERSHIP
L002850,ST030,U00997,2026-02-06 21:35:00,2026-02-06 22:24:00,95.2,30464,MEMBERSHIP
L004357,ST009,U01080,2026-07-05 06:41:00,2026-07-05 07:34:00,29.46,10223,MEMBERSHIP
L003575,ST030,U02294,20260312123900,2026-03-12 13:00:00,56.46,18067,APP
L007118,ST025,U02493,2026-03-13 03:38:00,2026-03-13 05:49:00,8.72,2546,Card
L000162,ST007,U00355,2026-01-10 00:45:00,2026-01-10 01:08:00,33.89,10845,APP
L005275,ST039,U02918,2026-03-19 23:31:00,2026-03-20 00:03:00,14.84,5149,CARD
L009513,ST024,U01673,20260527231500,2026-05-27 23:48:00,81.68,28343,MEMBERSHIP
L007174,ST022,U01103,20260509115400,2026-05-09 12:21:00,58.17,20185,CARD
L007208,ST038,U00491,2026-07-24 20:06:00,2026-07-24 21:06:00,174.13,55722,CARD
L008935,ST021,U00714,2026/06/11 12:21:00,2026-06-11 15:28:00,19.19,5603,APP
L003239,ST035,U02257,2026-01-25 13:40:00,2026-01-25 16:38:00,23.07,5883,CARD
L011827,ST012,U02100,2026-06-25 15:26:00,2026-06-25 15:53:00,16.8,5376,APP
L011930,ST034,U01061,2026-06-25 02:36:00,2026-06-25 03:28:00,121.09,46014,MEMBERSHIP
L011364,ST040,U01043,2026-06-17 08:57:00,2026-06-17 11:08:00,17.26,5040,CARD
L004267,ST007,U01680,20260606062300,2026-06-06 06:59:00,59.06,18899,CARD
L009962,ST017,U02748,2026-01-08 06:06:00,2026-01-08 13:33:00,33.15,9680,MEMBERSHIP
L004412,ST039,U00210,2026/05/16 20:57:00,2026-05-16 21:28:00,15.54,5392,card
L002520,ST007,U02608,2026-06-16 13:55:00,2026-06-16 14:38:00,67.83,21706,Card
L002376,ST004,U01790,2026-03-13 20:15:00,2026-03-13 20:51:00,77.18,24698,APP
L002375,ST032,U00789,2026-01-22 18:02:00,2026-01-22 18:41:00,36.51,13874,MEMBERSHIP
L007335,ST002,U00721,2026/06/18 05:21:00,2026-06-18 09:56:00,41.31,12063,CARD
L008936,ST023,U01981,2026-02-10 05:40:00,2026-02-10 06:38:00,39.87,12758,APP
L011132,ST009,U00919,2026-05-14 20:49:00,2026-05-14 21:38:00,23.45,8137,APP
L006604,ST036,U02674,2026-06-25 20:11:00,2026-06-26 01:42:00,3413.0,9966,APP
L010752,ST032,U02258,2026-03-15 15:53:00,2026-03-15 16:48:00,68.96,26205,MEMBERSHIP
L011242,ST007,U02922,2026-02-22 08:43:00,2026-02-22 09:16:00,57.24,18317,MEMBERSHIP
L002666,ST011,U02344,2026-01-15 19:06:00,2026-01-15 19:48:00,77.17,24694,Card
L006625,ST037,U01975,2026/07/11 16:36:00,2026-07-11 17:20:00,90.46,31390,CARD
L003893,ST001,U01721,2026-01-02 04:39:00,2026-01-02 05:03:00,48.25,18335,CARD
L003619,ST029,U01008,2026-03-03 20:56:00,2026-03-04 02:12:00,50.91,14866,APP
L003743,ST011,U01046,2026-07-05 17:07:00,2026-07-05 17:38:00,51.26,16403,CARD
L004531,ST018,U00056,2026-05-20 23:03:00,2026-05-21 02:16:00,14.12,4123,MEMBERSHIP
L003371,ST024,U01134,2026-03-25 20:38:00,2026-03-25 21:26:00,134.56,46692,CARD
L001398,ST019,U02068,2026-03-19 21:58:00,2026-03-19 22:24:00,72.55,25175,CARD
L003418,ST028,U00100,2026/02/06 04:18:00,2026-02-06 05:09:00,55.14,17645,MEMBERSHIP
L000597,ST023,U02138,2026-05-13 12:07:00,2026-05-13 12:51:00,29.73,9514,MEMBERSHIP
L006919,ST034,U00979,2026-02-10 19:15:00,2026-02-10 19:45:00,80.32,30522, APP 
L003447,ST013,U01480,2026/04/13 08:19:00,2026-04-13 08:54:00,87.79,28093,APP
L005860,ST002,U00610,2026-01-27 17:25:00,2026-01-27 21:44:00,40.92,11949,APP
L011613,ST030,U00621,2026-05-18 00:16:00,2026-05-18 00:36:00,45.66,14611,MEMBERSHIP
L010195,ST016,U00210,2026/05/30 09:02:00,2026-05-30 15:49:00,30.91,7882,MEMBERSHIP
L004535,ST020,U02741,2026-01-12 17:25:00,2026-01-12 18:04:00,18.5,5920,MEMBERSHIP
L003304,ST003,U00515,2026-01-13 14:12:00,2026-01-13 15:00:00,74.21,23747,MEMBERSHIP
L004319,ST018,U00760,2026/03/30 13:23:00,2026-03-30 16:48:00,14.0,4088,CARD
L006532,ST028,U00672,20260629001400,2026-06-29 00:35:00,24.86,7955,app
L001815,ST001,U01560,2026-02-21 03:07:00,2026-02-21 03:28:00,35.72,13574,MEMBERSHIP
L002261,ST009,U00001,2026-07-07 04:32:00,2026-07-07 05:28:00,41.3,14331, APP 
L004059,ST024,U00419,2026-05-30 00:31:00,2026-05-30 01:27:00,109.69,38062, APP 
L001749,ST020,U02851,2026/06/03 03:00:00,2026-06-03 04:00:00,44.36,14195,CARD
L008393,ST031,U02783,2026-01-25 17:22:00,2026-01-25 18:04:00,72.69,27622,MEMBERSHIP
L004600,ST028,U01157,2026-07-17 09:24:00,2026-07-17 09:46:00,22.92,7334,CARD
L006489,ST006,U02051,2026/07/21 17:05:00,2026-07-21 19:36:00,12.17,3554,APP
L000918,ST001,U02037,2026-04-18 21:41:00,2026-04-18 22:21:00,60.01,22804,MEMBERSHIP
L007611,ST038,U01623,20260526220200,2026-05-26 23:01:00,165.17,52854,MEMBERSHIP
L009250,ST018,U00533,2026-04-03 18:14:00,2026-04-03 23:31:00,24.5,7154,CARD
L010928,ST021,U02483,20260613201100,2026-06-14 00:38:00,17.56,5128,MEMBERSHIP
L003804,ST003,U00619,2026-06-22 00:32:00,2026-06-22 01:32:00,86.28,27610,MEMBERSHIP
L007172,ST024,U01563,2026-07-01 01:16:00,2026-07-01 02:09:00,123.93,43004,MEMBERSHIP
L001155,ST004,U01658,2026-01-25 12:14:00,2026-01-25 13:00:00,78.07,24982,CARD
L000143,ST014,U02492,2026-07-07 16:05:00,2026-07-07 16:43:00,27.38,10404,APP
L005392,ST004,U00060,2026-03-02 01:21:00,2026-03-02 01:50:00,60.68,19418,APP
L002091,ST004,U00663,2026-03-22 13:51:00,2026-03-22 14:18:00,58.58,18746,MEMBERSHIP
L003994,ST005,U00815,2026-06-15 11:56:00,2026-06-15 12:23:00,68.76,22003,MEMBERSHIP
L006219,ST010,U01848,2026-06-21 06:39:00,2026-06-21 11:19:00,21.47,6269,CARD
L000939,ST035,U02714,2026-02-04 16:43:00,2026-02-04 19:22:00,18.04,4600,CARD
L001993,ST004,U02476,2026-06-12 13:09:00,2026-06-12 13:32:00,43.44,13901,MEMBERSHIP
L004399,ST017,U00234,2026-01-10 23:37:00,2026-01-11 06:15:00,40.49,11823,CARD
L002015,ST013,U01082,20260317090300,2026-03-17 09:38:00,102.15,32688,MEMBERSHIP
L006726,ST033,U02990,2026-02-07 23:17:00,2026-02-08 00:07:00,-,30896,APP
L011644,ST032,U02624,2026-05-10 12:18:00,2026-05-10 13:11:00,64.16,24381,APP
L011227,ST004,U02199,2026-03-18 19:04:00,2026-03-18 19:41:00,78.46,25107,MEMBERSHIP
L010196,ST032,U01745,2026-03-26 15:05:00,2026-03-26 16:01:00,83.96,31905,MEMBERSHIP
L000536,ST018,U01282,2026-03-08 04:19:00,2026-03-08 08:07:00,22.0,6424,APP
L008801,ST032,U00506,2026-02-09 10:01:00,2026-02-09 10:45:00,53.05,20159,APP
L007741,ST004,U02874,2026-01-19 15:57:00,2026-01-19 16:24:00,40.18,12858,MEMBERSHIP
L011454,ST003,U01440,2026-04-22 18:00:00,2026-04-22 18:55:00,80.4,25728,APP
L011221,ST004,U00143,20260318020200,2026-03-18 02:55:00,105.87,33878,CARD
L007428,ST038,U00017,2026-05-03 18:58:00,2026-05-03 19:31:00,76.07,24342,MEMBERSHIP
L004575,ST005,U00931,2026-07-04 12:55:00,2026-07-04 13:51:00,147.81,47299,MEMBERSHIP
L002741,ST027,U00611,2026-07-04 17:32:00,2026-07-04 22:38:00,20.52,5992,CARD
L011799,ST005,U02507,2026-03-28 19:58:00,2026-03-28 20:45:00,98.54,31533,MEMBERSHIP
L003948,ST037,U01491,2026-07-08 19:32:00,2026-07-08 19:52:00,35.8,12423,APP
L006786,ST001,U01445,2026-06-21 21:40:00,2026-06-21 22:22:00,85.26,32399,APP
L007848,ST019,U02656,2026-02-27 21:47:00,2026-02-27 22:11:00,50.58,17551,APP
L005702,ST022,U01768,2026-05-11 03:27:00,2026-05-11 04:25:00,116.14,40301,APP
L009020,ST024,U00340,2026-01-27 20:02:00,2026-01-27 20:33:00,73.05,25348,CARD
L011802,ST005,U00203,2026-04-04 06:34:00,2026-04-04 07:02:00,77.57,24822,MEMBERSHIP
L007808,ST025,U00612,2026-07-28 13:00:00,2026-07-28 18:32:00,29.5,8614,APP
L007232,ST002,U01156,2026-06-17 18:11:00,2026-06-17 21:18:00,22.96,6704,CARD
L008543,ST003,U00445,2026-07-29 21:25:00,2026-07-29 22:01:00,N/A,21040,MEMBERSHIP
L008865,ST006,U02015,2026-06-20 04:54:00,2026-06-20 09:31:00,23.91,6982,APP
L004222,ST009,U00613,2026-07-02 08:36:00,2026-07-02 09:19:00,27.87,9671,CARD
L007211,ST019,U01578,2026-07-02 21:48:00,2026-07-02 22:18:00,64.55,22399,CARD
L006993,ST030,U00663,20260403134100,2026-04-03 14:23:00,94.91,30371,CARD
L008313,ST031,U01220,2026-06-26 11:58:00,2026-06-26 12:51:00,107.71,,Card
L010896,ST022,U02806,2026-02-22 01:36:00,2026-02-22 02:27:00,89.62,,MEMBERSHIP
L008389,ST005,U00929,2026-01-04 12:38:00,2026-01-04 13:34:00,144.36,46195,APP
L001266,ST020,U01355,2026-05-10 11:57:00,2026-05-10 12:43:00,32.88,10522,MEMBERSHIP
L002419,ST039,U00757,2026-01-25 18:37:00,2026-01-25 19:05:00,19.67,6825,CARD
L005252,ST001,U00096,2026-03-18 10:54:00,2026-03-18 11:15:00,39.44,14987,CARD
L003612,ST004,U02269,2026-06-24 08:37:00,2026-06-24 09:35:00,108.03,34570,CARD
L006836,ST017,U00570,2026-03-14 20:29:00,2026-03-14 23:08:00,13.35,3898,MEMBERSHIP
L007423,ST018,U01052,2026-07-29 01:41:00,2026-07-29 08:49:00,27.96,8164,APP
L003953,ST011,U02938,2026-01-14 20:37:00,2026-01-14 21:27:00,96.28,30810,CARD
L000441,ST018,U01085,2026-03-27 10:19:00,2026-03-27 13:08:00,17.73,5177,CARD
L001054,ST031,U01240,20260502033900,2026-05-02 03:59:00,38.11,14482,APP
L009690,ST013,U01513,2026-05-27 22:56:00,2026-05-27 23:51:00,120.31,38499,APP
L011728,ST033,U01442,2026-02-21 23:22:00,2026-02-22 00:21:00,117.21,37507,MEMBERSHIP
L004925,ST001,U01348,2026/04/30 16:43:00,2026-04-30 17:33:00,111.61,42412,APP
L009950,ST024,U01730,2026-05-18 14:08:00,2026-05-18 14:53:00,127.25,44156,MEMBERSHIP
L002172,ST021,U00415,2026-01-12 20:03:00,2026-01-12 22:20:00,9.87,2882,MEMBERSHIP
L003822,ST034,U02624,2026-06-16 11:28:00,2026-06-16 12:15:00,133.37,,app
L005507,ST002,U00650,2026-04-21 04:01:00,2026-04-21 06:07:00,15.73,4593,APP
L011907,ST006,U00420,2026-05-20 00:40:00,2026-05-20 08:02:00,42.33,12360,APP
L001834,ST009,U02519,2026-05-03 04:30:00,2026-05-03 05:15:00,22.75,7894,CARD
L005781,ST004,U02816,2026-03-22 20:10:00,2026-03-22 20:30:00,32.42,10374,MEMBERSHIP
L002700,ST001,U01939,2026/06/04 03:58:00,2026-06-04 04:29:00,55.03,20911,CARD
L002062,ST034,U02621,2026-04-17 19:28:00,2026-04-17 20:16:00,96.5,36670,MEMBERSHIP
L002009,ST039,U00085,2026-06-03 00:16:00,2026-06-03 00:55:00,18.16,6302,APP
L005969,ST022,U00421,2026-05-05 07:46:00,2026-05-05 08:21:00,49.52,17183,APP
L008797,ST034,U02711,2026/04/15 23:23:00,2026-04-16 00:19:00,113.25,43035,CARD
L009207,ST033,U00306,2026-03-12 03:04:00,2026-03-12 03:49:00,81.57,26102,APP
L000801,ST021,U00362,2026/01/25 01:31:00,2026-01-25 09:14:00,36.22,10576,APP
L009373,ST022,U02958,2026-04-01 00:18:00,2026-04-01 01:11:00,106.14,36831,MEMBERSHIP
L006991,ST025,U01084,2026-05-21 21:42:00,2026-05-22 04:14:00,29.57,8634,MEMBERSHIP
L011557,ST034,U02382,2026-04-24 07:25:00,2026-04-24 07:50:00,58.85,22363,MEMBERSHIP
L006761,ST007,U02678,2026-04-17 11:45:00,2026-04-17 12:11:00,48.03,15370,CARD
L004119,ST040,U00941,2026-04-19 07:42:00,2026-04-19 10:19:00,24.9,7271,CARD
L011356,ST020,U00986,2026-06-25 19:28:00,2026-06-25 20:05:00,23.84,7629,APP
L008598,ST038,U02732,2026-03-27 10:19:00,2026-03-27 11:16:00,123.33,39466,MEMBERSHIP
L008642,ST014,U02115,2026-03-06 15:04:00,2026-03-06 15:24:00,13.8,5244,APP
L004431,ST023,U00435,2026/04/12 04:36:00,2026-04-12 05:21:00,31.1,9952,MEMBERSHIP
L005314,ST005,U02657,2026-02-26 02:11:00,2026-02-26 03:03:00,111.53,35690,CARD
L001512,ST006,U01641,20260601222600,2026-06-02 01:43:00,15.5,4526,membership
L001293,ST002,U02912,2026-03-14 16:20:00,2026-03-14 19:17:00,28.47,8313,APP
L002498,ST029,U01770,2026/03/07 10:40:00,2026-03-07 17:26:00,57.23,16711,APP
L006844,ST021,U00580,2026-01-19 18:24:00,2026-01-19 22:53:00,25.69,7501,MEMBERSHIP
L009413,ST040,U01315,20260220033900,2026-02-20 10:45:00,65.04,18992,CARD
L011552,ST035,U02546,2026-05-29 08:15:00,2026-05-29 15:23:00,59.15,15083,APP
L006315,ST037,U00585,2026-03-05 11:39:00,2026-03-05 12:24:00,77.71,26965,CARD
L006226,ST029,U01326,2026-06-06 01:20:00,2026-06-06 06:07:00,41.2,12030,APP
L010486,ST035,U01582,2026-04-22 06:56:00,2026-04-22 14:54:00,78.03,19898,MEMBERSHIP
L001620,ST002,U00804,2026-06-02 08:26:00,2026-06-02 14:33:00,51.78,15120,MEMBERSHIP
L007385,ST003,U01806,2026/06/28 11:39:00,2026-06-28 12:24:00,95.27,30486,APP
L005431,ST017,U01000,2026-07-22 10:04:00,2026-07-22 15:08:00,2836.0,,MEMBERSHIP
L011007,ST014,U00762,2026-03-12 03:28:00,2026-03-12 03:57:00,20.88,7934,CARD
L010759,ST002,U02475,2026-07-29 00:13:00,2026-07-29 03:37:00,28.76,8398,APP
L007436,ST024,U00938,2026-02-01 17:34:00,2026-02-01 18:12:00,72.72,"25,234",CARD
L000431,ST009,U02782,2026-03-16 18:58:00,2026-03-16 19:35:00,17.84,6190,APP
L005886,ST001,U02893,2026-05-04 20:25:00,2026-05-04 21:02:00,53.06,20163,APP
L011012,ST038,U01364,2026-02-05 21:42:00,2026-02-05 22:37:00,145.9,46688,CARD
L000063,ST032,U02771,2026-07-14 03:17:00,2026-07-14 04:16:00,82.26,31259, APP 
L010468,ST009,U00371,2026/04/12 08:05:00,2026-04-12 09:05:00,39.59,13738,MEMBERSHIP
L007702,ST037,U02355,2026-05-04 02:16:00,2026-05-04 03:05:00,98.78,34277,APP
L010311,ST023,U02236,20260122061600,2026-01-22 07:15:00,34.27,10966,CARD
L001964,ST031,U01028,2026-05-24 16:26:00,2026-05-24 16:48:00,36.87,14011,APP
L011408,ST032,U02905,2026-04-13 11:11:00,2026-04-13 12:00:00,65.61,24932,MEMBERSHIP
L001182,ST016,U02145,2026/04/09 03:35:00,2026-04-09 09:12:00,29.89,7622,APP
L007264,ST013,U00093,2026-03-11 07:59:00,2026-03-11 08:28:00,67.83,21706,Card
L011445,ST033,U02471,2026-04-13 03:17:00,2026-04-13 03:45:00,38.79,,CARD
L009260,ST014,U02991,2026-01-24 15:50:00,2026-01-24 16:12:00,10.24,3891,APP
L003082,ST008,U02288,20260313025300,2026-03-13 10:05:00,45.33,11559,APP
L004703,ST033,U00351,2026-02-05 14:06:00,2026-02-05 14:44:00,55.84,17869,APP
L004683,ST015,U01173,2026-05-02 04:32:00,2026-05-02 05:07:00,72.19,23101,MEMBERSHIP
L009479,ST024,U00739,2026-05-29 05:45:00,2026-05-29 06:38:00,157.08,54507,APP
L008482,ST039,U02680,2026-02-22 12:31:00,2026-02-22 12:58:00,13.99,4855,MEMBERSHIP
L006906,ST026,U00602,2026-05-26 14:47:00,2026-05-26 15:15:00,83.67,31795,APP
L003691,ST008,U00247,2026-07-07 19:49:00,2026-07-07 22:56:00,15.29,3899,APP
L008530,ST025,U02447,2026-03-10 07:47:00,2026-03-10 11:39:00,15.52,4532,MEMBERSHIP
L000942,ST024,U00904,2026/04/08 20:09:00,2026-04-08 20:46:00,,,MEMBERSHIP
L002464,ST034,U01340,2026/05/13 23:26:00,2026-05-13 23:50:00,68.99,26216,APP
L002320,ST021,U02108,2026-03-07 01:06:00,2026-03-07 08:23:00,35.29,10305,MEMBERSHIP
L000291,ST024,U02995,2026-03-31 23:25:00,2026-03-31 23:53:00,74.38,25810,CARD
L005698,ST011,U00716,20260504084700,2026-05-04 09:30:00,59.97,19190,CARD
L007575,ST015,U02724,2026-07-17 08:41:00,2026-07-17 09:05:00,46.91,15011,CARD
L007499,ST006,U01479,20260521030800,2026-05-21 05:45:00,15.23,4447,MEMBERSHIP
L001351,ST015,U01310,2026-05-19 18:53:00,2026-05-19 19:42:00,109.77,35126,APP
L000380,ST039,U01854,2026-03-24 06:35:00,2026-03-24 07:05:00,18.4,6385,Card
L008570,ST023,U01778,2026-07-02 06:38:00,2026-07-02 07:09:00,19.42,6214,CARD
L001785,ST003,U02889,2026-03-18 14:08:00,2026-03-18 15:07:00,103.36,33075,MEMBERSHIP
L011823,ST029,U00567,2026-03-11 03:05:00,2026-03-11 10:54:00,54.23,15835,APP
L008191,ST034,U01438,2026-01-24 01:53:00,2026-01-24 02:48:00,111.24,42271,APP
L006475,ST036,U00899,2026-02-06 22:23:00,2026-02-07 04:35:00,55.72,16270,APP
L003598,ST001,U00652,2026-03-07 19:06:00,2026-03-07 19:56:00,88.92,33790,APP
L000425,ST027,U00586,2026-02-26 17:20:00,2026-02-26 21:41:00,19.89,5808,MEMBERSHIP
L002494,ST008,U01988,20260618191900,2026-06-19 01:05:00,34.43,8780,APP
L010967,ST006,U01667,2026-04-18 03:31:00,2026-04-18 09:57:00,25.26,7376,membership
L003141,ST016,U01510,2026-03-17 10:08:00,2026-03-17 13:34:00,14.64,3733,CARD
L008418,ST003,U00625,2026-07-15 23:33:00,2026-07-16 00:32:00,131.62,42118,APP
L011056,ST013,U01956,2026-02-25 15:28:00,2026-02-25 15:59:00,73.04,23373,CARD
L003003,ST001,U00261,2026/05/27 20:59:00,2026-05-27 21:50:00,80.96,30765,app
L000090,ST023,U00478,2026/07/23 00:45:00,2026-07-23 01:19:00,16.55,5296,MEMBERSHIP
L006849,ST032,U00207,2026-03-17 00:13:00,2026-03-17 00:50:00,44.67,16975,CARD
L002694,ST015,U01623,2026/02/15 02:15:00,2026-02-15 02:53:00,,18592,MEMBERSHIP
L009446,ST022,U01909,2026-01-23 07:51:00,2026-01-23 08:22:00,44.76,15532,CARD
L008002,ST033,U02959,2026/05/28 14:01:00,2026-05-28 15:01:00,87.74,28077,MEMBERSHIP
L001701,ST001,U02384,2026-07-28 10:15:00,2026-07-28 11:13:00,123.68,46998,APP
L007792,ST010,U01899,2026-03-24 14:47:00,2026-03-24 18:20:00,15.54,,MEMBERSHIP
L008178,ST032,U02322,2026/07/01 01:24:00,2026-07-01 01:51:00,35.36,13437,APP
L003897,ST040,U02214,2026-03-09 16:24:00,2026-03-09 18:59:00,17.74,,APP
L001040,ST030,U01820,2026-04-01 17:04:00,2026-04-01 17:24:00,N/A,17616,APP
L003723,ST037,U00118,20260627043000,2026-06-27 05:02:00,62.18,21576,APP
L011676,ST003,U02835,2026-06-28 21:37:00,2026-06-28 22:04:00,50.99,16317,CARD
L011468,ST028,U00284,20260401141500,2026-04-01 15:04:00,53.12,16998,MEMBERSHIP
L011426,ST017,U01215,2026-04-02 20:59:00,2026-04-03 00:36:00,20.21,5901,CARD
L006280,ST028,U01830,2026-02-09 16:32:00,2026-02-09 17:03:00,30.11,9635,APP
L009014,ST014,U01172,2026-01-17 06:15:00,2026-01-17 07:05:00,23.99,9116,Card
L004350,ST004,U02996,2026-04-10 22:07:00,2026-04-10 22:51:00,94.22,30150,CARD
L004092,ST032,U00567,2026-02-02 16:00:00,2026-02-02 16:54:00,66.88,25414,CARD
L000810,ST022,U01769,2026-06-22 18:43:00,2026-06-22 19:32:00,85.79,29769,CARD
L009990,ST019,U02673,2026-06-14 18:11:00,2026-06-14 18:43:00,64.12,,MEMBERSHIP
L007695,ST006,U01978,2026-07-01 12:37:00,2026-07-01 18:24:00,24.49,7151,MEMBERSHIP
L001294,ST010,U00142,2026-02-02 23:59:00,2026-02-03 03:38:00,20.63,6024,MEMBERSHIP
L005978,ST028,U02765,2026-06-12 02:11:00,2026-06-12 02:38:00,29.74,9517,CARD
L004063,ST033,U01902,2026-02-02 09:36:00,2026-02-02 10:13:00,70.68,22618,CARD
L007941,ST003,U01708,2026-02-04 12:44:00,2026-02-04 13:09:00,51.21,16387,MEMBERSHIP
L004768,ST021,U00286,2026-03-15 11:25:00,2026-03-15 17:24:00,31.55,9213,APP
L003886,ST002,U00727,2026-07-06 03:47:00,2026-07-06 07:34:00,26.87,7846,APP
L006918,ST023,U01168,2026-06-15 04:45:00,2026-06-15 05:11:00,16.97,5430,APP
L005614,ST026,U02721,20260301045900,2026-03-01 05:32:00,77.14,29313,CARD
L005231,ST018,U00002,2026-03-13 15:30:00,2026-03-13 18:08:00,13.23,3863,CARD
L003775,ST035,U02300,2026-02-05 21:10:00,2026-02-06 03:18:00,54.06,13785,MEMBERSHIP
L011954,ST034,U00702,2026-01-13 00:06:00,2026-01-13 00:30:00,53.35,20273,APP
L006388,ST028,U00043,2026-04-29 13:06:00,2026-04-29 13:58:00,75.92,24294,CARD
L002035,ST015,U02000,2026-01-24 18:27:00,2026-01-24 19:04:00,83.07,,MEMBERSHIP
L011347,ST024,U01024,2026/04/18 10:44:00,2026-04-18 11:16:00,80.43,27909,APP
L000532,ST004,U02427,2026-03-07 20:51:00,2026-03-07 21:31:00,,26243,APP
L008378,ST013,U02524,2026-04-15 19:33:00,2026-04-15 20:32:00,152.63,48842,CARD
L002267,ST009,U00885,2026-06-08 20:09:00,2026-06-08 20:53:00,29.34,10181,CARD
L003552,ST013,U01872,2026-03-31 20:07:00,2026-03-31 20:43:00,104.49,33437,CARD
L004234,ST015,U02606,2026-01-23 01:54:00,2026-01-23 02:52:00,118.39,37885,CARD
L006174,ST021,U00224,2026-03-18 20:00:00,2026-03-19 00:07:00,23.63,6900,CARD
L011548,ST001,U01391,2026-07-28 04:32:00,2026-07-28 05:04:00,63.26,24039,CARD
L000664,ST004,U00564,2026-04-13 19:26:00,2026-04-13 20:11:00,84.6,27072,CARD
L007971,ST030,U01653,2026/04/09 22:36:00,2026-04-09 23:15:00,74.68,23898,MEMBERSHIP
L011675,ST008,U00753,2026-05-13 10:45:00,2026-05-13 18:23:00,42.21,10764,CARD
L006838,ST013,U00799,2026-01-25 11:36:00,2026-01-25 12:12:00,72.95,23344,MEMBERSHIP
L010241,ST018,U01759,2026-01-24 14:36:00,2026-01-24 20:02:00,21.25,6205,MEMBERSHIP
L003799,ST010,U02604,2026-03-16 00:13:00,2026-03-16 02:57:00,12.93,3776,MEMBERSHIP
L009643,ST005,U00461,2026-04-27 19:22:00,2026-04-27 20:16:00,N/A,47533,APP
L011197,ST026,U02071,2026-07-20 06:40:00,2026-07-20 07:20:00,114.74,43601,APP
L011839,ST037,U00600,2026-05-23 22:33:00,2026-05-23 23:33:00,126.29,43823,MEMBERSHIP
L007371,ST006,U02246,2026-01-21 13:20:00,2026-01-21 16:23:00,13.06,3814,MEMBERSHIP
L000034,ST038,U01255,2026-06-19 15:44:00,2026-06-19 16:08:00,53.24,17037,APP
L011093,ST031,U02519,2026-02-21 21:29:00,2026-02-21 22:09:00,82.22,31244,MEMBERSHIP
L003472,ST011,U02409,2026-03-14 16:23:00,2026-03-14 17:12:00,107.3,34336,membership
L000966,ST032,U01828,2026-07-22 21:20:00,2026-07-22 22:07:00,46.52,17678,MEMBERSHIP
L002771,ST022,U00411,20260530093900,2026-05-30 10:14:00,74.17,25737,Card
L003523,ST021,U02678,2026-04-28 19:42:00,2026-04-28 23:54:00,,6100,MEMBERSHIP
L005242,ST036,U01698,2026-03-18 21:06:00,2026-03-19 01:00:00,25.02,7306,APP
L011698,ST025,U02797,2026/02/04 00:24:00,2026-02-04 03:40:00,17.54,-5122,membership
L011946,ST021,U01952,2026-07-01 17:20:00,2026-07-01 23:29:00,35.45,10351,CARD
L000897,ST038,U00839,2026-04-12 19:29:00,2026-04-12 20:06:00,103.51,33123,APP
L008613,ST031,U02730,2026/06/14 21:35:00,2026-06-14 22:25:00,79.61,30252,APP
L001312,ST012,U00458,2026-06-03 12:38:00,2026-06-03 13:30:00,25.99,8317,MEMBERSHIP
L006033,ST011,U01263,2026-06-25 06:11:00,2026-06-25 06:42:00,61.08,19546,APP
L001500,ST007,U02179,2026-05-26 19:49:00,2026-05-26 20:20:00,50.78,16250,APP
L005406,ST037,U02408,2026-04-03 02:22:00,2026-04-03 02:44:00,44.73,15521,CARD
L006628,ST033,U00643,2026-04-21 17:25:00,2026-04-21 18:06:00,77.93,24938,APP
L007666,ST019,U01217,2026-07-19 00:28:00,2026-07-19 00:57:00,64.06,22229,MEMBERSHIP
L011342,ST022,U00053,2026-04-11 05:35:00,2026-04-11 06:09:00,49.29,17104,CARD
L008644,ST022,U02266,2026-01-28 23:06:00,2026-01-28 23:44:00,83.96,29134,CARD
L001920,ST001,U02622,2026-02-20 11:01:00,2026-02-20 11:44:00,81.25,30875,app
L001344,ST017,U01810,2026-01-28 05:43:00,2026-01-28 13:17:00,31.33,9148,CARD
L007859,ST022,U01877,2026-03-12 06:30:00,2026-03-12 06:52:00,47.3,16413,APP
L000577,ST012,U02628,20260531161700,2026-05-31 17:12:00,27.98,8954,APP
L002282,ST006,U02827,20260330000300,2026-03-30 05:54:00,29.06,8486,CARD
L009804,ST013,U02457,20260104135200,2026-01-04 14:42:00,109.12,34918,app
L002168,ST024,U01503,2026-07-21 02:13:00,2026-07-21 02:35:00,41.17,14286,MEMBERSHIP
L009947,ST024,U00458,2026/06/28 03:06:00,2026-06-28 03:34:00,,22201,MEMBERSHIP
L005919,ST012,U03000,2026-06-04 18:03:00,2026-06-04 19:02:00,43.58,13946,MEMBERSHIP
L000071,ST027,U00147,2026-03-14 15:54:00,2026-03-14 22:08:00,36.94,10786,APP
L006674,ST023,U00210,2026-06-08 08:33:00,2026-06-08 08:58:00,15.59,4989,CARD
L004964,ST006,U01124,2026-06-18 08:26:00,2026-06-18 13:34:00,21.33,6228,APP
L001005,ST021,U00305,2026-05-16 15:06:00,2026-05-16 19:12:00,24.63,7192,CARD
L008746,ST014,U01296,2026-06-29 03:11:00,2026-06-29 03:42:00,19.38,7364,CARD
L010472,ST004,U00584,2026-05-29 23:25:00,2026-05-29 23:47:00,41.75,13360,MEMBERSHIP
L011326,ST030,U02918,2026-04-28 12:24:00,2026-04-28 12:48:00,61.14,19565,card
L010180,ST013,U02149,20260523194300,2026-05-23 20:29:00,88.13,28202,membership
L000218,ST004,U02304,2026-01-21 19:50:00,2026-01-21 20:44:00,119.19,38141,MEMBERSHIP
L008867,ST031,U02399,2026-03-10 14:46:00,2026-03-10 15:42:00,77.4,29412,MEMBERSHIP
L000639,ST017,U00624,20260218171800,2026-02-19 00:21:00,31.25,9125,APP
L006206,ST005,U02362,2026-03-12 21:30:00,2026-03-12 22:14:00,93.14,29805,CARD
L006185,ST040,U02940,2026-07-13 15:06:00,2026-07-13 18:50:00,36.15,10556,CARD
L005139,ST036,U01931,2026-01-12 19:07:00,2026-01-12 22:39:00,21.53,6287,APP
L000601,ST017,U02511,20260723091300,2026-07-23 14:13:00,24.87,7262,MEMBERSHIP
L011510,ST006,U02636,2026-02-20 09:47:00,2026-02-20 17:28:00,41.4,12089,card
L002859,ST019,U01250,2026/02/12 03:39:00,2026-02-12 04:34:00,135.37,46973,CARD
L008872,ST009,U02911,2026-02-17 16:45:00,2026-02-17 17:18:00,18.22,6322,APP
L000546,ST035,U01363,2026-05-02 23:22:00,2026-05-03 02:40:00,28.43,7250,CARD
L008817,ST036,U00276,2026-01-05 04:40:00,2026-01-05 10:18:00,45.05,13155,APP
L010063,ST029,U02933,2026-04-24 11:15:00,2026-04-24 19:13:00,57.35,16746,MEMBERSHIP
L000023,ST021,U02191,20260310050100,2026-03-10 11:04:00,23.84,6961,MEMBERSHIP
L005006,ST021,U01720,2026-05-27 09:43:00,2026-05-27 16:01:00,32.34,9443,APP
L011654,ST015,U00290,2026-05-13 04:04:00,2026-05-13 04:50:00,75.76,24243,MEMBERSHIP
L002367,ST012,U01646,20260420082000,2026-04-20 08:57:00,23.28,7450,APP
L011383,ST021,U01349,2026-05-30 00:03:00,2026-05-30 04:42:00,23.2,6774,MEMBERSHIP
L008000,ST037,U01100,2026-02-12 09:59:00,2026-02-12 10:37:00,81.31,28215,membership
L000438,ST024,U02946,2026-04-27 09:31:00,2026-04-27 10:10:00,112.54,39051,APP
L002936,ST028,U01707,2026-06-02 04:46:00,2026-06-02 05:08:00,29.6,9472,APP
L004373,ST010,U02334,2026-04-13 10:19:00,2026-04-13 14:38:00,21.73,6345,CARD
L001478,ST001,U01699,20260729031700,2026-07-29 03:43:00,48.67,"18,495",MEMBERSHIP
L006195,ST029,U00720,2026-07-04 13:43:00,2026-07-04 17:44:00,3796.0,11084,CARD
L005531,ST030,U01274,2026-06-24 07:50:00,2026-06-24 08:10:00,44.79,14333,Card
L002618,ST029,U00196,2026-02-05 02:46:00,2026-02-05 08:59:00,51.33,14988,CARD
L010145,ST001,U00138,2026-02-16 17:27:00,2026-02-16 18:13:00,74.5,28310,APP
L011587,ST020,U02685,2026-04-03 21:52:00,2026-04-03 22:41:00,28.55,9136,CARD
L006292,ST003,U01370,2026-06-05 15:56:00,2026-06-05 16:46:00,109.42,35014,APP
L006656,ST001,U01346,2026/04/02 08:56:00,2026-04-02 09:31:00,63.15,23997,APP
L000923,ST002,U00981,2026-05-19 10:34:00,2026-05-19 16:57:00,48.94,14290,APP
L005162,ST040,U00311,2026-03-04 01:50:00,2026-03-04 04:09:00,20.98,6126,APP
L008407,ST036,U02147,2026/07/05 00:27:00,2026-07-05 02:50:00,18.72,5466,CARD
L000857,ST016,U02185,2026-06-05 13:48:00,2026-06-05 16:14:00,11.74,2994,APP
L007383,ST009,U02101,2026-04-11 22:59:00,2026-04-11 23:34:00,16.5,5726,CARD
L003697,ST025,U01401,2026-01-30 10:17:00,2026-01-30 12:33:00,13.74,4012,CARD
L004429,ST039,U02707,2026-07-06 10:44:00,2026-07-06 11:35:00,24.59,8533,APP
L011149,ST018,U00198,2026-03-03 21:46:00,2026-03-04 05:03:00,38.55,11257,CARD
L010632,ST034,U02469,2026-02-14 07:08:00,2026-02-14 07:33:00,62.86,23887,CARD
L009784,ST031,U00431,2026-06-20 05:50:00,2026-06-20 06:42:00,81.35,30913,CARD
L007675,ST036,U02474,2026-05-04 07:45:00,2026-05-04 15:05:00,59.67,17424,CARD
L003280,ST007,U00541,2026-06-15 14:27:00,2026-06-15 14:51:00,49.41,15811,membership
L000328,ST011,U00013,2026-03-03 07:47:00,2026-03-03 08:27:00,86.18,27578,APP
L001850,ST024,U00073,2026/04/28 09:02:00,2026-04-28 09:44:00,114.29,39659,MEMBERSHIP
L001426,ST015,U00475,2026-04-13 01:51:00,2026-04-13 02:27:00,78.52,25126, APP 
L000763,ST024,U01655,2026-03-02 06:26:00,2026-03-02 06:48:00,58.31,20234,MEMBERSHIP
L008937,ST029,U01861,2026/07/03 23:55:00,2026-07-04 06:54:00,67.49,19707,APP
L003671,ST003,U02607,2026-07-29 10:22:00,2026-07-29 11:09:00,73.96,23667,CARD
L005219,ST003,U01468,20260616180400,2026-06-16 18:57:00,113.08,36186,MEMBERSHIP
L003363,ST034,U02485,2026-07-02 13:18:00,2026-07-02 13:46:00,71.09,27014,CARD
L002845,ST028,U00958,2026-01-28 15:39:00,2026-01-28 16:32:00,60.16,19251,CARD
L008041,ST006,U00730,20260623104000,2026-06-23 14:32:00,20.66,6033,CARD
L006887,ST019,U02667,2026-03-01 11:17:00,2026-03-01 12:02:00,97.21,,CARD
L004291,ST040,U01612,2026/06/07 01:07:00,2026-06-07 04:49:00,28.59,8348,APP
L008632,ST037,U02620,2026-06-01 16:15:00,2026-06-01 17:09:00,86.5,30016,MEMBERSHIP
L005499,ST040,U00944,2026-04-18 23:52:00,2026-04-19 02:16:00,18.73,5469,APP
L005794,ST013,U02597,2026-05-22 23:38:00,2026-05-23 00:09:00,84.4,27008,card
L006609,ST009,U02544,2026-01-25 05:36:00,2026-01-25 06:29:00,34.0,11798,CARD
L003028,ST029,U01162,2026-07-07 12:32:00,2026-07-07 14:35:00,15.3,4468, APP 
L000478,ST025,U01287,2026/02/11 08:35:00,2026-02-11 16:12:00,39.58,11557,CARD
L010799,ST029,U00775,20260618091100,2026-06-18 11:26:00,22.04,6436,CARD
L010433,ST009,U02043,2026-01-01 06:06:00,2026-01-01 06:51:00,28.69,9955,CARD
L006890,ST031,U02942,2026-03-01 06:19:00,2026-03-01 07:12:00,113.6,43168,CARD
L001963,ST034,U00735,2026-01-12 07:59:00,2026-01-12 08:23:00,,22515,APP
L006728,ST032,U01035,20260502231100,2026-05-03 00:02:00,50.24,19091,APP
L006537,ST028,U02597,2026-07-16 17:37:00,2026-07-16 18:24:00,67.58,21626,MEMBERSHIP
L010805,ST035,U01399,2026-07-18 20:16:00,2026-07-18 22:18:00,12.57,3205,MEMBERSHIP
L001595,ST002,U01272,2026-02-08 18:18:00,2026-02-08 23:58:00,36.46,10646,MEMBERSHIP
L010586,ST023,U00382,2026-05-03 00:31:00,2026-05-03 01:06:00,20.67,6614,MEMBERSHIP
L004308,ST027,U01341,2026-05-07 21:20:00,2026-05-08 02:18:00,21.56,"6,296",CARD
L008464,ST039,U02630,2026-06-26 08:09:00,2026-06-26 08:35:00,14.94,5184,CARD
L008677,ST030,U00714,2026-05-15 22:08:00,2026-05-15 22:35:00,75.46,24147,card
L006873,ST032,U00530,2026-03-25 18:42:00,2026-03-25 19:32:00,72.71,27630,card
L003970,ST037,U00800,2026-06-21 12:36:00,2026-06-21 13:19:00,70.3,24394,CARD
L002059,ST024,U00058,20260409090200,2026-04-09 09:53:00,139.76,48497,app
L010283,ST027,U02882,2026-03-09 14:43:00,2026-03-09 19:59:00,29.32,8561,CARD
L008798,ST018,U02668,2026-01-09 15:13:00,2026-01-09 17:16:00,12.76,3726,app
L010676,ST032,U01454,2026-04-16 10:14:00,2026-04-16 10:40:00,28.39,10788,CARD
L007224,ST023,U02576,2026-02-09 23:57:00,2026-02-10 00:43:00,22.34,7149,CARD
L009386,ST032,U02663,2026-01-14 22:54:00,2026-01-14 23:48:00,61.51,23374,CARD
L001407,ST024,U02396,2026/03/09 06:30:00,2026-03-09 07:20:00,124.2,43097,MEMBERSHIP
L007990,ST036,U02690,2026/06/13 11:56:00,2026-06-13 14:45:00,,7186,MEMBERSHIP
L004044,ST013,U01070,2026-01-03 03:19:00,2026-01-03 03:42:00,45.71,14627,MEMBERSHIP
L004459,ST040,U02243,2026/06/13 19:04:00,2026-06-14 02:36:00,51.43,15018,MEMBERSHIP
L008064,ST015,U02632,2026-03-09 04:49:00,2026-03-09 05:14:00,55.96,17907,MEMBERSHIP
L009559,ST013,U01039,2026-04-15 11:13:00,2026-04-15 11:48:00,77.53,24810,APP
L006936,ST004,U02773,2026-06-23 08:19:00,2026-06-23 09:12:00,83.14,26605,CARD
L009755,ST018,U00629,2026-06-23 06:26:00,2026-06-23 10:50:00,19.09,5574,MEMBERSHIP
L000682,ST024,U02401,2026-01-11 09:58:00,2026-01-11 10:27:00,65.7,22798,CARD
L010569,ST020,U01447,20260212195400,2026-02-12 20:41:00,21.75,6960,MEMBERSHIP
L011611,ST030,U00160,2026-04-11 22:22:00,2026-04-11 22:47:00,,22083,MEMBERSHIP
L007657,ST002,U01572,2026-07-21 19:07:00,2026-07-21 22:29:00,24.39,7122,CARD
L000738,ST011,U01172,2026-04-15 05:46:00,2026-04-15 06:35:00,106.62,34118,APP
L002019,ST035,U00104,20260203083600,2026-02-03 13:59:00,33.51,8545,CARD
L001098,ST021,U00859,2026-04-26 07:39:00,2026-04-26 13:53:00,29.19,8523,APP
L007910,ST012,U01467,2026-07-15 03:06:00,2026-07-15 03:47:00,26.64,"8,525",MEMBERSHIP
L008522,ST002,U00626,20260225043200,2026-02-25 06:56:00,21.34,6231,MEMBERSHIP
L006589,ST025,U00009,2026-06-04 17:40:00,2026-06-04 21:21:00,21.97,6415,CARD
L000929,ST014,U00529,2026-05-13 03:29:00,2026-05-13 04:10:00,29.11,,CARD
L009030,ST021,U01705,20260106215100,2026-01-07 04:51:00,30.23,8827,APP
L005376,ST021,U00685,2026-06-12 02:17:00,2026-06-12 06:31:00,20.11,5872,card
L005552,ST017,U00255,2026-02-06 11:51:00,2026-02-06 16:06:00,22.96,6704,CARD
L009115,ST016,U00752,2026-07-28 10:53:00,2026-07-28 14:25:00,22.25,5674,MEMBERSHIP
L000922,ST031,U00571,2026-04-26 05:11:00,2026-04-26 05:40:00,48.35,18373,APP
L010592,ST002,U00324,2026-02-08 19:46:00,2026-02-09 00:31:00,38.11,11128,CARD
L011144,ST002,U01690,2026-06-30 07:33:00,2026-06-30 10:27:00,26.27,7671,CARD
L003851,ST025,U02487,2026-02-26 01:06:00,2026-02-26 05:32:00,20.49,5983,MEMBERSHIP
L003340,ST024,U00510,2026/03/02 05:19:00,2026-03-02 06:11:00,155.52,53965,MEMBERSHIP
L004073,ST026,U02312,2026-06-29 13:35:00,2026-06-29 13:59:00,62.18,23628,APP
L003927,ST018,U00400,2026-01-21 21:54:00,2026-01-22 02:07:00,23.83,6958,MEMBERSHIP
L009520,ST007,U00239,20260705114600,2026-07-05 12:15:00,56.04,17933,CARD
L011210,ST039,U02841,2026-03-29 23:00:00,2026-03-29 23:32:00,20.85,7235,MEMBERSHIP
L009231,ST010,U02722,2026-07-09 00:36:00,2026-07-09 04:12:00,14.31,4179,APP
L004792,ST024,U02279,2026-06-14 08:43:00,2026-06-14 09:42:00,111.73,38770,MEMBERSHIP
L002424,ST035,U00289,2026-07-01 02:06:00,2026-07-01 08:06:00,48.64,12403,APP
L006113,ST005,U00005,2026-06-03 01:20:00,2026-06-03 02:10:00,107.69,34461,APP
L011900,ST009,U01423,2026-01-02 12:42:00,2026-01-02 13:06:00,11.1,3852,APP
L000570,ST018,U01318,2026-03-04 09:28:00,2026-03-04 11:31:00,9.73,2841,CARD
L005645,ST002,U02632,2026-02-27 04:00:00,2026-02-27 08:51:00,34.65,,APP
L009527,ST013,U01553,2026-06-14 02:25:00,2026-06-14 03:07:00,122.65,39248,Card
L006395,ST008,U00801,2026-07-04 18:56:00,2026-07-04 21:01:00,11.16,2846,APP
L007874,ST009,U00352,2026-05-17 13:20:00,2026-05-17 14:09:00,,11468,membership
L003848,ST028,U01854,2026-04-03 18:56:00,2026-04-03 19:18:00,22.15,7088,app
L008923,ST028,U01429,2026-03-24 09:39:00,2026-03-24 10:06:00,31.58,,CARD
L006970,ST009,U00313,2026-04-18 09:07:00,2026-04-18 09:40:00,22.8,7912,CARD
L008497,ST029,U00660,2026-02-15 15:08:00,2026-02-15 20:27:00,32.51,9493,MEMBERSHIP
L011196,ST038,U00653,2026-04-04 14:59:00,2026-04-04 15:42:00,93.34,29869,MEMBERSHIP
L005519,ST019,U00616,20260711185200,2026-07-11 19:25:00,90.7,31473,MEMBERSHIP
L009391,ST005,U00657,2026-04-20 13:39:00,2026-04-20 14:12:00,71.03,22730,APP
L009363,ST033,U02093,2026-07-01 16:11:00,2026-07-01 17:06:00,109.97,35190,card
L002124,ST033,U00609,2026/03/14 22:30:00,2026-03-14 23:10:00,80.74,25837,MEMBERSHIP
L000590,ST011,U01103,2026-05-01 10:50:00,2026-05-01 11:11:00,34.06,,MEMBERSHIP
L011778,ST003,U02077,2026-05-11 16:47:00,2026-05-11 17:33:00,77.93,24938,MEMBERSHIP
L005783,ST016,U02392,2026-04-03 04:00:00,2026-04-03 06:46:00,12.3,,MEMBERSHIP
L004329,ST018,U00704,2026-03-05 04:14:00,2026-03-05 07:10:00,14.95,,CARD
L011531,ST003,U00468,20260606022100,2026-06-06 02:51:00,55.98,,CARD
L011412,ST039,U01938,2026-02-04 22:24:00,2026-02-04 22:44:00,12.79,4438,MEMBERSHIP
L003923,ST027,U01833,2026-07-22 11:48:00,2026-07-22 13:54:00,9.24,,MEMBERSHIP
L011199,ST040,U02513,2026-05-25 07:56:00,2026-05-25 10:45:00,19.62,5729,APP
L001927,ST005,U01491,2026/01/04 08:31:00,2026-01-04 09:06:00,66.18,21178,CARD
L003585,ST021,U01443,2026-02-07 04:34:00,2026-02-07 07:39:00,12.01,3507,MEMBERSHIP
L005133,ST008,U02151,2026-06-16 04:15:00,2026-06-16 10:48:00,35.65,9091,CARD
L005771,ST021,U00663,2026-02-25 11:04:00,2026-02-25 18:26:00,40.36,11785,CARD
L011551,ST028,U00408,2026-02-05 10:13:00,2026-02-05 11:11:00,61.8,19776,APP
L001951,ST031,U02920,2026-03-07 10:39:00,2026-03-07 11:00:00,35.7,13566,APP
L010174,ST009,U01825,2026-04-13 17:29:00,2026-04-13 17:54:00,18.49,6416,MEMBERSHIP
L000584,ST031,U01609,2026-07-22 16:02:00,2026-07-22 16:40:00,83.36,31677,APP
L009834,ST018,U01809,2026-06-02 19:58:00,2026-06-03 00:08:00,18.39,5370,APP
L010442,ST026,U00619,2026-07-23 16:21:00,2026-07-23 17:18:00,107.82,40972,CARD
L003655,ST032,U02597,2026-05-20 01:26:00,2026-05-20 02:19:00,56.84,21599,CARD
L005833,ST018,U02330,2026-04-25 22:10:00,2026-04-26 00:26:00,11.6,3387,MEMBERSHIP
L011967,ST036,U01021,2026-05-17 19:39:00,2026-05-18 00:59:00,36.19,10567,app
L008597,ST029,U00525,2026-03-23 09:00:00,2026-03-23 15:33:00,62.17,18154,MEMBERSHIP
L002300,ST022,U01084,2026-03-15 04:29:00,2026-03-15 05:03:00,73.51,25508,card
L004168,ST031,U02625,2026-03-13 12:23:00,2026-03-13 13:08:00,70.69,26862,CARD
L008267,ST040,U00003,2026-01-11 13:41:00,2026-01-11 18:08:00,42.31,12355,CARD
L009173,ST005,U02773,2026-05-06 23:06:00,2026-05-07 00:02:00,120.14,38445,CARD
L004944,ST002,U00606,2026-07-19 01:21:00,2026-07-19 08:28:00,52.97,15467,CARD
L004749,ST033,U00748,2026-07-09 08:47:00,2026-07-09 09:30:00,86.44,27661,CARD
L001469,ST032,U02407,2026/03/10 23:06:00,2026-03-10 23:31:00,34.02,12928,MEMBERSHIP
L008750,ST008,U02067,2026-01-14 13:23:00,2026-01-14 17:01:00,16.09,4103,CARD
L006385,ST008,U02099,2026-05-22 02:15:00,2026-05-22 06:06:00,17.44,4447,APP
L000761,ST027,U02086,2026/07/17 19:32:00,2026-07-17 22:50:00,17.4,5081,CARD
L008138,ST001,U00040,2026-04-22 01:14:00,2026-04-22 01:43:00,64.66,24571,card
L003132,ST006,U01169,2026-07-09 15:50:00,2026-07-09 20:48:00,26.61,7770,CARD
L000859,ST017,U00070,2026/03/27 07:18:00,2026-03-27 12:18:00,29.83,8710,Card
L006963,ST028,U02715,2026-06-24 19:04:00,2026-06-24 19:58:00,73.69,23581,MEMBERSHIP
L007507,ST018,U01134,2026-07-08 09:29:00,2026-07-08 14:43:00,20.49,5983,APP
L011824,ST031,U01082,2026-06-05 14:03:00,2026-06-05 14:25:00,49.44,18787,Card
L010721,ST028,U01208,2026-06-07 05:54:00,2026-06-07 06:36:00,59.31,18979,MEMBERSHIP
L005939,ST019,U01343,20260217122700,2026-02-17 13:27:00,140.18,48642,APP
L001996,ST009,U02630,2026/05/28 11:37:00,2026-05-28 12:26:00,22.71,7880,CARD
L010236,ST009,U02648,2026-06-21 14:03:00,2026-06-21 14:58:00,28.63,9935,MEMBERSHIP
L008782,ST004,U01455,20260714184100,2026-07-14 19:27:00,94.03,30090,CARD
L009200,ST040,U01989,2026-03-07 23:44:00,2026-03-08 06:11:00,51.42,15015,MEMBERSHIP
L005961,ST024,U01210,2026-05-16 20:07:00,2026-05-16 21:03:00,128.82,44701,MEMBERSHIP
L002194,ST015,U00113,2026-03-02 03:58:00,2026-03-02 04:27:00,60.98,19514,MEMBERSHIP
L011485,ST038,U02669,2026-06-29 14:33:00,2026-06-29 15:14:00,86.73,27754,card
L010942,ST017,U00787,2026-05-12 23:57:00,2026-05-13 06:24:00,33.45,9767,CARD
L008433,ST037,U02401,20260518071200,2026-05-18 07:43:00,67.48,23416,CARD
L011334,ST004,U02480,20260325223800,2026-03-25 23:27:00,72.28,23130,CARD
L010214,ST032,U00662,20260318085700,2026-03-18 09:20:00,32.02,12168,APP
L009875,ST032,U01954,2026-07-17 20:14:00,2026-07-17 21:06:00,74.77,28413,APP
L010093,ST040,U01693,2026-04-20 03:47:00,2026-04-20 10:45:00,68.94,20130,APP
L002707,ST022,U00818,2026-03-16 09:44:00,2026-03-16 10:35:00,80.96,28093,card
L011678,ST004,U00037,20260717204600,2026-07-17 21:43:00,114.84,36749,CARD
L002402,ST019,U00156,20260529184500,2026-05-29 19:45:00,116.74,40509,MEMBERSHIP
L003061,ST040,U01425,2026-07-18 20:52:00,2026-07-19 02:08:00,40.64,11867,MEMBERSHIP
L002625,ST015,U01001,2026-03-02 03:12:00,2026-03-02 03:32:00,N/A,13600,MEMBERSHIP
L009566,ST018,U00989,2026-04-10 21:05:00,2026-04-11 00:06:00,16.97,4955,MEMBERSHIP
L005014,ST036,U02126,2026-01-28 15:04:00,2026-01-28 21:05:00,42.63,12448,MEMBERSHIP
L006286,ST018,U01511,2026/01/17 10:26:00,2026-01-17 17:27:00,43.21,12617,CARD
L004897,ST015,U02597,2026-02-24 18:12:00,2026-02-24 18:52:00,87.82,28102,MEMBERSHIP
L002635,ST038,U02602,2026-05-16 19:56:00,2026-05-16 20:34:00,87.78,28090,CARD
L008907,ST032,U02552,2026-03-09 10:55:00,2026-03-09 11:47:00,77.23,29347,MEMBERSHIP
L005364,ST033,U02699,20260319075500,2026-03-19 08:32:00,54.35,17392,MEMBERSHIP
L004740,ST034,U00708,2026/01/28 08:30:00,2026-01-28 08:51:00,59.67,22675,CARD
L002907,ST010,U02886,2026-06-08 07:44:00,2026-06-08 12:32:00,19.15,5592,MEMBERSHIP
L005750,ST004,U00844,2026-02-23 12:01:00,2026-02-23 12:44:00,91.07,29142,CARD
L004958,ST010,U00015,2026-03-17 18:19:00,2026-03-18 01:14:00,39.04,11400,APP
L010789,ST030,U02166,2026-03-05 21:38:00,2026-03-05 22:11:00,91.27,29206,MEMBERSHIP
L009959,ST022,U00412,2026-01-07 14:04:00,2026-01-07 14:53:00,88.36,,MEMBERSHIP
L001413,ST013,U01591,2026-01-26 04:00:00,2026-01-26 04:58:00,139.5,44640,MEMBERSHIP
L008701,ST002,U00971,2026-07-15 17:11:00,2026-07-15 22:33:00,43.89,12816,CARD
L011964,ST033,U02892,2026-04-06 23:33:00,2026-04-07 00:13:00,85.08,27226,CARD
L004744,ST039,U02075,2026-07-19 13:59:00,2026-07-19 14:51:00,28.93,10039,MEMBERSHIP
L001330,ST023,U02212,2026-06-21 05:57:00,2026-06-21 06:44:00,26.93,8618,MEMBERSHIP
L009472,ST009,U01719,2026-04-20 02:38:00,2026-04-20 03:23:00,26.63,9241,MEMBERSHIP
L001267,ST029,U01732,20260621225600,2026-06-22 01:39:00,19.76,5770,CARD
L001875,ST003,U02152,2026-02-01 17:35:00,2026-02-01 18:09:00,66.84,"21,389",APP
L011264,ST016,U02219,2026-02-14 22:59:00,2026-02-15 04:09:00,22.58,5758,CARD
L008137,ST037,U00798,2026-07-03 19:39:00,2026-07-03 20:24:00,97.54,,CARD
L003548,ST014,U00583,2026-01-23 04:47:00,2026-01-23 05:12:00,16.15,6137,CARD
L002971,ST040,U02456,2026-02-05 00:37:00,2026-02-05 04:03:00,32.99,,MEMBERSHIP
L007200,ST022,U02537,2026-04-06 02:10:00,2026-04-06 03:02:00,97.71,-33905,MEMBERSHIP
L007414,ST028,U01689,2026-03-26 14:02:00,2026-03-26 14:27:00,27.34,8749,MEMBERSHIP
L010617,ST011,U01593,2026-07-13 19:22:00,2026-07-13 20:03:00,88.75,28400,APP
L002535,ST032,U01151,2026-07-10 23:08:00,2026-07-10 23:28:00,19.58,7440,APP
L004986,ST035,U01017,2026-04-02 02:55:00,2026-04-02 08:18:00,37.7,9614,CARD
L010645,ST029,U02062,20260621161300,2026-06-21 18:41:00,N/A,7116,APP
L009312,ST019,U02026,2026-01-29 13:14:00,2026-01-29 13:58:00,108.46,37636,MEMBERSHIP
L011877,ST010,U00721,2026/04/15 19:51:00,2026-04-15 21:55:00,10.89,3180,MEMBERSHIP
L007001,ST018,U02522,2026-02-07 09:02:00,2026-02-07 15:54:00,39.24,11458,CARD
L001211,ST018,U02205,2026-03-27 11:03:00,2026-03-27 17:10:00,33.1,9665,Card
L002483,ST006,U02496,2026-07-29 12:32:00,2026-07-29 17:58:00,28.19,8231,CARD
L001471,ST022,U02793,2026-05-03 21:09:00,2026-05-03 21:54:00,96.45,33468,MEMBERSHIP
L008170,ST004,U02539,2026-04-23 09:17:00,2026-04-23 10:09:00,88.43,28298,APP
L004052,ST017,U00716,2026-04-04 11:54:00,2026-04-04 14:34:00,13.08,3819,MEMBERSHIP
L004670,ST010,U01973,2026-01-16 01:59:00,2026-01-16 04:21:00,,3796,CARD
L011513,ST031,U01833,2026-04-16 22:26:00,2026-04-16 22:57:00,52.47,19939,MEMBERSHIP
L009058,ST035,U01058,2026-04-28 23:40:00,2026-04-29 02:42:00,18.76,,CARD
L003326,ST040,U00541,2026/01/09 04:34:00,2026-01-09 11:02:00,52.63,15368,APP
L000317,ST029,U01876,2026-06-21 14:42:00,2026-06-21 20:49:00,42.66,12457,APP
L002359,ST007,U02565,2026-04-19 22:50:00,2026-04-19 23:34:00,77.29,24733,APP
L001720,ST025,U01350,2026/06/29 18:11:00,2026-06-30 01:23:00,41.72,12182,APP
L009230,ST015,U00486,20260108045700,2026-01-08 05:33:00,64.64,20685,APP
L004899,ST012,U02771,2026-03-07 01:02:00,2026-03-07 01:32:00,20.08,6426,CARD
L004848,ST014,U01943,2026-02-01 07:30:00,2026-02-01 08:05:00,16.07,6107,APP
L000359,ST023,U02509,2026-02-13 05:17:00,2026-02-13 05:50:00,17.49,5597,MEMBERSHIP
L011110,ST034,U01576,20260413120100,2026-04-13 12:57:00,127.02,48268,CARD
L001746,ST025,U00823,2026/07/09 11:41:00,2026-07-09 19:13:00,46.34,13531,CARD
L005318,ST020,U00102,2026-07-19 23:48:00,2026-07-20 00:28:00,21.14,6765,MEMBERSHIP
L010860,ST001,U00267,2026-07-08 05:29:00,2026-07-08 06:05:00,78.48,29822,MEMBERSHIP
L007473,ST023,U02752,2026-04-23 03:59:00,2026-04-23 04:45:00,27.25,8720,MEMBERSHIP
L010153,ST002,U02596,2026-04-11 01:56:00,2026-04-11 06:19:00,26.93,7864,APP
L005462,ST015,U01325,2026/03/04 13:41:00,2026-03-04 14:17:00,66.87,21398,APP
L005378,ST004,U00816,2026-05-01 05:05:00,2026-05-01 05:59:00,86.83,27786,APP
L010979,ST038,U01714,2026-03-12 15:08:00,2026-03-12 16:08:00,129.68,41498,APP
L000847,ST014,U01997,2026-07-05 07:21:00,2026-07-05 07:57:00,16.9,6422, APP 
L004250,ST029,U00597,20260313074400,2026-03-13 09:50:00,13.06,3814,MEMBERSHIP
L009002,ST038,U02954,2026-03-30 13:42:00,2026-03-30 14:26:00,102.94,32941,Card
L008092,ST037,U02382,2026-03-27 17:47:00,2026-03-27 18:35:00,89.1,30918,APP
L007303,ST010,U01538,2026-06-25 06:01:00,2026-06-25 13:09:00,31.45,9183,APP
L008535,ST004,U02570,2026-05-28 23:11:00,2026-05-28 23:52:00,72.3,23136,CARD
L006690,ST026,U02565,2026-06-23 09:31:00,2026-06-23 10:04:00,68.73,26117,APP
L007656,ST017,U02802,2026-07-10 00:42:00,2026-07-10 08:12:00,32.23,9411,APP
L000733,ST036,U00269,2026-04-28 02:08:00,2026-04-28 10:04:00,52.29,15269,MEMBERSHIP
L002966,ST029,U01280,2026-07-06 15:01:00,2026-07-06 18:40:00,29.79,8699,CARD
L006355,ST015,U01017,2026-04-26 14:13:00,2026-04-26 15:01:00,99.48,31834,APP
L001544,ST030,U02000,2026-06-10 02:39:00,2026-06-10 03:27:00,132.12,42278,MEMBERSHIP
L004217,ST026,U00247,2026-04-10 03:10:00,2026-04-10 03:34:00,70.42,26760,CARD
L008571,ST023,U01998,2026-06-25 06:27:00,2026-06-25 07:03:00,19.56,6259,APP
L004239,ST028,U02313,2026-03-02 16:21:00,2026-03-02 17:10:00,64.26,20563,CARD
L011371,ST019,U01035,2026-05-04 23:45:00,2026-05-05 00:31:00,135.59,47050,app
L001967,ST023,U01592,20260320122900,2026-03-20 13:28:00,39.25,12560,MEMBERSHIP
L009517,ST037,U00494,2026/01/17 00:55:00,2026-01-17 01:36:00,91.18,31639,membership
L010113,ST006,U02305,2026-06-06 06:06:00,2026-06-06 08:55:00,17.16,5011,MEMBERSHIP
L005563,ST029,U00189,2026-07-19 23:36:00,2026-07-20 04:21:00,43.09,12582,APP
L009599,ST027,U00256,2026-07-15 01:34:00,2026-07-15 05:11:00,18.48,5396,APP
L004244,ST027,U01893,2026-03-08 20:26:00,2026-03-09 02:39:00,37.62,,APP
L002063,ST008,U01327,2026-07-04 21:39:00,2026-07-05 02:03:00,27.47,7005,CARD
L002457,ST012,U00197,2026-07-08 17:54:00,2026-07-08 18:25:00,18.37,5878,CARD
L000042,ST034,U02483,2026-04-13 23:40:00,2026-04-14 00:08:00,52.98,20132,CARD
L003065,ST012,U02384,2026-01-21 09:36:00,2026-01-21 10:04:00,19.94,6381,MEMBERSHIP
L005078,ST016,U01122,2026-06-06 06:17:00,2026-06-06 11:59:00,33.2,8466,CARD
L002505,ST020,U00727,2026-05-27 22:15:00,2026-05-27 22:44:00,19.46,6227,APP
L003307,ST016,U02057,20260401120300,2026-04-01 18:00:00,22.94,5850,MEMBERSHIP
L006916,ST019,U00027,2026/04/15 19:31:00,2026-04-15 20:31:00,146.91,50978,CARD
L011519,ST026,U02564,2026-01-18 23:36:00,2026-01-19 00:27:00,117.28,44566,CARD
L003181,ST031,U01822,2026-07-11 10:50:00,2026-07-11 11:31:00,78.51,29834,CARD
L001334,ST012,U02554,2026-01-31 09:13:00,2026-01-31 10:13:00,41.97,13430,MEMBERSHIP
L001689,ST014,U02018,2026-06-13 12:29:00,2026-06-13 13:19:00,N/A,10097,CARD
L006574,ST038,U00771,2026-03-03 09:56:00,2026-03-03 10:45:00,114.81,36739,CARD
L004333,ST015,U02543,2026-06-30 15:14:00,2026-06-30 16:08:00,107.64,34445,membership
L004187,ST003,U02452,2026-07-01 06:31:00,2026-07-01 07:03:00,48.24,15437,APP
L001797,ST002,U01348,2026-07-24 20:32:00,2026-07-25 00:44:00,32.7,9548,MEMBERSHIP
L002116,ST029,U01764,20260206232700,2026-02-07 06:03:00,43.7,12760,APP
L003767,ST037,U00219,20260511015100,2026-05-11 02:51:00,119.64,41515,CARD
L001347,ST025,U01903,2026-04-17 13:54:00,2026-04-17 19:53:00,34.91,10194,MEMBERSHIP
L002307,ST022,U00291,2026/03/22 02:59:00,2026-03-22 03:41:00,66.05,"22,919",APP
L000574,ST027,U02546,2026-07-03 09:09:00,2026-07-03 16:40:00,32.17,9394,APP
L009033,ST023,U02952,2026-05-20 14:59:00,2026-05-20 15:49:00,29.5,9440,APP
L007574,ST015,U02056,2026-06-10 12:19:00,2026-06-10 13:05:00,93.83,30026,CARD
L002230,ST012,U00346,2026-04-16 02:09:00,2026-04-16 02:54:00,25.21,8067,CARD
L002609,ST016,U02248,2026-06-19 03:52:00,2026-06-19 11:34:00,36.9,9410,CARD
L006171,ST002,U02905,2026-04-03 09:24:00,2026-04-03 11:44:00,17.3,5052,APP
L000905,ST005,U00735,2026-06-30 17:33:00,2026-06-30 18:04:00,59.06,18899,CARD
L005210,ST003,U01140,2026-01-27 00:58:00,2026-01-27 01:18:00,30.31,9699,APP
L001525,ST040,U01471,2026-01-02 05:48:00,2026-01-02 11:38:00,53.65,15666,MEMBERSHIP
L002356,ST005,U00631,2026-02-01 13:18:00,2026-02-01 14:16:00,149.47,47830,MEMBERSHIP
L000275,ST032,U02871,2026-05-13 23:50:00,2026-05-14 00:50:00,63.46,24115,CARD
L004724,ST026,U02746,2026-03-18 11:40:00,2026-03-18 12:14:00,73.8,28044,CARD
L004135,ST037,U02224,2026-03-30 14:50:00,2026-03-30 15:20:00,57.86,20077,CARD
L011330,ST020,U01006,20260601002600,2026-06-01 00:54:00,20.44,6541, APP 
L005468,ST012,U02069,2026-01-09 17:15:00,2026-01-09 18:09:00,29.84,9549,MEMBERSHIP
L006866,ST028,U00152,2026-05-05 01:22:00,2026-05-05 01:46:00,35.85,11472,CARD
L003509,ST026,U00712,2026-04-26 12:05:00,2026-04-26 12:41:00,84.28,32026,MEMBERSHIP
L009373,ST022,U02958,2026-04-01 00:18:00,2026-04-01 01:11:00,106.14,36831,MEMBERSHIP
L006327,ST036,U00665,2026-02-28 12:39:00,2026-02-28 16:19:00,24.71,7215,APP
L002311,ST014,U01865,2026/01/29 10:13:00,2026-01-29 10:57:00,N/A,11278,MEMBERSHIP
L007221,ST040,U01534,20260521103600,2026-05-21 14:18:00,24.71,7215,APP
L004089,ST032,U00027,2026-05-11 23:11:00,2026-05-11 23:51:00,56.31,21398,CARD
L004369,ST012,U02907,2026-06-28 01:57:00,2026-06-28 02:53:00,38.31,12259,app
L008277,ST032,U01577,2026-04-01 04:16:00,2026-04-01 05:11:00,54.25,20615,MEMBERSHIP
L004091,ST039,U00352,2026-07-11 02:40:00,2026-07-11 03:16:00,21.75,7547,CARD
L007170,ST039,U00039,2026-05-06 06:06:00,2026-05-06 06:54:00,29.25,10150,CARD
L004883,ST020,U01153,2026/04/11 19:49:00,2026-04-11 20:18:00,18.81,6019,CARD
L008592,ST022,U01528,2026-06-18 13:31:00,2026-06-18 14:00:00,64.98,22548,MEMBERSHIP
L007048,ST025,U01577,2026-05-29 15:04:00,2026-05-29 21:39:00,25.76,7522,APP
L003407,ST012,U01973,20260623151600,2026-06-23 16:14:00,37.29,11933,membership
L006339,ST013,U00047,2026-02-11 17:26:00,2026-02-11 18:25:00,154.56,49459,MEMBERSHIP
L005793,ST030,U00608,2026-01-24 09:33:00,2026-01-24 10:03:00,71.38,22842,CARD
L007708,ST036,U01040,2026/03/24 18:39:00,2026-03-24 22:59:00,36.24,10582,MEMBERSHIP
L006410,ST025,U02151,20260328205100,2026-03-29 04:32:00,40.14,11721,CARD
L010303,ST023,U01583,2026/03/15 07:49:00,2026-03-15 08:37:00,29.93,9578,APP
L010817,ST023,U02773,2026-05-09 21:48:00,2026-05-09 22:34:00,23.39,7485,APP
L010004,ST001,U01571,2026-05-13 02:38:00,2026-05-13 02:59:00,31.43,11943,CARD
L006131,ST018,U00331,2026-06-03 09:27:00,2026-06-03 12:23:00,14.43,4214,APP
L007312,ST002,U00723,2026/01/30 07:02:00,2026-01-30 13:12:00,-,15283,APP
L004420,ST022,U00759,2026-05-15 22:47:00,2026-05-15 23:27:00,79.47,27576,CARD
L011337,ST005,U01399,2026-04-09 10:37:00,2026-04-09 11:13:00,75.56,24179,MEMBERSHIP
L008922,ST011,U02633,20260130191900,2026-01-30 20:11:00,103.43,33098,MEMBERSHIP
L011121,ST016,U02739,2026-07-01 14:48:00,2026-07-01 19:27:00,22.62,5768,APP
L010080,ST028,U01388,2026-01-15 02:30:00,2026-01-15 02:57:00,33.61,10755,APP
L002899,ST026,U00662,2026-01-04 00:35:00,2026-01-04 01:07:00,58.76,22329,APP
L008777,ST027,U01396,20260526164300,2026-05-26 21:42:00,25.98,7586,APP
L003035,ST013,U01169,2026-05-18 10:47:00,2026-05-18 11:19:00,71.25,22800,CARD
L009393,ST023,U02336,2026-03-21 11:43:00,2026-03-21 12:23:00,20.75,6640,CARD
L000548,ST003,U00635,2026-07-27 23:42:00,2026-07-28 00:10:00,40.94,13101,MEMBERSHIP
L010887,ST038,U00784,2026-02-09 11:24:00,2026-02-09 12:08:00,113.36,36275,CARD
L011982,ST017,U02790,20260228075400,2026-02-28 10:29:00,15.77,4605,CARD
L002118,ST039,U01115,2026-03-19 06:33:00,2026-03-19 07:20:00,33.76,11715,MEMBERSHIP
L007841,ST026,U00858,2026-04-14 06:09:00,2026-04-14 06:45:00,91.78,34876,CARD
L002417,ST023,U02972,20260720043600,2026-07-20 04:58:00,13.56,4339,MEMBERSHIP
L003343,ST023,U00148,2026-05-12 18:37:00,2026-05-12 19:12:00,23.29,7453,CARD
L006860,ST029,U00836,2026-05-16 04:47:00,2026-05-16 09:06:00,41.26,12048,CARD
L005714,ST018,U00776,2026-03-14 11:53:00,2026-03-14 14:31:00,12.95,3781,APP
L000434,ST010,U00046,2026-05-04 04:51:00,2026-05-04 12:08:00,42.31,12355,CARD
L002314,ST034,U02929,2026-06-08 01:20:00,2026-06-08 01:51:00,57.78,21956,APP
L001198,ST006,U02513,2026-02-12 06:49:00,2026-02-12 13:25:00,35.82,10459,Card
L007897,ST008,U02479,2026-03-18 15:00:00,2026-03-18 19:25:00,19.49,4970,APP
L008230,ST006,U01785,2026-01-08 05:26:00,2026-01-08 07:52:00,10.38,3031,APP
L000892,ST038,U00617,2026-02-25 00:30:00,2026-02-25 00:57:00,55.35,17712,membership
L008480,ST030,U01426,2026-03-09 08:10:00,2026-03-09 08:37:00,57.77,18486,APP
L004212,ST035,U02029,2026-03-25 17:04:00,2026-03-25 19:35:00,15.46,3942,MEMBERSHIP
L002782,ST022,U02860,2026-07-24 23:53:00,2026-07-25 00:13:00,29.86,,APP
L008190,ST027,U02465,2026-05-10 17:19:00,2026-05-10 21:44:00,22.01,6427,APP
L005047,ST030,U02054,2026-01-15 01:02:00,2026-01-15 01:38:00,103.24,33037,CARD
L010078,ST028,U01901,2026/03/30 18:11:00,2026-03-30 18:51:00,39.07,12502,MEMBERSHIP
L002148,ST003,U00787,2026-04-11 23:28:00,2026-04-11 23:58:00,52.32,16742,CARD
L001166,ST010,U00321,2026/03/16 14:11:00,2026-03-16 21:50:00,29.96,"8,748",CARD
L004435,ST004,U01390,2026-05-12 01:15:00,2026-05-12 02:02:00,96.42,30854,APP
L003162,ST010,U02816,2026-03-04 07:09:00,2026-03-04 11:01:00,16.07,4692,MEMBERSHIP
L011369,ST007,U02828,2026-01-26 13:39:00,2026-01-26 14:33:00,78.4,25088,CARD
L004278,ST020,U01362,2026-03-12 05:06:00,2026-03-12 06:03:00,3624.0,11597,MEMBERSHIP
L008693,ST030,U01630,2026/07/16 02:06:00,2026-07-16 02:54:00,98.11,31395,CARD
L007537,ST002,U00745,2026/05/22 13:34:00,2026-05-22 19:24:00,51.11,14924,MEMBERSHIP
L001532,ST014,U01710,2026-07-09 22:29:00,2026-07-09 23:20:00,37.79,14360,MEMBERSHIP
L005683,ST021,U00835,2026/01/23 11:26:00,2026-01-23 14:22:00,13.31,3887,MEMBERSHIP
L005958,ST035,U00824,2026-05-14 22:54:00,2026-05-15 04:32:00,38.43,9800,CARD
L011080,ST017,U01869,2026-01-14 11:24:00,2026-01-14 14:42:00,18.93,5528,APP
L009350,ST025,U01771,2026-05-16 05:08:00,2026-05-16 10:59:00,35.04,10232,membership
L004509,ST027,U01447,2026-05-17 15:02:00,2026-05-17 22:15:00,44.11,12880,MEMBERSHIP
L007197,ST023,U01719,2026-02-23 22:38:00,2026-02-23 23:12:00,22.56,"7,219",CARD
L011163,ST006,U02216,2026-01-05 23:21:00,2026-01-06 07:10:00,32.81,9581,CARD
L011810,ST018,U01283,2026-07-25 21:46:00,2026-07-26 01:04:00,14.23,4155,Card
L001319,ST033,U00649,2026-06-17 02:36:00,2026-06-17 03:01:00,43.77,14006,APP
L000324,ST036,U00810,2026-01-22 01:59:00,2026-01-22 04:11:00,N/A,4237,CARD
L009099,ST002,U01068,2026-06-18 17:57:00,2026-06-18 22:07:00,32.01,9347,MEMBERSHIP
L008309,ST036,U01784,20260708032500,2026-07-08 08:52:00,45.21,13201, APP 
L007272,ST015,U00200,2026-01-06 09:43:00,2026-01-06 10:34:00,113.8,36416, APP 
L011876,ST007,U00639,2026-06-15 18:06:00,2026-06-15 19:02:00,94.09,30109,APP
L011754,ST008,U01493,2026-06-01 23:00:00,2026-06-02 03:13:00,21.18,5401,MEMBERSHIP
L006447,ST006,U02422,20260623115000,2026-06-23 18:31:00,41.15,12016,APP
L005697,ST016,U02293,2026-03-01 06:22:00,2026-03-01 10:14:00,21.17,5398,app
L000536,ST018,U01282,2026-03-08 04:19:00,2026-03-08 08:07:00,22.0,6424,APP
L006984,ST040,U00581,20260227040300,2026-02-27 11:32:00,48.45,14147,APP
L005381,ST030,U00832,2026-07-19 13:13:00,2026-07-19 13:53:00,93.16,,APP
L004231,ST021,U01152,2026-05-24 22:34:00,2026-05-25 01:27:00,13.18,3849,CARD
L007047,ST035,U02695,2026/05/31 08:33:00,2026-05-31 14:38:00,40.13,10233,CARD
L008841,ST015,U02511,20260421052800,2026-04-21 06:24:00,113.92,36454,CARD
L007976,ST001,U01725,2026-03-07 18:00:00,2026-03-07 18:38:00,68.88,"26,174",card
L003471,ST037,U00435,2026-04-24 11:41:00,2026-04-24 12:36:00,95.54,33152,APP
L006884,ST029,U02645,2026-01-13 01:26:00,2026-01-13 07:37:00,43.11,12588,CARD
L002727,ST009,U00545,2026-06-30 08:18:00,2026-06-30 09:13:00,33.15,11503,MEMBERSHIP
L009253,ST032,U02393,20260418040000,2026-04-18 04:43:00,42.22,16044,CARD
L006744,ST039,U00940,2026-04-22 00:34:00,2026-04-22 01:28:00,39.77,13800,APP
L003627,ST010,U02613,2026-05-29 10:37:00,2026-05-29 13:45:00,16.78,4900, APP 
L003417,ST004,U00949,2026-06-25 15:59:00,2026-06-25 16:30:00,59.28,18970,membership
L009136,ST012,U02959,2026-04-05 11:50:00,2026-04-05 12:28:00,28.47,9110,MEMBERSHIP
L000928,ST034,U01079,2026/04/17 23:17:00,2026-04-17 23:45:00,69.53,26421,CARD
L002371,ST003,U00953,2026-03-12 22:54:00,2026-03-12 23:20:00,55.55,17776,MEMBERSHIP
L004004,ST026,U02498,2026/05/27 03:58:00,2026-05-27 04:48:00,103.93,39493,APP
L006820,ST011,U00343,2026/05/25 21:44:00,2026-05-25 22:26:00,68.3,21856,APP
L011177,ST009,U02821,2026-02-22 08:28:00,2026-02-22 09:19:00,24.72,8578,APP
L000702,ST034,U01892,2026-07-20 12:20:00,2026-07-20 12:56:00,82.79,31460,MEMBERSHIP
L010673,ST012,U01200,2026-01-14 07:55:00,2026-01-14 08:55:00,28.36,9075,membership
L011195,ST003,U01589,2026-05-08 10:23:00,2026-05-08 11:05:00,81.06,25939,MEMBERSHIP
L001910,ST039,U00567,2026-04-11 19:16:00,2026-04-11 19:45:00,13.96,4844,CARD
L002589,ST019,U01190,2026-01-05 09:40:00,2026-01-05 10:26:00,87.58,30390,APP
L004296,ST030,U01410,2026-04-23 00:04:00,2026-04-23 00:41:00,107.23,34314,APP
L000703,ST020,U02414,2026-01-09 01:08:00,2026-01-09 01:55:00,26.51,8483,APP
L011939,ST023,U02134,2026-01-18 19:06:00,2026-01-18 19:46:00,22.4,7168,APP
L008198,ST010,U00713,2026/07/09 14:20:00,2026-07-09 18:10:00,,4684,CARD
L001692,ST018,U01568,2026-06-23 19:10:00,2026-06-23 23:45:00,19.39,5662,APP
L006935,ST012,U02883,2026-07-11 22:50:00,2026-07-11 23:42:00,N/A,11037,MEMBERSHIP
L002887,ST031,U00380,2026-06-03 12:27:00,2026-06-03 13:15:00,90.99,34576,CARD
L004894,ST018,U01602,2026-03-30 04:31:00,2026-03-30 08:01:00,17.24,5034,APP
L010411,ST019,U02258,2026/02/03 12:58:00,2026-02-03 13:23:00,,24970,MEMBERSHIP
L009031,ST016,U02687,2026-07-05 03:43:00,2026-07-05 09:41:00,37.04,9445,CARD
L011064,ST021,U00940,20260320024700,2026-03-20 07:18:00,25.42,7423,MEMBERSHIP
L006016,ST035,U01540,2026-06-12 01:14:00,2026-06-12 08:46:00,60.08,15320,CARD
L002348,ST032,U01519,2026-06-13 13:19:00,2026-06-13 14:03:00,64.88,24654,MEMBERSHIP
L002272,ST015,U00034,2026-06-23 19:32:00,2026-06-23 20:01:00,41.77,13366,APP
L009449,ST027,U02414,2026-01-24 20:43:00,2026-01-25 00:49:00,22.7,6628,APP
L003714,ST020,U00150,20260719132700,2026-07-19 14:09:00,22.98,7354,MEMBERSHIP
L005226,ST027,U00756,2026-04-10 23:42:00,2026-04-11 05:50:00,23.92,6985,CARD
L007877,ST013,U01442,2026-06-01 12:06:00,2026-06-01 12:30:00,61.54,19693,APP
L008502,ST008,U02669,2026-05-22 14:13:00,2026-05-22 20:22:00,30.85,7867,APP
L005869,ST018,U00070,2026-04-23 13:43:00,2026-04-23 17:26:00,1773.0,5177,MEMBERSHIP
L010598,ST005,U00061,2026/06/21 16:15:00,2026-06-21 16:56:00,105.9,33888,MEMBERSHIP
L009669,ST003,U02293,2026-02-23 05:34:00,2026-02-23 06:17:00,60.39,19325,CARD
L005238,ST040,U01688,2026-05-20 16:31:00,2026-05-20 21:47:00,38.47,11233,APP
L005188,ST039,U01484,2026-06-23 00:04:00,2026-06-23 00:41:00,17.86,6197,MEMBERSHIP
L007290,ST040,U01349,2026-03-26 04:35:00,2026-03-26 09:03:00,39.18,11441,card
L001606,ST036,U01423,2026-03-31 06:10:00,2026-03-31 13:41:00,53.91,15742,CARD
L008073,ST018,U01255,20260104160300,2026-01-04 19:57:00,24.32,7101,CARD
L000135,ST035,U00073,2026-02-09 05:26:00,2026-02-09 07:32:00,17.46,,CARD
L007348,ST022,U01003,2026-04-26 20:54:00,2026-04-26 21:35:00,79.0,27413,MEMBERSHIP
L004176,ST032,U02802,2026-02-14 15:19:00,2026-02-14 15:52:00,46.03,"17,491",CARD
L007277,ST007,U01514,2026-01-11 10:56:00,2026-01-11 11:22:00,57.37,18358,CARD
L007067,ST040,U01557,2026-05-06 17:09:00,2026-05-06 21:43:00,39.83,11630,APP
L005465,ST035,U02079,2026-01-18 10:31:00,2026-01-18 13:35:00,18.86,4809,APP
L002382,ST036,U00503,2026-03-06 06:13:00,2026-03-06 12:09:00,37.35,10906,MEMBERSHIP
L006313,ST033,U01670,2026-06-17 13:50:00,2026-06-17 14:24:00,61.36,19635,APP
L010164,ST002,U02151,2026-04-13 23:43:00,2026-04-14 07:14:00,62.96,18384,app
L010022,ST002,U02690,2026-05-08 11:53:00,2026-05-08 10:44:00,17.11,4996,MEMBERSHIP
L004122,ST009,U02537,2026-03-21 03:41:00,2026-03-21 04:22:00,28.56,9910,membership
L001410,ST021,U02270,2026-05-02 14:29:00,2026-05-02 17:42:00,17.99,5253,CARD
L000474,ST011,U02119,2026-02-11 19:22:00,2026-02-11 19:43:00,44.04,14093,MEMBERSHIP
L011507,ST030,U01921,2026/01/07 04:29:00,2026-01-07 05:08:00,80.84,25869,CARD
L008819,ST008,U01029,20260508203900,2026-05-09 04:11:00,47.22,12041,Card
L001836,ST034,U01185,2026/01/12 18:40:00,2026-01-12 19:28:00,100.61,38232,MEMBERSHIP
L003178,ST030,U01619,20260718220400,2026-07-18 22:55:00,137.09,43869,MEMBERSHIP
L004636,ST020,U01303,2026/06/06 15:06:00,2026-06-06 15:50:00,31.39,10045,CARD
L011439,ST037,U02797,2026-04-09 21:46:00,2026-04-09 22:37:00,107.71,37375,APP
L004252,ST026,U00934,2026/05/13 22:27:00,2026-05-13 22:53:00,58.37,22181,APP
L007209,ST007,U02074,2026-06-01 12:18:00,2026-06-01 13:18:00,100.51,32163,APP
L004742,ST020,U01556,2026/05/19 01:27:00,2026-05-19 02:04:00,23.01,7363,MEMBERSHIP
L005270,ST036,U02130,2026-05-27 17:19:00,2026-05-27 20:16:00,17.87,"5,218",CARD
L011925,ST017,U00394,2026-04-20 03:50:00,2026-04-20 07:05:00,12.81,3741,CARD
L005782,ST002,U01179,2026-01-09 21:00:00,2026-01-10 01:23:00,38.62,11277,APP
L006709,ST023,U01074,2026-06-27 18:17:00,2026-06-27 18:47:00,16.54,5293,MEMBERSHIP
L002165,ST033,U00464,2026-03-03 10:31:00,2026-03-03 11:13:00,59.77,19126,CARD
L000784,ST024,U01011,2026-04-17 12:57:00,2026-04-17 13:41:00,84.23,29228,MEMBERSHIP
L002682,ST017,U00920,2026-04-25 13:35:00,2026-04-25 16:50:00,20.44,5968,MEMBERSHIP
L011202,ST031,U02156,2026-03-11 15:47:00,2026-03-11 16:19:00,52.9,20102,CARD
L001006,ST035,U01746,2026-05-05 19:01:00,2026-05-05 22:27:00,29.9,7624,APP
L007070,ST006,U02389,2026-07-20 01:35:00,2026-07-20 04:43:00,17.59,5136,APP
L010319,ST005,U01513,2026-06-21 04:00:00,2026-06-21 04:49:00,146.41,46851,Card
L000643,ST029,U02220,2026-07-22 00:51:00,2026-07-22 05:58:00,49.85,14556,APP
L007947,ST009,U02224,2026/01/17 13:08:00,2026-01-17 13:30:00,15.41,5347,MEMBERSHIP
L000210,ST036,U01445,2026-04-30 00:15:00,2026-04-30 04:03:00,25.41,7420,CARD
L005791,ST013,U00080,20260318075300,2026-03-18 08:19:00,53.43,17098,CARD
L000638,ST003,U02243,2026-07-19 05:56:00,2026-07-19 06:28:00,53.32,17062,APP
L007017,ST006,U01543,2026/02/11 21:03:00,2026-02-12 03:30:00,25.68,7499,MEMBERSHIP
L004001,ST025,U01750,2026-02-28 10:13:00,2026-02-28 15:32:00,32.5,9490,CARD
L007886,ST020,U01038,2026-04-10 08:11:00,2026-04-10 09:01:00,26.43,8458,CARD
L000057,ST012,U01461,2026-07-07 01:28:00,2026-07-07 02:09:00,27.34,8749,MEMBERSHIP
L010037,ST023,U01837,2026-02-16 03:20:00,2026-02-16 03:45:00,17.45,5584,MEMBERSHIP
L003220,ST019,U02697,2026-05-05 15:14:00,2026-05-05 15:56:00,85.99,29839,MEMBERSHIP
L000615,ST006,U02818,2026-04-26 00:07:00,2026-04-26 05:44:00,23.49,6859,CARD
L003534,ST016,U00225,2026/04/22 04:00:00,2026-04-22 06:59:00,N/A,3583,APP
L010814,ST029,U02207,2026-01-10 15:37:00,2026-01-10 23:27:00,67.65,19754,APP
L002556,ST022,U01649,2026-06-15 07:12:00,2026-06-15 08:00:00,98.09,34037,APP
L009612,ST013,U00878,2026-03-11 16:07:00,2026-03-11 16:58:00,125.67,40214,APP
L008637,ST002,U02774,2026-01-18 23:29:00,2026-01-19 05:34:00,41.8,12206,card
L003522,ST040,U01758,2026-02-14 03:00:00,2026-02-14 05:56:00,20.68,6039,CARD
L005281,ST006,U00941,20260123175100,2026-01-23 21:22:00,20.98,6126,APP
L007599,ST032,U02649,2026-01-13 05:44:00,2026-01-13 06:29:00,45.71,17370,CARD
L008054,ST019,U01746,2026-05-03 16:14:00,2026-05-03 16:34:00,43.26,15011,CARD
L010425,ST033,U00801,2026-01-03 06:25:00,2026-01-03 07:17:00,107.3,34336,APP
L011085,ST023,U02979,2026-05-27 05:30:00,2026-05-27 06:12:00,27.64,8845,MEMBERSHIP
L009490,ST035,U00265,2026-06-15 10:08:00,2026-06-15 12:39:00,20.15,,APP
L010429,ST008,U02071,20260720181900,2026-07-20 23:01:00,22.47,5730,CARD
L002967,ST040,U01824,2026-06-24 14:28:00,2026-06-24 18:03:00,25.05,7315,APP
L001796,ST033,U02810,2026-07-06 05:08:00,2026-07-06 06:05:00,115.1,36832,MEMBERSHIP
L011331,ST020,U02010,2026-04-30 17:17:00,2026-04-30 17:45:00,1529.0,4893,MEMBERSHIP
L008531,ST013,U00412,2026-03-13 17:29:00,2026-03-13 18:10:00,118.95,38064,CARD
L002995,ST001,U00628,2026-04-13 18:39:00,2026-04-13 19:07:00,51.81,19688,CARD
L000194,ST036,U01816,2026-05-26 18:46:00,2026-05-27 00:29:00,35.81,10457,APP
L005363,ST001,U01842,2026/01/31 07:42:00,2026-01-31 08:29:00,74.91,28466,APP
L011116,ST035,U02541,2026/04/10 04:56:00,2026-04-10 07:37:00,21.6,5508,CARD
L000007,ST020,U00137,2026-03-21 15:21:00,2026-03-21 16:20:00,30.4,9728,APP
L004655,ST019,U01611,2026-04-30 21:28:00,2026-04-30 22:24:00,147.47,51172,APP
L003136,ST010,U00658,2026-04-06 13:30:00,2026-04-06 18:50:00,25.65,7490,Card
L010379,ST039,U02711,2026-01-15 11:22:00,2026-01-15 12:15:00,38.3,13290,MEMBERSHIP
L010518,ST023,U02232,2026-04-26 05:52:00,2026-04-26 06:29:00,18.45,5904,APP
L000381,ST012,U02929,2026-01-23 08:44:00,2026-01-23 09:34:00,27.86,8915,APP
L008420,ST025,U00239,2026-04-23 18:58:00,2026-04-24 00:41:00,26.98,7878,CARD
L001126,ST034,U02896,2026-03-13 05:08:00,2026-03-13 05:57:00,95.41,36256,card
L000898,ST009,U00270,2026-06-26 17:08:00,2026-06-26 18:01:00,27.52,9549,MEMBERSHIP
L006264,ST015,U00027,2026-01-05 17:49:00,2026-01-05 18:10:00,34.08,10906,APP
L003057,ST007,U01137,2026-03-16 15:20:00,2026-03-16 16:08:00,71.96,23027,MEMBERSHIP
L005846,ST026,U02779,2026-04-14 13:28:00,2026-04-14 14:26:00,159.28,60526,APP
L003636,ST006,U01006,2026-06-24 17:47:00,2026-06-24 20:45:00,16.69,4873,MEMBERSHIP
L003155,ST033,U02054,20260503013800,2026-05-03 01:59:00,29.26,9363,CARD
L004242,ST040,U00792,2026-02-28 14:33:00,2026-02-28 20:22:00,50.59,,CARD
L001358,ST029,U00296,2026-01-21 09:17:00,2026-01-21 16:18:00,44.47,12985,MEMBERSHIP
L009450,ST006,U02550,2026-04-16 18:33:00,2026-04-16 23:38:00,23.58,6885,MEMBERSHIP
L006525,ST023,U02734,2026-01-13 22:27:00,2026-01-13 23:20:00,34.09,10909,CARD
L003190,ST016,U00826,2026-07-12 05:15:00,2026-07-12 08:02:00,16.84,4294,APP
L009107,ST037,U02292,20260108112300,2026-01-08 12:20:00,105.55,36626,CARD
L000940,ST035,U00233,2026-02-14 12:07:00,2026-02-14 19:39:00,52.71,13441,APP
L001365,ST036,U01663,2026-05-13 07:28:00,2026-05-13 14:57:00,48.88,14273,MEMBERSHIP
L004428,ST003,U02295,20260521234700,2026-05-22 00:27:00,59.86,19155,APP
L011991,ST013,U01852,2026/05/08 12:43:00,2026-05-08 13:04:00,48.42,15494,APP
L004508,ST039,U02161,2026-02-08 09:29:00,2026-02-08 10:15:00,30.25,10497,CARD
L007145,ST040,U02127,2026/06/05 22:19:00,2026-06-06 03:01:00,35.5,10366,CARD
L001260,ST003,U00551,2026/01/13 10:37:00,2026-01-13 10:57:00,44.81,14339,APP
L010841,ST005,U02969,2026-02-23 00:08:00,2026-02-23 00:41:00,77.5,24800,CARD
L006076,ST026,U02994,2026-02-03 16:10:00,2026-02-03 16:45:00,103.26,,CARD
L009395,ST027,U01007,2026-03-12 07:25:00,2026-03-12 10:24:00,13.8,4030,CARD
L008192,ST028,U02185,2026-03-06 17:08:00,2026-03-06 17:55:00,48.5,15520,APP
L010184,ST035,U01361,2026-02-10 02:14:00,2026-02-10 09:03:00,N/A,13270,CARD
L003333,ST026,U01909,2026-04-13 12:56:00,2026-04-13 13:52:00,154.14,58573,APP
L006306,ST026,U00437,2026-05-08 14:46:00,2026-05-08 15:36:00,147.94,56217,MEMBERSHIP
L001226,ST009,U02645,2026/07/12 04:24:00,2026-07-12 05:16:00,30.96,10743,CARD
L005217,ST003,U02534,2026-01-04 07:37:00,2026-01-04 08:24:00,97.17,31094,CARD
L007581,ST030,U01129,2026-03-20 07:26:00,2026-03-20 07:51:00,58.95,18864,CARD
L005520,ST027,U01314,2026/07/17 04:37:00,2026-07-17 11:13:00,28.76,,membership
L009839,ST011,U02410,2026-02-24 07:41:00,2026-02-24 08:17:00,67.36,21555,CARD
L002131,ST017,U01105,20260201070900,2026-02-01 10:34:00,14.91,4354,MEMBERSHIP
L008048,ST035,U01549,2026/04/17 20:31:00,2026-04-18 00:56:00,36.65,9346,APP
L010310,ST026,U00892,20260407003700,2026-04-07 01:08:00,87.08,33090,CARD
L010332,ST014,U00671,2026-07-14 16:50:00,2026-07-14 17:41:00,33.23,12627,APP
L010679,ST023,U00575,2026-06-19 00:04:00,2026-06-19 00:42:00,28.31,9059,CARD
L003211,ST015,U00400,2026-04-23 16:39:00,2026-04-23 17:27:00,107.69,34461,MEMBERSHIP
L004030,ST035,U00250,2026-02-27 03:22:00,2026-02-27 10:11:00,62.58,,APP
L000557,ST007,U01124,2026-06-09 06:37:00,2026-06-09 07:04:00,60.51,19363,MEMBERSHIP
L001779,ST022,U00497,2026-04-06 16:32:00,2026-04-06 17:25:00,111.89,38826,MEMBERSHIP
L008259,ST034,U00029,2026-04-14 12:20:00,2026-04-14 12:54:00,68.1,"25,878",APP
L006999,ST024,U01903,2026/06/30 08:27:00,2026-06-30 09:24:00,122.97,42671,MEMBERSHIP
L010882,ST003,U01830,2026/06/29 10:46:00,2026-06-29 11:32:00,97.42,31174,APP
L002047,ST022,U01926,2026-07-12 21:40:00,2026-07-12 22:28:00,76.89,26681,APP
L002188,ST018,U02329,2026-05-09 05:29:00,2026-05-09 08:13:00,11.05,"3,227",CARD
L006367,ST002,U01841,2026-03-05 01:13:00,2026-03-05 03:36:00,16.34,4771,APP
L004865,ST037,U00426,2026-03-30 15:00:00,2026-03-30 16:00:00,110.83,38458,APP
L009939,ST010,U02080,2026-01-16 01:02:00,2026-01-16 05:07:00,21.78,6360,MEMBERSHIP
L001217,ST034,U02972,2026-03-15 18:09:00,2026-03-15 19:09:00,157.93,60013,MEMBERSHIP
L005924,ST017,U00371,2026-03-01 19:33:00,2026-03-02 02:42:00,37.41,10924,APP
L000949,ST038,U02741,2026-01-06 08:52:00,2026-01-06 09:44:00,-,37613,MEMBERSHIP
L000714,ST037,U02597,2026-07-03 13:09:00,2026-07-03 13:58:00,103.57,35939,MEMBERSHIP
L001980,ST008,U01025,2026-07-07 02:19:00,2026-07-07 08:18:00,23.84,6079,CARD
L005664,ST002,U00111,2026-04-17 15:37:00,2026-04-17 22:18:00,44.12,12883,CARD
L010837,ST034,U00835,2026-01-05 21:56:00,2026-01-05 22:35:00,97.29,36970,CARD
L008354,ST002,U01430,2026-02-25 03:45:00,2026-02-25 09:00:00,48.99,14305,APP
L011092,ST009,U00384,2026/07/09 08:49:00,2026-07-09 09:36:00,25.95,9005,CARD
L002879,ST032,U02689,2026-03-06 17:42:00,2026-03-06 18:19:00,N/A,19072,CARD
L009176,ST034,U00161,20260527175000,2026-05-27 18:32:00,122.08,46390,MEMBERSHIP
L010857,ST026,U01662,2026-05-03 03:48:00,2026-05-03 04:44:00,153.98,58512,Card
L006101,ST002,U00541,20260605230700,2026-06-06 04:44:00,47.89,13984,CARD
L008030,ST011,U00705,2026-03-26 17:28:00,2026-03-26 18:10:00,85.23,27274,MEMBERSHIP
L001309,ST037,U02013,20260221025300,2026-02-21 03:40:00,94.14,32667,MEMBERSHIP
L000709,ST023,U02820,20260629111000,2026-06-29 11:52:00,28.04,,MEMBERSHIP
L010177,ST006,U01409,2026-01-22 01:55:00,2026-01-22 05:52:00,23.7,6920,APP
L006721,ST031,U01627,2026-03-02 22:26:00,2026-03-02 23:06:00,63.16,24001,APP
L011057,ST022,U00689,2026-03-13 06:30:00,2026-03-13 07:24:00,109.24,37906,APP
L004823,ST018,U02541,2026-03-26 02:52:00,2026-03-26 06:31:00,15.22,4444,APP
L005086,ST026,U02884,2026/06/24 11:36:00,2026-06-24 12:06:00,76.89,29218,APP
L004718,ST034,U02942,2026-03-27 17:10:00,2026-03-27 17:35:00,69.13,26269,CARD
L001543,ST027,U00811,20260119012200,2026-01-19 07:18:00,26.94,7866,MEMBERSHIP
L011883,ST006,U02664,2026-07-03 06:10:00,2026-07-03 12:57:00,32.25,9417,MEMBERSHIP
L001119,ST026,U00799,2026-06-22 16:04:00,2026-06-22 16:39:00,78.95,30001,APP
L001561,ST029,U00473,2026-06-17 18:50:00,2026-06-17 20:57:00,15.99,4669,MEMBERSHIP
L008954,ST030,U01959,2026-03-08 07:23:00,2026-03-08 07:56:00,96.06,30739,APP
L001064,ST040,U02675,2026-01-27 06:11:00,2026-01-27 13:53:00,62.02,18110,CARD
L000670,ST033,U00194,2026-05-01 21:50:00,2026-05-01 22:41:00,89.04,,CARD
L010382,ST010,U02012,2026-03-01 03:16:00,2026-03-01 08:28:00,24.15,7052,APP
L002357,ST022,U01840,20260326102700,2026-03-26 11:03:00,77.88,"27,024",MEMBERSHIP
L004871,ST005,U01640,2026-04-25 05:32:00,2026-04-25 06:12:00,113.95,36464,MEMBERSHIP
L003311,ST031,U00144,2026-03-25 01:05:00,2026-03-25 01:56:00,94.93,36073,MEMBERSHIP
L011304,ST020,U01219,2026-04-22 10:39:00,2026-04-22 11:19:00,21.74,6957,MEMBERSHIP
L006789,ST023,U00281,2026-07-16 04:52:00,2026-07-16 05:24:00,19.07,6102,MEMBERSHIP
L000565,ST004,U01630,2026-03-31 06:27:00,2026-03-31 06:51:00,49.14,15725,CARD
L005940,ST014,U00218,2026-02-03 12:49:00,2026-02-03 13:09:00,12.68,4818,MEMBERSHIP
L002563,ST003,U01160,2026-01-20 00:14:00,2026-01-20 00:55:00,87.25,"27,920",APP
L007490,ST003,U02081,2026/01/02 01:42:00,2026-01-02 02:23:00,59.02,,APP
L009223,ST012,U01575,2026/02/01 09:39:00,2026-02-01 10:12:00,21.35,6832,app
L008706,ST023,U00838,2026-03-20 22:41:00,2026-03-20 23:20:00,28.02,8966,CARD
L008015,ST034,U00129,2026-05-20 07:14:00,2026-05-20 07:39:00,54.87,20851,CARD
L003175,ST011,U01729,20260719195800,2026-07-19 20:25:00,60.55,19376,APP
L002389,ST014,U00524,2026-01-07 16:19:00,2026-01-07 17:18:00,34.33,13045,card
L007077,ST018,U00556,2026-01-19 00:50:00,2026-01-19 03:44:00,13.78,4024,CARD
L003399,ST027,U00428,2026-01-31 07:23:00,2026-01-31 12:50:00,,9852,CARD
L011005,ST003,U00439,2026-05-16 05:51:00,2026-05-16 06:46:00,81.84,26189,APP
L011649,ST034,U02793,2026-05-28 05:29:00,2026-05-28 05:50:00,59.69,22682,CARD
L005760,ST013,U01597,2026-05-24 17:02:00,2026-05-24 17:54:00,154.17,49334,MEMBERSHIP
L009471,ST018,U01724,2026-03-10 08:33:00,2026-03-10 12:43:00,24.16,7055,CARD
L011668,ST007,U02335,2026-06-22 01:40:00,2026-06-22 02:22:00,58.16,,CARD
L011148,ST003,U00413,2026-01-17 07:01:00,2026-01-17 07:41:00,66.09,21149,card
L007847,ST005,U02573,2026-07-28 03:00:00,2026-07-28 03:39:00,76.94,24621,APP
L009053,ST025,U02187,20260306175200,2026-03-06 20:08:00,13.16,3843, APP 
L006190,ST015,U01722,2026-01-19 05:32:00,2026-01-19 06:30:00,84.76,27123,MEMBERSHIP
L001208,ST007,U00932,2026-05-14 03:18:00,2026-05-14 03:39:00,29.43,9418,MEMBERSHIP
L007216,ST039,U02496,2026-03-18 16:43:00,2026-03-18 17:33:00,35.92,12464,APP
L007527,ST030,U01772,2026-06-08 06:02:00,2026-06-08 06:39:00,92.36,29555,MEMBERSHIP
L004796,ST023,U02079,2026-03-14 17:46:00,2026-03-14 18:37:00,33.87,10838,MEMBERSHIP
L006673,ST018,U00672,2026-03-05 04:29:00,2026-03-05 07:07:00,11.46,,membership
L005705,ST033,U02432,2026-07-18 05:42:00,2026-07-18 06:25:00,74.34,23789,app
L007878,ST008,U02757,2026-06-30 21:01:00,2026-07-01 04:23:00,39.14,9981,MEMBERSHIP
L006485,ST022,U02057,2026-06-07 07:17:00,2026-06-07 08:06:00,84.49,29318,CARD
L011385,ST031,U01627,2026-06-08 00:29:00,2026-06-08 00:49:00,37.0,14060,MEMBERSHIP
L008262,ST004,U00741,2026-06-16 23:02:00,2026-06-17 00:00:00,103.69,,MEMBERSHIP
L008362,ST004,U02749,2026/07/24 06:19:00,2026-07-24 06:46:00,47.88,15322,CARD
L008708,ST003,U01903,2026-07-04 01:16:00,2026-07-04 02:15:00,91.06,29139,APP
L000464,ST007,U01980,2026/05/30 20:44:00,2026-05-30 21:11:00,59.56,19059,APP
L005304,ST031,U01233,2026-01-11 11:53:00,2026-01-11 12:40:00,66.4,25232,MEMBERSHIP
L009931,ST032,U00256,2026-05-04 02:40:00,2026-05-04 03:18:00,48.35,18373,MEMBERSHIP
L001557,ST040,U01883,2026-04-06 05:12:00,2026-04-06 12:12:00,60.14,17561,APP
L003058,ST032,U00233,2026-05-05 10:58:00,2026-05-05 11:34:00,49.03,18631,APP
L007165,ST021,U00939,2026-01-19 04:12:00,2026-01-19 09:45:00,29.01,8471,MEMBERSHIP
L006881,ST003,U01807,2026-03-10 03:55:00,2026-03-10 04:38:00,89.61,28675,membership
L008043,ST030,U01673,2026-04-20 12:09:00,2026-04-20 13:09:00,154.21,49347,MEMBERSHIP
L008081,ST011,U01080,2026-06-02 13:52:00,2026-06-02 14:29:00,71.59,22909,MEMBERSHIP
L009184,ST005,U00191,2026-01-08 15:23:00,2026-01-08 15:51:00,53.3,17056,APP
L010861,ST030,U02458,2026-05-22 11:23:00,2026-05-22 12:16:00,158.84,50829,CARD
L004831,ST012,U02666,2026-03-22 16:34:00,2026-03-22 17:16:00,21.5,,MEMBERSHIP
L002730,ST008,U00434,2026-04-16 12:26:00,2026-04-16 15:39:00,19.55,4985,CARD
L003421,ST035,U02646,2026-04-04 13:17:00,2026-04-04 18:59:00,41.35,10544,MEMBERSHIP
L002438,ST008,U00771,2026-05-05 02:48:00,2026-05-05 09:57:00,41.98,10705,APP
L006239,ST035,U00714,2026-07-27 22:01:00,2026-07-28 05:32:00,65.55,16715,MEMBERSHIP
L002105,ST032,U01510,2026-02-25 23:00:00,2026-02-25 23:26:00,36.02,13688,APP
L010173,ST011,U00254,2026-01-11 22:14:00,2026-01-11 22:47:00,66.06,21139,APP
L004668,ST020,U01642,2026-01-15 12:40:00,2026-01-15 13:19:00,23.54,7533,MEMBERSHIP
L005775,ST018,U02753,20260412111000,2026-04-12 13:13:00,10.59,3092,CARD
L000581,ST014,U02108,2026-06-02 19:23:00,2026-06-02 19:46:00,11.31,4298,MEMBERSHIP
L009309,ST029,U00468,2026-06-10 20:17:00,2026-06-11 01:14:00,40.38,11791,CARD
L006646,ST001,U01592,2026-03-13 05:14:00,2026-03-13 06:00:00,84.95,32281,CARD
L004024,ST013,U02312,20260501054400,2026-05-01 06:07:00,60.71,19427,MEMBERSHIP
L007687,ST003,U00778,2026-01-24 05:21:00,2026-01-24 05:55:00,7518.0,24058,APP
L003026,ST019,U01083,2026-06-04 08:41:00,2026-06-04 09:20:00,77.28,,MEMBERSHIP
L009927,ST030,U00561,2026-05-16 17:04:00,2026-05-16 17:25:00,55.34,17709,MEMBERSHIP
L001143,ST019,U01323,2026-02-11 12:44:00,2026-02-11 13:04:00,55.92,19404,APP
L007239,ST028,U01470,2026-07-18 14:24:00,2026-07-18 14:49:00,31.12,9958,CARD
L007107,ST036,U00403,2026/05/21 02:20:00,2026-05-21 06:43:00,37.15,10848,Card
L008495,ST006,U01449,2026-07-14 06:21:00,2026-07-14 10:33:00,21.39,6246,MEMBERSHIP
L011306,ST017,U00518,2026-03-10 20:04:00,2026-03-11 02:11:00,35.15,10264,APP
L010340,ST034,U01970,2026-01-21 00:10:00,2026-01-21 00:56:00,89.5,"34,010",APP
L001541,ST006,U02738,20260418163100,2026-04-18 19:13:00,14.99,4377,APP
L003217,ST013,U01765,2026-05-05 16:38:00,2026-05-05 17:28:00,135.19,43261,MEMBERSHIP
L011783,ST031,U00084,2026-02-27 16:59:00,2026-02-27 17:52:00,110.6,42028,CARD
L007771,ST018,U02011,2026-01-23 18:18:00,2026-01-23 23:26:00,25.69,7501,MEMBERSHIP
L009960,ST004,U01612,2026-03-27 08:19:00,2026-03-27 08:52:00,63.87,20438,app
L004382,ST022,U02544,2026-02-06 18:37:00,2026-02-06 19:23:00,78.72,27316,APP
L010565,ST008,U01597,2026-02-25 03:34:00,2026-02-25 05:42:00,11.86,3024,MEMBERSHIP
L001063,ST023,U00353,2026-04-19 22:54:00,2026-04-19 23:51:00,36.7,11744,APP
L002163,ST007,U02987,2026-06-09 03:34:00,2026-06-09 04:23:00,81.65,26128,CARD
L011302,ST019,U00463,2026/03/10 06:34:00,2026-03-10 06:55:00,46.88,,CARD
L004775,ST011,U02907,2026-07-03 14:28:00,2026-07-03 14:54:00,47.74,15277,CARD
L006965,ST013,U02217,2026/05/08 05:44:00,2026-05-08 06:09:00,47.25,15120,CARD
L001693,ST002,U00536,2026-01-04 13:53:00,2026-01-04 19:53:00,55.19,16115,APP
L004095,ST002,U01493,2026-06-20 11:42:00,2026-06-20 18:58:00,70.13,20478,APP
L004599,ST001,U02024,20260220121800,2026-02-20 13:17:00,132.29,50270,MEMBERSHIP
L009042,ST017,U01482,2026-04-20 18:01:00,2026-04-21 00:31:00,29.13,,MEMBERSHIP
L006621,ST008,U01641,2026-04-27 18:45:00,2026-04-28 00:00:00,20.73,5286,CARD
L010235,ST009,U02193,2026-03-26 20:01:00,2026-03-26 20:39:00,18.61,6458,MEMBERSHIP
L005213,ST003,U00224,2026-05-08 09:25:00,2026-05-08 09:59:00,74.72,23910,MEMBERSHIP
L000927,ST012,U00069,2026-04-12 14:55:00,2026-04-12 15:32:00,25.47,,CARD
L002458,ST029,U00011,2026-03-10 02:44:00,2026-03-10 05:06:00,22.82,6663,CARD
L006456,ST018,U02598,2026-06-03 14:22:00,2026-06-03 17:22:00,11.63,3396,CARD
L005268,ST005,U00571,2026-05-12 02:40:00,2026-05-12 03:31:00,108.33,34666,APP
L008458,ST001,U00149,20260220113900,2026-02-20 12:22:00,60.65,23047,CARD
L010797,ST017,U01109,2026-04-07 23:28:00,2026-04-08 03:56:00,20.3,-5928,CARD
L009702,ST017,U02694,2026-02-02 10:08:00,2026-02-02 16:38:00,28.15,8220,CARD
L005494,ST007,U01366,2026/05/11 15:00:00,2026-05-11 15:59:00,120.96,38707,MEMBERSHIP
L006324,ST017,U00029,2026/03/30 03:07:00,2026-03-30 08:50:00,28.44,8304,MEMBERSHIP
L000254,ST040,U01301,2026-04-12 13:59:00,2026-04-12 20:48:00,64.43,18814,membership
L002305,ST020,U02726,2026/07/23 07:14:00,2026-07-23 08:06:00,37.93,12138,APP
L005202,ST032,U02671,2026-07-16 00:59:00,2026-07-16 01:46:00,52.16,19821,Card
L008544,ST002,U01638,20260528063000,2026-05-28 13:49:00,48.45,14147,APP
L011009,ST026,U02651,2026-03-05 02:23:00,2026-03-05 03:00:00,71.1,27018,APP
L009898,ST004,U02396,2026-02-18 21:50:00,2026-02-18 22:24:00,73.14,23405,APP
L011556,ST018,U02840,2026/05/22 05:36:00,2026-05-22 09:44:00,21.96,6412,CARD
L006868,ST034,U01378,2026-05-22 06:18:00,2026-05-22 07:11:00,133.19,50612,APP
L009404,ST029,U00271,2026-01-22 01:15:00,2026-01-22 06:26:00,40.07,11700,CARD
L003081,ST006,U02198,20260404041200,2026-04-04 06:14:00,11.39,3326,MEMBERSHIP
L009588,ST036,U02727,2026-05-01 20:48:00,2026-05-02 01:46:00,30.69,8961,CARD
L006086,ST012,U00998,2026-07-18 08:46:00,2026-07-18 09:35:00,31.07,9942,APP
L007905,ST002,U00453,2026/04/03 15:27:00,2026-04-03 17:47:00,16.03,4681,CARD
L001818,ST022,U01747,2026-07-21 12:10:00,2026-07-21 13:10:00,87.97,30526,CARD
L005618,ST028,U01795,2026-06-14 06:16:00,2026-06-14 07:05:00,,21306,APP
L003347,ST008,U02011,2026-01-19 05:33:00,2026-01-19 08:07:00,12.21,3114,MEMBERSHIP
L002042,ST018,U02711,2026-05-10 12:01:00,2026-05-10 18:18:00,27.78,8112,CARD
L000465,ST034,U00804,2026-06-19 15:23:00,2026-06-19 16:18:00,125.63,47739,MEMBERSHIP
L005894,ST031,U01959,2026-06-19 23:32:00,2026-06-19 23:58:00,50.27,19103,CARD
L005873,ST008,U02772,20260504211300,2026-05-04 23:35:00,10.7,2728, APP 
L007861,ST018,U00126,2026/05/01 22:42:00,2026-05-02 00:53:00,12.28,,MEMBERSHIP
L003370,ST039,U01231,2026-07-28 12:36:00,2026-07-28 13:26:00,30.38,10542,APP
L003720,ST003,U01625,2026-03-13 12:45:00,2026-03-13 13:36:00,72.98,23354,APP
L008081,ST011,U01080,2026-06-02 13:52:00,2026-06-02 14:29:00,71.59,22909,MEMBERSHIP
L004978,ST024,U00767,2026/06/28 02:59:00,2026-06-28 03:48:00,116.26,40342,CARD
L002965,ST014,U00793,2026-02-09 08:10:00,2026-02-09 08:43:00,23.29,8850,MEMBERSHIP
L005943,ST032,U01702,2026-06-04 03:03:00,2026-06-04 03:35:00,34.49,13106,CARD
L011909,ST009,U01393,2026-03-10 04:30:00,2026-03-10 05:19:00,23.85,8276,CARD
L009103,ST019,U02191,2026/07/04 06:34:00,2026-07-04 07:19:00,94.74,32875,APP
L011059,ST009,U01834,2026/06/19 03:16:00,2026-06-19 03:38:00,13.91,4827,app
L008159,ST024,U01844,2026-05-18 19:41:00,2026-05-18 20:17:00,85.09,29526,CARD
L011219,ST037,U01806,2026-06-08 06:37:00,2026-06-08 07:19:00,91.88,31882,CARD
L004806,ST024,U02456,2026-04-05 19:47:00,2026-04-05 20:42:00,N/A,42563,CARD
L008802,ST012,U00435,2026/04/20 07:05:00,2026-04-20 08:03:00,28.8,9216,CARD
L009651,ST033,U01959,2026-06-19 23:50:00,2026-06-20 00:38:00,71.1,22752,APP
L006775,ST024,U01551,2026-05-12 02:07:00,2026-05-12 02:44:00,93.88,32576,CARD
L005198,ST034,U00681,2026-01-03 05:29:00,2026-01-03 06:13:00,129.46,49195,APP
L007219,ST024,U02832,2026-03-07 14:51:00,2026-03-07 15:30:00,88.09,30567,APP
L008223,ST005,U02421,2026-01-29 22:38:00,2026-01-29 23:14:00,7125.0,22800,MEMBERSHIP
L009147,ST038,U02390,20260409075700,2026-04-09 08:19:00,63.35,20272,APP
L008784,ST018,U02062,2026-03-31 07:58:00,2026-03-31 15:15:00,-,11067,APP
L005435,ST016,U01954,2026-02-14 07:54:00,2026-02-14 14:16:00,29.61,7551,CARD
L002638,ST017,U01553,2026-07-16 13:15:00,2026-07-16 18:46:00,25.6,7475,CARD
L002749,ST040,U01769,2026/03/22 10:06:00,2026-03-22 17:23:00,N/A,15526,CARD
L010638,ST028,U00698,2026-06-11 20:54:00,2026-06-11 21:46:00,55.37,17718,MEMBERSHIP
L002203,ST027,U01441,2026-07-17 12:53:00,2026-07-17 18:23:00,21.31,6223,MEMBERSHIP
L001792,ST010,U00498,2026-01-01 05:44:00,2026-01-01 11:00:00,N/A,,APP
L003361,ST019,U00905,2026-07-20 11:48:00,2026-07-20 12:48:00,167.94,58275,APP
L010762,ST012,U01937,2026-07-15 23:44:00,2026-07-16 00:22:00,20.35,6512,membership
L006003,ST013,U01540,2026-07-29 16:33:00,2026-07-29 17:27:00,147.16,47091,MEMBERSHIP
L004286,ST004,U02521,2026-05-09 06:55:00,2026-05-09 07:48:00,101.46,32467,CARD
L009619,ST028,U02850,2026-06-11 04:31:00,2026-06-11 04:57:00,37.64,12045,CARD
L001161,ST003,U02335,2026-02-16 11:46:00,2026-02-16 12:33:00,69.48,22234,APP
L001036,ST011,U01771,2026-07-09 06:00:00,2026-07-09 06:23:00,46.55,14896,APP
L007152,ST004,U02350,2026-03-07 12:33:00,2026-03-07 13:33:00,125.54,40173,APP
L002804,ST007,U00603,2026-02-25 23:15:00,2026-02-26 00:11:00,119.1,38112,CARD
L006451,ST001,U02574,2026/06/01 18:37:00,2026-06-01 19:19:00,74.13,28169,APP
L004229,ST002,U00094,20260306212200,2026-03-07 01:09:00,24.04,7020,CARD
L003087,ST037,U01941,2026-05-06 04:01:00,2026-05-06 04:55:00,80.46,27920,CARD
L004629,ST002,U02719,2026-07-17 09:16:00,2026-07-17 14:06:00,42.0,12264,MEMBERSHIP
L003757,ST001,U01591,2026-02-02 19:17:00,2026-02-02 20:17:00,132.9,50502,CARD
L001086,ST017,U00100,2026-05-06 21:13:00,2026-05-07 05:12:00,44.5,12994,MEMBERSHIP
L006445,ST030,U01777,2026-02-28 17:13:00,2026-02-28 18:01:00,121.18,38778,MEMBERSHIP
L004528,ST034,U00641,2026-06-08 08:20:00,2026-06-08 08:51:00,73.29,27850,CARD
L007755,ST036,U01320,2026/03/26 22:22:00,2026-03-27 05:30:00,60.95,17797,CARD
L005666,ST016,U02816,2026/06/07 05:32:00,2026-06-07 12:05:00,26.74,6819,CARD
L007497,ST021,U01579,2026/04/02 02:19:00,2026-04-02 09:29:00,34.54,10086,MEMBERSHIP
L004885,ST027,U02713,2026-07-18 19:07:00,2026-07-19 01:25:00,33.02,9642,APP
L000774,ST017,U02823,2026-07-27 12:57:00,2026-07-27 15:16:00,14.24,4158,CARD
L001575,ST039,U02689,2026-01-30 02:34:00,2026-01-30 03:32:00,30.31,10518,app
L001059,ST010,U00408,2026-04-11 16:26:00,2026-04-11 21:36:00,25.17,7350,APP
L000655,ST035,U01200,2026-04-01 12:42:00,2026-04-01 16:44:00,30.6,7803,CARD
L011401,ST020,U02478,2026-07-17 21:44:00,2026-07-17 22:40:00,31.05,9936,APP
L002444,ST030,U01724,2026-03-12 04:39:00,2026-03-12 04:59:00,,15264,CARD
L003254,ST009,U01920,2026/03/17 12:15:00,2026-03-17 12:57:00,25.09,8706,MEMBERSHIP
L006284,ST003,U00891,2026-01-18 03:49:00,2026-01-18 04:43:00,92.97,,APP
L008209,ST033,U02528,2026/06/06 20:14:00,2026-06-06 21:14:00,98.45,31504,CARD
L001418,ST029,U00355,2026-06-11 21:47:00,2026-06-12 01:21:00,29.14,8509,membership
L000198,ST013,U01351,2026-02-10 09:30:00,2026-02-10 10:10:00,100.5,32160,APP
L009803,ST008,U01284,2026-05-11 02:51:00,2026-05-11 10:20:00,35.62,9083,CARD
L011629,ST004,U02262,2026-03-17 07:12:00,2026-03-17 08:08:00,83.66,26771,MEMBERSHIP
L007065,ST002,U01784,2026-07-06 20:30:00,2026-07-07 01:00:00,27.62,8065,MEMBERSHIP
L001590,ST031,U00778,2026-06-08 21:12:00,2026-06-08 22:09:00,114.07,43347,MEMBERSHIP
L009475,ST009,U01883,2026-07-10 02:23:00,2026-07-10 02:44:00,10.29,3571,APP
L003221,ST018,U02035,20260512073300,2026-05-12 14:59:00,32.96,9624,MEMBERSHIP
L007120,ST004,U01518,2026/03/19 13:01:00,2026-03-19 13:45:00,69.72,22310,MEMBERSHIP
L009647,ST010,U02815,2026-06-30 02:24:00,2026-06-30 07:20:00,,7683,MEMBERSHIP
L007035,ST012,U01304,2026-04-25 18:57:00,2026-04-25 19:47:00,25.9,8288,CARD
L009151,ST033,U00077,2026-01-10 23:12:00,2026-01-11 00:06:00,98.63,,app
L006425,ST005,U01599,2026-04-22 12:11:00,2026-04-22 12:57:00,126.25,40400,APP
L000187,ST035,U01530,2026-05-28 15:41:00,2026-05-28 18:07:00,16.65,,APP
L010969,ST024,U02613,2026-02-21 12:01:00,2026-02-21 12:37:00,86.07,29866,CARD
L008229,ST033,U00267,20260613000800,2026-06-13 00:33:00,5079.0,16253,app
L002792,ST010,U02212,2026-05-06 07:39:00,2026-05-06 13:54:00,35.1,10249,CARD
L011635,ST901,U01280,2026-04-17 00:24:00,2026-04-17 00:59:00,21.64,7509,CARD
L001343,ST040,U01882,2026/01/23 17:55:00,2026-01-23 23:28:00,48.78,14244,MEMBERSHIP
L001633,ST023,U02402,2026-05-15 23:27:00,2026-05-16 00:11:00,32.39,10365,MEMBERSHIP
L010030,ST019,U02494,2026-01-01 00:19:00,2026-01-01 00:45:00,66.04,22916,APP
L000596,ST002,U00907,2026-07-03 23:05:00,2026-07-04 03:09:00,30.17,8810,MEMBERSHIP
L006802,ST037,U00110,2026-01-21 08:05:00,2026-01-21 08:27:00,43.83,,CARD
L005758,ST019,U00643,2026-03-23 18:50:00,2026-03-23 19:40:00,97.07,33683,MEMBERSHIP
L002878,ST006,U02958,2026-03-07 16:23:00,2026-03-07 20:57:00,26.59,7764,CARD
L007470,ST010,U02640,2026-06-27 18:17:00,2026-06-27 20:57:00,15.13,4418,MEMBERSHIP
L010488,ST011,U01252,2026-05-16 01:18:00,2026-05-16 02:18:00,107.78,34490,APP
L004519,ST001,U02626,2026-01-21 01:32:00,2026-01-21 02:16:00,78.11,29682,CARD
L006424,ST014,U00355,2026-04-09 00:24:00,2026-04-09 01:15:00,32.0,12160,CARD
L006283,ST006,U02875,20260615133600,2026-06-15 18:34:00,19.46,5682,card
L006055,ST033,U01363,2026-04-27 09:37:00,2026-04-27 10:20:00,86.06,27539,CARD
L010902,ST004,U00370,20260112181200,2026-01-12 18:59:00,64.64,"20,685",APP
L002204,ST032,U02886,2026-07-27 14:09:00,2026-07-27 14:55:00,50.61,19232,APP
L006655,ST018,U00566,2026-03-05 11:21:00,2026-03-05 18:34:00,32.95,9621,APP
L001539,ST040,U00153,20260108205300,2026-01-09 04:43:00,65.94,19254,MEMBERSHIP
L005511,ST029,U02232,20260220184600,2026-02-21 00:31:00,45.67,13336,APP
L011128,ST009,U02918,2026-07-04 21:11:00,2026-07-04 22:00:00,31.16,10813,APP
L006688,ST023,U00058,2026-01-21 12:26:00,2026-01-21 13:10:00,31.56,10099,CARD
L006028,ST010,U01879,2026-05-10 04:53:00,2026-05-10 11:13:00,28.21,8237,MEMBERSHIP
L000711,ST016,U02316,2026-03-13 02:49:00,2026-03-13 05:31:00,11.87,3027,MEMBERSHIP
L003413,ST028,U00227,2026/05/18 12:48:00,2026-05-18 13:43:00,6039.0,19325,APP
L008930,ST030,U02173,2026/01/16 07:45:00,2026-01-16 08:09:00,65.5,20960,CARD
L008783,ST019,U00896,2026-04-08 07:02:00,2026-04-08 07:58:00,103.03,35751,APP
L011294,ST026,U02041,2026-04-12 23:34:00,2026-04-12 23:58:00,64.33,24445,APP
L007526,ST002,U02531,2026/02/10 17:44:00,2026-02-10 22:10:00,40.14,11721,APP
L007535,ST020,U02942,20260316002200,2026-03-16 00:55:00,24.46,7827,MEMBERSHIP
L008314,ST020,U01377,2026-03-10 21:13:00,2026-03-10 21:49:00,23.11,7395,APP
L000573,ST039,U01988,2026-05-10 01:10:00,2026-05-10 01:39:00,16.76,5816,APP
L009728,ST015,U02701,2026-03-10 22:46:00,2026-03-10 23:28:00,88.32,28262,app
L008060,ST007,U00577,2026-05-24 09:35:00,2026-05-24 10:15:00,80.98,25914,APP
L011813,ST001,U02108,2026-02-16 14:08:00,2026-02-16 15:06:00,117.93,44813,MEMBERSHIP
L006199,ST040,U02083,2026/05/28 03:59:00,2026-05-28 09:57:00,40.56,,CARD
L005892,ST033,U02266,2026-04-12 01:11:00,2026-04-12 01:37:00,52.57,16822,card
L008289,ST020,U02331,2026-01-26 22:09:00,2026-01-26 23:02:00,28.55,9136,APP
L000112,ST021,U00218,20260404115700,2026-04-04 16:10:00,22.57,6590,APP
L001315,ST026,U00565,2026-03-21 14:21:00,2026-03-21 14:41:00,46.54,17685,CARD
L002386,ST035,U02662,2026-04-28 23:23:00,2026-04-29 06:45:00,54.38,13867,CARD
L008854,ST005,U00504,2026-05-30 09:45:00,2026-05-30 10:26:00,79.03,25290,MEMBERSHIP
L001316,ST039,U01201,2026-03-21 18:58:00,2026-03-21 19:44:00,27.06,9390,MEMBERSHIP
L007959,ST018,U01905,2026-01-25 16:55:00,2026-01-25 20:33:00,19.1,5577,APP
L003628,ST021,U00040,2026-05-11 17:35:00,2026-05-12 00:52:00,31.86,9303,CARD
L002119,ST001,U00354,2026-01-25 05:39:00,2026-01-25 06:00:00,36.31,13798,MEMBERSHIP
L000895,ST021,U01790,2026-04-28 14:47:00,2026-04-28 17:46:00,18.35,5358,CARD
L001439,ST031,U01236,2026/04/05 02:59:00,2026-04-05 03:42:00,62.79,23860,CARD
L001032,ST036,U00580,2026-02-23 12:14:00,2026-02-23 18:33:00,57.11,16676,MEMBERSHIP
L007504,ST011,U00576,2026/05/15 04:13:00,2026-05-15 05:08:00,82.75,26480,MEMBERSHIP
L011477,ST027,U00915,2026-03-30 23:48:00,2026-03-31 05:14:00,27.33,7980,APP
L001780,ST011,U01417,2026-02-26 01:09:00,2026-02-26 02:02:00,91.85,29392,APP
L003438,ST038,U01460,2026-06-21 19:30:00,2026-06-21 19:54:00,62.46,19987,APP
L006563,ST004,U01980,2026-01-06 12:32:00,2026-01-06 13:03:00,60.18,19258,MEMBERSHIP
L004209,ST024,U02321,2026/05/14 20:49:00,2026-05-14 21:24:00,79.81,27694,APP
L005834,ST039,U00139,2026-02-15 02:14:00,2026-02-15 02:35:00,10.68,3706,CARD
L007059,ST014,U00865,2026-06-22 07:14:00,2026-06-22 08:09:00,37.84,14379,CARD
L000808,ST039,U00218,2026-02-18 22:47:00,2026-02-18 23:11:00,16.33,5667,APP
L000587,ST013,U01759,2026-06-26 02:17:00,2026-06-26 02:46:00,66.01,21123,CARD
L008696,ST021,U00374,2026-03-30 18:41:00,2026-03-30 20:49:00,11.52,3364,MEMBERSHIP
L004318,ST005,U00219,2026/01/07 12:35:00,2026-01-07 13:10:00,-,26573,app
L010116,ST018,U00271,2026-03-28 04:06:00,2026-03-28 09:48:00,32.31,9435,APP
L001527,ST027,U01354,2026-06-12 00:57:00,2026-06-12 08:23:00,33.03,9645,MEMBERSHIP
L004609,ST029,U00844,2026-06-30 07:13:00,2026-06-30 11:40:00,29.39,8582,MEMBERSHIP
L001180,ST026,U01651,2026-04-29 02:11:00,2026-04-29 03:03:00,147.11,55902,MEMBERSHIP
L005724,ST018,U00044,2026/06/09 01:15:00,2026-06-09 03:42:00,12.91,3770,MEMBERSHIP
L005266,ST026,U00338,2026/06/09 10:11:00,2026-06-09 10:33:00,56.13,21329,MEMBERSHIP
L006555,ST034,U00142,2026-03-18 06:31:00,2026-03-18 06:57:00,71.97,27349,MEMBERSHIP
L003998,ST032,U00195,2026/04/30 00:24:00,2026-04-30 01:23:00,61.41,23336, APP 
L000313,ST003,U02796,2026-02-08 11:37:00,2026-02-08 12:12:00,49.01,15683,APP
L004424,ST030,U01724,20260526220000,2026-05-26 22:23:00,48.5,15520,MEMBERSHIP
L000530,ST027,U00568,2026-06-18 13:13:00,2026-06-18 15:28:00,9.18,2681,CARD
L001628,ST034,U02460,2026-06-16 03:58:00,2026-06-16 04:29:00,78.06,,APP
L004597,ST016,U01355,2026-01-01 20:02:00,2026-01-02 03:31:00,37.97,9682,MEMBERSHIP
L010514,ST016,U02484,2026-05-02 16:16:00,2026-05-02 20:47:00,25.52,6508,CARD
L003163,ST036,U00324,2026-03-29 07:19:00,2026-03-29 09:56:00,19.23,5615,CARD
L005373,ST003,U00913,2026-02-14 06:18:00,2026-02-14 06:38:00,,12426,CARD
L011248,ST031,U00554,2026-03-27 19:26:00,2026-03-27 20:07:00,62.4,23712,APP
L001138,ST039,U01031,2026-02-06 05:12:00,2026-02-06 05:54:00,23.37,8109,card
L006839,ST037,U02167,2026-07-22 10:23:00,2026-07-22 10:56:00,48.19,16722,MEMBERSHIP
L006065,ST028,U01447,2026-04-29 23:22:00,2026-04-29 23:59:00,43.96,,APP
L006128,ST027,U02854,2026-05-09 00:23:00,2026-05-09 05:37:00,24.95,7285,CARD
L000496,ST010,U00464,2026-05-31 11:31:00,2026-05-31 18:27:00,31.24,9122,MEMBERSHIP
L008647,ST011,U02457,2026-02-22 09:47:00,2026-02-22 10:19:00,48.54,15533,MEMBERSHIP
L008203,ST008,U02535,2026-07-20 11:23:00,2026-07-20 14:45:00,17.9,4564,APP
L000742,ST002,U00161,2026-04-24 16:27:00,2026-04-24 19:40:00,21.85,6380,APP
L008040,ST029,U01747,2026-07-09 04:11:00,2026-07-09 11:26:00,49.14,14349,APP
L011366,ST027,U00751,2026-04-19 10:44:00,2026-04-19 14:40:00,19.93,5820,MEMBERSHIP
L011036,ST027,U02981,2026/04/30 13:12:00,2026-04-30 18:54:00,28.77,8401,MEMBERSHIP
L008051,ST033,U00946,2026-07-03 23:07:00,2026-07-03 23:32:00,44.5,14240,APP
L011657,ST020,U02478,2026-06-01 07:02:00,2026-06-01 07:38:00,23.31,7459,MEMBERSHIP
L001278,ST019,U01939,2026-04-10 12:44:00,2026-04-10 13:08:00,66.54,"23,089",MEMBERSHIP
L005674,ST024,U01167,2026-05-07 03:00:00,2026-05-07 03:37:00,104.79,36362,APP
L010769,ST033,U01455,2026-04-09 05:47:00,2026-04-09 06:14:00,58.95,18864,APP
L010949,ST036,U02296,2026/07/09 05:20:00,2026-07-09 10:45:00,40.91,11946,APP
L009648,ST037,U02869,2026-02-14 16:04:00,2026-02-14 16:27:00,35.14,12194,MEMBERSHIP
L002775,ST004,U00909,2026-01-16 05:29:00,2026-01-16 05:54:00,47.83,15306,MEMBERSHIP
L007750,ST007,U02996,2026/05/15 12:03:00,2026-05-15 12:45:00,82.83,26506,MEMBERSHIP
L000184,ST020,U02443,20260726231400,2026-07-27 00:01:00,33.59,10749,MEMBERSHIP
L008476,ST013,U02602,20260131055900,2026-01-31 06:52:00,156.1,49952,APP
L004269,ST019,U01723,2026-05-28 06:22:00,2026-05-28 06:57:00,86.92,-30161,Card
L007142,ST004,U00567,2026-01-26 09:34:00,2026-01-26 10:13:00,81.62,26118,MEMBERSHIP
L003344,ST021,U02061,20260713092000,2026-07-13 13:53:00,23.17,6766,CARD
L005809,ST017,U02276,2026-02-08 20:08:00,2026-02-08 22:25:00,11.68,3411,MEMBERSHIP
L004418,ST024,U00725,2026/01/28 14:30:00,2026-01-28 14:55:00,48.8,16934,APP
L005282,ST002,U00407,2026-01-28 19:13:00,2026-01-28 23:14:00,27.44,8012,APP
L001148,ST001,U00843,2026-05-06 11:17:00,2026-05-06 11:50:00,65.94,25057,APP
L008011,ST020,U01174,2026-04-29 17:09:00,2026-04-29 17:40:00,20.28,6490,APP
L011087,ST011,U02456,2026/02/03 20:20:00,2026-02-03 20:51:00,53.81,17219,MEMBERSHIP
L009092,ST001,U00024,2026-02-10 08:28:00,2026-02-10 09:25:00,96.76,36769,app
L003888,ST010,U02002,2026-02-27 12:58:00,2026-02-27 19:46:00,33.54,9794,APP
L007315,ST009,U01592,2026-06-12 04:51:00,2026-06-12 05:43:00,32.41,11246,APP
L001637,ST025,U00121,20260710030900,2026-07-10 06:49:00,14.79,4319,CARD
L007865,ST035,U01488,2026-04-26 07:43:00,2026-04-26 11:44:00,36.55,9320,APP
L011235,ST020,U02545,2026-05-31 21:22:00,2026-05-31 22:00:00,17.74,5677,MEMBERSHIP
L003093,ST024,U00832,2026-06-23 21:28:00,2026-06-23 22:22:00,128.3,44520,card
L004206,ST003,U01324,2026-03-20 22:16:00,2026-03-20 22:41:00,34.8,11136,MEMBERSHIP
L006818,ST018,U01809,20260104134000,2026-01-04 19:21:00,32.73,9557,MEMBERSHIP
L003204,ST002,U01313,2026-03-06 10:52:00,2026-03-06 17:18:00,40.05,11695,APP
L001348,ST010,U02221,2026-05-14 19:15:00,2026-05-14 22:16:00,13.9,4059,CARD
L002139,ST037,U02995,2026-06-25 17:46:00,2026-06-25 18:10:00,51.14,17746,APP
L007922,ST003,U00592,2026-07-23 09:43:00,2026-07-23 10:42:00,93.47,29910,APP
L010445,ST040,U00187,2026-02-15 14:44:00,2026-02-15 18:19:00,28.8,"8,410",CARD
L008271,ST027,U00365,2026-07-18 07:31:00,2026-07-18 12:29:00,23.13,6754,CARD
L011970,ST025,U02528,2026-05-04 22:00:00,2026-05-05 01:44:00,21.08,6155,CARD
L009002,ST038,U02954,2026-03-30 13:42:00,2026-03-30 14:26:00,102.94,32941,Card
L004898,ST026,U01202,2026-01-17 18:08:00,2026-01-17 18:28:00,55.76,21189,MEMBERSHIP
L008201,ST003,U01734,2026-02-13 14:40:00,2026-02-13 15:06:00,4096.0,13107,APP
L010095,ST022,U02416,20260407023500,2026-04-07 02:59:00,41.74,14484,MEMBERSHIP
L004697,ST035,U00672,20260530195000,2026-05-30 22:06:00,19.07,4863,APP
L004854,ST008,U01952,2026/07/21 16:57:00,2026-07-21 23:19:00,37.23,9494,MEMBERSHIP
L008566,ST012,U01232,2026/06/26 01:46:00,2026-06-26 02:17:00,16.27,5206,CARD
L008973,ST039,U02300,2026-06-10 23:10:00,2026-06-10 23:57:00,30.56,10604,APP
L009131,ST014,U02914,2026-06-19 07:53:00,2026-06-19 08:25:00,22.48,8542,APP
L005155,ST019,U00737,2026-01-15 16:50:00,2026-01-15 15:25:00,113.18,39273,membership
L008960,ST010,U02070,2026-03-26 02:14:00,2026-03-26 08:30:00,31.64,9239,CARD
L007715,ST013,U02429,2026-02-06 19:03:00,2026-02-06 20:03:00,146.47,46870,APP
L004117,ST015,U01248,20260704080100,2026-07-04 08:32:00,46.26,14803,MEMBERSHIP
L009717,ST009,U02660,2026-06-05 01:22:00,2026-06-05 02:17:00,32.75,,MEMBERSHIP
L007115,ST036,U00136,2026-05-15 17:14:00,2026-05-16 00:39:00,70.92,,APP
L001870,ST026,U01376,20260501014500,2026-05-01 02:21:00,85.84,32619,CARD
L006063,ST027,U01274,20260222043400,2026-02-22 10:54:00,28.64,8363,CARD
L006581,ST010,U01306,20260521161600,2026-05-21 19:20:00,15.36,4485,MEMBERSHIP
L000632,ST024,U00870,2026-02-27 11:20:00,2026-02-27 11:55:00,103.35,35862,CARD
L010159,ST021,U01156,2026-03-08 09:07:00,2026-03-08 15:18:00,24.69,7209,MEMBERSHIP
L010812,ST004,U02030,2026-02-01 22:24:00,2026-02-01 23:08:00,80.51,25763,MEMBERSHIP
L005011,ST020,U02702,2026-01-16 20:18:00,2026-01-16 20:38:00,10.46,3347,APP
L000245,ST032,U00346,2026-01-11 10:00:00,2026-01-11 10:22:00,28.53,10841,MEMBERSHIP
L011440,ST001,U02046,2026-01-05 16:13:00,2026-01-05 17:13:00,90.87,"34,531",MEMBERSHIP
L001886,ST036,U02003,2026-07-15 00:09:00,2026-07-15 05:17:00,34.9,10191,APP
L007555,ST018,U02349,2026-07-19 19:08:00,2026-07-19 23:52:00,25.6,7475,CARD
L011983,ST034,U02253,20260506022400,2026-05-06 03:05:00,113.9,43282,CARD
L003562,ST036,U02508,2026-05-13 21:35:00,2026-05-14 04:13:00,46.58,13601,APP
L000789,ST030,U02005,2026-02-08 19:14:00,2026-02-08 19:44:00,69.69,22301,APP
L011076,ST007,U00090,2026-02-13 04:47:00,2026-02-13 05:44:00,98.66,31571,MEMBERSHIP
L000358,ST001,U01331,2026-06-15 14:06:00,2026-06-15 14:35:00,63.73,24217,MEMBERSHIP
L002861,ST034,U01871,2026/02/10 06:53:00,2026-02-10 07:14:00,54.26,,MEMBERSHIP
L011902,ST032,U01624,2026-01-24 09:37:00,2026-01-24 10:36:00,68.41,25996,APP
L007782,ST005,U02499,2026-04-30 11:25:00,2026-04-30 11:57:00,68.15,21808,APP
L005428,ST014,U00962,20260213193500,2026-02-13 20:18:00,30.6,11628,CARD
L010654,ST030,U02136,2026-07-07 03:30:00,2026-07-07 04:30:00,161.36,,CARD
L011308,ST001,U00782,20260608112300,2026-06-08 12:01:00,68.82,26152,MEMBERSHIP
L001306,ST031,U01040,2026-05-04 16:22:00,2026-05-04 17:06:00,91.58,34800,CARD
L004494,ST032,U02587,2026/04/23 19:50:00,2026-04-23 20:10:00,29.7,11286,MEMBERSHIP
L005563,ST029,U00189,2026-07-19 23:36:00,2026-07-20 04:21:00,43.09,12582,APP
L009487,ST034,U01804,2026-04-23 07:30:00,2026-04-23 07:51:00,-,17955,CARD
L000448,ST010,U01824,2026-07-20 09:34:00,2026-07-20 14:54:00,32.82,9583,CARD
L003247,ST028,U01779,2026/03/22 00:43:00,2026-03-22 01:29:00,55.62,17798,CARD
L000773,ST009,U00281,2026-06-21 09:56:00,2026-06-21 10:48:00,27.53,9553,MEMBERSHIP
L005153,ST032,U01866,2026-03-13 22:53:00,2026-03-13 23:47:00,76.28,28986,APP
L003129,ST035,U00153,2026/01/28 02:43:00,2026-01-28 09:28:00,,13979,MEMBERSHIP
L001288,ST007,U02505,2026-05-06 22:39:00,2026-05-06 22:59:00,39.78,12730,CARD
L011640,ST024,U01586,20260512083200,2026-05-12 09:06:00,99.74,34610,APP
L000633,ST024,U00808,2026-06-29 06:02:00,2026-06-29 06:33:00,82.05,28471,APP
L003296,ST005,U00077,2026-03-30 00:10:00,2026-03-30 00:50:00,102.3,32736,MEMBERSHIP
L000723,ST025,U00020,20260710052800,2026-07-10 10:15:00,23.5,6862,CARD
L011428,ST012,U02221,2026-02-01 16:04:00,2026-02-01 16:41:00,-,8093,APP
L007826,ST004,U00732,2026-01-22 02:19:00,2026-01-22 02:47:00,54.51,17443,MEMBERSHIP
L002109,ST001,U00726,2026-06-04 23:49:00,2026-06-05 00:45:00,96.57,36697,APP
L011243,ST001,U02137,2026-02-01 08:24:00,2026-02-01 08:59:00,N/A,18590,APP
L003215,ST038,U02904,2026-02-23 23:43:00,2026-02-24 00:19:00,68.77,22006,CARD
L008929,ST040,U01142,2026-02-02 05:31:00,2026-02-02 13:08:00,52.83,15426,APP
L001409,ST001,U02836,2026-06-13 18:24:00,2026-06-13 18:49:00,37.79,14360,APP
L007345,ST016,U02286,2026-07-15 05:32:00,2026-07-15 12:04:00,33.84,8629,APP
L011648,ST039,U00072,2026-04-24 14:29:00,2026-04-24 15:16:00,33.2,,APP
L002360,ST029,U00098,2026-03-25 07:19:00,2026-03-25 14:49:00,56.93,16624,MEMBERSHIP
L003476,ST020,U01818,2026-05-24 21:47:00,2026-05-24 22:26:00,26.63,8522,CARD
L011329,ST018,U00246,2026/02/28 01:45:00,2026-02-28 07:20:00,34.42,10051, APP 
L007992,ST023,U01539,2026/01/13 02:24:00,2026-01-13 03:13:00,27.65,8848,MEMBERSHIP
L007564,ST010,U02717,2026-06-17 09:59:00,2026-06-17 14:16:00,23.67,6912,APP
L000778,ST002,U00955,2026-05-27 16:09:00,2026-05-27 18:17:00,19.17,5598,APP
L000202,ST017,U00560,2026/05/12 03:25:00,2026-05-12 11:12:00,38.16,,CARD
L008217,ST031,U02633,2026-04-12 05:31:00,2026-04-12 05:05:00,60.97,23169,APP
L009575,ST040,U00668,2026-06-10 18:08:00,2026-06-11 01:33:00,55.05,16075,MEMBERSHIP
L003053,ST028,U00632,2026-05-05 01:32:00,2026-05-05 02:14:00,52.1,16672,MEMBERSHIP
L005733,ST008,U02398,2026-03-04 02:54:00,2026-03-04 07:42:00,26.31,6709,CARD
L006591,ST002,U01183,2026-05-16 02:37:00,2026-05-16 06:01:00,31.98,9338,CARD
L008065,ST011,U02602,2026-02-03 18:37:00,2026-02-03 19:18:00,82.32,26342,APP
L000306,ST010,U02987,2026-03-13 15:00:00,2026-03-13 20:28:00,23.65,6906,MEMBERSHIP
L004945,ST016,U02515,2026-04-29 19:57:00,2026-04-30 01:51:00,28.99,7392,APP
L003603,ST024,U01399,2026-05-21 07:14:00,2026-05-21 07:38:00,69.46,24103,app
L010461,ST032,U01540,2026-06-24 12:43:00,2026-06-24 13:10:00,32.49,12346,APP
L001519,ST029,U02988,2026-02-05 02:00:00,2026-02-05 07:26:00,48.15,14060,MEMBERSHIP
L000106,ST030,U02362,2026/06/01 09:56:00,2026-06-01 10:20:00,53.0,16960,membership
L005493,ST023,U00648,2026-04-15 14:44:00,2026-04-15 15:41:00,38.89,12445,CARD
L011649,ST034,U02793,20260528052900,2026-05-28 05:50:00,59.69,22682,CARD
L007362,ST020,U01190,2026-01-19 14:58:00,2026-01-19 15:52:00,30.54,9773,APP
L010546,ST032,U00887,2026-04-14 01:23:00,2026-04-14 01:47:00,26.92,10230,card
L008639,ST040,U02124,2026/01/30 02:30:00,2026-01-30 06:15:00,26.08,,membership
L000150,ST037,U00021,2026-03-03 06:43:00,2026-03-03 07:07:00,48.57,16854,APP
L009675,ST037,U00661,2026-03-01 09:34:00,2026-03-01 09:54:00,3819.0,13252,CARD
L002089,ST040,U02001,2026-07-24 18:38:00,2026-07-24 23:38:00,38.56,11260,CARD
L007799,ST033,U00280,2026-07-24 13:14:00,2026-07-24 13:52:00,52.56,16819,APP
L011033,ST017,U02835,2026-04-21 05:56:00,2026-04-21 13:14:00,31.11,9084,APP
L008918,ST011,U01123,2026-03-26 11:18:00,2026-03-26 11:39:00,34.46,11027,APP
L001526,ST029,U01088,2026-01-01 22:17:00,2026-01-02 04:21:00,44.7,13052,APP
L006290,ST016,U00473,2026-07-23 20:50:00,2026-07-23 23:37:00,11.67,2976,MEMBERSHIP
L001184,ST012,U00167,2026-05-09 06:46:00,2026-05-09 07:36:00,36.0,11520,CARD
L006224,ST016,U02959,2026-04-14 20:31:00,2026-04-14 23:26:00,17.74,4524,APP
L011410,ST040,U00315,2026-04-28 03:19:00,2026-04-28 09:15:00,57.86,16895,MEMBERSHIP
L006660,ST025,U00810,2026-07-28 16:07:00,2026-07-28 20:03:00,18.16,5303,APP
L002396,ST030,U02884,2026-04-09 00:54:00,2026-04-09 01:37:00,80.94,25901,APP
L003460,ST016,U01016,2026-03-08 12:49:00,2026-03-08 15:51:00,11.92,3040,MEMBERSHIP
L001318,ST037,U01922,2026/06/08 13:48:00,2026-06-08 14:25:00,61.6,21375,CARD
L003883,ST020,U01160,2026/03/31 04:20:00,2026-03-31 04:55:00,19.09,6109,CARD
L005459,ST001,U00982,2026-06-06 21:07:00,2026-06-06 21:43:00,50.87,19331,MEMBERSHIP
L004068,ST003,U01995,2026-05-16 00:45:00,2026-05-16 01:10:00,N/A,15658,CARD
L008987,ST015,U00215,2026-06-06 04:33:00,2026-06-06 05:31:00,116.97,37430,CARD
L004141,ST003,U02959,2026-02-15 09:26:00,2026-02-15 10:10:00,73.73,23594,MEMBERSHIP
L006886,ST009,U01138,2026-02-24 08:04:00,2026-02-24 08:25:00,12.6,4372,MEMBERSHIP
L008675,ST029,U00062,2026-03-26 10:58:00,2026-03-26 15:22:00,43.13,12594,CARD
L000757,ST036,U02355,2026/02/16 10:15:00,2026-02-16 12:41:00,15.22,4444,APP
L007685,ST018,U01639,2026-02-07 09:39:00,2026-02-07 15:46:00,25.27,7379,APP
L005547,ST006,U02752,2026-07-07 06:40:00,2026-07-07 12:57:00,38.7,11300,MEMBERSHIP
L008805,ST019,U00119,2026-03-18 11:10:00,2026-03-18 11:50:00,105.43,36584,CARD
L011921,ST028,U00839,2026-01-16 11:55:00,2026-01-16 12:46:00,64.33,20586,MEMBERSHIP
L010878,ST014,U00063,2026-01-19 16:02:00,2026-01-19 16:46:00,30.57,11617,MEMBERSHIP
L004196,ST010,U02954,2026/04/09 07:56:00,2026-04-09 15:50:00,,11735,CARD
L004802,ST016,U02055,2026-05-27 00:40:00,2026-05-27 05:27:00,28.18,7186,CARD
L002337,ST039,U02019,2026-05-29 22:17:00,2026-05-29 22:44:00,15.95,5535,APP
L005496,ST015,U00165,2026/01/21 11:17:00,2026-01-21 12:04:00,88.62,"28,358",MEMBERSHIP
L011287,ST040,U00544,20260405115000,2026-04-05 18:09:00,39.84,11633,MEMBERSHIP
L011108,ST020,U02437,2026-01-26 09:26:00,2026-01-26 10:19:00,29.09,9309,MEMBERSHIP
L007262,ST005,U02639,2026-06-29 13:28:00,2026-06-29 14:11:00,116.81,37379,MEMBERSHIP
L009576,ST002,U00223,2026/05/03 01:55:00,2026-05-03 06:42:00,31.37,9160,APP
L007480,ST032,U02735,2026-07-23 07:46:00,2026-07-23 08:16:00,40.95,15561,MEMBERSHIP
L005180,ST024,U00910,2026-06-30 05:56:00,2026-06-30 06:51:00,133.33,46266,CARD
L000173,ST027,U01775,2026-03-29 17:09:00,2026-03-29 22:32:00,28.67,8372,MEMBERSHIP
L009944,ST017,U01103,2026-02-01 19:01:00,2026-02-01 23:47:00,25.93,"7,572",APP
L004108,ST018,U01173,2026-02-26 10:22:00,2026-02-26 17:50:00,,11277,APP
L005819,ST001,U00577,20260127183700,2026-01-27 19:17:00,86.52,32878,APP
L000911,ST006,U00888,2026-02-14 07:24:00,2026-02-14 14:21:00,37.79,11035,MEMBERSHIP
L000125,ST003,U02794,2026-07-22 22:30:00,2026-07-22 23:01:00,60.36,,MEMBERSHIP
L006457,ST005,U00036,2026-07-04 21:38:00,2026-07-04 22:33:00,12045.0,38544,CARD
L011576,ST012,U00576,2026-02-16 17:04:00,2026-02-16 17:37:00,19.72,6310,CARD
L007828,ST025,U00175,2026/07/22 15:03:00,2026-07-22 21:30:00,29.36,8573,APP
L006203,ST022,U02289,2026-06-02 14:22:00,2026-06-02 15:09:00,80.81,28041,MEMBERSHIP
L007727,ST025,U01225,20260321224300,2026-03-22 01:52:00,19.25,5621,MEMBERSHIP
L005922,ST033,U00740,2026-04-08 05:54:00,2026-04-08 06:37:00,73.06,23379,CARD
L007954,ST035,U01739,2026-07-28 02:30:00,2026-07-28 04:50:00,19.14,4881,APP
L006193,ST038,U02928,20260411075200,2026-04-11 08:52:00,-,,CARD
L001053,ST011,U00065,2026-04-10 21:38:00,2026-04-10 22:31:00,108.12,34598,CARD
L008109,ST024,U00643,2026-07-15 12:34:00,2026-07-15 12:55:00,4861.0,16868,CARD
L011940,ST009,U02279,2026/02/15 05:24:00,2026-02-15 06:16:00,30.48,-10577,app
L010393,ST015,U00474,2026-03-18 21:03:00,2026-03-18 21:24:00,31.22,9990,MEMBERSHIP
L006247,ST009,U00364,2026-05-11 01:21:00,2026-05-11 01:58:00,17.58,6100,CARD
L010478,ST019,U01281,2026-03-24 23:20:00,2026-03-24 23:58:00,84.13,29193,APP
L009572,ST035,U01433,2026/01/25 15:47:00,2026-01-25 20:21:00,38.79,9891,APP
L008390,ST026,U02149,2026-05-09 19:57:00,2026-05-09 20:26:00,73.21,27820,MEMBERSHIP
L010029,ST039,U01964,2026/02/21 10:29:00,2026-02-21 11:06:00,23.95,8311,CARD
L007022,ST036,U01192,2026-03-31 08:27:00,2026-03-31 13:36:00,34.9,10191,APP
L009473,ST028,U02296,2026-04-29 18:50:00,2026-04-29 19:28:00,56.27,18006,CARD
L003739,ST019,U01866,2026-04-29 13:58:00,2026-04-29 14:55:00,111.16,38573,CARD
L004265,ST037,U02942,2026-01-04 03:49:00,2026-01-04 04:43:00,98.96,34339,APP
L002495,ST008,U02997,2026-07-02 14:00:00,2026-07-02 17:27:00,20.75,5291,MEMBERSHIP
L008527,ST009,U00473,2026-03-20 19:50:00,2026-03-20 20:37:00,33.25,11538,APP
L010804,ST021,U02871,2026-05-04 11:29:00,2026-05-04 13:38:00,13.22,3860,CARD
L007561,ST006,U01567,20260721105600,2026-07-21 17:05:00,26.2,7650,APP
L008330,ST900,U01659,2026-03-23 12:09:00,2026-03-23 15:06:00,19.41,5668,membership
L008506,ST034,U00236,2026-06-07 03:41:00,2026-06-07 04:01:00,59.49,,APP
L002277,ST025,U00601,2026-04-01 09:06:00,2026-04-01 13:32:00,23.82,6955,APP
L005309,ST036,U00335,2026/06/12 06:37:00,2026-06-12 10:46:00,33.49,9779,APP
L004226,ST018,U01408,2026-05-11 01:17:00,2026-05-11 09:10:00,42.53,12419,APP
L009866,ST001,U01068,2026/05/27 06:00:00,2026-05-27 06:38:00,72.8,27664,CARD
L002283,ST025,U01376,20260609005900,2026-06-09 07:14:00,33.12,9671,APP
L001888,ST007,U00829,2026-05-18 10:02:00,2026-05-18 10:50:00,69.71,22307,MEMBERSHIP
L005903,ST005,U02692,2026/05/17 14:24:00,2026-05-17 15:03:00,,24842,APP
L008150,ST013,U00751,2026-03-07 06:57:00,2026-03-07 07:43:00,131.56,42099,CARD
L005852,ST007,U01082,2026-02-18 07:12:00,2026-02-18 08:02:00,70.35,22512,CARD
L000904,ST022,U02887,2026-05-10 22:10:00,2026-05-10 22:58:00,74.14,25727,app
L004711,ST014,U00484,2026/01/10 06:51:00,2026-01-10 07:49:00,39.07,14847,CARD
L001206,ST031,U00893,2026-05-19 22:49:00,2026-05-19 23:23:00,70.33,26725,APP
L007409,ST014,U00770,2026-02-28 14:43:00,2026-02-28 15:15:00,15.73,5977,CARD
L004179,ST032,U01580,2026-05-10 13:04:00,2026-05-10 13:59:00,65.6,24928,CARD
L003855,ST005,U00090,2026-01-31 17:34:00,2026-01-31 18:30:00,123.29,39453,CARD
L003681,ST008,U01793,2026-02-23 11:58:00,2026-02-23 19:03:00,37.71,9616,MEMBERSHIP
L010945,ST021,U00905,2026-04-20 03:25:00,2026-04-20 11:07:00,29.98,8754,APP
L003140,ST037,U02537,2026-07-03 03:06:00,2026-07-03 03:33:00,55.74,19342,MEMBERSHIP
L004856,ST029,U00933,2026-06-18 20:27:00,2026-06-18 22:54:00,16.96,4952,APP
L008367,ST007,U00865,2026-06-14 04:23:00,2026-06-14 05:19:00,121.74,38957,APP
L007447,ST028,U02816,2026-04-23 15:19:00,2026-04-23 16:07:00,58.06,18579,MEMBERSHIP
L003587,ST039,U01992,2026-02-04 12:52:00,2026-02-04 13:17:00,18.73,6499,card
L010545,ST028,U02443,2026-05-04 23:45:00,2026-05-05 00:39:00,,22080,MEMBERSHIP
L011565,ST040,U02375,2026-03-17 07:43:00,2026-03-17 14:40:00,67.78,19792,CARD
L007316,ST008,U00208,2026-07-21 00:32:00,2026-07-21 08:01:00,30.51,7780,APP
L003779,ST007,U01878,2026-05-27 23:47:00,2026-05-28 00:45:00,96.82,30982,APP
L005679,ST035,U02528,2026-02-12 16:21:00,2026-02-12 22:55:00,62.39,15909,APP
L002843,ST035,U00419,2026-06-21 10:13:00,2026-06-21 15:10:00,43.66,11133,CARD
L009282,ST025,U02756,2026-02-04 19:27:00,2026-02-05 01:32:00,35.54,10378,CARD
L007479,ST024,U00563,2026-01-04 20:00:00,2026-01-04 20:55:00,129.75,45023,APP
L006335,ST021,U01762,2026-04-11 13:34:00,2026-04-11 18:48:00,27.51,8033,MEMBERSHIP
L003357,ST034,U00659,2026-05-29 06:54:00,2026-05-29 07:39:00,89.82,34132,CARD
L003938,ST024,U01222,2026-02-07 16:21:00,2026-02-07 17:00:00,85.87,,MEMBERSHIP
L007879,ST005,U02396,2026-03-30 06:56:00,2026-03-30 07:55:00,158.07,"50,582",MEMBERSHIP
L003818,ST009,U01608,20260121094900,2026-01-21 10:35:00,30.37,10538,MEMBERSHIP
L007270,ST014,U01645,2026-06-23 23:20:00,2026-06-23 23:50:00,18.86,7167,CARD
L005089,ST006,U02467,2026-03-28 20:38:00,2026-03-29 01:12:00,18.16,5303,MEMBERSHIP
L002240,ST020,U00710,2026-05-10 16:17:00,2026-05-10 16:58:00,26.17,8374,CARD
L007425,ST006,U00258,2026-01-02 12:13:00,2026-01-02 19:50:00,37.13,10842,APP
L006349,ST006,U00581,2026-07-16 05:50:00,2026-07-16 13:06:00,39.75,11607,CARD
L004070,ST005,U00156,2026-06-25 05:53:00,2026-06-25 06:53:00,172.42,55174,MEMBERSHIP
L006770,ST008,U01592,2026-02-08 16:00:00,2026-02-08 22:23:00,26.71,6811,CARD
L004689,ST026,U02011,20260618074700,2026-06-18 08:28:00,78.98,30012,card
L008873,ST017,U02932,20260419032700,2026-04-19 08:29:00,22.27,6503,CARD
L011122,ST038,U02180,2026-06-12 04:10:00,2026-06-12 04:49:00,78.78,25210,APP
L009970,ST026,U02240,2026-07-18 10:55:00,2026-07-18 11:18:00,65.23,24787,app
L009561,ST019,U02438,2026-01-26 00:39:00,2026-01-26 01:24:00,105.91,36751,MEMBERSHIP
L003194,ST011,U02626,2026-06-15 07:09:00,2026-06-15 07:46:00,77.94,24941,MEMBERSHIP
L001084,ST005,U02112,2026-02-25 21:43:00,2026-02-25 22:19:00,86.34,27629,CARD
L001531,ST003,U02458,2026-05-31 19:40:00,2026-05-31 20:30:00,,28685,CARD
L008839,ST016,U02028,2026/01/11 20:47:00,2026-01-12 02:10:00,31.1,7930,MEMBERSHIP
L000841,ST018,U00736,2026-05-14 06:59:00,2026-05-14 12:02:00,21.99,6421,APP
L005656,ST002,U02132,2026-01-03 20:10:00,2026-01-04 01:26:00,36.23,10579,APP
L009701,ST031,U01270,20260428144100,2026-04-28 15:22:00,86.9,33022,MEMBERSHIP
L010604,ST039,U00178,2026-04-16 09:28:00,2026-04-16 09:48:00,13.01,4514,CARD
L011339,ST014,U02495,2026-01-11 11:44:00,2026-01-11 12:08:00,14.16,5381,APP
L001607,ST028,U00665,2026/01/19 00:54:00,2026-01-19 01:22:00,36.96,11827,APP
L006021,ST012,U01932,2026/04/16 06:03:00,2026-04-16 06:45:00,24.04,7693,CARD
L009256,ST037,U01778,2026/01/12 06:24:00,2026-01-12 06:55:00,60.67,21052,MEMBERSHIP
L004884,ST019,U02322,2026/06/14 02:48:00,2026-06-14 03:22:00,68.91,23912,CARD
L001853,ST022,U01220,2026-05-07 21:12:00,2026-05-07 22:01:00,92.23,32004,CARD
L011542,ST037,U00038,2026/03/21 04:43:00,2026-03-21 05:10:00,47.63,16528,MEMBERSHIP
L003748,ST024,U00285,2026-01-13 17:57:00,2026-01-13 18:32:00,103.92,36060,CARD
L006737,ST016,U02801,2026-05-23 18:00:00,2026-05-24 01:10:00,38.42,,CARD
L001929,ST021,U02465,20260324051500,2026-03-24 11:43:00,34.9,10191,CARD
L000498,ST030,U00660,2026-02-09 10:24:00,2026-02-09 10:44:00,54.59,17469,MEMBERSHIP
L008002,ST033,U02959,2026-05-28 14:01:00,2026-05-28 15:01:00,87.74,28077,MEMBERSHIP
L007529,ST034,U01772,2026-02-06 14:50:00,2026-02-06 15:11:00,39.15,14877,APP
L011415,ST002,U02655,2026-04-07 00:41:00,2026-04-07 08:35:00,N/A,16110,MEMBERSHIP
L003838,ST008,U00941,2026/01/31 12:46:00,2026-01-31 19:51:00,36.44,9292,Card
L004079,ST038,U02370,2026-03-24 07:29:00,2026-03-24 08:29:00,153.42,49094,MEMBERSHIP
L006373,ST038,U02490,2026-01-27 11:26:00,2026-01-27 11:53:00,78.29,25053,card
L005928,ST014,U00429,2026/07/04 16:37:00,2026-07-04 17:02:00,18.61,7072,MEMBERSHIP
L007763,ST005,U01314,2026-02-13 05:23:00,2026-02-13 06:08:00,108.94,34861,MEMBERSHIP
L010270,ST038,U00468,2026/05/10 19:08:00,2026-05-10 19:50:00,109.93,35178,APP
L004870,ST001,U01937,2026-06-17 10:07:00,2026-06-17 10:55:00,101.33,38505,MEMBERSHIP
L002940,ST003,U00597,2026-07-25 01:37:00,2026-07-25 02:19:00,,19782,APP
L004368,ST036,U01320,2026-01-30 08:02:00,2026-01-30 15:16:00,69.73,20361,APP
L006571,ST022,U01613,2026-04-08 09:21:00,2026-04-08 10:00:00,58.63,20345,MEMBERSHIP
L006607,ST014,U01725,2026-07-28 21:33:00,2026-07-28 22:28:00,31.43,11943,MEMBERSHIP
L007218,ST016,U00953,2026-05-02 12:40:00,2026-05-02 15:57:00,16.7,4258,APP
L005508,ST010,U02649,2026-05-28 00:12:00,2026-05-28 03:56:00,22.87,6678,MEMBERSHIP
L004927,ST036,U02085,2026-06-15 11:19:00,2026-06-15 17:38:00,59.6,17403,APP
L007321,ST039,U02186,2026-01-07 02:23:00,2026-01-07 03:02:00,28.95,10046,CARD
L007148,ST026,U02838,2026-07-13 02:13:00,2026-07-13 03:11:00,118.95,45201,CARD
L001669,ST005,U00996,2026-04-11 04:41:00,2026-04-11 05:41:00,142.43,45578,MEMBERSHIP
L000505,ST013,U00079,2026-05-06 20:45:00,2026-05-06 21:19:00,79.72,25510,CARD
L011214,ST038,U00849,2026-06-04 04:04:00,2026-06-04 04:25:00,51.27,16406,MEMBERSHIP
L010641,ST021,U01267,2026-02-02 08:52:00,2026-02-02 11:30:00,12.99,3793,APP
L011186,ST037,U00865,2026-04-14 10:19:00,2026-04-14 10:40:00,45.71,15861,APP
L001743,ST012,U01604,2026-01-19 10:13:00,2026-01-19 11:02:00,27.9,8928,membership
L002939,ST033,U00517,2026-07-06 20:58:00,2026-07-06 21:38:00,77.01,24643,Card
L000663,ST001,U00234,2026-06-15 09:13:00,2026-06-15 10:02:00,80.1,30438,Card
L009544,ST004,U02808,2026-06-30 13:09:00,2026-06-30 13:41:00,59.07,18902,MEMBERSHIP
L002408,ST033,U01758,2026/03/25 15:08:00,2026-03-25 16:04:00,9748.0,31194, APP 
L008702,ST014,U01354,2026-04-11 04:07:00,2026-04-11 04:50:00,25.16,9561,APP
L000994,ST035,U02794,2026-07-05 15:37:00,2026-07-05 18:31:00,21.01,5358,CARD
L001853,ST022,U01220,2026-05-07 21:12:00,2026-05-07 22:01:00,92.23,32004,CARD
L004611,ST027,U01370,2026-02-19 21:52:00,2026-02-20 00:08:00,,,APP
L000750,ST037,U01906,2026-03-30 07:49:00,2026-03-30 08:49:00,108.51,37653,APP
L008123,ST019,U02991,2026-05-06 10:05:00,2026-05-06 10:39:00,77.38,26851,CARD
L011617,ST010,U00051,2026-04-09 02:14:00,2026-04-09 09:27:00,34.56,10092,membership
L010192,ST015,U00115,2026-05-01 02:27:00,2026-05-01 03:22:00,83.94,26861, APP 
L002275,ST022,U01740,2026-07-23 10:18:00,2026-07-23 11:03:00,80.81,28041,MEMBERSHIP
L009399,ST017,U01845,2026-03-11 08:16:00,2026-03-11 15:30:00,42.19,12319,Card
L004328,ST040,U02701,2026/06/18 08:06:00,2026-06-18 15:44:00,67.73,19777,APP
L008627,ST026,U02534,2026-05-05 21:54:00,2026-05-05 22:47:00,156.4,59432,MEMBERSHIP
L006012,ST025,U01066,20260401040800,2026-04-01 08:10:00,18.3,5344, APP 
L002667,ST002,U00133,2026/01/08 02:41:00,2026-01-08 05:18:00,25.86,7551,CARD
L003685,ST013,U00799,2026/03/09 07:12:00,2026-03-09 07:34:00,47.58,15226,APP
L008685,ST014,U00531,2026-03-02 05:48:00,2026-03-02 06:29:00,22.71,8630,membership
L004544,ST034,U01892,2026-01-10 15:19:00,2026-01-10 15:45:00,69.9,26562,MEMBERSHIP
L004901,ST003,U02773,2026-07-14 20:47:00,2026-07-14 21:14:00,58.28,18650,MEMBERSHIP
L002413,ST007,U01652,2026-03-30 06:18:00,2026-03-30 06:54:00,,16390,CARD
L009304,ST034,U00552,2026-02-14 06:43:00,2026-02-14 07:27:00,109.71,41690,APP
L000373,ST001,U01471,20260324223400,2026-03-24 23:29:00,94.8,36024,APP
L009481,ST019,U02818,2026-02-07 10:32:00,2026-02-07 11:12:00,107.98,37469,CARD
L000050,ST024,U00660,2026-01-28 19:58:00,2026-01-28 20:51:00,156.77,54399,MEMBERSHIP
L002768,ST008,U01262,2026-07-04 20:40:00,2026-07-05 02:11:00,24.34,6207,MEMBERSHIP
L008732,ST039,U02764,2026-01-23 09:53:00,2026-01-23 10:49:00,36.23,12572,CARD
L006631,ST012,U02073,2026-02-10 05:01:00,2026-02-10 05:23:00,16.12,5158,APP
L003536,ST015,U01897,20260502214900,2026-05-02 22:18:00,63.32,20262,APP
L000344,ST031,U01635,2026-01-21 20:43:00,2026-01-21 21:09:00,56.75,21565,CARD
L005002,ST004,U02335,2026-02-23 01:33:00,2026-02-23 02:22:00,104.05,33296,APP
L011189,ST010,U02873,2026-04-09 09:33:00,2026-04-09 15:22:00,,8167,CARD
L002100,ST037,U02696,20260516141200,2026-05-16 15:06:00,92.56,32118,CARD
L008347,ST012,U02080,2026-05-09 19:35:00,2026-05-09 20:16:00,29.84,9549,MEMBERSHIP
L002391,ST036,U02126,2026-03-19 18:34:00,2026-03-19 23:56:00,36.49,"10,655",CARD
L001472,ST023,U00051,2026-07-27 11:18:00,2026-07-27 11:52:00,23.24,7437,MEMBERSHIP
L000653,ST028,U00442,2026-01-09 15:53:00,2026-01-09 16:52:00,87.59,28029,APP
L007246,ST006,U00711,2026-01-09 22:05:00,2026-01-10 03:16:00,25.06,7318,MEMBERSHIP
L009800,ST002,U02234,2026-01-06 10:52:00,2026-01-06 14:06:00,,9216,APP
L002570,ST030,U00900,2026/04/09 00:12:00,2026-04-09 01:08:00,119.04,38093,APP
L001959,ST020,U00406,2026-05-01 23:39:00,2026-05-02 00:39:00,40.45,12944,APP
L004734,ST010,U02844,2026-06-02 03:40:00,2026-06-02 08:22:00,18.43,5382,APP
L004788,ST021,U00215,2026-02-27 18:39:00,2026-02-27 21:25:00,12.14,3545,membership
L004191,ST019,U02256,2026-05-03 18:59:00,2026-05-03 19:40:00,110.01,38173,MEMBERSHIP
L004954,ST019,U00899,2026-01-29 05:31:00,2026-01-29 06:10:00,75.77,26292,Card
L007389,ST033,U02405,2026-06-25 23:50:00,2026-06-26 00:10:00,28.14,9005,CARD
L005023,ST006,U01188,2026-04-23 19:27:00,2026-04-23 22:18:00,17.69,5165,app
L009215,ST012,U01720,2026/04/17 07:01:00,2026-04-17 07:50:00,23.41,7491,APP
L003764,ST015,U02059,2026/07/03 09:53:00,2026-07-03 10:39:00,92.72,29670,APP
L011119,ST008,U00723,2026-03-07 06:11:00,2026-03-07 13:44:00,34.71,8851,CARD
L011922,ST036,U02041,2026-02-20 09:55:00,2026-02-20 16:39:00,59.3,17316,CARD
L009440,ST031,U01357,2026-06-11 23:50:00,2026-06-12 00:31:00,59.37,22561,CARD
L003605,ST005,U00557,20260520232500,2026-05-21 00:00:00,91.2,29184,MEMBERSHIP
L007600,ST024,U01524,2026-06-02 16:06:00,2026-06-02 16:50:00,108.82,37761,card
L008164,ST012,U00926,2026-06-06 21:31:00,2026-06-06 22:14:00,28.34,9069,MEMBERSHIP
L002923,ST007,U01495,2026-02-06 10:20:00,2026-02-06 10:47:00,50.3,16096,CARD
L008401,ST029,U02667,2026-04-25 10:08:00,2026-04-25 13:58:00,29.35,8570,MEMBERSHIP
L005815,ST004,U00849,2026-07-09 16:54:00,2026-07-09 17:47:00,98.78,31610,APP
L000107,ST016,U01826,2026-06-27 07:50:00,2026-06-27 14:36:00,36.76,9374,MEMBERSHIP
L006390,ST017,U01355,2026-07-08 19:46:00,2026-07-08 22:37:00,13.39,3910,card
L008369,ST028,U02471,2026-04-12 04:14:00,2026-04-12 04:56:00,41.98,13434, APP 
L006948,ST039,U02944,2026/05/20 22:56:00,2026-05-20 23:53:00,28.76,9980,MEMBERSHIP
L011232,ST026,U00145,2026-06-11 00:10:00,2026-06-11 01:04:00,,48359,MEMBERSHIP
L011187,ST011,U02203,2026-02-26 08:29:00,2026-02-26 09:00:00,65.5,20960,APP
L000585,ST005,U02099,2026-07-27 23:47:00,2026-07-28 00:23:00,106.72,34150,CARD
L008779,ST023,U00565,2026-02-21 08:00:00,2026-02-21 08:50:00,28.39,9085,MEMBERSHIP
L000687,ST024,U01300,2026-01-10 13:56:00,2026-01-10 14:38:00,82.9,28766,CARD
L003105,ST009,U00080,2026-07-04 17:40:00,2026-07-04 18:11:00,18.23,6326,CARD
L000114,ST011,U01545,2026-04-25 03:43:00,2026-04-25 04:36:00,78.01,24963,APP
L010423,ST001,U00715,2026-07-07 23:55:00,2026-07-08 00:52:00,99.0,37620,CARD
L000132,ST025,U02126,20260715120500,2026-07-15 18:50:00,39.68,11587,MEMBERSHIP
L010501,ST017,U01585,2026-07-18 02:41:00,2026-07-18 05:33:00,13.84,"4,041",APP
L009601,ST019,U00108,20260422201600,2026-04-22 20:57:00,76.88,"26,677",APP
L001705,ST028,U00526,20260330192600,2026-03-30 19:46:00,23.57,7542,APP
L006241,ST013,U00013,2026/07/07 23:14:00,2026-07-08 00:07:00,120.26,38483,MEMBERSHIP
L004402,ST010,U02107,2026/06/16 05:35:00,2026-06-16 09:51:00,26.49,-7735,CARD
L008344,ST017,U00686,2026-03-17 00:05:00,2026-03-17 07:43:00,,10854,CARD
L011987,ST003,U01447,20260627194500,2026-06-27 20:22:00,82.14,26285,APP
L009885,ST004,U01579,2026/04/29 08:49:00,2026-04-29 09:48:00,86.44,27661,MEMBERSHIP
L001828,ST017,U00041,2026-05-13 19:18:00,2026-05-13 23:42:00,20.74,6056,CARD
L003505,ST003,U00017,20260311140200,2026-03-11 14:24:00,41.35,13232, APP 
L007388,ST007,U00671,2026-04-18 15:56:00,2026-04-18 16:38:00,72.81,23299,MEMBERSHIP
L004650,ST013,U00008,2026-05-05 10:47:00,2026-05-05 11:17:00,84.45,27024,CARD
L007079,ST029,U02364,2026-01-19 03:32:00,2026-01-19 09:55:00,58.47,17073,APP
L006618,ST035,U01454,2026-06-25 03:24:00,2026-06-25 08:02:00,37.41,9540,CARD
L003482,ST037,U00597,2026-06-05 22:06:00,2026-06-05 22:58:00,106.45,36938,APP
L008774,ST002,U01559,2026-02-06 15:35:00,2026-02-06 23:05:00,56.43,16478,CARD
L006013,ST012,U00447,2026-02-22 07:01:00,2026-02-22 07:43:00,28.37,"9,078",MEMBERSHIP
L005106,ST034,U00314,2026/01/26 05:43:00,2026-01-26 06:18:00,84.66,32171,MEMBERSHIP
L001666,ST028,U02276,2026-04-05 22:11:00,2026-04-05 23:00:00,58.14,18605,MEMBERSHIP
L010413,ST001,U02660,20260204085800,2026-02-04 09:20:00,31.73,12057,CARD
L011798,ST012,U01161,2026-04-30 22:52:00,2026-04-30 23:21:00,20.72,6630,CARD
L008846,ST037,U01478,2026-01-02 21:37:00,2026-01-02 22:22:00,84.75,29408,APP
L007602,ST040,U01923,2026-04-14 22:34:00,2026-04-15 01:39:00,22.35,6526,APP
L000793,ST018,U02485,2026-06-22 20:16:00,2026-06-23 03:45:00,36.4,10629,MEMBERSHIP
L008224,ST034,U00078,2026/04/03 06:39:00,2026-04-03 07:22:00,84.82,32232,MEMBERSHIP
L011910,ST031,U01634,20260601142800,2026-06-01 14:55:00,46.59,,CARD
L002201,ST005,U02416,2026-02-15 00:53:00,2026-02-15 01:43:00,139.38,44602,CARD
L004185,ST008,U02562,2026-06-30 01:46:00,2026-06-30 05:20:00,19.65,5011,CARD
L004082,ST011,U02179,2026-03-30 08:09:00,2026-03-30 08:43:00,75.42,24134,CARD
L009429,ST016,U00117,2026-02-18 04:27:00,2026-02-18 10:18:00,36.72,9364,APP
L000080,ST033,U01239,2026-05-18 12:07:00,2026-05-18 12:57:00,83.29,"26,653",MEMBERSHIP
L009886,ST009,U00942,2026-01-18 02:39:00,2026-01-18 03:37:00,31.5,10930,CARD
L003030,ST024,U00987,2026-04-06 14:22:00,2026-04-06 15:08:00,130.8,45388,CARD
L001422,ST019,U01730,2026-04-09 17:57:00,2026-04-09 18:38:00,119.34,41411,MEMBERSHIP
L010482,ST009,U02783,2026-04-29 03:01:00,2026-04-29 03:30:00,19.66,6822,CARD
L004656,ST021,U01467,2026-02-01 16:54:00,2026-02-01 21:58:00,29.85,8716,CARD
L001262,ST039,U01648,2026-03-18 14:20:00,2026-03-18 15:12:00,26.52,9202,MEMBERSHIP
L003991,ST007,U01731,2026-04-03 16:54:00,2026-04-03 17:32:00,55.45,17744,CARD
L011590,ST011,U00726,2026-05-23 18:43:00,2026-05-23 19:39:00,119.59,38269,CARD
L009860,ST032,U00352,2026-06-13 19:03:00,2026-06-13 19:59:00,62.89,23898,MEMBERSHIP
L000661,ST001,U00306,2026-02-08 21:42:00,2026-02-08 22:38:00,,31399,MEMBERSHIP
L005950,ST025,U02905,2026-03-05 06:14:00,2026-03-05 10:40:00,20.15,5884,MEMBERSHIP
L001275,ST032,U00980,2026-05-15 03:41:00,2026-05-15 04:22:00,55.57,21117,membership
L003544,ST004,U02147,2026-01-04 03:55:00,2026-01-04 04:38:00,-,27955,MEMBERSHIP
L000428,ST009,U01910,2026-06-28 06:53:00,2026-06-28 07:42:00,22.9,7946,APP
L011027,ST005,U01088,2026/07/05 03:08:00,2026-07-05 03:36:00,,25853,MEMBERSHIP
L006933,ST004,U01182,2026-05-21 14:50:00,2026-05-21 15:10:00,30.67,9814,MEMBERSHIP
L000646,ST022,U00012,2026-01-11 15:42:00,2026-01-11 16:17:00,70.85,24585,APP
L004034,ST009,U02196,2026-03-10 03:23:00,2026-03-10 03:43:00,14.26,4948,CARD
L009813,ST037,U02574,2026-07-06 02:01:00,2026-07-06 02:33:00,54.46,18898,Card
L010191,ST004,U00425,2026-01-30 23:41:00,2026-01-31 00:03:00,45.66,14611,CARD
L008146,ST014,U00079,2026-02-08 14:58:00,2026-02-08 15:52:00,27.16,10321,MEMBERSHIP
L001467,ST034,U01486,2026-07-02 11:03:00,2026-07-02 11:46:00,122.65,46607,MEMBERSHIP
L002641,ST015,U01128,20260727024500,2026-07-27 03:06:00,33.09,10589, APP 
L007343,ST032,U00526,2026-03-15 23:54:00,2026-03-16 00:21:00,29.08,11050,Card
L011669,ST033,U01097,2026-01-13 07:34:00,2026-01-13 07:58:00,53.3,17056,APP
L000721,ST004,U01285,2026-07-04 15:38:00,2026-07-04 16:32:00,94.05,30096,CARD
L010819,ST008,U02929,2026-02-22 02:52:00,2026-02-22 08:24:00,26.72,6814,CARD
L000362,ST010,U02197,2026-04-25 01:25:00,2026-04-25 06:43:00,28.5,8322,CARD
L010260,ST004,U00508,2026-04-26 00:20:00,2026-04-26 01:10:00,103.51,33123,CARD
L000221,ST008,U01687,2026-01-20 22:18:00,2026-01-21 02:42:00,26.85,6847,APP
L002079,ST011,U01908,2026-05-27 20:18:00,2026-05-27 20:58:00,82.83,26506,CARD
L010202,ST009,U01457,20260724032400,2026-07-24 04:06:00,29.5,10236,APP
L004056,ST018,U00519,2026/02/22 05:24:00,2026-02-22 08:18:00,15.64,4567,APP
L002978,ST030,U00415,2026-07-29 12:26:00,2026-07-29 12:54:00,71.52,22886,CARD
L000724,ST900,U02131,2026-01-06 17:49:00,2026-01-06 20:15:00,14.82,4327,APP
L010601,ST023,U00117,2026-05-24 06:10:00,2026-05-24 06:57:00,21.59,6909,CARD
L010951,ST021,U02988,2026-07-07 15:38:00,2026-07-07 18:32:00,12.06,3522,CARD
L009328,ST004,U00588,2026-07-14 13:40:00,2026-07-14 14:12:00,70.7,22624,CARD
L011861,ST015,U02034,2026-05-29 04:18:00,2026-05-29 05:05:00,95.88,30682,MEMBERSHIP
L003589,ST017,U01844,2026-04-09 14:32:00,2026-04-09 17:14:00,15.6,4555,CARD
L008006,ST022,U01910,2026-03-02 22:37:00,2026-03-02 23:21:00,74.6,25886,CARD
L006806,ST005,U00337,2026/02/22 18:24:00,2026-02-22 18:50:00,57.55,,MEMBERSHIP
L004971,ST014,U01638,2026-04-01 20:43:00,2026-04-01 21:09:00,17.58,6680,MEMBERSHIP
L009284,ST025,U02906,2026-07-16 19:24:00,2026-07-17 01:43:00,24.7,7212,MEMBERSHIP
L006670,ST002,U01168,2026-03-14 13:06:00,2026-03-14 17:18:00,35.06,10238,MEMBERSHIP
L011751,ST027,U01371,2026-07-05 04:53:00,2026-07-05 03:00:00,18.21,5317,CARD
L004134,ST028,U02600,2026/02/23 01:23:00,2026-02-23 01:44:00,19.31,6179,APP
L000796,ST029,U00774,2026-06-04 13:13:00,2026-06-04 16:17:00,21.01,6135,CARD
L010956,ST025,U00245,2026-04-27 22:12:00,2026-04-28 06:12:00,44.17,12898,APP
L011054,ST029,U02993,2026/06/20 13:21:00,2026-06-20 17:33:00,30.36,8865,CARD
L004174,ST011,U01601,2026-02-25 01:32:00,2026-02-25 01:58:00,47.53,15210,CARD
L002200,ST008,U00868,2026-01-21 05:41:00,2026-01-21 11:15:00,31.18,7951,MEMBERSHIP
L006813,ST018,U01241,2026-04-11 11:01:00,2026-04-11 16:31:00,31.44,9180,APP
L007501,ST033,U00535,2026-01-26 15:28:00,2026-01-26 16:00:00,62.53,20010,MEMBERSHIP
L000366,ST012,U01203,2026-01-09 10:32:00,2026-01-09 11:10:00,22.83,7306,APP
L001707,ST009,U02867,2026-02-09 03:13:00,2026-02-09 04:06:00,24.95,8658,CARD
L010269,ST035,U00698,2026-02-16 06:53:00,2026-02-16 10:24:00,26.69,6806,CARD
L006959,ST012,U01957,2026/02/03 04:11:00,2026-02-03 05:01:00,30.47,9750,APP
L003225,ST019,U01671,2026-05-12 08:58:00,2026-05-12 09:21:00,6121.0,21240,APP
L001027,ST008,U01402,20260502052800,2026-05-02 12:39:00,44.83,11432,APP
L007883,ST022,U01515,2026-04-17 20:58:00,2026-04-17 21:27:00,44.25,15355,APP
L003762,ST009,U00265,2026-01-16 06:00:00,2026-01-16 06:20:00,14.03,4868,APP
L001918,ST020,U01041,2026-04-25 19:33:00,2026-04-25 20:19:00,28.64,9165,APP
L004279,ST015,U00415,2026-06-17 14:41:00,2026-06-17 15:35:00,100.94,,CARD
L005257,ST033,U01220,2026-04-21 03:21:00,2026-04-21 04:19:00,125.93,40298,card
L004541,ST039,U00951,2026-07-15 18:34:00,2026-07-15 18:56:00,13.01,4514,MEMBERSHIP
L003576,ST040,U00179,2026-05-24 06:39:00,2026-05-24 13:53:00,44.36,12953,APP
L001730,ST028,U00381,2026-06-03 18:42:00,2026-06-03 19:22:00,36.81,11779,APP
L002146,ST034,U00121,20260702023000,2026-07-02 03:26:00,118.46,45015, APP 
L004751,ST027,U00508,2026/03/13 07:14:00,2026-03-13 09:41:00,9.88,2885,MEMBERSHIP
L004774,ST900,U02884,2026-07-03 02:25:00,2026-07-03 03:20:00,89.47,28630,APP
L000390,ST004,U01354,2026-03-21 13:53:00,2026-03-21 14:13:00,36.68,11738,CARD
L001082,ST018,U01481,2026-07-15 00:46:00,2026-07-15 02:54:00,12.42,3627,CARD
L002073,ST023,U02387,2026-03-30 09:32:00,2026-03-30 10:04:00,21.22,6790,CARD
L005286,ST037,U00741,2026-02-28 15:03:00,2026-02-28 15:57:00,82.98,28794,MEMBERSHIP
L006136,ST011,U02353,2026/03/31 21:17:00,2026-03-31 22:07:00,72.69,23261,MEMBERSHIP
L000732,ST018,U01638,2026-05-15 19:51:00,2026-05-16 01:46:00,32.13,9382,MEMBERSHIP
L005016,ST025,U02037,2026-06-28 12:03:00,2026-06-28 18:13:00,26.5,7738,MEMBERSHIP
L008488,ST022,U02704,2026-05-28 20:06:00,2026-05-28 20:43:00,53.74,18648,APP
L005184,ST020,U02921,2026-07-24 15:30:00,2026-07-24 15:19:00,35.24,11277,MEMBERSHIP
L003669,ST025,U00520,2026-03-17 02:55:00,2026-03-17 10:50:00,48.79,14247,CARD
L004906,ST023,U02405,2026-03-17 18:17:00,2026-03-17 18:50:00,16.83,5386,MEMBERSHIP
L011246,ST005,U02183,2026-01-29 09:26:00,2026-01-29 10:06:00,76.35,24432,MEMBERSHIP
L003709,ST040,U00555,2026-04-23 15:27:00,2026-04-23 18:42:00,23.02,6722,CARD
L002662,ST022,U01303,20260404080700,2026-04-04 08:35:00,57.42,19925,APP
L005154,ST026,U02118,20260723102400,2026-07-23 11:19:00,105.88,40234, APP 
L005526,ST017,U00542,20260119231900,2026-01-20 06:44:00,41.82,12211,CARD
L000983,ST038,U02628,20260626222300,2026-06-26 23:03:00,110.03,35210,MEMBERSHIP
L000064,ST028,U01899,20260531011400,2026-05-31 02:05:00,48.22,15430,APP
L006594,ST010,U00975,2026-03-01 17:28:00,2026-03-01 23:44:00,33.96,9916,MEMBERSHIP
L011030,ST035,U01889,2026-03-31 00:46:00,2026-03-31 03:07:00,19.09,4868,CARD
L011394,ST006,U02367,2026-03-09 04:45:00,2026-03-09 07:54:00,16.76,4894,CARD
L002562,ST004,U01452,2026-05-19 14:32:00,2026-05-19 15:20:00,84.18,26938,MEMBERSHIP
L001403,ST019,U02854,2026-01-10 05:48:00,2026-01-10 06:37:00,110.57,"38,368",CARD
L007962,ST029,U02853,20260131144600,2026-01-31 16:57:00,15.58,4549,CARD
L002465,ST025,U00635,20260325084200,2026-03-25 16:21:00,34.9,"10,191",Card
L001664,ST029,U01672,2026-04-20 06:37:00,2026-04-20 10:24:00,26.24,7662,CARD
L011166,ST003,U02941,2026-04-14 23:36:00,2026-04-15 00:18:00,84.59,27069,CARD
L010608,ST017,U02767,2026-05-12 03:01:00,2026-05-12 06:19:00,20.26,5916,MEMBERSHIP
L006901,ST025,U00621,2026-07-18 07:38:00,2026-07-18 15:09:00,43.24,12626,CARD
L011723,ST029,U01147,2026-01-13 07:21:00,2026-01-13 15:01:00,70.39,20554,APP
L010710,ST039,U00185,2026-05-23 11:01:00,2026-05-23 11:42:00,19.79,6867,MEMBERSHIP
L011070,ST002,U01017,2026-04-20 05:13:00,2026-04-20 11:33:00,47.17,13774,MEMBERSHIP
L006142,ST038,U01016,2026-02-04 01:41:00,2026-02-04 02:24:00,88.18,28218,APP
L010115,ST003,U00748,2026-03-15 14:58:00,2026-03-15 15:24:00,54.21,17347,MEMBERSHIP
L001397,ST030,U00778,2026-07-17 23:37:00,2026-07-18 00:06:00,76.62,24518,Card
L001806,ST033,U00152,20260322185900,2026-03-22 19:57:00,87.84,28109,APP
L001421,ST035,U01855,2026-07-15 13:58:00,2026-07-15 21:34:00,64.83,16532,MEMBERSHIP
L004955,ST012,U02063,2026-04-21 20:04:00,2026-04-21 20:28:00,12.93,4138,APP
L005947,ST014,U02835,2026-04-06 00:43:00,2026-04-06 01:27:00,30.33,11525,APP
L000062,ST018,U00414,2026-05-30 02:21:00,2026-05-30 09:30:00,40.71,11887,CARD
L009082,ST029,U02769,2026/02/18 14:20:00,2026-02-18 19:52:00,43.77,12781,MEMBERSHIP
L010936,ST037,U00811,2026-06-18 05:59:00,2026-06-18 06:55:00,108.85,37771,CARD
L006703,ST010,U01414,2026-06-30 06:33:00,2026-06-30 13:47:00,39.71,11595,MEMBERSHIP
L002222,ST030,U02753,2026-05-31 04:14:00,2026-05-31 05:05:00,150.53,48170,CARD
L011585,ST033,U01215,2026/02/20 08:35:00,2026-02-20 09:13:00,73.5,23520,membership
L000834,ST026,U00765,2026/07/18 08:54:00,2026-07-18 09:50:00,109.08,41450,MEMBERSHIP
L008829,ST014,U02954,2026-06-13 19:11:00,2026-06-13 19:38:00,15.94,6057,APP
L005060,ST001,U00492,2026-01-24 15:42:00,2026-01-24 16:41:00,131.55,49989,CARD
L001430,ST029,U01416,2026-06-23 05:20:00,2026-06-23 09:52:00,38.24,11166,CARD
L011261,ST003,U00722,2026-07-08 16:06:00,2026-07-08 17:06:00,125.12,40038,APP
L003261,ST029,U01518,2026-04-16 13:50:00,2026-04-16 17:50:00,32.1,9373,MEMBERSHIP
L001372,ST032,U02935,2026-07-05 22:32:00,2026-07-05 23:02:00,37.89,14398,APP
L004071,ST007,U01693,2026-02-03 10:31:00,2026-02-03 10:56:00,45.07,14422,APP
L010206,ST025,U02936,2026-01-16 16:18:00,2026-01-16 23:27:00,29.1,8497,MEMBERSHIP
L005341,ST018,U00146,2026-05-04 04:33:00,2026-05-04 08:15:00,17.05,4979,CARD
L008961,ST027,U01110,2026-03-25 01:50:00,2026-03-25 05:48:00,15.58,4549,CARD
L007665,ST025,U01255,2026-03-24 14:18:00,2026-03-24 22:10:00,42.57,12430,APP
L006170,ST034,U00845,2026-06-02 11:44:00,2026-06-02 12:23:00,111.92,42530,APP
L004591,ST028,U01239,20260303080200,2026-03-03 08:49:00,65.75,21040, APP 
L009288,ST027,U01248,2026/05/02 00:22:00,2026-05-02 05:14:00,30.65,8950,APP
L009164,ST014,U02088,2026-07-02 09:56:00,2026-07-02 10:48:00,34.09,12954,APP
L008599,ST034,U00316,2026/03/27 04:40:00,2026-03-27 05:05:00,72.27,27463,MEMBERSHIP
L000673,ST017,U00576,2026-07-20 02:53:00,2026-07-20 09:54:00,39.9,11651,MEMBERSHIP
L002132,ST031,U01067,2026-04-19 03:46:00,2026-04-19 04:17:00,54.73,20797,APP
L010292,ST002,U01867,20260509122200,2026-05-09 19:27:00,44.52,13000,MEMBERSHIP
L008977,ST024,U01198,2026-04-06 16:55:00,2026-04-06 17:19:00,68.27,23690,APP
L005933,ST010,U02051,2026/07/12 20:33:00,2026-07-13 03:09:00,31.54,9210,APP
L011920,ST034,U01558,2026/01/17 01:27:00,2026-01-17 02:25:00,141.45,53751,MEMBERSHIP
L005233,ST009,U01159,2026-07-18 04:02:00,2026-07-18 04:41:00,28.45,9872,MEMBERSHIP
L005127,ST016,U02669,2026-07-29 03:41:00,2026-07-29 10:01:00,29.76,7589,APP
L002225,ST024,U00342,2026-04-24 01:01:00,2026-04-24 01:44:00,83.22,28877,CARD
L011986,ST015,U00777,2026-01-29 12:43:00,2026-01-29 13:25:00,57.99,18557,APP
L009737,ST020,U02887,2026-07-10 18:25:00,2026-07-10 19:10:00,26.64,8525, APP 
L005425,ST030,U01122,20260317132200,2026-03-17 13:42:00,50.76,16243,MEMBERSHIP
L000157,ST033,U01400,2026-06-19 11:05:00,2026-06-19 12:00:00,113.15,36208,APP
L010829,ST024,U00236,2026-05-08 11:46:00,2026-05-08 12:42:00,132.55,45995,MEMBERSHIP
L002962,ST029,U02295,20260609211300,2026-06-10 04:02:00,54.49,15911,CARD
L003128,ST036,U00245,2026-06-19 19:25:00,2026-06-19 23:46:00,36.21,10573,card
L007231,ST020,U01739,2026-07-22 05:10:00,2026-07-22 05:39:00,-,5539,APP
L003641,ST015,U01651,2026/03/18 11:22:00,2026-03-18 12:15:00,100.62,32198,MEMBERSHIP
L004243,ST008,U01667,2026-02-20 20:22:00,2026-02-21 01:39:00,22.42,5717,card
L009607,ST034,U01343,2026-04-26 04:45:00,2026-04-26 05:23:00,N/A,32387,APP
L001612,ST021,U01304,2026-03-11 12:31:00,2026-03-11 15:55:00,19.79,5779,APP
L004313,ST033,U00707,2026-04-17 07:39:00,2026-04-17 08:36:00,106.86,34195,APP
L002929,ST032,U00580,2026/05/06 05:27:00,2026-05-06 06:27:00,84.3,32034,MEMBERSHIP
L002539,ST027,U02739,2026-06-07 09:00:00,2026-06-07 11:00:00,10.33,3016,APP
L008322,ST025,U00804,2026/06/14 03:15:00,2026-06-14 10:54:00,43.92,12825,CARD
L005328,ST025,U00841,2026-04-23 10:35:00,2026-04-23 16:19:00,-,6696,Card
L007637,ST004,U01337,2026/06/19 18:35:00,2026-06-19 19:34:00,104.24,33357,app
L001728,ST004,U02154,2026-01-15 05:23:00,2026-01-15 06:12:00,82.68,26458,CARD
L011682,ST003,U02422,2026-04-25 22:34:00,2026-04-25 23:24:00,110.41,35331,APP
L000903,ST013,U00815,2026-04-07 02:09:00,2026-04-07 02:30:00,51.22,16390,MEMBERSHIP
L007351,ST038,U02611,2026-02-25 23:21:00,2026-02-25 23:59:00,84.96,27187,MEMBERSHIP
L011416,ST031,U01931,2026-07-18 13:26:00,2026-07-18 14:09:00,77.06,29283,Card
L001614,ST014,U00427,2026/07/28 00:04:00,2026-07-28 01:00:00,39.36,14957,MEMBERSHIP
L005035,ST030,U02139,2026-01-15 14:19:00,2026-01-15 14:45:00,69.51,22243,APP
L000021,ST005,U01892,2026-04-03 20:51:00,2026-04-03 21:43:00,101.1,32352,MEMBERSHIP
L010045,ST007,U01480,2026/04/27 02:52:00,2026-04-27 03:21:00,58.33,18666,MEMBERSHIP
L002137,ST029,U00406,2026-05-29 02:57:00,2026-05-29 10:14:00,52.99,15473,MEMBERSHIP
L004387,ST026,U00235,2026-06-27 20:44:00,2026-06-27 21:05:00,56.81,21588,APP
L006468,ST010,U01565,2026-04-13 03:05:00,2026-04-13 07:33:00,24.15,7052,CARD
L002829,ST011,U01737,2026-01-29 10:42:00,2026-01-29 11:17:00,52.4,16768,membership
L010612,ST025,U01090,20260623031700,2026-06-23 08:33:00,30.78,8988,CARD
L001587,ST020,U02405,2026-06-06 06:56:00,2026-06-06 07:40:00,26.51,8483,MEMBERSHIP
L002178,ST040,U02439,2026/05/09 05:27:00,2026-05-09 10:48:00,38.35,11198,APP
L005071,ST034,U01695,20260220002300,2026-02-20 01:13:00,96.9,36822,CARD
L007681,ST007,U02922,2026-03-14 21:52:00,2026-03-14 22:16:00,41.69,13341,CARD
L001298,ST013,U02379,2026/02/15 21:51:00,2026-02-15 22:16:00,57.47,18390,CARD
L002841,ST016,U02369,2026-04-15 22:59:00,2026-04-16 01:21:00,12.54,3198,MEMBERSHIP
L001540,ST019,U00032,2026-04-07 18:33:00,2026-04-07 19:26:00,110.21,,CARD
L007205,ST017,U01318,2026-06-24 00:07:00,2026-06-24 05:38:00,24.11,7040,CARD
L011979,ST039,U00241,2026-02-09 16:43:00,2026-02-09 17:42:00,34.91,12114,MEMBERSHIP
L003532,ST007,U00838,2026/07/28 22:55:00,2026-07-28 23:38:00,71.97,23030,CARD
L010273,ST020,U00354,20260418162900,2026-04-18 17:09:00,21.58,6906,CARD
L001342,ST002,U00599,2026-02-24 09:17:00,2026-02-24 11:47:00,18.35,5358,CARD
L008097,ST025,U02229,2026-05-15 06:30:00,2026-05-15 04:46:00,16.7,4876,MEMBERSHIP
L005443,ST008,U01458,2026-05-18 00:32:00,2026-05-18 02:32:00,11.45,2920,MEMBERSHIP
L002009,ST039,U00085,2026-06-03 00:16:00,2026-06-03 00:55:00,18.16,6302,APP
L002816,ST033,U02253,20260111135300,2026-01-11 14:20:00,49.67,-15894,CARD
L011491,ST002,U01546,2026/03/11 16:48:00,2026-03-11 20:52:00,3566.0,10413,APP
L000033,ST016,U02051,2026-06-26 20:10:00,2026-06-27 02:53:00,37.75,9626,APP
L004714,ST028,U01000,2026-04-04 03:34:00,2026-04-04 04:18:00,51.85,16592,CARD
L002071,ST002,U02909,2026-05-13 12:47:00,2026-05-13 18:34:00,35.57,10386,APP
L011775,ST014,U01263,2026-01-03 15:03:00,2026-01-03 15:40:00,19.15,7277,APP
L010299,ST003,U02209,2026-06-21 21:09:00,2026-06-21 21:48:00,86.89,27805,APP
L001565,ST035,U02164,2026-01-29 06:15:00,2026-01-29 09:45:00,23.94,6105,CARD
L009678,ST003,U00770,2026-04-03 10:53:00,2026-04-03 11:46:00,96.8,30976,CARD
L006717,ST011,U01803,2026-03-03 09:56:00,2026-03-03 10:27:00,46.71,14947,APP
L002463,ST014,U01074,2026/03/24 23:04:00,2026-03-24 23:45:00,27.48,10442,MEMBERSHIP
L008375,ST040,U00379,2026-02-01 21:11:00,2026-02-02 01:48:00,32.63,9528,APP
L007747,ST034,U02106,2026-02-19 09:49:00,2026-02-19 10:24:00,93.56,35553,CARD
L001947,ST035,U00360,2026-05-23 19:03:00,2026-05-23 21:05:00,16.95,4322, APP 
L002439,ST020,U01115,2026-07-05 13:39:00,2026-07-05 14:26:00,31.67,10134,APP
L006649,ST002,U02429,2026-05-12 05:52:00,2026-05-12 09:55:00,31.3,9140,CARD
L011969,ST027,U00599,2026/05/26 02:48:00,2026-05-26 08:46:00,32.81,9581,MEMBERSHIP
L006727,ST031,U00135,2026-02-28 06:50:00,2026-02-28 07:23:00,69.27,26323,APP
L008294,ST014,U02099,2026-02-23 22:40:00,2026-02-23 23:30:00,25.23,9587,MEMBERSHIP
L005761,ST028,U01660,2026-05-23 19:31:00,2026-05-23 20:30:00,78.88,25242,CARD
L006432,ST031,U00541,2026-05-21 02:56:00,2026-05-21 03:21:00,50.16,19061,APP
L009414,ST011,U02302,2026-02-16 05:40:00,2026-02-16 06:01:00,37.27,,APP
L010175,ST030,U01882,2026-06-01 16:11:00,2026-06-01 16:55:00,131.82,42182,MEMBERSHIP
L000885,ST039,U01588,20260320060000,2026-03-20 06:28:00,13.28,4608,CARD
L003975,ST034,U02481,2026-06-06 17:27:00,2026-06-06 17:51:00,58.51,,MEMBERSHIP
L011332,ST036,U02534,2026-07-09 04:23:00,2026-07-09 08:52:00,41.32,12065,APP
L001203,ST036,U02325,2026-06-09 01:16:00,2026-06-09 05:24:00,39.07,11408,MEMBERSHIP
L006129,ST013,U00349,2026-04-10 11:47:00,2026-04-10 12:40:00,123.01,39363,APP
L006271,ST040,U01264,2026-01-06 08:28:00,2026-01-06 15:21:00,49.13,14346,APP
L009191,ST010,U01367,2026-04-03 04:55:00,2026-04-03 11:35:00,27.36,7989,Card
L008722,ST038,U00005,2026-07-11 00:03:00,2026-07-11 00:32:00,68.19,21821,CARD
L004765,ST006,U01011,2026-04-29 05:41:00,2026-04-29 09:48:00,21.69,6333,APP
L011098,ST026,U01332,2026/03/18 22:17:00,2026-03-18 23:04:00,125.06,47523,CARD
L009170,ST025,U02533,2026-02-07 13:57:00,2026-02-07 16:48:00,17.5,5110,card
L010338,ST017,U01654,2026-01-07 07:12:00,2026-01-07 09:53:00,13.87,4050,MEMBERSHIP
L008667,ST009,U00748,2026-02-21 13:08:00,2026-02-21 14:05:00,,14813,MEMBERSHIP
L004943,ST023,U01137,2026/05/27 07:58:00,2026-05-27 08:56:00,41.03,13130, APP 
L011465,ST022,U02936,2026-04-23 15:12:00,2026-04-23 13:29:00,42.51,14751,MEMBERSHIP
L008172,ST038,U02664,2026-04-17 19:55:00,2026-04-17 20:27:00,60.54,19373,MEMBERSHIP
L003313,ST023,U02881,2026/03/08 05:16:00,2026-03-08 05:43:00,18.18,5818,CARD
L011010,ST033,U00527,2026-01-10 10:52:00,2026-01-10 11:12:00,36.59,11709,CARD
L002092,ST014,U02803,2026/04/08 23:56:00,2026-04-09 00:19:00,16.95,6441,APP
L004503,ST027,U01487,20260314100300,2026-03-14 16:00:00,37.0,10804,membership
L006294,ST022,U00039,2026/01/01 08:48:00,2026-01-01 09:35:00,77.02,26726,MEMBERSHIP
L010047,ST002,U00692,2026-01-20 17:13:00,2026-01-21 00:43:00,59.21,17289,CARD
L007515,ST040,U01509,2026-01-10 06:51:00,2026-01-10 09:02:00,15.53,4535,CARD
L010114,ST022,U01527,2026/03/08 11:32:00,2026-03-08 11:58:00,55.96,19418,APP
L002069,ST006,U01560,2026-06-18 03:34:00,2026-06-18 09:23:00,26.77,7817,CARD
L001457,ST021,U00781,2026-07-03 00:19:00,2026-07-03 03:19:00,18.36,5361,APP
L009465,ST023,U01757,20260226161600,2026-02-26 16:59:00,22.68,7258,CARD
L002437,ST040,U01885,2026/07/27 15:13:00,2026-07-27 21:09:00,50.03,14609,MEMBERSHIP
L011002,ST010,U00695,2026-05-15 19:53:00,2026-05-16 02:21:00,26.94,7866,APP
L005503,ST022,U00894,2026-07-01 23:04:00,2026-07-01 23:51:00,66.92,23221,CARD
L004367,ST023,U02800,20260414035900,2026-04-14 04:56:00,29.87,9558,MEMBERSHIP
L000182,ST024,U02582,2026-06-24 07:51:00,2026-06-24 08:47:00,129.61,44975,CARD
L003187,ST031,U00740,2026-06-06 05:26:00,2026-06-06 06:17:00,76.52,29078,CARD
L011013,ST031,U00651,2026-04-17 00:06:00,2026-04-17 00:52:00,103.15,39197,CARD
L004671,ST001,U01966,2026-01-13 17:35:00,2026-01-13 18:01:00,53.48,20322,CARD
L009882,ST012,U02206,2026-02-19 09:13:00,2026-02-19 10:00:00,31.03,9930,MEMBERSHIP
L010724,ST012,U00772,2026-05-05 11:42:00,2026-05-05 12:22:00,19.12,6118,MEMBERSHIP
L005953,ST017,U00820,2026-03-17 17:22:00,2026-03-17 23:43:00,31.96,9332,membership
L011305,ST013,U01479,2026-04-06 20:10:00,2026-04-06 20:57:00,129.3,41376,MEMBERSHIP
L005720,ST033,U01360,2026/07/04 17:45:00,2026-07-04 18:40:00,109.95,35184,MEMBERSHIP
L004536,ST005,U01392,2026-06-04 22:23:00,2026-06-04 23:20:00,151.59,48509,CARD
L000797,ST012,U02616,2026/05/30 01:30:00,2026-05-30 02:21:00,29.23,9354,MEMBERSHIP
L010580,ST014,U02243,2026/05/19 01:10:00,2026-05-19 01:42:00,17.47,6639,MEMBERSHIP
L007387,ST005,U02816,2026/02/12 02:49:00,2026-02-12 03:47:00,107.97,34550,CARD
L011562,ST026,U01584,20260304233700,2026-03-05 00:32:00,135.35,51433,APP
L001432,ST022,U00473,2026-07-29 03:42:00,2026-07-29 04:25:00,79.92,27732,MEMBERSHIP
L002835,ST024,U00430,2026-01-17 02:43:00,2026-01-17 03:29:00,128.79,44690,CARD
L004131,ST021,U02353,2026-03-29 16:55:00,2026-03-29 21:14:00,23.37,6824,MEMBERSHIP
L005824,ST038,U00888,2026-01-02 00:56:00,2026-01-02 01:26:00,78.97,25270,MEMBERSHIP
L004543,ST038,U02349,2026-07-03 06:39:00,2026-07-03 07:04:00,64.3,20576,CARD
L005859,ST021,U01260,2026-07-01 23:13:00,2026-07-02 03:59:00,22.05,6439,CARD
L008887,ST021,U01097,2026-06-12 16:59:00,2026-06-12 20:40:00,17.85,5212,APP
L008303,ST023,U02271,2026-02-13 05:33:00,2026-02-13 06:17:00,26.07,8342,CARD
L005068,ST022,U02809,20260329145400,2026-03-29 15:54:00,99.37,34481,CARD
L004143,ST999,U01095,2026-01-16 22:06:00,2026-01-17 04:57:00,42.39,10809,APP
L010831,ST015,U02420,2026-06-28 18:15:00,2026-06-28 19:12:00,104.63,33482,APP
L002476,ST029,U00119,2026-06-08 22:22:00,2026-06-09 01:00:00,19.78,5776,MEMBERSHIP
L002866,ST016,U02949,20260601052500,2026-06-01 07:49:00,13.15,3353,CARD
L010708,ST034,U02085,2026-01-24 23:46:00,2026-01-25 00:41:00,157.13,59709,APP
L002500,ST006,U01835,2026-06-23 13:53:00,2026-06-23 21:03:00,31.27,9131,APP
L005369,ST006,U01468,20260323185500,2026-03-24 00:18:00,25.17,7350,MEMBERSHIP
L003765,ST017,U00530,2026/06/26 08:59:00,2026-06-26 16:48:00,34.39,10042,CARD
L002747,ST002,U02061,20260510235200,2026-05-11 05:45:00,36.31,10603,CARD
L002660,ST010,U02124,2026-01-13 09:12:00,2026-01-13 15:36:00,30.89,9020,MEMBERSHIP
L008657,ST009,U02732,20260619085400,2026-06-19 09:32:00,18.26,6336,MEMBERSHIP
L011042,ST009,U00276,20260206154900,2026-02-06 16:11:00,13.93,4834,CARD
L011885,ST035,U01771,2026-05-01 09:01:00,2026-05-01 15:29:00,39.85,10162,MEMBERSHIP
L011570,ST006,U02215,2026-06-28 05:21:00,2026-06-28 10:47:00,26.25,7665,MEMBERSHIP
L011578,ST035,U02716,2026-05-31 21:55:00,2026-06-01 02:42:00,31.07,7923,CARD
L005104,ST012,U01292,2026-02-24 06:31:00,2026-02-24 06:53:00,10.87,,MEMBERSHIP
L003078,ST026,U02319,2026-02-24 03:59:00,2026-02-24 04:36:00,110.49,,MEMBERSHIP
L005241,ST023,U02483,2026/06/26 09:55:00,2026-06-26 10:20:00,18.24,5837,APP
L010630,ST011,U00326,20260517205100,2026-05-17 21:35:00,74.9,23968,MEMBERSHIP
L004037,ST018,U01023,2026-04-12 07:29:00,2026-04-12 13:37:00,31.31,9143,APP
L002135,ST039,U01315,2026-04-23 19:19:00,2026-04-23 19:50:00,17.4,6038,APP
L000826,ST039,U01860,2026-06-28 15:00:00,2026-06-28 15:27:00,14.89,5167,CARD
L006362,ST032,U02657,2026-02-05 12:35:00,2026-02-05 12:58:00,24.75,9405,APP
L010719,ST018,U01004,2026/01/23 08:42:00,2026-01-23 12:55:00,22.75,6643,APP
L003929,ST020,U01458,2026-02-06 09:48:00,2026-02-06 10:34:00,23.9,7648,APP
L008772,ST024,U02653,2026-04-02 17:19:00,2026-04-02 17:44:00,60.4,20959,CARD
L007620,ST013,U02558,2026-04-04 04:50:00,2026-04-04 05:41:00,101.58,32506,CARD
L009015,ST033,U02924,2026-05-01 07:51:00,2026-05-01 08:38:00,87.61,28035,CARD
L009211,ST020,U02925,2026-06-08 14:23:00,2026-06-08 15:06:00,26.65,8528,APP
L002067,ST015,U01575,2026-05-24 02:27:00,2026-05-24 03:18:00,75.87,24278,MEMBERSHIP
L010497,ST014,U02268,2026-02-18 04:37:00,2026-02-18 05:10:00,23.33,8865,APP
L005718,ST001,U00427,20260716154100,2026-07-16 16:40:00,113.34,43069,APP
L006973,ST025,U01335,2026-06-26 11:25:00,2026-06-26 15:56:00,25.82,7539,MEMBERSHIP
L007196,ST020,U00150,2026/04/10 02:41:00,2026-04-10 03:30:00,28.22,9030,MEMBERSHIP
L004010,ST020,U00599,2026-07-28 01:14:00,2026-07-28 01:58:00,25.67,8214,MEMBERSHIP
L002223,ST038,U02077,2026/06/08 17:47:00,2026-06-08 18:24:00,74.22,23750,CARD
L007268,ST038,U00981,2026-06-17 12:57:00,2026-06-17 13:39:00,112.78,36090,MEMBERSHIP
L011831,ST010,U01725,2026-02-24 22:21:00,2026-02-25 05:53:00,42.4,12381, APP 
L010188,ST028,U02678,2026-01-07 00:46:00,2026-01-07 01:19:00,47.15,,MEMBERSHIP
L007580,ST028,U02708,2026-01-06 14:18:00,2026-01-06 14:45:00,36.59,11709,CARD
L005175,ST021,U01914,2026-07-09 10:59:00,2026-07-09 13:53:00,15.34,4479,CARD
L000586,ST038,U01406,2026/02/13 20:16:00,2026-02-13 20:49:00,80.71,25827,MEMBERSHIP
L011951,ST024,U00683,2026-06-26 12:47:00,2026-06-26 13:28:00,91.74,31834,CARD
L010445,ST040,U00187,2026-02-15 14:44:00,2026-02-15 18:19:00,28.8,"8,410",CARD
L000264,ST030,U01905,2026-07-07 00:53:00,2026-07-07 01:39:00,116.5,37280,CARD
L003844,ST017,U01974,2026-06-30 16:58:00,2026-06-30 19:36:00,14.44,4216,APP
L004555,ST012,U00964,2026-01-04 19:04:00,2026-01-04 19:52:00,23.13,,Card
L005653,ST003,U01395,2026-06-28 23:20:00,2026-06-29 00:17:00,109.96,35187,CARD
L008439,ST026,U00551,2026-01-10 22:01:00,2026-01-10 22:22:00,59.29,22530,CARD
L010055,ST037,U01207,2026-06-24 14:23:00,2026-06-24 15:16:00,102.68,35630,MEMBERSHIP
L010396,ST001,U00242,2026-03-10 07:56:00,2026-03-10 08:41:00,98.24,37331,MEMBERSHIP
L006040,ST012,U00919,2026-06-09 01:15:00,2026-06-09 01:48:00,22.41,7171,APP
L010234,ST038,U00816,2026-06-17 13:33:00,2026-06-17 14:24:00,143.81,46019,MEMBERSHIP
L005628,ST038,U02193,2026-05-04 20:52:00,2026-05-04 21:22:00,7357.0,23542,MEMBERSHIP
L002054,ST030,U01038,2026-03-31 20:48:00,2026-03-31 21:10:00,44.77,14326,MEMBERSHIP
L007222,ST026,U00063,2026-02-12 07:36:00,2026-02-12 08:35:00,115.55,43909,MEMBERSHIP
L010538,ST024,U01166,2026/03/09 02:24:00,2026-03-09 03:05:00,115.75,40165,MEMBERSHIP
L001945,ST018,U01750,2026-01-28 00:44:00,2026-01-28 04:18:00,20.82,6079,CARD
L010865,ST038,U01103,2026-07-17 00:41:00,2026-07-17 01:14:00,84.21,26947,CARD
L008660,ST026,U01949,2026-04-11 05:41:00,2026-04-11 06:16:00,6630.0,25194,APP
L006173,ST010,U00528,2026/02/15 15:38:00,2026-02-15 17:39:00,11.77,3437,CARD
L011602,ST017,U00846,2026-01-07 17:40:00,2026-01-07 21:38:00,20.02,5846,CARD
L003234,ST005,U01230,2026-04-07 01:58:00,2026-04-07 02:21:00,59.87,19158,APP
L011881,ST034,U01470,2026-04-13 23:12:00,2026-04-14 00:11:00,114.9,43662,APP
L009688,ST030,U01068,20260218212700,2026-02-18 22:14:00,131.3,42016,CARD
L004929,ST040,U01658,2026-05-30 11:46:00,2026-05-30 17:36:00,51.98,15178,MEMBERSHIP
L000737,ST015,U02723,2026-05-23 22:57:00,2026-05-23 23:33:00,61.85,19792,CARD
L010312,ST019,U00028,2026-07-24 08:23:00,2026-07-24 08:52:00,53.72,18641,APP
L009550,ST027,U02678,2026/05/21 08:31:00,2026-05-21 15:00:00,33.22,9700,APP
L006603,ST034,U01429,2026/06/11 14:47:00,2026-06-11 15:33:00,102.9,39102,app
L000288,ST004,U00722,2026/01/12 12:27:00,2026-01-12 13:10:00,86.58,,APP
L002467,ST024,U02066,2026-01-19 01:27:00,2026-01-19 02:03:00,95.65,33191,APP
L000192,ST020,U01323,2026-03-04 06:07:00,2026-03-04 06:29:00,12.86,4115,CARD
L002507,ST017,U02301,2026-01-14 18:33:00,2026-01-14 21:59:00,19.41,5668,MEMBERSHIP
L011045,ST035,U02497,2026-06-17 09:50:00,2026-06-17 14:08:00,31.17,7948,Card
L006957,ST021,U00858,2026-07-20 08:43:00,2026-07-20 12:52:00,19.01,5551,CARD
L003126,ST030,U01821,2026-04-22 11:43:00,2026-04-22 12:12:00,78.85,25232,APP
L006083,ST013,U00661,2026-05-21 18:32:00,2026-05-21 19:07:00,72.17,23094,CARD
L007040,ST004,U00607,2026-05-06 03:13:00,2026-05-06 03:37:00,43.48,13914,APP
L008789,ST023,U00559,2026-02-05 09:46:00,2026-02-05 10:36:00,36.65,11728,APP
L004028,ST013,U02924,2026/07/02 00:17:00,2026-07-02 01:14:00,110.64,35405,APP
L001656,ST028,U00630,2026-03-08 11:45:00,2026-03-08 12:37:00,50.01,16003,MEMBERSHIP
L006521,ST027,U01307,2026-06-10 12:24:00,2026-06-10 18:35:00,35.99,10509,APP
L005125,ST012,U01488,2026-04-03 01:05:00,2026-04-03 02:05:00,28.47,9110,MEMBERSHIP
L001504,ST013,U00167,2026-06-15 04:07:00,2026-06-15 04:42:00,81.85,26192,MEMBERSHIP
L006397,ST012,U01963,2026-03-16 03:32:00,2026-03-16 04:18:00,-,8822,APP
L005864,ST024,U01356,20260705074500,2026-07-05 08:40:00,122.54,42521,APP
L002579,ST019,U02247,2026-02-16 23:38:00,2026-02-17 00:03:00,68.96,23929,CARD
L010926,ST006,U00274,2026-02-15 14:01:00,2026-02-15 16:10:00,10.62,3101,MEMBERSHIP
L005695,ST002,U02029,2026-05-22 20:33:00,2026-05-22 23:48:00,23.36,6821,app
L005161,ST003,U02570,2026-03-20 19:20:00,2026-03-20 19:54:00,N/A,16595,app
L011554,ST010,U02957,2026-05-10 10:27:00,2026-05-10 15:27:00,22.09,6450,CARD
L005670,ST016,U00884,2026/04/08 21:54:00,2026-04-09 04:52:00,42.8,10914,MEMBERSHIP
L005901,ST035,U02799,2026-05-18 18:16:00,2026-05-18 20:55:00,19.85,5062,MEMBERSHIP
L001833,ST037,U01816,2026-02-17 23:46:00,2026-02-18 00:20:00,60.61,21032,APP
L009000,ST031,U01239,2026-01-12 21:08:00,2026-01-12 21:38:00,64.17,24385,APP
L007703,ST034,U01559,2026-07-12 22:05:00,2026-07-12 22:31:00,72.82,27672,MEMBERSHIP
L008182,ST022,U00691,2026-04-25 16:09:00,2026-04-25 17:04:00,122.34,42452,APP
L011537,ST014,U01297,2026-07-13 23:39:00,2026-07-14 00:01:00,12.39,4708,CARD
L010227,ST015,U02843,2026-05-02 15:18:00,2026-05-02 15:41:00,40.38,12922,APP
L010552,ST026,U01022,2026-05-27 05:15:00,2026-05-27 05:41:00,,,APP
L007372,ST018,U01112,2026-04-22 08:14:00,2026-04-22 10:43:00,10.8,3154,APP
L001668,ST007,U01969,2026/05/10 22:43:00,2026-05-10 23:05:00,33.65,10768,CARD
L005506,ST007,U00637,2026/03/06 02:46:00,2026-03-06 03:14:00,56.76,18163,CARD
L007711,ST027,U00877,2026-04-21 20:58:00,2026-04-21 20:17:00,30.81,8997,APP
L004140,ST025,U00960,2026-01-21 12:04:00,2026-01-21 17:11:00,27.81,8121,MEMBERSHIP
L011280,ST013,U02302,2026-07-06 11:51:00,2026-07-06 12:38:00,107.61,34435,APP
L007761,ST027,U00172,2026-05-06 02:30:00,2026-05-06 07:33:00,30.48,8900,CARD
L000848,ST012,U02645,2026-06-09 12:30:00,2026-06-09 13:27:00,34.82,11142,APP
L008245,ST032,U02053,2026-07-20 12:47:00,2026-07-20 13:29:00,60.96,23165,MEMBERSHIP
L002462,ST027,U02562,2026-06-21 09:04:00,2026-06-21 15:09:00,28.03,8185,MEMBERSHIP
L009649,ST026,U00075,2026-07-18 21:09:00,2026-07-18 22:02:00,114.61,,APP
L003547,ST021,U02134,2026-04-22 21:26:00,2026-04-23 03:22:00,35.39,10334,app
L003917,ST007,U00194,2026-03-23 10:26:00,2026-03-23 11:25:00,114.14,36525,MEMBERSHIP
L002287,ST012,U02566,2026-02-28 19:58:00,2026-02-28 20:44:00,26.28,8410,CARD
L007577,ST020,U01546,2026-05-05 23:33:00,2026-05-06 00:23:00,28.65,9168,MEMBERSHIP
L006263,ST007,U01384,2026-02-22 19:57:00,2026-02-22 20:21:00,52.27,16726,MEMBERSHIP
L008984,ST005,U00879,2026/01/12 16:48:00,2026-01-12 17:26:00,85.17,27254,MEMBERSHIP
L007097,ST031,U02784,2026-06-18 22:41:00,2026-06-18 23:19:00,85.36,32437,MEMBERSHIP
L009024,ST003,U01017,2026-04-14 06:23:00,2026-04-14 06:53:00,50.26,16083,MEMBERSHIP
L010399,ST031,U02444,2026-07-15 15:40:00,2026-07-15 16:11:00,64.92,24670,APP
L002346,ST036,U01594,2026-02-27 19:18:00,2026-02-27 23:09:00,25.82,7539,MEMBERSHIP
L001617,ST015,U00889,2026/04/14 22:37:00,2026-04-14 23:02:00,41.93,13418,MEMBERSHIP
L005675,ST038,U00791,2026-07-19 00:09:00,2026-07-19 00:57:00,109.4,35008,CARD
L010440,ST030,U00718,2026-03-23 23:11:00,2026-03-23 23:32:00,53.41,17091,MEMBERSHIP
L009025,ST037,U01584,2026-06-13 08:10:00,2026-06-13 08:41:00,69.24,24026,APP
L011317,ST022,U02442,2026-05-07 04:13:00,2026-05-07 04:48:00,67.54,23436,APP
L005112,ST025,U00492,2026-04-15 06:23:00,2026-04-15 12:13:00,29.4,8585,CARD
L005449,ST027,U00260,2026/07/15 02:17:00,2026-07-15 07:38:00,26.2,7650,CARD
L009276,ST009,U00019,2026-03-22 03:24:00,2026-03-22 04:10:00,28.83,,MEMBERSHIP
L001431,ST005,U00886,2026-07-26 19:19:00,2026-07-26 20:16:00,133.21,42627,MEMBERSHIP
L011509,ST032,U01997,2026-03-15 13:57:00,2026-03-15 14:43:00,63.47,24119,CARD
L009141,ST033,U00828,2026-03-11 03:09:00,2026-03-11 03:57:00,81.29,26013,MEMBERSHIP
L006524,ST003,U00906,2026-03-31 15:59:00,2026-03-31 16:55:00,78.65,25168,MEMBERSHIP
L006662,ST022,U00517,2026-06-18 17:30:00,2026-06-18 18:10:00,83.95,29131,CARD
L007720,ST016,U01816,2026/06/03 05:52:00,2026-06-03 08:14:00,9.65,2461,MEMBERSHIP
L004468,ST007,U00758,2026-06-10 17:51:00,2026-06-10 18:24:00,58.56,18739,APP
L001835,ST030,U00701,2026-03-31 00:50:00,2026-03-31 01:46:00,144.59,46269,MEMBERSHIP
L003411,ST039,U01946,2026-03-31 18:45:00,2026-03-31 19:32:00,22.77,7901,MEMBERSHIP
L010690,ST031,U02690,2026-04-01 14:20:00,2026-04-01 15:04:00,65.17,24765,CARD
L003926,ST007,U02936,2026/05/12 20:23:00,2026-05-12 21:02:00,85.76,27443,APP
L001804,ST033,U02988,2026-02-18 00:57:00,2026-02-18 01:46:00,72.72,23270,MEMBERSHIP
L010167,ST027,U02555,2026-04-05 08:26:00,2026-04-05 16:06:00,46.94,13706,APP
L010922,ST022,U00335,2026-07-22 05:13:00,2026-07-22 05:45:00,60.97,21157,CARD
L000036,ST001,U00809,2026-01-15 05:48:00,2026-01-15 06:38:00,88.98,33812,APP
L010693,ST022,U02690,2026-07-24 02:12:00,2026-07-24 02:54:00,80.58,27961,CARD
L002789,ST999,U00419,2026-05-11 02:54:00,2026-05-11 03:26:00,58.91,22386,APP
L005244,ST035,U02903,2026-01-18 21:49:00,2026-01-19 03:03:00,39.91,10177,MEMBERSHIP
L001589,ST029,U01063,2026-06-27 09:57:00,2026-06-27 14:39:00,38.38,11207,MEMBERSHIP
L008140,ST022,U02018,2026-07-29 15:50:00,2026-07-29 16:48:00,102.94,35720,CARD
L008032,ST021,U01392,20260412055000,2026-04-12 11:31:00,30.97,9043,APP
L009216,ST033,U01783,2026-07-16 04:14:00,2026-07-16 05:04:00,105.28,33690,MEMBERSHIP
L009203,ST016,U02834,2026/01/27 18:35:00,2026-01-28 00:25:00,35.01,8928,MEMBERSHIP
L000028,ST016,U01605,2026-03-14 12:54:00,2026-03-14 15:47:00,13.68,3488,APP
L010086,ST024,U00282,2026-04-19 11:24:00,2026-04-19 11:45:00,47.09,16340,MEMBERSHIP
L000429,ST008,U01088,20260523231600,2026-05-24 04:23:00,28.52,7273,APP
L005146,ST002,U01818,2026-03-21 19:50:00,2026-03-21 22:38:00,N/A,5396,CARD
L005269,ST032,U00656,2026-04-27 16:40:00,2026-04-27 17:14:00,34.12,12966,APP
L004031,ST011,U01872,2026-01-08 12:41:00,2026-01-08 13:31:00,74.07,23702,APP
L004960,ST011,U01966,2026-04-15 19:02:00,2026-04-15 19:53:00,106.02,33926,MEMBERSHIP
L008787,ST016,U00153,2026-03-29 23:13:00,2026-03-30 03:30:00,22.15,5648,CARD
L005685,ST039,U02072,2026-05-07 23:54:00,2026-05-08 00:21:00,15.82,5490,MEMBERSHIP
L009831,ST018,U02642,2026-01-17 10:23:00,2026-01-17 13:20:00,,4932,CARD
L002830,ST009,U00037,2026-06-24 00:28:00,2026-06-24 01:13:00,25.74,8932,MEMBERSHIP
L000095,ST003,U01902,2026-02-21 10:01:00,2026-02-21 10:26:00,47.59,15229,MEMBERSHIP
L004026,ST037,U01619,2026-01-22 17:14:00,2026-01-22 18:07:00,82.2,28523,MEMBERSHIP
L000096,ST029,U01035,2026-04-12 00:25:00,2026-04-12 07:45:00,55.59,16232,CARD
L003815,ST008,U02854,2026-02-24 04:45:00,2026-02-24 08:53:00,24.53,6255,CARD
L010616,ST031,U01310,2026-02-13 10:00:00,2026-02-13 10:40:00,87.9,33402,MEMBERSHIP
L002586,ST010,U00655,2026-03-06 16:42:00,2026-03-07 00:22:00,33.61,9814,APP
L005115,ST033,U00133,20260325131400,2026-03-25 14:07:00,97.52,31206,APP
L001976,ST033,U00115,2026/03/16 17:47:00,2026-03-16 18:38:00,93.74,29997,CARD
L008307,ST029,U02116,2026/04/02 02:50:00,2026-04-02 09:13:00,47.03,13733,MEMBERSHIP
L010142,ST039,U01060,2026-02-01 19:15:00,2026-02-01 19:50:00,18.85,6541,MEMBERSHIP
L011888,ST038,U00254,2026-06-25 01:55:00,2026-06-25 02:30:00,96.32,30822,CARD
L007916,ST038,U00678,2026-06-11 23:17:00,2026-06-12 00:13:00,156.75,50160,CARD
L007319,ST029,U01942,2026-06-07 10:30:00,2026-06-07 13:46:00,26.32,7685,MEMBERSHIP
L007852,ST010,U01134,2026-04-25 17:51:00,2026-04-26 00:21:00,31.89,9312,MEMBERSHIP
L001019,ST017,U00613,2026-01-29 16:29:00,2026-01-29 23:29:00,27.9,8147,MEMBERSHIP
L002040,ST004,U02466,2026-07-26 19:35:00,2026-07-26 20:26:00,107.0,34240,APP
L003071,ST029,U00186,2026-04-28 00:21:00,2026-04-28 04:06:00,26.84,7837,MEMBERSHIP
L011695,ST002,U01598,2026-02-25 10:47:00,2026-02-25 15:48:00,37.34,10903,APP
L003880,ST003,U01237,2026-05-27 13:40:00,2026-05-27 14:04:00,41.08,13146,CARD
L009295,ST032,U01378,20260428202300,2026-04-28 20:59:00,50.48,19182,app
L003903,ST040,U00244,2026-01-16 04:38:00,2026-01-16 09:07:00,42.14,12305,CARD
L011598,ST018,U00232,2026/05/02 12:58:00,2026-05-02 17:18:00,24.62,7189,APP
L004109,ST027,U01780,2026-03-21 12:17:00,2026-03-21 16:39:00,25.77,7525,MEMBERSHIP
L002499,ST003,U02627,2026-05-11 20:24:00,2026-05-11 21:08:00,87.92,28134,MEMBERSHIP
L003263,ST020,U01747,2026-02-11 02:19:00,2026-02-11 02:54:00,17.33,5546,APP
L008815,ST005,U02879,2026/06/29 04:07:00,2026-06-29 04:49:00,113.72,36390,CARD
L003197,ST027,U02314,2026/06/18 04:09:00,2026-06-18 09:16:00,2674.0,7808,MEMBERSHIP
L006374,ST033,U01185,2026-04-29 18:25:00,2026-04-29 19:19:00,89.39,28605,MEMBERSHIP
L005109,ST031,U00434,2026-02-25 00:26:00,2026-02-25 01:04:00,69.69,26482,CARD
L004084,ST013,U00769,2026-05-02 00:46:00,2026-05-02 01:36:00,139.18,44538,APP
L003012,ST010,U01502,2026-06-03 20:29:00,2026-06-04 01:07:00,28.04,"8,188",membership
L009004,ST001,U02979,2026-01-08 18:45:00,2026-01-08 19:10:00,39.72,15094,CARD
L006725,ST027,U01086,20260208023000,2026-02-08 09:37:00,27.45,"8,015",CARD
L005429,ST031,U01284,2026-01-22 04:58:00,2026-01-22 05:30:00,60.09,22834,MEMBERSHIP
L003684,ST014,U01522,2026-06-01 02:04:00,2026-06-01 02:30:00,12.34,4689,APP
L004594,ST035,U00837,20260307064800,2026-03-07 10:56:00,32.58,8308,APP
L009920,ST018,U00018,2026-02-09 23:28:00,2026-02-10 03:53:00,18.94,5530,card
L001305,ST002,U00792,2026-02-05 16:38:00,2026-02-05 21:34:00,36.38,10623,MEMBERSHIP
L006800,ST030,U02115,2026-04-13 07:35:00,2026-04-13 08:32:00,129.88,41562, APP 
L004276,ST010,U01792,2026-01-06 22:40:00,2026-01-07 02:33:00,19.92,5817,CARD
L009212,ST036,U02327,2026/07/12 14:07:00,2026-07-12 19:28:00,41.29,12057,MEMBERSHIP
L000509,ST021,U01770,2026-02-04 18:32:00,2026-02-04 23:11:00,28.82,8415,CARD
L009209,ST035,U02468,2026-02-01 14:35:00,2026-02-01 18:57:00,31.76,8099,CARD
L001574,ST034,U00793,2026-04-22 15:23:00,2026-04-22 15:55:00,,32870,APP
L000617,ST039,U01584,2026-03-21 00:34:00,2026-03-21 01:26:00,24.07,8352,APP
L003451,ST028,U02848,2026-05-04 07:11:00,2026-05-04 07:59:00,66.56,21299,Card
L009943,ST034,U00929,2026/02/18 04:57:00,2026-02-18 05:30:00,65.68,24958,APP
L010596,ST019,U00105,2026-07-12 05:02:00,2026-07-12 06:02:00,178.1,61801,CARD
L002454,ST022,U02535,2026-01-09 10:25:00,2026-01-09 11:04:00,66.54,23089,CARD
L002022,ST039,U00942,20260517224000,2026-05-17 23:25:00,25.6,8883,card
L002296,ST016,U02796,20260429175400,2026-04-29 20:53:00,18.26,4656,MEMBERSHIP
L010374,ST035,U02323,2026-06-01 14:29:00,2026-06-01 21:47:00,61.53,15690,CARD
L008471,ST021,U01378,2026/03/08 12:15:00,2026-03-08 14:55:00,15.76,4602,CARD
L004581,ST006,U02410,2026-04-27 13:08:00,2026-04-27 19:01:00,23.5,6862,APP
L001830,ST034,U02481,2026-05-12 15:52:00,2026-05-12 16:37:00,86.6,32908,MEMBERSHIP
L002182,ST024,U00415,2026-07-21 16:21:00,2026-07-21 16:51:00,59.81,20754, APP 
L007029,ST017,U00293,20260409073600,2026-04-09 13:16:00,27.35,7986,CARD
L003325,ST003,U00808,2026-05-08 16:03:00,2026-05-08 16:30:00,-,13242,MEMBERSHIP
L010965,ST005,U02102,2026-02-11 08:38:00,2026-02-11 09:23:00,112.51,36003,MEMBERSHIP
L000944,ST009,U02593,2026/02/16 01:45:00,2026-02-16 02:35:00,36.01,12495,MEMBERSHIP
L006442,ST018,U01477,2026-07-26 15:49:00,2026-07-26 18:38:00,17.21,5025,MEMBERSHIP
L010636,ST001,U02338,2026-01-05 01:09:00,2026-01-05 02:05:00,95.47,36279,CARD
L008483,ST039,U00538,2026-01-04 06:42:00,2026-01-04 07:41:00,36.86,12790,APP
L000934,ST007,U02681,2026-02-18 10:21:00,2026-02-18 10:53:00,44.12,14118,MEMBERSHIP
L002567,ST020,U02626,2026-06-29 22:40:00,2026-06-29 23:22:00,2504.0,8013,APP
L010715,ST023,U01091,20260611195900,2026-06-11 20:28:00,17.71,5667,APP
L009789,ST024,U02288,2026-03-29 19:36:00,2026-03-29 20:29:00,137.61,47751,MEMBERSHIP
L003920,ST029,U00474,2026-03-29 08:22:00,2026-03-29 12:18:00,26.42,7715,CARD
L002244,ST014,U00444,2026-03-17 01:02:00,2026-03-17 02:00:00,31.81,12088,APP
L004364,ST038,U01839,2026-01-03 17:09:00,2026-01-03 17:45:00,105.35,33712,CARD
L001109,ST037,U00430,2026/05/18 20:29:00,2026-05-18 21:29:00,98.23,34086,MEMBERSHIP
L010181,ST027,U02104,2026-03-13 11:48:00,2026-03-13 19:35:00,32.85,9592,APP
L005439,ST031,U02067,2026-04-14 13:50:00,2026-04-14 14:47:00,87.89,33398,CARD
L000259,ST018,U01228,2026-03-19 03:25:00,2026-03-19 09:59:00,35.54,10378,APP
L010984,ST002,U00719,20260712143400,2026-07-12 18:07:00,30.64,8947,CARD
L004110,ST034,U01957,2026-02-28 12:23:00,2026-02-28 12:49:00,63.37,24081,APP
L003863,ST007,U01622,2026-07-23 15:15:00,2026-07-23 16:03:00,69.26,22163,CARD
L007652,ST031,U00137,2026-07-25 15:12:00,2026-07-25 15:47:00,56.31,"21,398",CARD
L003252,ST010,U01440,20260627042100,2026-06-27 07:00:00,15.13,4418,APP
L002478,ST031,U00501,2026/03/08 02:37:00,2026-03-08 03:05:00,48.09,18274,MEMBERSHIP
L011146,ST003,U02454,2026-04-13 03:54:00,2026-04-13 04:38:00,74.52,23846,CARD
L011782,ST018,U01643,2026-01-28 03:02:00,2026-01-28 07:57:00,30.36,8865,APP
L007647,ST019,U02414,2026/02/12 05:33:00,2026-02-12 06:03:00,56.52,19612,CARD
L002966,ST029,U01280,2026-07-06 15:01:00,2026-07-06 18:40:00,29.79,8699,CARD
L006733,ST024,U00704,2026-06-01 18:23:00,2026-06-01 18:50:00,66.34,23020,MEMBERSHIP
L006304,ST017,U01441,2026-01-25 07:18:00,2026-01-25 10:24:00,13.61,3974,CARD
L011026,ST028,U01862,2026/05/14 10:03:00,2026-05-14 10:41:00,46.82,14982,APP
L000106,ST030,U02362,2026/06/01 09:56:00,2026-06-01 10:20:00,53.0,16960,membership
L004811,ST012,U02469,2026-02-21 18:12:00,2026-02-21 18:45:00,18.95,6064,CARD
L002869,ST025,U01437,2026-06-17 00:58:00,2026-06-17 05:09:00,-,7659,APP
L003047,ST023,U00159,2026-03-16 14:39:00,2026-03-16 15:24:00,28.77,9206,APP
L005123,ST011,U02293,2026-05-12 11:33:00,2026-05-12 12:18:00,75.14,24045,MEMBERSHIP
L005625,ST033,U02229,2026-05-12 19:00:00,2026-05-12 19:57:00,91.27,29206,APP
L007244,ST012,U00594,2026-01-16 07:13:00,2026-01-16 07:59:00,31.41,10051,CARD
L003177,ST024,U01421,20260117034500,2026-01-17 04:17:00,83.95,29131,MEMBERSHIP
L002758,ST033,U02494,2026-07-19 17:28:00,2026-07-19 18:07:00,67.54,21613,MEMBERSHIP
L009872,ST012,U02722,2026-03-03 20:13:00,2026-03-03 21:11:00,27.99,8957,MEMBERSHIP
L003599,ST038,U01360,2026-01-09 22:26:00,2026-01-09 23:19:00,103.37,33078,CARD
L004968,ST035,U01121,2026-04-26 11:13:00,2026-04-26 17:02:00,52.48,13382,MEMBERSHIP
L011860,ST034,U01349,2026-02-24 09:09:00,2026-02-24 09:51:00,90.04,34215,CARD
L010054,ST040,U00395,2026-01-26 11:29:00,2026-01-26 16:29:00,48.27,14095,APP
L002185,ST034,U01769,2026-03-25 21:04:00,2026-03-25 22:00:00,148.73,56517,MEMBERSHIP
L008042,ST022,U00907,2026-05-05 15:22:00,2026-05-05 16:08:00,79.93,27736,MEMBERSHIP
L009557,ST019,U01824,2026-04-18 20:56:00,2026-04-18 21:55:00,129.0,44763,CARD
L009966,ST003,U02092,2026-01-18 08:39:00,2026-01-18 09:29:00,102.47,32790,CARD
L007377,ST031,U02592,2026/01/02 22:23:00,2026-01-02 23:17:00,113.97,43309,CARD
L003309,ST014,U00563,2026-04-17 18:31:00,2026-04-17 18:58:00,19.64,7463,APP
L000435,ST038,U01200,2026-05-03 02:48:00,2026-05-03 03:45:00,158.87,50838,CARD
L001790,ST018,U00684,2026-04-09 14:20:00,2026-04-09 22:18:00,34.54,10086,CARD
L001399,ST036,U02581,2026-05-14 01:12:00,2026-05-14 03:33:00,21.62,6313,MEMBERSHIP
L001307,ST035,U02355,20260215202800,2026-02-15 23:00:00,15.9,4054,APP
L006337,ST010,U02591,2026-03-19 05:33:00,2026-03-19 12:45:00,43.37,12664,MEMBERSHIP
L005789,ST009,U00063,2026-07-27 22:38:00,2026-07-27 23:24:00,27.99,9713,APP
L011460,ST010,U01104,2026-06-22 07:42:00,2026-06-22 09:52:00,8.45,2467,APP
L000679,ST040,U00445,2026-05-15 07:47:00,2026-05-15 12:13:00,42.58,12433,CARD
L009692,ST031,U00236,20260406083300,2026-04-06 09:07:00,72.47,27539,CARD
L002006,ST018,U02710,2026-03-30 13:54:00,2026-03-30 19:25:00,31.08,9075,MEMBERSHIP
L009374,ST023,U02385,2026-04-24 07:14:00,2026-04-24 08:08:00,26.39,8445,CARD
L008559,ST025,U01333,2026/01/24 19:51:00,2026-01-25 03:10:00,28.96,8456,CARD
L010049,ST039,U02596,2026-06-16 21:20:00,2026-06-16 21:43:00,15.04,5219,APP
L002751,ST010,U00820,2026-05-10 21:38:00,2026-05-11 01:22:00,23.33,6812,card
L005927,ST005,U00555,2026-01-21 20:46:00,2026-01-21 21:19:00,65.52,20966,APP
L007683,ST039,U01095,2026-02-05 15:23:00,2026-02-05 16:21:00,32.38,,APP
L003160,ST015,U01322,2026-01-10 16:25:00,2026-01-10 17:24:00,128.13,41002,APP
L000508,ST001,U02025,2026/03/23 20:09:00,2026-03-23 20:48:00,79.78,30316,APP
L001613,ST019,U02745,2026/05/12 09:46:00,2026-05-12 10:45:00,168.31,58404,APP
L004476,ST038,U01177,2026-05-05 17:43:00,2026-05-05 18:04:00,46.97,15030,CARD
L007298,ST038,U02107,2026/07/25 21:01:00,2026-07-25 21:42:00,122.86,39315,MEMBERSHIP
L007759,ST007,U02391,2026-06-11 03:43:00,2026-06-11 04:16:00,59.47,19030,APP
L002516,ST028,U01308,2026-01-14 16:39:00,2026-01-14 17:35:00,81.37,26038,APP
L008500,ST035,U00112,2026-03-31 09:24:00,2026-03-31 13:37:00,34.48,8792,app
L001233,ST019,U01419,2026-04-02 01:49:00,2026-04-02 02:36:00,138.62,48101,CARD
L005661,ST016,U01860,2026-05-03 14:48:00,2026-05-03 20:03:00,32.25,8224,MEMBERSHIP
L001712,ST023,U02316,2026-03-28 04:28:00,2026-03-28 04:55:00,15.68,5018,CARD
L000005,ST033,U01719,2026-01-26 01:22:00,2026-01-26 02:01:00,63.46,20307,CARD
L009006,ST026,U02006,2026-01-19 18:35:00,2026-01-19 19:09:00,62.56,23773,APP
L009551,ST012,U02489,2026-02-14 01:09:00,2026-02-14 01:40:00,,7434,APP
L008079,ST013,U02083,2026-06-15 23:53:00,2026-06-16 00:26:00,65.14,20845,MEMBERSHIP
L009668,ST032,U02186,2026-05-01 14:18:00,2026-05-01 14:52:00,34.69,13182,CARD
L009244,ST031,U01475,2026-07-26 13:29:00,2026-07-26 14:00:00,49.51,18814,MEMBERSHIP
L003967,ST029,U02839,2026-04-08 00:07:00,2026-04-08 07:30:00,57.58,16813,APP
L007783,ST024,U00975,2026/07/01 07:40:00,2026-07-01 08:12:00,71.97,24974,APP
L004951,ST014,U02572,2026-05-13 01:16:00,2026-05-13 01:50:00,18.93,7193,APP
L011381,ST010,U02707,2026-03-08 08:20:00,2026-03-08 13:28:00,30.58,8929,APP
L002960,ST028,U01283,2026-01-20 09:49:00,2026-01-20 10:45:00,57.75,18480,CARD
L006267,ST016,U00834,2026/07/09 21:58:00,2026-07-10 00:33:00,12.56,3203,MEMBERSHIP
L011237,ST040,U02430,2026-06-28 23:17:00,2026-06-29 03:49:00,41.64,12159,APP
L002269,ST033,U00503,20260330152100,2026-03-30 15:46:00,46.45,14864,APP
L008855,ST012,U02734,2026-07-07 22:22:00,2026-07-07 23:02:00,26.07,8342,APP
L002166,ST001,U02612,2026-04-13 20:13:00,2026-04-13 21:08:00,,42594,CARD
L000427,ST034,U02691,2026-03-16 12:38:00,2026-03-16 12:59:00,41.29,15690,CARD
L009603,ST017,U02725,2026-01-10 12:48:00,2026-01-10 20:40:00,44.36,12953,APP
L003788,ST040,U00779,2026-01-24 11:31:00,2026-01-24 18:28:00,65.41,19100,MEMBERSHIP
L002723,ST031,U00361,2026-06-10 08:59:00,2026-06-10 09:34:00,78.23,29727,MEMBERSHIP
L002588,ST018,U02040,2026-07-01 03:18:00,2026-07-01 05:52:00,15.75,4599,MEMBERSHIP
L010784,ST003,U01359,2026-01-10 00:57:00,2026-01-10 01:20:00,35.4,11328,APP
L000961,ST020,U01067,2026-03-08 01:57:00,2026-03-08 02:30:00,22.5,7200,MEMBERSHIP
L011333,ST025,U00293,2026-07-28 23:44:00,2026-07-29 07:10:00,36.65,10702,CARD
L007156,ST022,U02372,20260128014500,2026-01-28 02:37:00,101.48,,CARD
L001791,ST011,U02668,2026-07-03 22:43:00,2026-07-03 23:29:00,102.96,32947,MEMBERSHIP
L009156,ST032,U01122,2026-05-31 17:59:00,2026-05-31 18:59:00,79.16,30081,APP
L007704,ST025,U01816,2026-03-09 19:21:00,2026-03-09 23:56:00,25.33,7396,CARD
L003634,ST011,U00245,2026-01-20 20:19:00,2026-01-20 21:06:00,88.89,28445,card
L003038,ST038,U01937,2026-02-03 06:31:00,2026-02-03 06:53:00,40.77,13046,MEMBERSHIP
L006808,ST037,U02688,2026-07-03 17:23:00,2026-07-03 18:08:00,68.37,23724,APP
L002766,ST033,U02591,2026-05-06 23:17:00,2026-05-06 23:42:00,35.24,11277,card
L000539,ST011,U02707,20260511012700,2026-05-11 02:24:00,96.72,30950,MEMBERSHIP
L011489,ST030,U02661,2026-04-14 17:10:00,2026-04-14 17:51:00,115.52,36966,app
L009145,ST018,U01330,2026/05/21 23:17:00,2026-05-22 06:30:00,34.55,10089,MEMBERSHIP
L007453,ST012,U02979,2026-03-01 23:05:00,2026-03-01 23:55:00,31.42,10054,CARD
L002256,ST007,U01008,2026-05-16 05:57:00,2026-05-16 06:23:00,49.94,15981,MEMBERSHIP
L004349,ST002,U00976,2026-01-27 22:31:00,2026-01-28 04:01:00,39.49,11531,CARD
L003716,ST025,U02216,2026-01-20 10:11:00,2026-01-20 16:13:00,36.08,10535,MEMBERSHIP
L000210,ST036,U01445,2026-04-30 00:15:00,2026-04-30 04:03:00,25.41,7420,CARD
L010511,ST038,U00663,2026-04-26 01:29:00,2026-04-26 01:56:00,55.5,17760,APP
L000794,ST032,U02546,2026/06/25 17:59:00,2026-06-25 18:31:00,31.41,11936,APP
L008105,ST030,U02681,2026-01-11 18:19:00,2026-01-11 19:03:00,92.64,29645, APP 
L010348,ST039,U00319,2026-04-02 17:44:00,2026-04-02 18:20:00,22.1,7669,CARD
L005488,ST032,U00354,2026-01-09 03:00:00,2026-01-09 03:22:00,27.11,10302,APP
L001402,ST021,U02394,2026-03-02 12:29:00,2026-03-02 17:32:00,28.25,8249,APP
L003580,ST036,U01733,2026-05-02 23:20:00,2026-05-03 06:16:00,45.21,13201,APP
L004000,ST039,U00637,2026-02-26 16:54:00,2026-02-26 17:14:00,14.29,4959,APP
L004777,ST017,U02132,2026/06/25 14:30:00,2026-06-25 22:19:00,30.59,8932,MEMBERSHIP
L000883,ST037,U00569,2026/06/05 04:00:00,2026-06-05 04:41:00,86.43,29991,APP
L003824,ST002,U00846,2026-06-21 02:27:00,2026-06-21 06:19:00,26.14,7633,CARD
L000385,ST024,U00374,2026-01-11 15:11:00,2026-01-11 16:08:00,124.1,43063,CARD
L000140,ST036,U02039,20260331161900,2026-03-31 19:13:00,25.29,7385,APP
L001694,ST036,U01032,2026-01-31 12:25:00,2026-01-31 16:08:00,33.6,9811,Card
L005975,ST024,U02601,2026-02-16 08:51:00,2026-02-16 09:28:00,88.75,30796,CARD
L000299,ST010,U02955,2026/04/15 03:26:00,2026-04-15 03:05:00,29.85,8716,MEMBERSHIP
L010856,ST014,U02826,2026-05-27 01:29:00,2026-05-27 02:14:00,26.35,10013,MEMBERSHIP
L010543,ST013,U02998,2026-02-02 14:33:00,2026-02-02 15:14:00,81.75,26160,MEMBERSHIP
L005505,ST015,U02133,2026-03-21 22:49:00,2026-03-21 23:22:00,59.63,19082,APP
L007215,ST033,U01741,2026-04-29 10:15:00,2026-04-29 10:43:00,40.91,13091,MEMBERSHIP
L006308,ST038,U01319,2026-04-15 02:57:00,2026-04-15 03:55:00,158.96,50867,APP
L009749,ST023,U02986,2026-05-30 18:54:00,2026-05-30 19:52:00,30.28,9690,APP
L003602,ST040,U00864,2026-02-28 19:11:00,2026-03-01 02:56:00,56.14,16393,MEMBERSHIP
L009267,ST001,U02847,2026-03-28 08:50:00,2026-03-28 09:13:00,34.44,13087,CARD
L007302,ST029,U02978,2026-03-19 15:23:00,2026-03-19 19:01:00,24.88,7265,APP
L009983,ST003,U02332,2026-03-12 01:23:00,2026-03-12 02:14:00,79.32,25382,MEMBERSHIP
L002890,ST033,U00549,2026-01-18 11:06:00,2026-01-18 11:58:00,102.53,32810,APP
L008202,ST026,U00077,2026/04/14 19:43:00,2026-04-14 20:21:00,111.25,42275,MEMBERSHIP
L008086,ST019,U02041,2026-03-12 07:35:00,2026-03-12 07:58:00,53.91,18707,MEMBERSHIP
L008107,ST033,U00884,2026-05-30 18:53:00,2026-05-30 19:30:00,69.29,22173,membership
L003796,ST036,U01849,2026-02-26 03:13:00,2026-02-26 09:06:00,38.04,11108,APP
L009435,ST014,U02197,20260114044500,2026-01-14 05:05:00,14.51,5514,APP
L009617,ST005,U01341,2026-03-27 11:37:00,2026-03-27 12:22:00,107.76,,APP
L002994,ST028,U02898,2026-06-24 04:18:00,2026-06-24 04:46:00,33.4,10688,CARD
L001047,ST018,U01148,2026-03-25 16:17:00,2026-03-25 18:41:00,9.74,2844,MEMBERSHIP
L010678,ST035,U02495,2026-05-19 08:38:00,2026-05-19 14:13:00,,12549,CARD
L005166,ST015,U02593,2026-01-07 22:18:00,2026-01-07 23:09:00,108.07,34582,APP
L005448,ST031,U00294,2026-05-20 05:02:00,2026-05-20 05:31:00,46.29,17590,CARD
L010801,ST025,U02636,2026-04-07 23:01:00,2026-04-08 06:15:00,33.24,9706,MEMBERSHIP
L003216,ST013,U01100,2026-03-08 05:54:00,2026-03-08 06:36:00,112.67,36054,APP
L005699,ST029,U00112,20260510185900,2026-05-10 23:17:00,42.45,12395,APP
L009664,ST015,U02380,2026-04-30 21:26:00,2026-04-30 22:18:00,78.43,25098,APP
L003484,ST031,U02236,2026-05-26 16:32:00,2026-05-26 16:58:00,51.84,19699,CARD
L004760,ST005,U02604,2026/06/12 10:05:00,2026-06-12 10:36:00,64.63,20682,APP
L011809,ST034,U02743,2026-05-06 22:47:00,2026-05-06 23:23:00,88.71,33710,APP
L000100,ST007,U00111,2026-06-06 18:32:00,2026-06-06 19:03:00,49.44,15821,MEMBERSHIP
L004245,ST031,U00784,2026-03-03 13:45:00,2026-03-03 14:26:00,60.2,22876,MEMBERSHIP
L010232,ST010,U01866,2026-06-17 20:49:00,2026-06-18 02:20:00,34.7,10132,APP
L005037,ST021,U02254,2026-07-09 11:24:00,2026-07-09 19:02:00,41.84,12217,MEMBERSHIP
L006738,ST028,U01674,20260726140900,2026-07-26 14:31:00,22.72,,MEMBERSHIP
L010669,ST016,U01786,2026-07-19 04:51:00,2026-07-19 11:31:00,28.93,7377,APP
L001769,ST005,U02760,2026-05-16 23:19:00,2026-05-17 00:06:00,94.82,30342,APP
L010959,ST029,U02436,2026-07-07 05:09:00,2026-07-07 12:11:00,64.04,,MEMBERSHIP
L003919,ST007,U01838,2026-01-18 12:07:00,2026-01-18 12:29:00,34.11,10915,CARD
L008089,ST016,U02808,2026-06-17 21:02:00,2026-06-17 23:34:00,15.73,4011,APP
L003773,ST013,U00490,2026-06-21 12:14:00,2026-06-21 12:53:00,82.83,26506,APP
L005344,ST018,U02097,2026-06-02 19:56:00,2026-06-03 03:30:00,,13642,CARD
L002717,ST024,U02517,2026/02/16 23:03:00,2026-02-16 23:52:00,120.95,41970,MEMBERSHIP
L002130,ST007,U01008,20260224065000,2026-02-24 07:10:00,44.67,14294,APP
L005527,ST002,U01978,2026-04-25 01:41:00,2026-04-25 04:35:00,19.81,-5785,CARD
L006903,ST035,U01396,20260201151900,2026-02-01 18:45:00,29.92,,CARD
L008211,ST008,U02845,2026-05-28 16:37:00,2026-05-28 22:27:00,28.51,7270,APP
L004088,ST023,U00548,2026-04-25 16:33:00,2026-04-25 17:19:00,26.4,8448,CARD
L010036,ST033,U02020,2026-04-11 22:01:00,2026-04-11 22:26:00,49.6,15872,CARD
L011727,ST019,U02178,2026/06/19 19:31:00,2026-06-19 20:20:00,,43590,MEMBERSHIP
L003604,ST006,U02848,2026-01-30 13:40:00,2026-01-30 17:54:00,21.56,6296,MEMBERSHIP
L000110,ST016,U00413,2026/04/24 06:40:00,2026-04-24 10:49:00,22.02,5615,CARD
L006778,ST037,U01941,2026-02-24 14:31:00,2026-02-24 15:25:00,121.22,42063,APP
L010354,ST001,U00096,2026-03-31 08:59:00,2026-03-31 09:51:00,105.06,39923, APP 
L006748,ST032,U02027,20260502010400,2026-05-02 01:57:00,65.29,24810,MEMBERSHIP
L010674,ST026,U02172,2026-06-15 15:43:00,2026-06-15 16:15:00,69.84,26539,APP
L007406,ST017,U02617,2026-06-01 16:40:00,2026-06-01 22:11:00,33.91,9902,APP
L004632,ST033,U01348,2026-05-26 19:30:00,2026-05-26 20:27:00,114.85,36752,MEMBERSHIP
L007588,ST032,U00247,20260220034700,2026-02-20 04:17:00,34.77,13213,APP
L000740,ST020,U00466,2026-01-18 22:24:00,2026-01-18 22:47:00,17.18,5498,CARD
L002951,ST027,U01665,2026/02/04 01:36:00,2026-02-04 04:12:00,15.42,4503,APP
L003214,ST027,U02757,2026-01-29 16:41:00,2026-01-29 21:14:00,25.19,7355,CARD
L007986,ST033,U01548,2026-06-04 11:36:00,2026-06-04 12:22:00,90.98,29114,CARD
L010190,ST015,U02224,2026-05-13 10:52:00,2026-05-13 11:28:00,52.93,16938,CARD
L009281,ST001,U02832,2026-03-06 23:43:00,2026-03-07 00:43:00,118.52,45038,CARD
L011028,ST022,U02632,2026/07/13 19:21:00,2026-07-13 19:41:00,29.28,10160,MEMBERSHIP
L004947,ST005,U01810,2026-06-29 08:46:00,2026-06-29 09:17:00,89.59,28669,Card
L000943,ST040,U02977,2026-06-05 03:09:00,2026-06-05 09:02:00,49.12,14343,CARD
L003267,ST021,U00489,2026-04-11 16:55:00,2026-04-11 21:55:00,24.36,7113,APP
L001069,ST023,U02448,2026-01-21 23:01:00,2026-01-21 23:36:00,19.32,6182,MEMBERSHIP
L003573,ST029,U02409,20260102083900,2026-01-02 14:06:00,39.66,11581,MEMBERSHIP
L008122,ST017,U02860,2026-02-01 12:22:00,2026-02-01 20:18:00,45.66,13333,APP
L002017,ST037,U01867,2026/01/12 11:49:00,2026-01-12 12:19:00,65.68,22791,MEMBERSHIP
L010993,ST032,U02365,2026/07/22 02:10:00,2026-07-22 02:49:00,50.25,19095,CARD
L004922,ST036,U01464,2026-05-09 23:29:00,2026-05-10 05:50:00,39.0,11388,CARD
L005703,ST006,U00666,2026-05-13 20:13:00,2026-05-14 04:13:00,31.56,9216,APP
L006253,ST031,U02691,2026/01/23 08:08:00,2026-01-23 09:05:00,101.59,38604,APP
L009217,ST013,U02258,2026-04-15 13:27:00,2026-04-15 14:14:00,121.95,39024,MEMBERSHIP
L006260,ST025,U00431,2026-04-16 05:47:00,2026-04-16 09:09:00,16.59,4844,CARD
L009776,ST013,U02197,2026/01/02 20:06:00,2026-01-02 20:56:00,98.24,31437,MEMBERSHIP
L011833,ST037,U01893,2026-07-23 14:08:00,2026-07-23 14:29:00,36.27,12586,APP
L005995,ST007,U02461,2026-02-19 10:59:00,2026-02-19 11:41:00,63.97,20470,MEMBERSHIP
L009753,ST025,U00887,20260317042200,2026-03-17 10:09:00,2270.0,6628,CARD
L003479,ST039,U00954,2026-05-31 09:33:00,2026-05-31 10:14:00,26.13,9067,APP
L010074,ST028,U02385,2026-02-26 11:16:00,2026-02-26 11:45:00,,10918,MEMBERSHIP
L002914,ST023,U02957,20260701172200,2026-07-01 17:54:00,19.91,6371,APP
L007735,ST019,U00225,2026-03-22 07:01:00,2026-03-22 07:40:00,111.79,38791,CARD
L006079,ST015,U01533,20260423201500,2026-04-23 21:10:00,119.96,38387,MEMBERSHIP
L000594,ST017,U02027,2026-03-10 16:03:00,2026-03-10 19:52:00,22.21,6485,CARD
L005945,ST005,U01676,2026-04-30 15:03:00,2026-04-30 15:54:00,99.66,31891,CARD
L007198,ST038,U01523,2026/01/26 13:51:00,2026-01-26 14:42:00,120.2,"38,464",Card
L011316,ST012,U00192,2026-01-08 04:20:00,2026-01-08 04:46:00,N/A,4611,APP
L008507,ST010,U01505,20260201201300,2026-02-02 00:42:00,24.87,7262,APP
L000186,ST034,U01607,2026-02-17 01:33:00,2026-02-17 01:58:00,46.82,17792,APP
L005080,ST011,U00412,2026/02/22 17:36:00,2026-02-22 18:03:00,57.16,18291,CARD
L011172,ST023,U00766,2026-06-21 18:54:00,2026-06-21 19:48:00,32.73,10474,MEMBERSHIP
L011750,ST001,U02849,2026-07-11 22:48:00,2026-07-11 23:46:00,94.7,35986,APP
L004430,ST022,U00507,2026/06/20 08:22:00,2026-06-20 09:09:00,98.44,34159, APP 
L003360,ST018,U01185,2026-05-26 07:59:00,2026-05-26 10:46:00,16.81,4909,APP
L010862,ST024,U01149,2026-07-05 11:01:00,2026-07-05 11:42:00,94.61,32830,MEMBERSHIP
L002493,ST014,U02365,2026/03/28 10:30:00,2026-03-28 10:54:00,14.96,,CARD
L002016,ST037,U01304,2026-01-06 07:02:00,2026-01-06 07:53:00,78.99,27410,CARD
L004737,ST033,U00848,2026-03-04 20:14:00,2026-03-04 20:48:00,58.01,"18,563",MEMBERSHIP
L003652,ST011,U01412,2026/04/16 17:59:00,2026-04-16 18:52:00,116.73,37354,CARD
L006731,ST029,U01944,2026-05-23 02:03:00,2026-05-23 07:01:00,33.35,9738,MEMBERSHIP
L009532,ST037,U00958,2026/02/16 19:45:00,2026-02-16 20:15:00,64.33,22323,CARD
L007110,ST039,U01881,2026-06-19 22:34:00,2026-06-19 23:31:00,35.33,12260,CARD
L006619,ST027,U01820,2026-04-13 03:57:00,2026-04-13 10:50:00,41.86,12223,CARD
L008711,ST018,U01063,2026-02-17 03:04:00,2026-02-17 05:12:00,8.89,2596,CARD
L009965,ST006,U00620,2026-06-23 04:12:00,2026-06-23 08:46:00,26.32,7685,MEMBERSHIP
L006902,ST030,U00895,2026-05-24 02:58:00,2026-05-24 03:44:00,120.13,38442,APP
L002616,ST007,U00344,20260309181000,2026-03-09 18:36:00,36.27,11606,MEMBERSHIP
L006830,ST033,U00577,2026/03/03 07:00:00,2026-03-03 07:43:00,65.31,20899,card
L004941,ST028,U02819,2026-04-11 00:37:00,2026-04-11 01:23:00,52.13,16682,MEMBERSHIP
L002603,ST006,U01224,2026-03-03 11:47:00,2026-03-03 19:03:00,36.41,10632,CARD
L009275,ST027,U02533,2026-05-23 16:26:00,2026-05-23 20:52:00,20.79,6071,APP
L004221,ST030,U02386,2026/02/05 04:32:00,2026-02-05 05:15:00,95.96,30707,MEMBERSHIP
L006198,ST007,U00544,2026-04-02 20:27:00,2026-04-02 21:15:00,85.89,27485,APP
L008520,ST024,U00253,2026-06-21 05:48:00,2026-06-21 06:46:00,106.68,37018,CARD
L006077,ST026,U01617,2026-02-07 20:45:00,2026-02-07 21:35:00,141.75,53865,MEMBERSHIP
L006332,ST023,U00837,2026-02-15 02:06:00,2026-02-15 02:58:00,28.42,9094,card
L009896,ST036,U02362,2026-05-07 02:56:00,2026-05-07 09:23:00,62.4,18221,APP
L010659,ST033,U01311,2026-07-16 07:24:00,2026-07-16 08:22:00,126.17,40374,APP
L011107,ST014,U01210,2026-07-25 07:54:00,2026-07-25 08:41:00,33.48,12722,MEMBERSHIP
L008238,ST027,U01010,20260304080200,2026-03-04 14:46:00,39.18,11441,APP
L001223,ST009,U01130,2026-02-08 16:57:00,2026-02-08 17:32:00,24.56,8522,CARD
L004432,ST035,U00954,2026-03-01 15:22:00,2026-03-01 21:14:00,51.56,13148,MEMBERSHIP
L011050,ST020,U02140,2026-03-10 17:55:00,2026-03-10 18:41:00,2422.0,7750,MEMBERSHIP
L001812,ST008,U02162,2026-03-30 15:54:00,2026-03-30 21:24:00,25.07,6393,card
L004482,ST033,U02531,2026-05-23 12:54:00,2026-05-23 13:46:00,77.57,24822,APP
L003551,ST023,U01609,20260421152700,2026-04-21 16:20:00,27.24,8717,MEMBERSHIP
L000915,ST005,U02070,2026-05-03 17:55:00,2026-05-03 18:29:00,90.43,28938,MEMBERSHIP
L004487,ST021,U00152,2026-07-23 16:43:00,2026-07-23 19:45:00,15.14,4421,APP
L004976,ST001,U00730,2026-04-17 13:29:00,2026-04-17 14:20:00,71.96,27345,APP
L002910,ST023,U00359,2026-02-28 04:04:00,2026-02-28 05:01:00,28.59,9149,APP
L008188,ST039,U02027,2026-07-16 16:02:00,2026-07-16 16:53:00,23.4,8120,MEMBERSHIP
L004593,ST016,U01770,2026-04-13 06:44:00,2026-04-13 11:28:00,23.96,6110,CARD
L005523,ST011,U00190,2026-02-17 07:40:00,2026-02-17 06:23:00,59.12,18918,MEMBERSHIP
L002523,ST029,U02436,2026-07-19 16:11:00,2026-07-19 18:48:00,25.87,7554,MEMBERSHIP
L004933,ST030,U01725,2026-06-26 07:52:00,2026-06-26 08:25:00,89.99,28797,CARD
L008982,ST029,U01626,2026-02-06 18:24:00,2026-02-07 00:05:00,43.52,12708,MEMBERSHIP
L001185,ST030,U02657,20260503210600,2026-05-03 21:51:00,114.06,36499,MEMBERSHIP
L007228,ST032,U00015,2026-05-14 00:29:00,2026-05-14 01:16:00,56.05,21299,APP
L010758,ST012,U00048,2026-01-31 02:49:00,2026-01-31 03:26:00,27.14,8685,APP
L001200,ST002,U00139,2026-02-24 09:20:00,2026-02-24 11:51:00,23.65,"6,906",APP
L006482,ST011,U02634,2026-02-14 17:11:00,2026-02-14 18:08:00,104.35,33392,membership
L009548,ST038,U01323,2026-01-01 13:33:00,2026-01-01 14:12:00,90.89,29085,MEMBERSHIP
L005075,ST025,U02427,2026-06-19 21:10:00,2026-06-19 23:13:00,8.19,2391,CARD
L005396,ST021,U00331,2026-03-06 00:13:00,2026-03-06 08:10:00,32.16,9391,MEMBERSHIP
L004210,ST023,U00639,2026-02-17 14:38:00,2026-02-17 15:13:00,17.35,5552,MEMBERSHIP
L007374,ST001,U00437,2026-06-19 15:13:00,2026-06-19 15:38:00,35.96,13665,MEMBERSHIP
L002882,ST001,U01171,2026-07-07 05:34:00,2026-07-07 06:22:00,73.03,27751, APP 
L003946,ST012,U00807,2026-07-03 17:50:00,2026-07-03 18:17:00,13.75,4400,APP
L010300,ST016,U00253,2026-04-01 00:59:00,2026-04-01 03:51:00,14.68,3743,MEMBERSHIP
L002825,ST027,U01998,2026-01-15 20:07:00,2026-01-15 23:46:00,21.23,6199,Card
L003744,ST020,U02096,2026-04-30 23:45:00,2026-05-01 00:10:00,14.23,,MEMBERSHIP
L003939,ST040,U01568,2026/04/26 21:28:00,2026-04-27 02:31:00,47.13,13762,MEMBERSHIP
L000460,ST036,U01725,20260324084700,2026-03-24 12:13:00,24.2,7066,APP
L006987,ST023,U00054,2026-06-27 19:54:00,2026-06-27 20:19:00,15.7,5024,APP
L004306,ST026,U02504,2026-03-17 16:39:00,2026-03-17 17:05:00,61.41,23336,CARD
L010381,ST019,U01250,2026/06/27 05:19:00,2026-06-27 05:55:00,102.73,35647,MEMBERSHIP
L008786,ST023,U00282,2026-03-12 05:31:00,2026-03-12 06:00:00,20.16,6451,MEMBERSHIP
L004410,ST023,U02435,2026-01-07 08:21:00,2026-01-07 08:57:00,20.73,6634,CARD
L011160,ST007,U01360,2026-03-25 05:48:00,2026-03-25 06:39:00,97.87,31318,APP
L005148,ST034,U01173,2026-03-03 22:27:00,2026-03-03 23:27:00,136.1,51718,CARD
L011718,ST014,U00809,2026-04-20 08:19:00,2026-04-20 08:52:00,22.24,8451,CARD
L010417,ST026,U00566,2026-03-11 20:50:00,2026-03-11 21:49:00,172.72,,APP
L006262,ST020,U02608,2026-01-31 19:17:00,2026-01-31 19:39:00,11.58,,APP
L003560,ST006,U00006,2026-03-05 00:53:00,2026-03-05 02:59:00,12.89,3764,APP
L006767,ST006,U02746,2026-01-31 09:51:00,2026-01-31 13:10:00,12.88,3761,CARD
L008738,ST040,U02030,2026-04-01 11:50:00,2026-04-01 17:55:00,-,13248,APP
L006980,ST030,U00606,2026-04-10 21:49:00,2026-04-10 22:17:00,66.77,21366,MEMBERSHIP
L000026,ST008,U01801,2026-06-22 19:50:00,2026-06-23 02:10:00,35.68,9098,APP
L010344,ST015,U00397,20260713161400,2026-07-13 16:53:00,73.8,"23,616",MEMBERSHIP
L005423,ST033,U02328,2026-07-08 06:49:00,2026-07-08 07:21:00,62.36,19955,MEMBERSHIP
L009922,ST010,U02082,2026-07-04 22:48:00,2026-07-05 02:28:00,15.99,4669,APP
L000958,ST010,U01198,2026-06-13 10:24:00,2026-06-13 15:11:00,26.64,7779,CARD
L005409,ST032,U02515,2026-02-11 23:37:00,2026-02-12 00:07:00,28.1,10678, APP 
L009733,ST032,U01125,2026-07-08 05:46:00,2026-07-08 06:13:00,32.5,12350,CARD
L009514,ST007,U01028,2026-03-14 11:27:00,2026-03-14 12:01:00,57.2,18304,CARD
L007046,ST026,U00004,2026-02-04 12:21:00,2026-02-04 12:53:00,95.79,36400,MEMBERSHIP
L011055,ST037,U00078,2026/01/21 12:23:00,2026-01-21 13:00:00,71.08,24665,CARD
L008618,ST004,U01447,2026-07-08 21:54:00,2026-07-08 22:24:00,45.67,14614,APP
L005371,ST009,U01325,2026-04-11 23:22:00,2026-04-11 23:44:00,14.32,4969,MEMBERSHIP
L001367,ST027,U01832,2026-01-12 10:25:00,2026-01-12 15:39:00,,9157,MEMBERSHIP
L005536,ST026,U02755,2026-03-08 10:01:00,2026-03-08 10:48:00,109.99,41796,MEMBERSHIP
L010575,ST039,U02790,2026-02-18 01:50:00,2026-02-18 02:16:00,13.46,4671,CARD
L011851,ST036,U00471,2026-04-25 15:41:00,2026-04-25 19:05:00,25.06,7318,APP
L010972,ST021,U01237,2026-05-10 03:09:00,2026-05-10 06:47:00,17.48,5104,APP
L005157,ST036,U02325,2026-04-07 20:32:00,2026-04-08 03:12:00,57.02,16650, APP 
L003083,ST013,U00055,2026-02-19 02:19:00,2026-02-19 02:46:00,49.96,15987,MEMBERSHIP
L008586,ST029,U02625,2026-03-24 14:41:00,2026-03-24 18:35:00,27.03,7893,CARD
L000101,ST040,U00061,2026-06-03 12:29:00,2026-06-03 15:30:00,26.85,7840,MEMBERSHIP
L006860,ST029,U00836,2026-05-16 04:47:00,2026-05-16 09:06:00,41.26,12048,CARD
L011725,ST031,U02463,20260627124700,2026-06-27 13:22:00,71.74,27261,APP
L001100,ST025,U01066,2026/03/09 07:22:00,2026-03-09 11:20:00,21.98,6418,MEMBERSHIP
L007968,ST008,U01414,2026-06-15 08:14:00,2026-06-15 10:14:00,9.07,2313, APP 
L000657,ST037,U02997,20260124041700,2026-01-24 05:09:00,76.76,26636,CARD
L002007,ST032,U00280,2026-05-08 12:19:00,2026-05-08 13:07:00,56.91,21626,MEMBERSHIP
L005116,ST012,U01413,2026-02-27 10:56:00,2026-02-27 11:37:00,30.06,9619,CARD
L007203,ST015,U02279,2026-05-19 16:05:00,2026-05-19 16:44:00,67.08,21466,MEMBERSHIP
L001890,ST032,U01531,2026-01-20 18:19:00,2026-01-20 18:50:00,35.01,,APP
L006168,ST028,U01298,2026-01-04 06:26:00,2026-01-04 07:03:00,,13286,MEMBERSHIP
L003901,ST028,U01149,20260510050700,2026-05-10 05:38:00,31.39,10045,CARD
L003015,ST016,U02817,2026/07/14 21:20:00,2026-07-15 00:55:00,21.97,5602,card
L003730,ST027,U01120,2026-07-23 18:32:00,2026-07-23 22:58:00,20.3,5928,MEMBERSHIP
L008971,ST028,U00325,20260206143400,2026-02-06 15:30:00,53.99,17277,APP
L008780,ST020,U00801,2026-07-25 15:01:00,2026-07-25 15:23:00,13.23,4234,MEMBERSHIP
L010446,ST036,U02554,2026-02-10 11:45:00,2026-02-10 19:31:00,52.23,15251,MEMBERSHIP
L004840,ST024,U02541,2026-06-19 13:59:00,2026-06-19 14:27:00,53.53,18575,CARD
L003440,ST038,U02968,2026-03-14 08:03:00,2026-03-14 09:02:00,173.35,55472,APP
L003200,ST037,U00931,2026-06-12 09:09:00,2026-06-12 09:38:00,54.36,18863,MEMBERSHIP
L002477,ST010,U02122,2026-07-28 12:24:00,2026-07-28 15:22:00,13.88,4053,CARD
L002731,ST010,U01026,2026/06/27 01:10:00,2026-06-27 08:35:00,43.49,12699,CARD
L008412,ST022,U00499,2026-05-10 18:35:00,2026-05-10 18:58:00,49.64,17225,CARD
L007616,ST004,U00637,2026/07/26 09:45:00,2026-07-26 10:29:00,66.96,21427,Card
L009047,ST011,U02116,2026-06-17 19:51:00,2026-06-17 20:48:00,122.52,39206,CARD
L008282,ST038,U00941,2026-06-16 06:46:00,2026-06-16 07:15:00,72.43,23178, APP 
L003102,ST021,U02780,2026-02-07 06:18:00,2026-02-07 08:45:00,11.83,3454,CARD
L006856,ST034,U02651,2026-06-10 10:58:00,2026-06-10 11:26:00,80.79,30700,card
L005510,ST023,U00566,2026/07/25 21:41:00,2026-07-25 22:11:00,21.88,"7,002",MEMBERSHIP
L009940,ST020,U00618,2026-07-04 22:12:00,2026-07-04 22:56:00,31.0,9920,APP
L007339,ST014,U02716,2026-05-11 06:22:00,2026-05-11 07:12:00,33.16,12601,MEMBERSHIP
L009806,ST024,U02990,2026/01/26 03:28:00,2026-01-26 04:00:00,75.11,26063,app
L002688,ST024,U02029,2026-04-26 00:58:00,2026-04-26 01:25:00,54.18,18800,CARD
L000423,ST013,U00623,20260319093900,2026-03-19 10:33:00,121.54,38893,APP
L011971,ST016,U00535,2026-05-08 07:03:00,2026-05-08 14:29:00,41.19,10503,APP
L003103,ST012,U01067,2026-03-02 19:08:00,2026-03-02 19:49:00,23.49,7517,CARD
L008034,ST031,U01478,2026-01-05 23:16:00,2026-01-05 23:48:00,51.91,19726,APP
L011791,ST003,U02687,2026-04-07 12:39:00,2026-04-07 13:34:00,97.71,31267,APP
L000400,ST012,U02282,2026-05-27 20:53:00,2026-05-27 21:36:00,28.95,9264,APP
L007938,ST017,U01374,2026-03-28 18:51:00,2026-03-29 00:35:00,-,9654,CARD
L005240,ST034,U00792,2026-04-24 06:33:00,2026-04-24 07:17:00,,46922,MEMBERSHIP
L011457,ST030,U00163,2026-02-13 21:11:00,2026-02-13 21:32:00,42.45,13584,CARD
L000993,ST002,U02881,2026-07-01 23:26:00,2026-07-02 02:05:00,18.86,5507,CARD
L009681,ST039,U02116,2026/01/11 10:37:00,2026-01-11 11:01:00,11.4,3956,CARD
L005946,ST006,U00589,2026-06-03 09:11:00,2026-06-03 13:56:00,24.1,7037,MEMBERSHIP
L006479,ST015,U02354,2026-01-27 11:47:00,2026-01-27 12:31:00,90.57,28982,APP
L002167,ST035,U00477,2026-04-17 03:07:00,2026-04-17 06:04:00,24.6,6273,MEMBERSHIP
L007937,ST017,U01238,2026-01-29 16:18:00,2026-01-29 18:24:00,9.74,2844,CARD
L008331,ST007,U01608,2026-06-18 04:33:00,2026-06-18 05:30:00,110.68,35418,APP
L001747,ST037,U02708,2026/05/08 20:37:00,2026-05-08 21:20:00,96.39,33447,app
L004705,ST030,U02468,2026-01-14 22:33:00,2026-01-14 23:14:00,96.94,31021,CARD
L002097,ST025,U01425,2026-05-14 00:59:00,2026-05-14 03:09:00,13.61,3974,MEMBERSHIP
L008383,ST014,U01082,2026-06-19 12:16:00,2026-06-19 12:42:00,13.59,5164,APP
L008498,ST032,U01170,2026-07-11 19:10:00,2026-07-11 20:01:00,72.96,27725,APP
L009162,ST009,U00759,2026-03-19 12:26:00,2026-03-19 12:54:00,20.98,7280,MEMBERSHIP
L005862,ST028,U02917,2026-01-21 12:43:00,2026-01-21 13:10:00,24.94,7981,APP
L003462,ST036,U02910,2026-03-27 04:52:00,2026-03-27 07:01:00,21.06,6150,MEMBERSHIP
L004218,ST030,U02580,2026-07-04 05:24:00,2026-07-04 06:04:00,77.33,24746,CARD
L005190,ST006,U02391,20260402065100,2026-04-02 11:27:00,26.73,7805,APP
L006784,ST026,U00150,2026-02-03 15:15:00,2026-02-03 15:40:00,62.08,23590,CARD
L000037,ST024,U00015,20260716133500,2026-07-16 13:57:00,46.59,16167,CARD
L011506,ST034,U00850,20260116052200,2026-01-16 06:21:00,120.85,45923,CARD
L010868,ST036,U00234,2026-04-10 17:11:00,2026-04-11 00:33:00,46.05,13447,CARD
L007248,ST003,U02913,2026-04-07 13:04:00,2026-04-07 13:42:00,,18902,MEMBERSHIP
L002018,ST007,U00053,2026/06/16 23:30:00,2026-06-17 00:22:00,102.76,32883,CARD
L010539,ST006,U00600,2026-06-17 15:17:00,2026-06-17 19:30:00,,7318,APP
L002412,ST024,U02365,2026-06-22 21:36:00,2026-06-22 22:15:00,83.29,28902,MEMBERSHIP
L003345,ST034,U02522,2026-01-08 13:24:00,2026-01-08 14:04:00,96.22,36564,APP
L011451,ST004,U00210,2026-02-08 03:47:00,2026-02-08 04:20:00,60.87,19478,CARD
L001514,ST001,U00187,20260309230600,2026-03-09 23:57:00,107.77,40953,MEMBERSHIP
L008832,ST012,U02278,2026-07-24 15:41:00,2026-07-24 16:11:00,16.58,5306,APP
L008879,ST003,U01775,2026-07-24 01:45:00,2026-07-24 02:08:00,40.27,12886,MEMBERSHIP
L008624,ST027,U00366,2026-01-14 18:14:00,2026-01-14 21:15:00,18.61,5434,CARD
L011523,ST004,U01735,2026-07-28 01:07:00,2026-07-28 01:34:00,41.43,13258,APP
L003875,ST024,U01734,2026-01-20 01:34:00,2026-01-20 02:18:00,124.02,43035,CARD
L001080,ST012,U00962,20260621022900,2026-06-21 03:24:00,28.7,9184,APP
L011897,ST021,U00370,20260218155800,2026-02-18 20:47:00,19.81,5785,CARD
L009602,ST028,U02671,2026-01-15 12:21:00,2026-01-15 12:42:00,25.03,,CARD
L001523,ST015,U00027,2026/02/20 13:19:00,2026-02-20 14:10:00,86.79,27773,CARD
L000257,ST035,U00089,2026-06-19 10:35:00,2026-06-19 18:27:00,68.24,17401,MEMBERSHIP
L000515,ST010,U01431,2026-07-22 16:27:00,2026-07-22 22:39:00,29.38,8579,MEMBERSHIP
L003100,ST040,U02813,20260223011600,2026-02-23 05:33:00,37.67,11000,APP
L008534,ST021,U02413,2026-03-10 13:58:00,2026-03-10 16:50:00,16.81,4909,CARD
L000139,ST015,U00224,2026-07-11 02:41:00,2026-07-11 03:16:00,N/A,21258,MEMBERSHIP
L004232,ST032,U01072,2026/03/03 08:18:00,2026-03-03 08:48:00,43.8,16644,APP
L008366,ST003,U00851,2026-01-22 20:58:00,2026-01-22 21:42:00,80.12,25638,MEMBERSHIP
L003539,ST034,U01261,2026-04-03 04:15:00,2026-04-03 04:57:00,106.91,40626,APP
L006741,ST040,U00065,2026/03/04 17:59:00,2026-03-04 21:37:00,24.88,7265,MEMBERSHIP
L007977,ST033,U02382,2026-04-24 12:34:00,2026-04-24 13:05:00,47.46,15187,MEMBERSHIP
L003856,ST033,U01575,2026/03/03 09:41:00,2026-03-03 10:07:00,45.38,14522,CARD
L000127,ST002,U01769,2026-05-12 11:18:00,2026-05-12 16:54:00,36.15,10556,membership
L009431,ST039,U00310,2026-02-01 18:46:00,2026-02-01 19:40:00,30.69,10649,card
L006953,ST015,U02415,2026-03-27 16:13:00,2026-03-27 17:08:00,87.45,27984,MEMBERSHIP
L006815,ST007,U02904,2026/03/18 12:40:00,2026-03-18 13:22:00,83.73,26794,CARD
L011547,ST031,U01080,2026-02-28 20:49:00,2026-02-28 21:14:00,54.38,20664,CARD
L009736,ST028,U02065,20260423153200,2026-04-23 16:27:00,72.61,23235,MEMBERSHIP
L004909,ST028,U02870,2026-02-07 18:00:00,2026-02-07 18:51:00,65.35,20912,CARD
L002065,ST021,U00705,20260603140700,2026-06-03 18:31:00,24.15,7052,MEMBERSHIP
L004638,ST009,U00149,2026-03-21 02:37:00,2026-03-21 03:00:00,12.77,4431,CARD
L000353,ST009,U01511,2026-02-21 23:59:00,2026-02-22 00:41:00,19.67,6825,CARD
L004675,ST006,U00058,2026/06/17 07:36:00,2026-06-17 14:26:00,32.24,9414,APP
L004058,ST036,U01608,2026/05/13 09:19:00,2026-05-13 11:44:00,20.07,5860,APP
L004602,ST022,U01674,2026-03-29 08:55:00,2026-03-29 09:40:00,77.01,26722,APP
L003248,ST037,U01419,20260314113600,2026-03-14 11:57:00,29.62,10278,card
L006515,ST015,U01758,2026-01-19 17:41:00,2026-01-19 16:47:00,55.78,17850,APP
L000228,ST030,U00899,2026/04/17 22:02:00,2026-04-17 22:52:00,107.89,34525,MEMBERSHIP
L004725,ST037,U01409,2026-01-19 13:16:00,2026-01-19 14:02:00,79.57,27611,MEMBERSHIP
L003403,ST021,U01371,2026-06-13 08:19:00,2026-06-13 13:05:00,28.22,8240,APP
L003827,ST037,U00655,2026-03-27 22:01:00,2026-03-27 22:46:00,97.24,"33,742",APP
L005540,ST027,U01504,2026-05-17 07:05:00,2026-05-17 14:41:00,3608.0,,MEMBERSHIP
L007996,ST030,U01098,2026-03-26 22:09:00,2026-03-26 22:44:00,69.74,22317,MEMBERSHIP
L010094,ST038,U01722,2026-01-05 06:12:00,2026-01-05 06:49:00,109.84,,CARD
L002400,ST003,U02770,2026-04-13 19:41:00,2026-04-13 20:35:00,105.52,33766,CARD
L000678,ST001,U01880,2026/01/30 16:11:00,2026-01-30 16:36:00,56.0,21280,APP
L000216,ST012,U01886,20260414084300,2026-04-14 09:41:00,30.25,9680,MEMBERSHIP
L001781,ST022,U01187,2026-05-10 23:49:00,2026-05-11 00:09:00,40.5,14054,MEMBERSHIP
L009801,ST022,U00233,2026-02-06 11:53:00,2026-02-06 12:25:00,51.44,17850,APP
L003504,ST004,U02629,2026-06-17 10:46:00,2026-06-17 11:20:00,65.52,20966,MEMBERSHIP
L008118,ST007,U00866,2026/02/23 13:26:00,2026-02-23 13:48:00,49.22,15750,CARD
L002926,ST005,U00207,2026-05-01 15:40:00,2026-05-01 16:00:00,51.33,16426,MEMBERSHIP
L002736,ST002,U01166,2026-01-07 23:04:00,2026-01-08 06:26:00,69.71,20355,MEMBERSHIP
L002757,ST003,U00705,2026-05-30 01:47:00,2026-05-30 02:22:00,73.02,23366,APP
L000331,ST012,U01333,2026-05-16 09:22:00,2026-05-16 09:50:00,15.81,-5059,APP
L007725,ST004,U01158,2026/05/30 10:28:00,2026-05-30 10:57:00,51.72,16550,APP
L005515,ST022,U00860,2026-04-08 18:35:00,2026-04-08 19:00:00,36.35,12613,APP
L004949,ST900,U01015,2026-02-28 11:47:00,2026-02-28 12:38:00,114.45,43491,APP
L004786,ST019,U01750,2026-07-24 16:12:00,2026-07-24 16:49:00,108.58,37677,CARD
L009001,ST010,U02783,2026/02/10 14:18:00,2026-02-10 19:25:00,25.69,7501,APP
L002008,ST038,U02662,2026-04-13 10:56:00,2026-04-13 11:38:00,82.82,26502,APP
L011748,ST002,U02957,2026-06-05 10:40:00,2026-06-05 18:08:00,68.5,20002,MEMBERSHIP
L000846,ST023,U01498,20260215050800,2026-02-15 05:58:00,24.14,7725,MEMBERSHIP
L008466,ST037,U01265,2026/01/11 14:03:00,2026-01-11 14:38:00,56.82,19717,CARD
L006554,ST031,U00085,2026-05-01 15:36:00,2026-05-01 16:09:00,68.01,25844, APP 
L004184,ST040,U02596,20260612184400,2026-06-13 01:42:00,63.63,18580,APP
L004002,ST011,U00789,2026/07/28 21:14:00,2026-07-28 21:45:00,46.35,,MEMBERSHIP
L005094,ST010,U02331,2026-02-13 02:01:00,2026-02-13 05:44:00,17.79,5195,CARD
L002393,ST017,U01544,2026/01/02 10:15:00,2026-01-02 16:13:00,24.03,7017,MEMBERSHIP
L001269,ST024,U00837,2026-07-27 21:21:00,2026-07-27 22:15:00,138.46,48046,MEMBERSHIP
L002585,ST026,U02512,2026-01-03 02:27:00,2026-01-03 03:23:00,,40584,MEMBERSHIP
L011201,ST019,U00262,2026-05-08 16:05:00,2026-05-08 14:37:00,60.83,21108,CARD
L011919,ST025,U01539,2026-05-24 05:01:00,2026-05-24 07:28:00,12.79,3735,APP
L010961,ST024,U00083,2026-07-01 20:07:00,2026-07-01 20:59:00,112.63,39083,CARD
L001569,ST027,U00119,2026-04-06 01:33:00,2026-04-06 03:42:00,10.0,2920,MEMBERSHIP
L006232,ST018,U00749,2026-04-20 06:38:00,2026-04-20 10:41:00,16.65,4862,MEMBERSHIP
L007862,ST037,U01023,2026-07-24 01:07:00,2026-07-24 01:48:00,67.84,23540,APP
L010248,ST018,U02220,2026-06-08 23:41:00,2026-06-09 04:01:00,18.33,5352,CARD
L004647,ST030,U02908,2026-01-07 18:17:00,2026-01-07 18:59:00,93.55,29936,CARD
L006600,ST040,U02085,2026-01-05 18:48:00,2026-01-05 23:15:00,35.38,10331,CARD
L008950,ST006,U00427,2026-04-19 15:28:00,2026-04-19 21:12:00,23.39,6830,APP
L002617,ST009,U00072,2026-04-23 06:04:00,2026-04-23 06:33:00,15.36,5330,CARD
L008489,ST002,U00427,2026-07-02 08:39:00,2026-07-02 15:49:00,53.04,15488,APP
L002840,ST033,U02191,2026-02-28 22:15:00,2026-02-28 23:06:00,110.08,,APP
L010629,ST032,U01513,2026/05/21 11:37:00,2026-05-21 12:24:00,48.89,18578,MEMBERSHIP
L008434,ST001,U01514,2026-03-29 13:52:00,2026-03-29 14:47:00,78.01,29644,CARD
L003606,ST035,U02967,2026-07-10 08:11:00,2026-07-10 13:59:00,36.08,9200,MEMBERSHIP
L002546,ST022,U00345,2026-03-06 03:21:00,2026-03-06 04:16:00,89.39,31018,CARD
L005920,ST040,U00015,2026-07-24 18:17:00,2026-07-25 00:21:00,37.19,10859,APP
L006176,ST029,U02118,2026-03-02 12:36:00,2026-03-02 16:48:00,39.98,11674,APP
L009222,ST020,U00499,2026-02-21 00:56:00,2026-02-21 01:50:00,25.96,8307,MEMBERSHIP
L000659,ST020,U01534,20260217120900,2026-02-17 13:04:00,40.12,12838,CARD
L011471,ST023,U01172,2026-07-03 02:31:00,2026-07-03 03:13:00,22.52,7206,MEMBERSHIP
L001219,ST005,U02300,2026-01-01 08:16:00,2026-01-01 09:11:00,154.27,49366,CARD
L009083,ST002,U00240,2026-06-13 19:14:00,2026-06-14 00:16:00,49.1,14337,MEMBERSHIP
L007788,ST004,U02238,2026-06-11 11:31:00,2026-06-11 12:18:00,85.12,27238,MEMBERSHIP
L011268,ST004,U00645,2026/04/26 10:59:00,2026-04-26 11:34:00,N/A,18429,MEMBERSHIP
L002193,ST038,U00948,2026-02-05 16:59:00,2026-02-05 17:50:00,100.37,32118,APP
L006217,ST020,U01557,20260626063700,2026-06-26 07:31:00,26.22,8390,APP
L000094,ST030,U01321,2026-02-03 20:34:00,2026-02-03 21:10:00,N/A,31453,MEMBERSHIP
L001458,ST012,U01578,20260202060400,2026-02-02 06:46:00,25.2,8064,APP
L002531,ST021,U02358,2026-06-21 03:42:00,2026-06-21 06:40:00,12.61,3682,APP
L001313,ST007,U00781,2026-06-15 17:30:00,2026-06-15 18:24:00,85.52,27366,CARD
L005622,ST029,U01648,2026/03/13 17:48:00,2026-03-14 01:19:00,67.84,19809,CARD
L000706,ST032,U00417,20260403172600,2026-04-03 17:48:00,20.66,7851,APP
L006652,ST007,U00531,2026-03-10 14:30:00,2026-03-10 14:51:00,33.05,10576,CARD
L001481,ST016,U02999,20260105082900,2026-01-05 11:15:00,13.05,3328, APP 
L007015,ST015,U01669,2026/04/26 12:03:00,2026-04-26 12:43:00,89.98,28794,CARD
L008754,ST003,U01624,2026-02-12 15:45:00,2026-02-12 16:38:00,89.86,28755,APP
L009152,ST023,U01211,2026-01-16 20:39:00,2026-01-16 21:20:00,20.51,6563,CARD
L004626,ST002,U02918,2026-05-09 02:01:00,2026-05-09 08:01:00,48.9,14279,CARD
L007573,ST026,U02321,2026-06-21 18:17:00,2026-06-21 19:07:00,120.4,45752,APP
L002560,ST017,U00087,2026-02-25 00:37:00,2026-02-25 06:41:00,27.5,8030,APP
L002676,ST036,U01932,2026-04-19 20:16:00,2026-04-20 02:46:00,40.01,11683,CARD
L004810,ST021,U00816,20260209045600,2026-02-09 07:45:00,15.28,"4,462",CARD
L011014,ST014,U01581,2026/06/03 04:49:00,2026-06-03 05:28:00,20.39,7748,CARD
L008862,ST032,U00117,20260506133100,2026-05-06 14:06:00,,19057,CARD
L000853,ST005,U00503,2026-03-25 22:53:00,2026-03-25 23:52:00,156.56,50099,membership
L003999,ST014,U01062,2026-04-30 03:35:00,2026-04-30 04:14:00,26.38,10024,MEMBERSHIP
L010688,ST033,U01442,2026-02-13 11:28:00,2026-02-13 12:07:00,72.53,23210,APP
L007390,ST004,U00602,20260624225900,2026-06-24 23:32:00,54.83,17546,card
L001186,ST006,U01176,2026/05/08 18:32:00,2026-05-09 01:19:00,40.11,11712,MEMBERSHIP
L003489,ST023,U01637,2026-07-04 16:06:00,2026-07-04 17:05:00,32.43,10378,MEMBERSHIP
L000230,ST022,U00928,2026-06-23 02:42:00,2026-06-23 03:04:00,44.91,,CARD
L009421,ST003,U00131,20260617200600,2026-06-17 20:54:00,74.45,23824,MEMBERSHIP
L006072,ST039,U01135,20260404014500,2026-04-04 02:14:00,15.46,5365,APP
L010666,ST023,U00769,2026-04-16 14:39:00,2026-04-16 15:11:00,17.38,5562,APP
L007012,ST007,U01078,2026/05/08 09:50:00,2026-05-08 10:15:00,53.52,17126,CARD
L009202,ST009,U00483,2026-02-25 22:54:00,2026-02-25 23:28:00,16.46,5712,card
L005227,ST006,U01537,2026/07/10 01:29:00,2026-07-10 05:51:00,25.98,7586,CARD
L006520,ST040,U02146,20260115044500,2026-01-15 09:07:00,35.45,,CARD
L006868,ST034,U01378,2026/05/22 06:18:00,2026-05-22 07:11:00,133.19,50612,APP
L010584,ST015,U01639,2026-05-14 18:47:00,2026-05-14 19:24:00,61.45,19664,MEMBERSHIP
L006668,ST033,U01988,2026-07-10 11:01:00,2026-07-10 11:45:00,85.45,27344,APP
L008881,ST024,U00993,20260227180500,2026-02-27 18:34:00,63.91,22177,MEMBERSHIP
L002050,ST020,U00243,2026/02/01 23:58:00,2026-02-02 00:50:00,37.53,12010,MEMBERSHIP
L003176,ST019,U01538,20260724023000,2026-07-24 03:00:00,79.15,27465,card
L003725,ST036,U01818,2026-06-19 16:37:00,2026-06-19 20:06:00,25.24,7370,APP
L010385,ST035,U01846,2026-03-24 17:52:00,2026-03-24 20:52:00,18.72,4774,CARD
L010405,ST027,U00950,20260107064300,2026-01-07 12:56:00,31.35,,membership
L009633,ST004,U00961,2026/04/22 10:00:00,2026-04-22 10:33:00,55.7,17824,CARD
L006279,ST002,U00797,2026-05-23 02:40:00,2026-05-23 06:42:00,26.82,7831,MEMBERSHIP
L008991,ST006,U02953,2026/03/29 20:18:00,2026-03-29 23:04:00,16.73,4885,APP
L004452,ST017,U00551,2026-03-25 16:50:00,2026-03-25 21:55:00,30.03,8769,APP
L005944,ST005,U01888,20260221104400,2026-02-21 11:21:00,101.39,,app
L005492,ST032,U01512,2026-01-02 04:37:00,2026-01-02 05:01:00,25.5,9690,CARD
L000815,ST034,U01326,2026-06-11 18:19:00,2026-06-11 18:49:00,-,33592,APP
L008680,ST013,U02694,2026-06-04 15:47:00,2026-06-04 16:37:00,126.41,40451,MEMBERSHIP
L001194,ST028,U02907,20260223170600,2026-02-23 17:47:00,50.15,16048,APP
L007995,ST003,U01730,2026-01-13 09:41:00,2026-01-13 10:36:00,94.35,30192,MEMBERSHIP
L003984,ST008,U02632,2026-01-02 15:40:00,2026-01-02 18:05:00,12.58,3208,APP
L003287,ST020,U00022,2026-05-19 14:31:00,2026-05-19 15:08:00,18.36,5875,CARD
L006747,ST022,U00970,2026-07-17 20:58:00,2026-07-17 21:20:00,37.39,12974,MEMBERSHIP
L011432,ST018,U00370,2026-03-19 21:46:00,2026-03-20 01:08:00,18.5,5402,CARD
L005186,ST002,U02723,2026-07-21 00:08:00,2026-07-21 06:58:00,66.06,19290,CARD
L005246,ST011,U00434,2026-03-03 19:22:00,2026-03-03 19:45:00,32.43,10378,APP
L004339,ST038,U00513,2026/02/24 18:32:00,2026-02-24 19:26:00,161.87,51798,CARD
L005900,ST019,U00063,2026-04-09 20:26:00,2026-04-09 20:47:00,47.34,"16,427",MEMBERSHIP
L003255,ST018,U01088,2026-04-28 10:15:00,2026-04-28 16:29:00,38.35,11198,CARD
L008697,ST026,U00980,2026-03-18 08:53:00,2026-03-18 09:45:00,103.39,39288,membership
L002488,ST040,U01614,2026/07/27 22:59:00,2026-07-28 03:35:00,32.94,9618,APP
L003864,ST012,U00992,2026-02-28 00:50:00,2026-02-28 01:49:00,42.3,13536,CARD
L003849,ST018,U00274,2026-02-15 03:01:00,2026-02-15 07:57:00,19.1,5577,APP
L005741,ST008,U01407,20260625131800,2026-06-25 16:20:00,17.75,4526,MEMBERSHIP
L011572,ST024,U01289,2026-06-08 17:56:00,2026-06-08 18:36:00,101.66,35276,APP
L004936,ST036,U02498,2026-03-09 04:12:00,2026-03-09 11:27:00,69.16,20195,APP
L000747,ST034,U01829,2026/07/18 10:24:00,2026-07-18 11:13:00,98.8,37544,CARD
L004645,ST022,U00104,2026-05-03 22:49:00,2026-05-03 23:47:00,109.51,38000,app
L004903,ST022,U02097,2026-07-13 20:05:00,2026-07-13 21:01:00,79.11,27451,MEMBERSHIP
L003794,ST033,U01400,2026-03-09 02:43:00,2026-03-09 03:07:00,43.14,13805,CARD
L001079,ST018,U02426,2026-01-13 11:01:00,2026-01-13 17:44:00,32.01,9347,CARD
L008057,ST008,U01251,2026-01-12 02:07:00,2026-01-12 09:11:00,43.71,11146,MEMBERSHIP
L010500,ST021,U00551,2026/06/03 17:46:00,2026-06-03 23:10:00,27.63,8068,CARD
L003971,ST028,U00600,2026/02/15 22:13:00,2026-02-15 22:41:00,31.65,10128,app
L010199,ST037,U02539,2026-02-05 04:42:00,2026-02-05 05:02:00,35.96,12478,CARD
L006156,ST008,U00157,20260427152100,2026-04-27 20:46:00,33.29,8489,MEMBERSHIP
L002593,ST038,U02175,2026-01-10 19:54:00,2026-01-10 20:39:00,126.13,40362,APP
L011481,ST014,U02087,2026/05/18 11:49:00,2026-05-18 12:17:00,18.69,7102,APP
L011744,ST022,U00851,2026/04/27 17:48:00,2026-04-27 18:39:00,72.43,25133,MEMBERSHIP
L011135,ST010,U01926,2026-07-03 22:50:00,2026-07-04 01:59:00,15.07,4400,CARD
L001044,ST007,U02880,2026-02-27 12:45:00,2026-02-27 13:35:00,88.15,,CARD
L008080,ST031,U01322,2026-05-03 02:13:00,2026-05-03 02:47:00,58.77,22333,APP
L007621,ST008,U00369,2026-06-01 22:37:00,2026-06-02 05:20:00,30.32,7732,CARD
L000177,ST023,U02547,2026-05-20 10:29:00,2026-05-20 11:09:00,26.57,8502,app
L003117,ST019,U00713,2026-05-03 11:39:00,2026-05-03 12:23:00,85.92,29814,CARD
L005402,ST038,U01667,2026-05-17 23:08:00,2026-05-17 23:31:00,68.24,21837,APP
L010720,ST031,U02051,2026-01-21 03:42:00,2026-01-21 04:06:00,43.13,16389,MEMBERSHIP
L009242,ST019,U01048,2026-03-14 19:26:00,2026-03-14 20:05:00,78.34,27184,APP
L009876,ST025,U00588,20260329131200,2026-03-29 16:24:00,12.88,3761,APP
L009528,ST028,U00759,2026-04-22 03:58:00,2026-04-22 04:58:00,63.12,20198,CARD
L005452,ST002,U00028,2026-03-31 17:40:00,2026-04-01 01:09:00,73.65,,APP
L011701,ST022,U01090,2026-01-18 07:19:00,2026-01-18 07:47:00,55.59,19290,CARD
L004199,ST011,U02811,2026-05-28 22:39:00,2026-05-28 23:37:00,111.72,35750,APP
L000281,ST001,U01995,2026-07-24 00:34:00,2026-07-24 01:32:00,10352.0,39338,Card
L009469,ST007,U02168,2026-02-17 09:33:00,2026-02-17 10:27:00,106.56,34099,APP
L009563,ST018,U00098,2026-07-04 00:50:00,2026-07-04 03:56:00,13.24,3866,APP
L003349,ST038,U00810,2026-04-30 08:35:00,2026-04-30 09:09:00,89.68,28698,CARD
L007827,ST040,U02226,2026-03-17 21:43:00,2026-03-18 05:31:00,54.0,15768,MEMBERSHIP
L007181,ST010,U02530,2026-05-11 22:21:00,2026-05-12 02:03:00,18.85,5504,CARD
L008663,ST036,U02596,2026-01-24 08:55:00,2026-01-24 15:25:00,58.62,17117,APP
L005280,ST014,U01489,2026-02-12 10:22:00,2026-02-12 10:58:00,26.12,9926,MEMBERSHIP
L006240,ST005,U00529,2026-07-20 20:22:00,2026-07-20 20:52:00,67.19,21501,CARD
L001889,ST008,U00856,2026-01-29 18:59:00,2026-01-30 00:02:00,30.66,7818,MEMBERSHIP
L004783,ST031,U01241,2026/05/29 11:38:00,2026-05-29 12:16:00,80.58,30620,CARD
L006500,ST039,U01667,20260614051900,2026-06-14 05:46:00,16.98,,APP
L002508,ST028,U02606,2026-07-26 23:45:00,2026-07-27 00:06:00,24.3,7776,APP
L006871,ST004,U01110,20260609052500,2026-06-09 06:25:00,129.75,41520,APP
L003683,ST037,U00687,2026/05/28 18:14:00,2026-05-28 18:43:00,59.09,,APP
L007604,ST999,U01634,2026-07-10 12:08:00,2026-07-10 18:55:00,28.28,8258,CARD
L005966,ST007,U01727,20260423162100,2026-04-23 16:56:00,69.27,22166,CARD
L011526,ST033,U01748,2026-01-08 08:50:00,2026-01-08 09:26:00,71.64,22925,APP
L011621,ST029,U00517,2026/01/15 22:13:00,2026-01-16 00:35:00,21.77,6357,MEMBERSHIP
L004657,ST004,U00651,2026-07-24 03:16:00,2026-07-24 03:50:00,64.05,20496,APP
L002358,ST026,U01620,2026-03-24 17:37:00,2026-03-24 18:25:00,95.7,36366,app
L005457,ST036,U01092,2026-04-25 22:13:00,2026-04-26 05:39:00,65.42,19103,MEMBERSHIP
L006081,ST015,U01508,2026-04-26 02:00:00,2026-04-26 02:50:00,97.38,31162,MEMBERSHIP
L002481,ST026,U00642,2026-02-02 10:17:00,2026-02-02 11:06:00,98.99,37616,APP
L009894,ST024,U01609,20260317183200,2026-03-17 18:58:00,70.16,24346,APP
L003446,ST006,U02513,2026-02-13 02:07:00,2026-02-13 09:07:00,35.77,10445,APP
L005889,ST026,U00640,2026-01-11 08:29:00,2026-01-11 08:52:00,67.96,25825,APP
L006955,ST002,U01823,2026-01-18 03:32:00,2026-01-18 11:12:00,66.55,19433,CARD
L000022,ST020,U00222,2026/06/08 03:54:00,2026-06-08 04:21:00,15.8,5056,MEMBERSHIP
L004533,ST002,U00683,2026-02-11 19:51:00,2026-02-11 21:59:00,19.42,5671,MEMBERSHIP
L005521,ST024,U02212,2026-01-23 08:50:00,2026-01-23 09:25:00,76.17,26431,CARD
L009971,ST017,U01495,2026-03-13 01:12:00,2026-03-13 04:44:00,17.93,-5236,MEMBERSHIP
L001062,ST023,U02376,2026-02-28 19:57:00,2026-02-28 20:18:00,14.2,4544,MEMBERSHIP
L010128,ST035,U02413,2026-06-16 00:02:00,2026-06-16 05:36:00,42.34,10797,CARD
L006230,ST027,U00382,2026/03/08 06:56:00,2026-03-08 11:27:00,,6707,MEMBERSHIP
L001644,ST017,U02547,2026-01-07 15:27:00,2026-01-07 22:59:00,39.64,11575,APP
L004449,ST032,U00616,2026-03-07 15:09:00,2026-03-07 15:46:00,49.0,18620,app
L002490,ST035,U00830,2026-07-09 11:01:00,2026-07-09 17:06:00,39.97,10192,APP
L004456,ST031,U02771,2026-02-26 17:23:00,2026-02-26 17:53:00,60.99,23176,CARD
L010810,ST040,U01265,2026-01-08 13:44:00,2026-01-08 18:08:00,40.24,11750,CARD
L000300,ST031,U00806,2026-03-13 13:06:00,2026-03-13 13:54:00,105.85,40223,CARD
L004785,ST031,U02457,2026-07-29 17:46:00,2026-07-29 18:10:00,50.3,19114,MEMBERSHIP
L003159,ST004,U00451,2026-04-29 23:27:00,2026-04-29 23:49:00,44.12,14118,APP
L000389,ST006,U02161,2026-06-04 09:41:00,2026-06-04 12:51:00,17.45,5095,APP
L000276,ST034,U01020,2026-01-25 07:07:00,2026-01-25 07:33:00,60.02,22808,APP
L003276,ST033,U01541,2026/03/13 23:56:00,2026-03-14 00:19:00,41.47,13270,MEMBERSHIP
L008199,ST012,U02219,20260129234000,2026-01-30 00:18:00,22.27,7126,APP
L008713,ST035,U02351,2026-03-12 05:56:00,2026-03-12 13:06:00,67.99,17337,MEMBERSHIP
L000419,ST019,U02915,2026-05-13 01:11:00,2026-05-13 01:48:00,82.99,28798,APP
L002912,ST021,U02689,2026-02-06 20:50:00,2026-02-07 01:19:00,20.95,6117,APP
L011579,ST013,U01121,2026-04-20 12:27:00,2026-04-20 13:17:00,149.7,,CARD
L006381,ST013,U02539,2026-05-11 12:31:00,2026-05-11 13:01:00,60.11,19235,CARD
L005867,ST002,U01378,2026-02-07 10:12:00,2026-02-07 15:54:00,45.13,,CARD
L004649,ST010,U00432,2026-02-03 22:25:00,2026-02-04 05:03:00,32.41,9464,CARD
L002418,ST021,U00521,2026-04-21 14:48:00,2026-04-21 17:43:00,16.46,4806,APP
L009687,ST028,U01927,2026-04-23 15:02:00,2026-04-23 15:25:00,30.79,9853,APP
L004467,ST040,U00673,20260303140100,2026-03-03 19:35:00,43.35,12658,APP
L003466,ST018,U02505,20260302133000,2026-03-02 18:28:00,30.26,8836,APP
L006546,ST017,U02003,2026-03-07 21:55:00,2026-03-08 04:58:00,27.36,7989,MEMBERSHIP
L000936,ST026,U00231,2026-07-03 06:13:00,2026-07-03 06:41:00,56.22,21364,CARD
L007461,ST007,U01848,2026/01/18 06:22:00,2026-01-18 06:55:00,49.91,15971,CARD
L006421,ST012,U01597,2026-07-17 01:52:00,2026-07-17 02:26:00,-,5232,APP
L011667,ST038,U02307,2026-06-05 12:41:00,2026-06-05 13:26:00,95.76,30643,CARD
L009988,ST026,U00273,2026-06-11 21:59:00,2026-06-11 22:47:00,115.26,43799,CARD
L007003,ST006,U01830,2026/02/12 14:04:00,2026-02-12 21:12:00,-,9081,CARD
L009378,ST022,U00163,2026-03-20 04:29:00,2026-03-20 05:17:00,90.92,31549,CARD
L000520,ST023,U02843,2026-01-31 20:50:00,2026-01-31 21:45:00,36.35,11632,MEMBERSHIP
L003290,ST013,U00923,2026-01-22 16:23:00,2026-01-22 17:10:00,128.45,41104,APP
L006888,ST006,U01161,2026-07-14 09:15:00,2026-07-14 11:59:00,11.54,3370,MEMBERSHIP
L001807,ST025,U01028,2026-04-10 08:09:00,2026-04-10 12:34:00,19.01,5551,MEMBERSHIP
L002756,ST016,U00825,2026/07/03 05:32:00,2026-07-03 10:14:00,27.87,7107,MEMBERSHIP
L000941,ST028,U02019,2026-04-21 17:06:00,2026-04-21 17:55:00,54.22,17350,CARD
L010383,ST027,U00442,2026-03-21 02:18:00,2026-03-21 05:53:00,13.88,4053,APP
L001265,ST022,U02783,2026-07-12 04:10:00,2026-07-12 05:08:00,88.59,,MEMBERSHIP
L006511,ST009,U01969,2026-01-09 23:57:00,2026-01-10 00:34:00,25.09,8706,APP
L007485,ST040,U02916,2026-03-11 12:01:00,2026-03-11 17:05:00,45.07,13160,MEMBERSHIP
L003222,ST033,U02521,2026/05/18 17:32:00,2026-05-18 18:03:00,47.3,,MEMBERSHIP
L008444,ST021,U01134,2026-04-02 22:00:00,2026-04-03 02:23:00,19.74,5764,MEMBERSHIP
L005391,ST029,U00691,2026-06-18 04:07:00,2026-06-18 06:40:00,16.82,4911,CARD
L005631,ST029,U02431,2026-04-20 21:19:00,2026-04-21 04:07:00,49.66,14501,APP
L011760,ST014,U02018,2026-07-15 16:06:00,2026-07-15 16:38:00,20.18,7668,APP
L007716,ST020,U00322,2026-07-08 17:49:00,2026-07-08 18:30:00,20.72,6630,card
L011711,ST009,U00439,20260428142800,2026-04-28 14:54:00,,4754,MEMBERSHIP
L009056,ST020,U00929,2026-04-21 19:41:00,2026-04-21 20:25:00,28.9,9248,APP
L002142,ST015,U02281,2026-07-12 13:46:00,2026-07-12 14:24:00,81.77,26166,MEMBERSHIP
L009807,ST023,U02071,2026-05-29 15:54:00,2026-05-29 16:31:00,26.22,8390,CARD
L007280,ST035,U01231,2026-02-01 00:21:00,2026-02-01 02:42:00,22.43,5720,APP
L002319,ST014,U00741,2026-03-11 00:07:00,2026-03-11 00:37:00,17.53,6661,APP
L006982,ST033,U01234,2026/05/13 17:03:00,2026-05-13 17:43:00,79.93,,APP
L004719,ST003,U01454,2026-04-07 12:34:00,2026-04-07 13:08:00,72.25,23120,MEMBERSHIP
L006487,ST016,U01145,2026-05-15 00:07:00,2026-05-15 06:20:00,2842.0,7247,MEMBERSHIP
L004534,ST023,U01595,2026-01-07 14:41:00,2026-01-07 15:04:00,13.67,4374,MEMBERSHIP
L001484,ST022,U00749,2026-05-05 16:58:00,2026-05-05 17:38:00,82.06,28475,APP
L000647,ST039,U01344,2026-01-07 15:59:00,2026-01-07 16:20:00,13.21,4584,MEMBERSHIP
L003687,ST039,U01597,2026/03/22 15:27:00,2026-03-22 16:11:00,30.6,10618,APP
L005051,ST008,U02401,2026-03-06 18:12:00,2026-03-07 00:00:00,30.12,7681,APP
L000327,ST026,U02697,2026-07-29 20:10:00,2026-07-29 21:01:00,99.41,37776,MEMBERSHIP
L008258,ST028,U01809,2026-04-08 06:25:00,2026-04-08 07:11:00,43.31,13859,MEMBERSHIP
L004195,ST002,U00480,2026-04-07 12:03:00,2026-04-07 19:53:00,58.56,17100,CARD
L005817,ST022,U02229,2026-05-17 07:51:00,2026-05-17 08:49:00,82.38,28586,APP
L006992,ST027,U01587,2026-04-21 18:23:00,2026-04-22 02:14:00,41.78,12200,MEMBERSHIP
L005990,ST015,U02498,2026-01-07 02:08:00,2026-01-07 02:38:00,49.33,15786,APP
L004155,ST008,U00811,2026-04-21 00:34:00,2026-04-21 03:49:00,13.21,3369,CARD
L001453,ST028,U02874,2026-02-26 16:06:00,2026-02-26 16:50:00,60.93,19498,CARD
L010870,ST031,U01922,2026-04-03 16:09:00,2026-04-03 16:59:00,80.44,30567,CARD
L005056,ST039,U00091,2026/01/20 09:08:00,2026-01-20 09:41:00,23.11,8019,APP
L000947,ST040,U02273,20260210200800,2026-02-10 22:35:00,,,APP
L001476,ST005,U00886,2026-04-08 08:23:00,2026-04-08 08:48:00,62.04,19853,APP
L003839,ST003,U02445,2026-07-12 15:13:00,2026-07-12 15:49:00,49.77,15926,CARD
L009503,ST025,U00155,2026-01-14 00:23:00,2026-01-14 06:39:00,32.73,9557,CARD
L004181,ST018,U00709,2026-03-29 09:47:00,2026-03-29 13:16:00,18.92,5525,APP
L005936,ST035,U02840,20260508081500,2026-05-08 14:16:00,55.15,14063,APP
L001425,ST023,U01187,20260530102100,2026-05-30 10:58:00,25.54,8173,CARD
L007158,ST037,U02456,2026/03/11 02:05:00,2026-03-11 02:56:00,101.43,35196,CARD
L005079,ST001,U01519,2026-04-07 05:21:00,2026-04-07 06:19:00,83.72,31814,CARD
L007072,ST028,U00946,2026-07-17 16:14:00,2026-07-17 17:02:00,67.4,,CARD
L000924,ST036,U01383,2026-03-02 07:00:00,2026-03-02 14:33:00,55.28,16142,APP
L007230,ST036,U01816,20260214212300,2026-02-15 04:33:00,,14285,MEMBERSHIP
L003394,ST016,U00026,2026-01-24 07:07:00,2026-01-24 10:29:00,21.1,5380,Card
L001582,ST038,U00161,2026-03-21 10:31:00,2026-03-21 10:56:00,57.71,18467,APP
L004554,ST007,U02472,2026-02-11 08:51:00,2026-02-11 09:33:00,67.64,21645,APP
L002773,ST037,U00164,2026-03-03 13:36:00,2026-03-03 14:15:00,57.66,20008,MEMBERSHIP
L010935,ST019,U01798,20260601052700,2026-06-01 06:13:00,125.54,43562, APP 
L006420,ST035,U01733,2026-04-21 07:26:00,2026-04-21 09:48:00,22.41,5715,MEMBERSHIP
L007176,ST019,U02018,2026-06-16 12:44:00,2026-06-16 13:13:00,76.47,26535,APP
L009700,ST031,U01449,2026-05-09 09:02:00,2026-05-09 09:26:00,50.29,19110,app
L004659,ST003,U01919,2026-05-31 04:05:00,2026-05-31 05:02:00,80.73,25834,MEMBERSHIP
L011626,ST004,U01403,2026-06-02 06:18:00,2026-06-02 06:47:00,44.04,14093,APP
L005136,ST033,U01328,2026-02-12 12:38:00,2026-02-12 13:13:00,63.75,20400,APP
L010070,ST025,U02237,2026/07/16 04:19:00,2026-07-16 09:30:00,26.66,7785,APP
L007102,ST039,U02142,2026-01-01 00:57:00,2026-01-01 01:53:00,36.05,12509,card
L009283,ST032,U02592,20260519013000,2026-05-19 01:54:00,32.14,12213,MEMBERSHIP
L004781,ST005,U00974,2026/07/18 08:23:00,2026-07-18 09:12:00,137.32,43942,MEMBERSHIP
L000921,ST039,U00958,2026/07/24 01:34:00,2026-07-24 02:24:00,28.85,10011,APP
L006805,ST014,U01689,2026-03-30 05:10:00,2026-03-30 05:40:00,18.73,7117,CARD
L002392,ST030,U02569,2026-03-06 04:01:00,2026-03-06 04:26:00,64.63,20682,card
L009534,ST037,U01193,2026/04/28 18:41:00,2026-04-28 19:36:00,103.75,36001,CARD
L010193,ST010,U02775,2026-04-06 17:13:00,2026-04-06 23:21:00,36.22,10576,APP
L005267,ST004,U00533,2026/03/02 08:52:00,2026-03-02 09:50:00,117.33,37546,Card
L009870,ST030,U01845,2026/04/18 20:45:00,2026-04-18 21:42:00,132.25,42320,MEMBERSHIP
L009246,ST032,U01061,2026-07-10 12:57:00,2026-07-10 13:21:00,24.24,,Card
L005851,ST012,U00946,2026-01-17 23:44:00,2026-01-18 00:42:00,39.12,12518,MEMBERSHIP
L005795,ST022,U01792,2026-03-02 22:05:00,2026-03-02 22:33:00,52.43,,APP
L007645,ST008,U00719,2026-06-24 15:08:00,2026-06-24 20:48:00,25.02,6380,MEMBERSHIP
L005858,ST013,U02949,2026-02-21 21:37:00,2026-02-21 22:24:00,92.8,29696,APP
L006363,ST026,U01395,2026-04-03 18:33:00,2026-04-03 19:15:00,118.5,45030,APP
L006598,ST025,U02132,2026-03-16 16:57:00,2026-03-16 21:56:00,27.2,7942,CARD
L003373,ST001,U01261,2026/07/15 06:38:00,2026-07-15 07:05:00,56.37,21421,APP
L010606,ST018,U02180,2026-02-24 10:33:00,2026-02-24 18:06:00,42.93,12536,CARD
L009861,ST039,U01670,2026-02-22 11:03:00,2026-02-22 11:32:00,20.45,7096,CARD
L002679,ST017,U00726,2026-01-29 06:24:00,2026-01-29 13:26:00,35.75,10439,MEMBERSHIP
L007722,ST005,U01294,2026-02-27 20:33:00,2026-02-27 20:59:00,51.15,16368,APP
L011637,ST038,U01870,2026-04-05 06:20:00,2026-04-05 07:10:00,101.57,32502,CARD
L006338,ST040,U02499,2026-06-28 10:49:00,2026-06-28 13:38:00,25.73,7513,APP
L010815,ST030,U02088,2026-04-08 17:07:00,2026-04-08 17:35:00,66.28,21210,MEMBERSHIP
L010189,ST009,U02258,2026-01-17 16:52:00,2026-01-17 17:39:00,28.38,9848,CARD
L010904,ST027,U01378,2026/01/26 06:28:00,2026-01-26 12:05:00,24.86,7259,CARD
L006892,ST011,U01464,2026/01/14 04:58:00,2026-01-14 05:46:00,92.4,29568,CARD
L001273,ST034,U01030,2026/01/05 23:38:00,2026-01-06 00:21:00,106.2,40356,MEMBERSHIP
L003831,ST003,U02867,2026-02-01 18:04:00,2026-02-01 18:43:00,75.75,24240,APP
L010872,ST018,U01824,2026/03/11 22:57:00,2026-03-12 03:54:00,31.01,9055,card
L004228,ST002,U00887,2026-03-23 08:53:00,2026-03-23 12:21:00,31.49,"9,195",APP
L007249,ST004,U01902,2026-03-06 00:19:00,2026-03-06 01:13:00,103.41,33091,CARD
L006899,ST005,U02576,2026-02-11 17:19:00,2026-02-11 17:45:00,51.5,16480,APP
L002332,ST039,U00908,2026/04/21 20:07:00,2026-04-21 20:27:00,11.09,3848,APP
L006944,ST032,U00125,2026-01-19 08:56:00,2026-01-19 09:51:00,75.44,28667,MEMBERSHIP
L005921,ST017,U02288,2026-06-29 09:00:00,2026-06-29 14:56:00,33.43,9762,CARD
L008607,ST005,U00727,2026-05-06 07:01:00,2026-05-06 07:36:00,68.26,21843,MEMBERSHIP
L006454,ST023,U02421,2026-07-29 00:58:00,2026-07-29 01:55:00,27.96,8947,CARD
L002848,ST040,U00875,2026-06-06 00:57:00,2026-06-06 06:38:00,37.01,10807,CARD
L008792,ST007,U01350,2026-02-21 13:21:00,2026-02-21 13:50:00,42.22,13510,membership
L008481,ST009,U00332,2026-04-30 11:05:00,2026-04-30 11:41:00,19.28,6690,MEMBERSHIP
L009672,ST011,U01941,2026-01-19 11:57:00,2026-01-19 12:26:00,52.21,16707,APP
L007386,ST018,U02549,2026-04-27 05:10:00,2026-04-27 08:06:00,17.3,5052,card
L000800,ST017,U00339,2026-07-21 09:11:00,2026-07-21 12:56:00,22.83,6666,APP
L007124,ST014,U01215,2026-06-27 19:37:00,2026-06-27 20:04:00,17.76,6749,MEMBERSHIP
L001127,ST015,U00641,20260416232900,2026-04-17 00:11:00,84.24,26957,MEMBERSHIP
L010803,ST022,U02421,2026-03-13 22:40:00,2026-03-13 23:22:00,75.18,26087,APP
L009748,ST016,U00551,2026-05-05 14:14:00,2026-05-05 19:39:00,25.0,6375,MEMBERSHIP
L011512,ST028,U01863,2026-02-20 03:29:00,2026-02-20 04:17:00,60.25,19280,MEMBERSHIP
L008911,ST003,U00801,2026-04-30 09:20:00,2026-04-30 09:41:00,30.1,9632,MEMBERSHIP
L004053,ST006,U02032,2026/06/02 13:49:00,2026-06-02 18:13:00,22.67,6620,APP
L005196,ST008,U02492,2026-01-27 19:04:00,2026-01-27 22:11:00,12.32,3142,MEMBERSHIP
L011901,ST999,U00938,2026-03-10 21:39:00,2026-03-11 01:38:00,27.15,7928,APP
L011952,ST030,U01970,2026-07-23 02:35:00,2026-07-23 03:31:00,117.24,37517,APP
L011968,ST029,U00316,20260615131200,2026-06-15 18:41:00,45.66,13333,APP
L010134,ST006,U02126,2026-05-06 04:17:00,2026-05-06 09:23:00,27.38,7995,APP
L007718,ST029,U00013,2026-06-26 12:59:00,2026-06-26 19:35:00,48.22,14080,CARD
L000364,ST021,U00670,2026-05-27 11:27:00,2026-05-27 16:59:00,25.65,7490,MEMBERSHIP
L004162,ST008,U01888,2026-02-03 18:55:00,2026-02-04 02:30:00,38.01,,APP
L000061,ST003,U01142,2026-01-16 05:32:00,2026-01-16 06:13:00,70.42,22534,CARD
L009902,ST013,U01350,20260712002000,2026-07-12 00:58:00,90.61,28995,APP
L005434,ST024,U01459,2026-04-06 19:56:00,2026-04-06 20:42:00,129.95,45093,APP
L001083,ST004,U00924,2026-05-31 19:14:00,2026-05-31 20:07:00,76.85,24592,APP
L007677,ST037,U00373,2026-03-14 14:54:00,2026-03-14 15:23:00,63.57,22059,APP
L009892,ST900,U01102,2026/04/30 23:47:00,2026-05-01 00:35:00,93.0,29760,CARD
L002509,ST019,U01824,2026-04-25 15:49:00,2026-04-25 16:44:00,101.75,35307,MEMBERSHIP
L004686,ST018,U01449,2026-07-12 03:25:00,2026-07-12 10:21:00,4253.0,12419,CARD
L009163,ST028,U01255,2026-01-03 22:01:00,2026-01-03 21:16:00,38.75,12400,MEMBERSHIP
L010742,ST011,U01562,2026/01/24 09:42:00,2026-01-24 10:40:00,89.04,28493,APP
L003163,ST036,U00324,2026-03-29 07:19:00,2026-03-29 09:56:00,19.23,5615,CARD
L010561,ST022,U01840,2026-06-18 14:18:00,2026-06-18 15:06:00,74.19,25744,card
L003299,ST013,U00414,2026-04-17 07:24:00,2026-04-17 07:53:00,66.85,21392,CARD
L005816,ST014,U00477,2026-05-10 13:25:00,2026-05-10 13:49:00,16.51,6274,APP
L006958,ST031,U01515,2026-06-02 16:32:00,2026-06-02 17:20:00,72.69,27622,MEMBERSHIP
L008769,ST027,U01679,2026-04-03 22:03:00,2026-04-04 01:24:00,15.98,4666,MEMBERSHIP
L009713,ST025,U01027,2026-01-18 03:41:00,2026-01-18 10:47:00,43.27,12635,CARD
L007023,ST009,U00269,2026-06-13 10:52:00,2026-06-13 11:34:00,22.66,7863,CARD
L004579,ST032,U00987,2026-07-02 02:53:00,2026-07-02 03:33:00,54.75,20805,APP
L002111,ST007,U00843,20260523230400,2026-05-23 23:34:00,48.39,15485,CARD
L000491,ST032,U01799,2026-02-12 02:38:00,2026-02-12 03:37:00,58.27,22143,APP
L008634,ST025,U01921,2026-07-20 11:52:00,2026-07-20 15:57:00,22.14,6465,APP
L000996,ST005,U01983,2026-03-16 22:54:00,2026-03-16 23:15:00,43.9,14048,APP
L008993,ST036,U00016,2026-03-24 13:33:00,2026-03-24 21:12:00,52.33,15280,MEMBERSHIP
L003356,ST013,U01912,2026-02-02 15:10:00,2026-02-02 16:08:00,,43184,MEMBERSHIP
L003332,ST034,U01656,2026/06/24 18:22:00,2026-06-24 19:14:00,105.76,40189,CARD
L007965,ST012,U00315,2026-05-19 13:44:00,2026-05-19 14:37:00,32.26,10323,APP
L003914,ST021,U01587,2026-04-13 08:54:00,2026-04-13 11:01:00,10.71,3127,CARD
L010079,ST010,U02665,2026-03-13 22:38:00,2026-03-14 03:51:00,27.49,8027,APP
L008198,ST010,U00713,2026/07/09 14:20:00,2026-07-09 18:10:00,,4684,CARD
L004738,ST011,U00875,2026-04-17 09:59:00,2026-04-17 10:54:00,94.67,30294,CARD
L005753,ST008,U02743,2026-03-05 03:02:00,2026-03-05 06:43:00,14.75,3761,MEMBERSHIP
L001986,ST038,U01262,2026-02-26 23:34:00,2026-02-27 00:10:00,70.13,22442,CARD
L000931,ST037,U02690,2026-01-22 06:13:00,2026-01-22 06:37:00,52.61,"18,256",APP
L002097,ST025,U01425,2026-05-14 00:59:00,2026-05-14 03:09:00,13.61,3974,MEMBERSHIP
L001205,ST015,U02135,2026-01-20 17:50:00,2026-01-20 18:48:00,N/A,27318,APP
L001459,ST025,U02345,2026-06-18 05:49:00,2026-06-18 08:57:00,18.63,5440,MEMBERSHIP
L002709,ST038,U01497,2026/05/16 06:24:00,2026-05-16 06:47:00,59.07,18902,APP
L011786,ST021,U00187,2026-04-12 04:47:00,2026-04-12 11:34:00,41.05,11987,CARD
L001310,ST034,U01330,2026-02-01 21:37:00,2026-02-01 22:37:00,127.33,48385,APP
L008619,ST034,U01027,2026-06-26 11:06:00,2026-06-26 11:37:00,,27208,CARD
L010085,ST033,U02349,20260328061900,2026-03-28 06:43:00,40.79,13053,MEMBERSHIP
L010664,ST030,U01086,2026/03/14 13:18:00,2026-03-14 14:17:00,121.51,38883,CARD
L003015,ST016,U02817,2026/07/14 21:20:00,2026-07-15 00:55:00,21.97,5602,card
L006111,ST024,U01443,2026-07-05 18:44:00,2026-07-05 19:08:00,61.05,21184,MEMBERSHIP
L011815,ST018,U01255,2026-03-31 13:40:00,2026-03-31 18:00:00,27.23,7951,MEMBERSHIP
L009918,ST020,U00754,2026-06-23 01:43:00,2026-06-23 02:19:00,26.89,8605,CARD
L006027,ST017,U01253,20260622023200,2026-06-22 05:45:00,14.0,4088,MEMBERSHIP
L005754,ST026,U00544,2026-02-10 23:33:00,2026-02-11 00:06:00,78.02,29648,APP
L007066,ST032,U02423,2026/05/06 07:41:00,2026-05-06 08:32:00,64.2,24396,CARD
L005207,ST021,U01379,2026-04-12 02:58:00,2026-04-12 10:20:00,42.8,12498,APP
L002081,ST027,U00749,20260225231400,2026-02-26 04:24:00,25.53,7455,MEMBERSHIP
L006567,ST022,U00505,2026/02/18 03:47:00,2026-02-18 04:30:00,61.54,21354,MEMBERSHIP
L003237,ST040,U00101,2026-03-25 11:04:00,2026-03-25 18:00:00,52.4,15301,MEMBERSHIP
L009049,ST013,U02652,2026-04-03 01:15:00,2026-04-03 01:38:00,42.39,13565,APP
L005706,ST004,U02956,2026-05-21 09:45:00,2026-05-21 10:31:00,66.91,21411,APP
L010623,ST033,U02481,2026-01-05 12:00:00,2026-01-05 12:58:00,103.51,33123,CARD
L004152,ST029,U02396,2026/01/25 09:35:00,2026-01-25 14:59:00,43.5,12702,APP
L001584,ST008,U00960,2026-05-31 01:31:00,2026-05-31 06:22:00,20.0,5100,CARD
L003772,ST001,U00448,2026/03/01 13:31:00,2026-03-01 14:06:00,59.78,22716,CARD
L001904,ST006,U00934,2026-03-07 05:42:00,2026-03-07 10:22:00,26.34,7691,APP
L005891,ST039,U02990,2026-02-06 16:56:00,2026-02-06 17:38:00,22.71,7880,MEMBERSHIP
L001058,ST021,U02551,2026-02-04 01:54:00,2026-02-04 08:45:00,41.43,12098,CARD
L001329,ST025,U02522,2026-06-09 09:27:00,2026-06-09 16:08:00,35.25,10293,APP
L000731,ST007,U02520,2026-05-05 13:28:00,2026-05-05 14:24:00,87.4,27968,MEMBERSHIP
L011867,ST013,U02256,2026/03/17 08:01:00,2026-03-17 08:46:00,109.43,35018, APP 
L000053,ST026,U00489,2026-07-09 16:13:00,2026-07-09 17:11:00,14213.0,54009,CARD
L002656,ST028,U02064,2026/02/08 02:08:00,2026-02-08 02:46:00,36.06,11539,APP
L004115,ST030,U00221,2026/07/19 16:27:00,2026-07-19 16:47:00,50.69,16221,MEMBERSHIP
L007694,ST001,U02961,2026/07/01 18:38:00,2026-07-01 19:11:00,47.84,18179,MEMBERSHIP
L008248,ST026,U01040,2026-05-18 20:12:00,2026-05-18 20:34:00,45.98,17472,APP
L008909,ST037,U01070,2026-05-01 22:44:00,2026-05-01 23:44:00,114.08,39586,MEMBERSHIP
L008778,ST002,U01412,2026-03-25 03:18:00,2026-03-25 05:46:00,21.42,6255,APP
L007451,ST026,U02525,2026-04-17 05:59:00,2026-04-17 06:19:00,46.65,17727,APP
L010141,ST020,U00961,2026-03-31 15:35:00,2026-03-31 15:55:00,14.17,4534,APP
L004147,ST022,U01447,2026-05-11 10:27:00,2026-05-11 11:27:00,118.67,41178,APP
L002524,ST033,U00157,2026-02-19 04:39:00,2026-02-19 05:10:00,49.41,15811,CARD
L010366,ST021,U00286,2026-07-01 15:01:00,2026-07-01 22:31:00,39.54,11546,MEMBERSHIP
L001346,ST037,U00489,2026-01-16 17:02:00,2026-01-16 17:22:00,43.51,15098,APP
L008545,ST036,U00967,2026-01-10 02:47:00,2026-01-10 08:36:00,41.41,12092,MEMBERSHIP
L000838,ST006,U01409,2026-04-24 07:58:00,2026-04-24 14:02:00,36.83,10754,APP
L008512,ST009,U00486,2026-05-24 18:26:00,2026-05-24 19:13:00,27.71,9615,APP
L000450,ST023,U02773,2026-05-24 21:46:00,2026-05-24 22:44:00,34.22,10950,app
L007776,ST009,U00625,2026-05-07 06:22:00,2026-05-07 06:54:00,20.54,7127,MEMBERSHIP
L003623,ST031,U01544,20260319152000,2026-03-19 15:45:00,50.29,19110,CARD
L011267,ST005,U02974,2026-01-31 05:38:00,2026-01-31 06:29:00,131.25,42000,MEMBERSHIP
L011550,ST033,U01049,2026-01-08 05:57:00,2026-01-08 06:27:00,57.68,18458,MEMBERSHIP
L001379,ST009,U01803,2026-04-01 16:18:00,2026-04-01 16:40:00,16.33,5667,APP
L003819,ST003,U00699,2026-06-18 00:29:00,2026-06-18 01:15:00,73.99,23677,MEMBERSHIP
L008612,ST024,U01776,2026-04-16 11:53:00,2026-04-16 12:29:00,80.71,28006,CARD
L002381,ST018,U00647,2026-06-07 05:34:00,2026-06-07 09:51:00,20.0,"5,840",CARD
L001340,ST008,U01949,2026-07-17 17:21:00,2026-07-18 00:32:00,38.18,9736,CARD
L008716,ST021,U00259,2026-04-07 14:31:00,2026-04-07 22:20:00,35.64,10407,CARD
L002373,ST031,U02799,2026-06-15 15:41:00,2026-06-15 16:32:00,107.09,40694,CARD
L006229,ST038,U02256,2026-06-17 19:43:00,2026-06-17 20:36:00,143.96,46067,MEMBERSHIP
L006734,ST026,U01850,2026-01-11 23:34:00,2026-01-12 00:33:00,143.97,54709,MEMBERSHIP
L004844,ST002,U00930,2026-02-24 11:12:00,2026-02-24 17:15:00,39.49,,APP
L004584,ST039,U00869,2026-06-15 06:14:00,2026-06-15 06:54:00,23.15,8033,MEMBERSHIP
L008394,ST017,U02127,20260302224900,2026-03-03 03:54:00,31.47,9189,card
L003428,ST017,U01843,2026-05-17 13:30:00,2026-05-17 21:00:00,40.62,11861,APP
L003208,ST005,U00625,2026-07-01 14:48:00,2026-07-01 15:40:00,113.02,36166,MEMBERSHIP
L000333,ST027,U01215,2026-03-16 08:43:00,2026-03-16 13:51:00,25.41,7420,APP
L003335,ST030,U01259,2026-04-09 12:35:00,2026-04-09 13:10:00,71.01,22723,MEMBERSHIP
L010218,ST008,U01977,20260112012500,2026-01-12 06:14:00,22.41,5715,MEMBERSHIP
L008541,ST002,U02903,2026-06-22 16:17:00,2026-06-22 18:33:00,15.02,4386,MEMBERSHIP
L003245,ST033,U01505,20260624012800,2026-06-24 01:50:00,38.33,12266,CARD
L006249,ST025,U00465,2026-06-04 10:34:00,2026-06-04 16:50:00,29.85,8716,CARD
L003488,ST017,U02986,2026-06-10 19:12:00,2026-06-11 02:21:00,33.41,9756,APP
L005890,ST014,U01132,2026-02-23 12:11:00,2026-02-23 12:50:00,18.96,7205,APP
L000196,ST035,U01841,2026-04-03 05:33:00,2026-04-03 11:09:00,40.6,10353,card
L001511,ST034,U00495,2026-04-26 12:58:00,2026-04-26 13:47:00,119.39,45368,membership
L008727,ST017,U01673,2026-07-05 01:49:00,2026-07-05 08:47:00,40.65,11870,CARD
L010266,ST026,U00328,2026-01-04 21:52:00,2026-01-04 22:40:00,126.89,48218,APP
L004814,ST016,U01925,20260520105400,2026-05-20 14:09:00,15.09,3848,CARD
L010231,ST037,U00836,2026-05-09 05:55:00,2026-05-09 06:53:00,117.77,40866,MEMBERSHIP
L011947,ST032,U00669,2026-05-09 19:44:00,2026-05-09 20:33:00,48.62,18476,MEMBERSHIP
L011402,ST001,U02083,2026-02-15 10:01:00,2026-02-15 10:43:00,59.72,22694,MEMBERSHIP
L000734,ST007,U00345,2026-03-28 06:44:00,2026-03-28 07:29:00,71.42,22854,Card
L007180,ST019,U01504,2026-05-18 10:08:00,2026-05-18 10:51:00,108.96,37809,CARD
L003651,ST006,U02678,2026-05-29 08:48:00,2026-05-29 14:05:00,28.42,8299,APP
L008514,ST009,U02627,2026/07/16 21:07:00,2026-07-16 21:40:00,24.29,8429,MEMBERSHIP
L002147,ST019,U01885,20260205180900,2026-02-05 18:47:00,76.7,26615,CARD
L006084,ST035,U00154,2026-04-20 16:36:00,2026-04-20 23:14:00,53.99,13767,MEMBERSHIP
L011757,ST014,U01214,2026-04-13 06:41:00,2026-04-13 07:34:00,33.82,,APP
L003050,ST026,U02030,2026-05-28 22:18:00,2026-05-28 22:45:00,67.41,25616,APP
L008478,ST023,U01657,2026-01-28 16:52:00,2026-01-28 17:49:00,36.66,11731,MEMBERSHIP
L007953,ST006,U02932,2026-07-02 07:51:00,2026-07-02 10:57:00,14.86,4339,CARD
L004384,ST008,U02744,2026-02-20 12:37:00,2026-02-20 19:56:00,31.55,8045,APP
L009480,ST014,U01213,20260412142800,2026-04-12 14:58:00,18.17,6905,MEMBERSHIP
L002056,ST012,U01981,2026-02-15 00:35:00,2026-02-15 01:17:00,30.87,,CARD
L004766,ST037,U01477,2026-06-22 21:08:00,2026-06-22 21:29:00,45.22,,MEMBERSHIP
L005442,ST007,U01657,2026-01-06 13:57:00,2026-01-06 14:55:00,114.58,36666,MEMBERSHIP
L001158,ST037,U02551,2026/05/14 13:12:00,2026-05-14 14:06:00,75.06,26046,APP
L004105,ST003,U00748,2026-04-20 21:40:00,2026-04-20 22:15:00,72.18,23098,MEMBERSHIP
L010876,ST001,U02458,2026-01-05 03:33:00,2026-01-05 04:27:00,97.17,36925,MEMBERSHIP
L001364,ST025,U01462,2026-06-12 05:29:00,2026-06-12 08:41:00,18.18,5309,APP
L003545,ST038,U01163,2026/03/08 01:41:00,2026-03-08 02:35:00,139.67,44694,APP
L006059,ST028,U00402,2026/03/30 06:49:00,2026-03-30 07:36:00,49.78,15930,membership
L006034,ST039,U02513,2026/03/30 07:02:00,2026-03-30 07:45:00,25.43,8824,CARD
L000060,ST032,U01298,2026-06-23 07:10:00,2026-06-23 07:48:00,51.08,,APP
L003682,ST016,U00799,20260219065900,2026-02-19 09:36:00,14.08,3590,CARD
L002449,ST024,U02202,2026-05-22 19:14:00,2026-05-22 19:37:00,44.89,15577,CARD
L005310,ST025,U01982,2026-03-25 09:16:00,2026-03-25 14:23:00,31.02,9058,APP
L006745,ST032,U01766,2026-03-03 11:36:00,2026-03-03 12:11:00,35.15,13357,MEMBERSHIP
L008704,ST001,U00119,2026-05-20 14:12:00,2026-05-20 14:46:00,65.56,24913,APP
L000376,ST020,U01671,2026-05-20 03:13:00,2026-05-20 04:08:00,29.56,9459,MEMBERSHIP
L006274,ST035,U01036,2026-02-14 02:50:00,2026-02-14 08:11:00,47.36,12077,APP
L011785,ST008,U01011,2026-04-28 20:29:00,2026-04-29 00:48:00,16.95,"4,322",MEMBERSHIP
L001008,ST030,U01737,2026-02-06 07:27:00,2026-02-06 08:15:00,128.36,41075,CARD
L010388,ST002,U00424,2026/07/22 11:22:00,2026-07-22 17:37:00,59.12,17263,MEMBERSHIP
L000907,ST024,U01241,2026/06/08 14:04:00,2026-06-08 14:31:00,71.88,24942,APP
L007697,ST026,U01545,2026-06-29 04:46:00,2026-06-29 05:10:00,55.56,21113,APP
L000577,ST012,U02628,20260531161700,2026-05-31 17:12:00,27.98,8954,APP
L010160,ST038,U02861,2026-04-08 02:29:00,2026-04-08 03:20:00,128.18,41018,MEMBERSHIP
L010023,ST005,U01147,2026-02-27 05:03:00,2026-02-27 06:01:00,138.13,44202,APP
L001971,ST024,U01840,2026-06-29 20:07:00,2026-06-29 20:56:00,103.76,36005,card
L011191,ST007,U01810,2026-03-04 10:15:00,2026-03-04 10:41:00,55.11,17635,CARD
L005721,ST026,U00432,2026-07-11 03:28:00,2026-07-11 04:19:00,96.41,36636,APP
L008875,ST033,U02853,20260105010900,2026-01-05 02:09:00,126.48,40474,APP
L009994,ST035,U01513,2026-03-16 10:50:00,2026-03-16 15:02:00,30.72,7834,app
L010447,ST026,U01395,2026-03-26 03:39:00,2026-03-26 04:14:00,94.43,35883,APP
L001129,ST011,U01444,2026-04-04 06:47:00,2026-04-04 07:40:00,73.33,23466,MEMBERSHIP
L000882,ST032,U01852,2026/04/27 06:13:00,2026-04-27 06:51:00,40.6,15428,MEMBERSHIP
L009407,ST026,U01747,20260226195300,2026-02-26 20:32:00,88.92,"33,790",APP
L010809,ST032,U00214,2026-06-20 05:33:00,2026-06-20 06:30:00,59.25,22515,APP
L005932,ST026,U02213,2026-07-27 08:35:00,2026-07-27 08:57:00,62.84,23879,APP
L010788,ST013,U02882,2026-04-05 17:24:00,2026-04-05 18:21:00,151.54,48493,MEMBERSHIP
L002474,ST012,U00284,2026-06-09 07:48:00,2026-06-09 08:35:00,33.96,10867,CARD
L009474,ST037,U02624,2026-02-16 18:26:00,2026-02-16 19:21:00,97.05,33676,MEMBERSHIP
L005609,ST031,U02266,2026-03-02 14:24:00,2026-03-02 15:07:00,79.43,30183,MEMBERSHIP
L007193,ST036,U02160,2026-01-15 16:10:00,2026-01-15 21:16:00,31.04,9064,MEMBERSHIP
L005734,ST031,U00899,2026/04/19 14:27:00,2026-04-19 15:07:00,85.56,32513,CARD
L010987,ST018,U02547,2026-04-05 22:36:00,2026-04-06 04:17:00,22.35,6526,APP
L004046,ST004,U00282,2026-06-01 09:14:00,2026-06-01 09:58:00,67.45,21584,MEMBERSHIP
L008121,ST005,U01854,2026-02-25 04:54:00,2026-02-25 05:23:00,60.65,19408,MEMBERSHIP
L008892,ST008,U00615,2026/06/14 23:42:00,2026-06-15 03:17:00,18.23,4649,CARD
L007531,ST034,U01576,2026-03-06 23:03:00,2026-03-06 23:36:00,97.9,37202,CARD
L004293,ST021,U00945,2026-05-26 22:50:00,2026-05-27 05:39:00,41.26,12048,MEMBERSHIP
L010727,ST004,U00682,2026-03-08 04:04:00,2026-03-08 05:04:00,134.46,43027,MEMBERSHIP
L007758,ST034,U01795,2026-06-26 06:09:00,2026-06-26 06:45:00,107.08,,APP
L006706,ST013,U02579,2026-01-30 02:40:00,2026-01-30 03:01:00,40.21,12867,APP
L007378,ST015,U00587,2026-06-16 06:51:00,2026-06-16 07:38:00,80.66,"25,811",APP
L010279,ST035,U00392,2026-05-16 01:07:00,2026-05-16 08:20:00,47.81,12192,CARD
L006197,ST035,U01177,2026-03-08 21:21:00,2026-03-09 02:41:00,35.84,9139,CARD
L000951,ST007,U00102,2026-02-27 14:49:00,2026-02-27 15:16:00,37.34,11949,MEMBERSHIP
L003913,ST007,U01311,2026/05/23 07:44:00,2026-05-23 08:05:00,37.9,12128,MEMBERSHIP
L007742,ST028,U02639,2026-01-05 10:52:00,2026-01-05 11:45:00,76.28,24410,CARD
L004741,ST035,U00416,2026-04-18 19:33:00,2026-04-19 00:30:00,45.45,11590,CARD
L009629,ST040,U02458,2026/07/01 23:02:00,2026-07-02 05:31:00,50.83,14842,MEMBERSHIP
L011584,ST036,U00903,2026-04-10 21:48:00,2026-04-11 02:46:00,39.41,11508,APP
L011211,ST007,U01883,2026/02/24 14:22:00,2026-02-24 14:42:00,38.05,12176,app
L003493,ST004,U01985,2026-06-14 23:51:00,2026-06-15 00:41:00,71.94,23021,CARD
L005534,ST012,U01522,2026-05-07 04:36:00,2026-05-07 05:13:00,21.65,6928,MEMBERSHIP
L001435,ST004,U00917,2026-01-12 03:43:00,2026-01-12 04:43:00,113.5,36320,MEMBERSHIP
L009003,ST009,U00683,2026-05-24 02:01:00,2026-05-24 02:55:00,25.59,8880,MEMBERSHIP
L006026,ST022,U02036,2026-07-27 18:46:00,2026-07-27 19:38:00,86.95,30172,CARD
L001600,ST022,U00912,2026-07-12 01:54:00,2026-07-12 02:49:00,87.12,30231,CARD
L007400,ST019,U01353,2026-05-15 20:11:00,2026-05-15 20:45:00,77.24,26802,MEMBERSHIP
L004826,ST005,U01388,20260612140800,2026-06-12 14:44:00,107.88,34522,MEMBERSHIP
L010360,ST029,U02394,20260607050300,2026-06-07 11:25:00,48.5,14162,CARD
L010473,ST015,U00594,2026-07-15 11:20:00,2026-07-15 11:51:00,66.99,21437,CARD
L007112,ST001,U01012,20260725022200,2026-07-25 02:51:00,57.5,21850,CARD
L001577,ST002,U02144,2026-02-16 20:47:00,2026-02-17 02:26:00,45.52,"13,292",APP
L011655,ST017,U01944,2026-04-26 20:17:00,2026-04-27 02:57:00,30.45,"8,891",APP
L005745,ST030,U00462,2026-05-22 05:16:00,2026-05-22 06:06:00,136.74,43757,APP
L010471,ST018,U00194,20260509113900,2026-05-09 16:17:00,24.12,7043,MEMBERSHIP
L009891,ST037,U00949,2026/04/07 10:22:00,2026-04-07 11:08:00,81.05,28124,MEMBERSHIP
L010958,ST030,U01692,2026/04/04 15:39:00,2026-04-04 16:18:00,103.96,33267,MEMBERSHIP
L005996,ST001,U00157,20260114173300,2026-01-14 18:22:00,74.82,28432,CARD
L010099,ST003,U01006,2026/01/16 01:58:00,2026-01-16 02:25:00,56.17,17974,APP
L007601,ST008,U00614,2026-03-04 11:39:00,2026-03-04 17:02:00,26.42,6737,MEMBERSHIP
L003726,ST006,U02246,20260521143600,2026-05-21 20:14:00,23.07,6736,APP
L008604,ST002,U02861,2026-03-14 23:54:00,2026-03-15 04:21:00,40.76,11902,MEMBERSHIP
L000982,ST040,U00770,2026-03-26 13:04:00,2026-03-26 18:44:00,47.75,-13943,CARD
L009379,ST007,U02510,2026-02-21 05:51:00,2026-02-21 06:39:00,68.07,21782,APP
L004183,ST019,U00119,2026-06-29 10:36:00,2026-06-29 11:24:00,124.16,43084,APP
L009154,ST008,U02082,2026/02/22 11:39:00,2026-02-22 13:58:00,11.09,2828,APP
L006340,ST034,U02075,2026-03-24 21:39:00,2026-03-24 22:33:00,130.53,49601,MEMBERSHIP
L000758,ST016,U02472,2026-04-25 08:57:00,2026-04-25 11:02:00,9.07,2313,MEMBERSHIP
L004704,ST011,U01159,20260427210200,2026-04-27 21:40:00,76.78,24570,MEMBERSHIP
L009549,ST028,U01570,20260530174300,2026-05-30 18:10:00,25.75,8240,CARD
L002233,ST025,U00652,2026-05-24 04:04:00,2026-05-24 08:25:00,18.05,5271,APP
L010513,ST005,U02002,2026-01-29 02:02:00,2026-01-29 02:52:00,136.56,43699,MEMBERSHIP
L005026,ST020,U00742,2026-07-10 11:49:00,2026-07-10 12:17:00,14.02,4486,APP
L006693,ST005,U02463,2026-05-19 11:10:00,2026-05-19 11:30:00,55.56,17779,MEMBERSHIP
L000329,ST024,U01134,2026-02-03 03:21:00,2026-02-03 04:07:00,128.29,44517,APP
L008590,ST004,U00149,2026-02-24 08:13:00,2026-02-24 08:39:00,58.36,18675,CARD
L001821,ST006,U01933,2026-03-24 13:37:00,2026-03-24 20:01:00,32.36,9449,MEMBERSHIP
L008380,ST026,U02063,2026-06-01 06:00:00,2026-06-01 06:27:00,58.68,22298,CARD
L005853,ST038,U02871,2026-06-06 14:04:00,2026-06-06 14:41:00,75.77,24246,MEMBERSHIP
L002597,ST025,U02003,2026-02-24 07:07:00,2026-02-24 10:44:00,17.87,,CARD
L005757,ST015,U00770,2026-06-14 23:56:00,2026-06-15 00:33:00,70.25,22480,MEMBERSHIP
L008891,ST026,U00112,2026-02-28 20:05:00,2026-02-28 20:35:00,60.51,22994,APP
L005398,ST013,U02335,2026-05-17 08:59:00,2026-05-17 09:37:00,107.08,34266,CARD
L007457,ST020,U01839,2026/03/22 19:51:00,2026-03-22 20:18:00,15.81,5059,membership
L007896,ST014,U01861,2026-04-25 04:47:00,2026-04-25 05:14:00,17.7,6726,MEMBERSHIP
L003825,ST028,U00110,2026-03-27 00:49:00,2026-03-27 01:19:00,34.68,,MEMBERSHIP
L009013,ST040,U01442,20260418004500,2026-04-18 07:01:00,54.98,16054,APP
L011125,ST013,U02284,2026-04-27 02:42:00,2026-04-27 03:37:00,134.42,43014,CARD
L011539,ST027,U02276,2026-05-16 04:50:00,2026-05-16 09:34:00,25.68,7499,CARD
L002687,ST021,U01518,2026-06-10 12:59:00,2026-06-10 20:22:00,36.07,10532,CARD
L010662,ST032,U01858,2026-01-14 21:35:00,2026-01-14 22:33:00,58.8,22344,MEMBERSHIP
L000619,ST026,U02319,2026-05-11 23:31:00,2026-05-12 00:11:00,80.19,30472,CARD
L000916,ST015,U00548,2026-01-20 17:59:00,2026-01-20 18:51:00,99.61,"31,875",APP
L000555,ST007,U01044,2026/02/07 10:00:00,2026-02-07 10:59:00,92.81,,MEMBERSHIP
L001164,ST011,U00569,2026-02-06 12:39:00,2026-02-06 13:19:00,81.77,26166,MEMBERSHIP
L011632,ST039,U01561,20260404022100,2026-04-04 02:50:00,21.29,7388,MEMBERSHIP
L003267,ST021,U00489,2026-04-11 16:55:00,2026-04-11 21:55:00,24.36,7113,APP
L010436,ST015,U00978,20260517060700,2026-05-17 07:06:00,93.54,29933,CARD
L003250,ST032,U01831,2026-03-01 23:43:00,2026-03-02 00:06:00,24.85,9443,APP
L004710,ST009,U02064,2026-06-25 04:29:00,2026-06-25 05:27:00,32.5,11278,CARD
L011538,ST030,U02641,2026-03-22 12:32:00,2026-03-22 12:53:00,41.49,13277,APP
L003213,ST007,U00704,2026-03-21 08:31:00,2026-03-21 09:01:00,43.97,14070,CARD
L008457,ST036,U00212,2026-02-05 09:35:00,2026-02-05 12:58:00,32.5,9490,APP
L002797,ST029,U00109,2026-06-12 13:59:00,2026-06-12 18:46:00,38.58,11265,CARD
L010476,ST013,U00613,2026-02-10 06:22:00,2026-02-10 06:51:00,57.76,18483,CARD
L001608,ST037,U02876,2026-01-05 17:01:00,2026-01-05 17:54:00,89.37,31011,MEMBERSHIP
L000268,ST010,U01054,2026-03-08 19:22:00,2026-03-09 00:25:00,27.93,8156,APP
L007336,ST030,U01792,2026-07-01 14:51:00,2026-07-01 15:25:00,88.55,28336,CARD
L003025,ST024,U01149,2026-05-24 02:35:00,2026-05-24 03:35:00,160.93,55843,APP
L001883,ST021,U02387,2026-06-25 00:41:00,2026-06-25 03:54:00,16.78,4900,MEMBERSHIP
L010052,ST029,U01898,2026-05-19 21:47:00,2026-05-20 03:32:00,40.79,11911,card
L007133,ST024,U01365,2026-03-28 22:46:00,2026-03-28 23:19:00,70.56,24484,CARD
L011981,ST014,U00684,2026-03-30 16:01:00,2026-03-30 17:01:00,32.04,12175,MEMBERSHIP
L009913,ST009,U00841,2026-05-19 10:19:00,2026-05-19 10:53:00,N/A,6180,CARD
L000696,ST037,U00224,2026-01-22 18:03:00,2026-01-22 18:33:00,56.51,19609,APP
L004132,ST028,U00909,20260627040200,2026-06-27 04:48:00,49.89,15965,CARD
L003008,ST025,U01375,2026/06/18 08:38:00,2026-06-18 16:27:00,44.49,12991,APP
L004969,ST040,U01325,2026/02/11 09:40:00,2026-02-11 14:32:00,34.53,10083,MEMBERSHIP
L010519,ST029,U02895,2026/06/01 02:08:00,2026-06-01 10:00:00,62.15,18148,APP
L007474,ST014,U02174,2026-05-24 02:56:00,2026-05-24 03:38:00,29.88,11354,MEMBERSHIP
L008484,ST027,U00736,2026-04-27 20:36:00,2026-04-27 23:31:00,17.17,5014,MEMBERSHIP
L001586,ST900,U00058,2026-07-15 01:23:00,2026-07-15 01:56:00,59.41,20615,APP
L009396,ST026,U00788,2026-02-18 14:39:00,2026-02-18 14:59:00,56.58,21500,CARD
L000065,ST036,U00980,2026/01/23 13:16:00,2026-01-23 21:11:00,70.49,20583,CARD
L010255,ST023,U02002,20260620090400,2026-06-20 09:45:00,25.21,8067,CARD
L004548,ST013,U02327,2026-02-04 06:30:00,2026-02-04 07:22:00,117.15,37488,MEMBERSHIP
L006792,ST035,U02751,2026-06-17 13:22:00,2026-06-17 21:06:00,54.77,13966,MEMBERSHIP
L001491,ST011,U02481,2026-05-09 17:44:00,2026-05-09 18:31:00,96.94,31021,CARD
L006160,ST011,U01299,2026-06-28 02:48:00,2026-06-28 03:38:00,84.82,27142,MEMBERSHIP
L003171,ST010,U01303,20260319010300,2026-03-19 03:50:00,11.06,3230,MEMBERSHIP
L007430,ST024,U00767,2026-03-06 01:27:00,2026-03-06 01:51:00,68.09,,MEMBERSHIP
L007098,ST040,U00882,20260517080600,2026-05-17 10:20:00,,4529,APP
L000014,ST018,U01418,2026-01-11 01:55:00,2026-01-11 06:15:00,24.14,7049,CARD
L010205,ST012,U01326,20260525201900,2026-05-25 20:58:00,26.7,8544,CARD
L008345,ST034,U02875,2026/07/21 00:21:00,2026-07-21 00:49:00,54.55,20729,CARD
L007729,ST013,U02386,2026-02-21 20:16:00,2026-02-21 21:06:00,115.6,36992,MEMBERSHIP
L002958,ST009,U02216,2026-06-28 15:21:00,2026-06-28 15:53:00,,6059,APP
L003134,ST037,U02133,2026-05-29 18:07:00,2026-05-29 18:32:00,39.55,"13,724",CARD
L001837,ST018,U02148,2026/01/07 19:19:00,2026-01-08 01:55:00,26.61,7770,CARD
L009218,ST029,U01027,20260601201400,2026-06-02 01:13:00,42.25,12337,APP
L003129,ST035,U00153,2026/01/28 02:43:00,2026-01-28 09:28:00,,13979,MEMBERSHIP
L001647,ST031,U00836,2026-04-21 20:48:00,2026-04-21 21:30:00,79.2,30096,MEMBERSHIP
L002394,ST036,U00323,2026-07-03 08:41:00,2026-07-03 14:48:00,57.7,16848,MEMBERSHIP
L010637,ST004,U01332,2026-02-11 07:44:00,2026-02-11 08:25:00,59.39,19005,MEMBERSHIP
L009750,ST002,U02838,2026-04-21 22:39:00,2026-04-22 01:40:00,29.47,8605,APP
L008454,ST027,U00244,20260710143600,2026-07-10 18:21:00,22.11,"6,456",APP
L001055,ST024,U00871,20260504070900,2026-05-04 08:00:00,146.19,50728,CARD
L008272,ST015,U01307,20260702211600,2026-07-02 21:54:00,84.94,27181,APP
L010352,ST020,U01525,2026-03-29 05:51:00,2026-03-29 06:14:00,14.93,4778,MEMBERSHIP
L003910,ST014,U02780,2026-04-17 21:30:00,2026-04-17 22:26:00,27.84,10579,MEMBERSHIP
L004406,ST027,U01134,2026-07-05 06:34:00,2026-07-05 11:50:00,26.99,7881,MEMBERSHIP
L006476,ST023,U02313,20260702234300,2026-07-03 00:14:00,22.83,7306,CARD
L004113,ST032,U02059,2026-05-23 08:56:00,2026-05-23 09:21:00,33.01,12544,APP
L004804,ST901,U02925,2026-04-27 11:07:00,2026-04-27 17:02:00,24.52,7160,MEMBERSHIP
L002632,ST023,U02163,2026-05-12 09:41:00,2026-05-12 10:05:00,15.43,4938,APP
L008465,ST032,U00293,2026/07/20 11:50:00,2026-07-20 12:22:00,43.02,16348,CARD
L007275,ST014,U00921,2026-07-02 21:58:00,2026-07-02 22:31:00,21.94,8337,APP
L006605,ST037,U01980,2026-03-03 21:55:00,2026-03-03 22:15:00,38.73,13439,APP
L003511,ST024,U02997,2026-07-10 00:10:00,2026-07-10 00:59:00,141.86,49225,CARD
L006908,ST008,U00239,2026-06-11 00:32:00,2026-06-11 07:32:00,30.84,7864,APP
L011962,ST030,U00157,2026-05-26 06:32:00,2026-05-26 07:14:00,104.89,33565,APP
L000340,ST019,U01366,2026-02-11 10:45:00,2026-02-11 11:22:00,104.52,36268,APP
L006480,ST005,U02669,2026-05-28 18:17:00,2026-05-28 19:11:00,148.02,47366,CARD
L003186,ST015,U02043,2026-02-09 10:35:00,2026-02-09 11:19:00,97.65,31248,APP
L007589,ST038,U01739,2026-05-20 23:28:00,2026-05-21 00:04:00,70.67,22614,CARD
L003780,ST007,U02062,2026/05/27 10:47:00,2026-05-27 11:40:00,90.57,28982,CARD
L000051,ST031,U00873,2026/03/15 17:54:00,2026-03-15 18:35:00,79.68,30278,card
L004932,ST021,U00288,2026-04-20 21:24:00,2026-04-21 03:03:00,29.57,8634,APP
L003224,ST031,U00936,2026-06-28 11:47:00,2026-06-28 12:46:00,114.6,43548,CARD
L009693,ST012,U02992,2026-06-30 16:43:00,2026-06-30 17:13:00,18.52,5926,APP
L010747,ST024,U00939,2026-03-10 07:19:00,2026-03-10 08:12:00,114.73,39811,APP
L002339,ST032,U02055,2026/06/18 14:03:00,2026-06-18 14:41:00,53.56,20353,MEMBERSHIP
L001244,ST038,U02014,2026-03-11 15:46:00,2026-03-11 16:34:00,120.97,38710,CARD
L009837,ST035,U01955,2026-01-03 16:26:00,2026-01-03 22:11:00,44.72,11404,CARD
L003609,ST015,U01963,20260430011200,2026-04-30 01:39:00,51.96,16627,APP
L005488,ST032,U00354,2026-01-09 03:00:00,2026-01-09 03:22:00,27.11,10302,APP
L005199,ST011,U00108,2026-06-09 01:57:00,2026-06-09 02:49:00,105.7,33824,CARD
L006261,ST005,U00454,2026/06/10 10:35:00,2026-06-10 11:00:00,60.33,19306,app
L007144,ST039,U00447,2026-01-27 10:17:00,2026-01-27 10:57:00,21.73,7540,CARD
L001546,ST023,U02800,2026-03-25 11:41:00,2026-03-25 12:06:00,18.36,5875,APP
L003785,ST014,U01240,2026-01-18 21:28:00,2026-01-18 22:17:00,29.42,,MEMBERSHIP
L001520,ST034,U01216,2026-04-22 00:26:00,2026-04-22 01:24:00,163.61,62172,CARD
L011945,ST017,U01928,2026/01/23 22:41:00,2026-01-23 22:15:00,34.58,10097,MEMBERSHIP
L005389,ST026,U00642,2026-05-22 12:30:00,2026-05-22 13:18:00,111.09,42214,MEMBERSHIP
L005978,ST028,U02765,20260612021100,2026-06-12 02:38:00,29.74,9517,CARD
L009505,ST005,U01473,2026-02-18 16:11:00,2026-02-18 16:41:00,73.79,23613,CARD
L011733,ST023,U02627,2026-04-22 16:15:00,2026-04-22 17:10:00,33.38,10682,APP
L010510,ST025,U02699,2026-05-30 20:42:00,2026-05-31 01:33:00,26.46,7726,APP
L003242,ST040,U00129,2026-01-12 08:27:00,2026-01-12 14:08:00,56.26,16428,APP
L003354,ST038,U01894,2026-05-16 20:07:00,2026-05-16 20:48:00,119.96,38387,APP
L004953,ST028,U02277,2026-05-07 02:15:00,2026-05-07 02:55:00,43.52,13926,APP
L008431,ST017,U01986,2026/02/12 11:11:00,2026-02-12 18:30:00,29.38,8579, APP 
L000762,ST024,U02521,2026-03-23 12:44:00,2026-03-23 13:35:00,134.22,46574,APP
L004018,ST005,U01922,2026/07/16 09:44:00,2026-07-16 10:16:00,,19728,APP
L009535,ST034,U01148,2026-04-14 17:33:00,2026-04-14 18:24:00,137.52,52258,MEMBERSHIP
L009041,ST011,U00553,2026/03/03 21:34:00,2026-03-03 22:07:00,60.94,19501,MEMBERSHIP
L010101,ST027,U01415,2026-02-11 03:53:00,2026-02-11 08:49:00,20.53,5995,APP
L004392,ST015,U02103,2026-03-18 11:00:00,2026-03-18 11:34:00,69.52,22246,MEMBERSHIP
L002299,ST021,U02674,2026/02/28 03:32:00,2026-02-28 11:02:00,35.66,10413,CARD
L005192,ST003,U01572,2026/06/09 07:00:00,2026-06-09 07:55:00,117.79,37693,CARD
L007765,ST021,U02080,2026/06/12 15:43:00,2026-06-12 22:55:00,35.34,10319,MEMBERSHIP
L006134,ST003,U02420,2026-03-11 20:47:00,2026-03-11 21:43:00,102.91,"32,931",APP
L007502,ST036,U00554,2026-05-15 12:58:00,2026-05-15 20:06:00,49.51,14457,MEMBERSHIP
L006752,ST025,U00498,2026-05-10 22:17:00,2026-05-11 02:17:00,21.94,6406,MEMBERSHIP
L005749,ST004,U02911,2026-07-15 03:18:00,2026-07-15 04:09:00,92.09,29469,MEMBERSHIP
L007292,ST038,U02197,2026-05-27 23:12:00,2026-05-27 23:43:00,68.23,21834,CARD
L007034,ST018,U00947,2026-07-15 10:45:00,2026-07-15 14:30:00,19.36,5653,MEMBERSHIP
L004440,ST026,U01620,2026-07-27 19:34:00,2026-07-27 20:09:00,79.81,30328,MEMBERSHIP
L006049,ST036,U01629,20260118075200,2026-01-18 10:22:00,21.64,6319,MEMBERSHIP
L003735,ST036,U02286,2026/02/22 10:24:00,2026-02-22 15:23:00,,13505,CARD
L010246,ST011,U01595,2026/04/15 15:44:00,2026-04-15 16:29:00,91.59,29309,MEMBERSHIP
L006248,ST036,U02007,2026/02/25 12:30:00,2026-02-25 18:05:00,35.92,10489,APP
L010008,ST015,U00583,2026/06/04 08:40:00,2026-06-04 09:07:00,49.09,15709,MEMBERSHIP
L006115,ST016,U02778,2026-02-23 10:41:00,2026-02-23 17:49:00,38.93,9927,MEMBERSHIP
L002818,ST017,U01852,2026-03-24 16:01:00,2026-03-24 22:12:00,37.48,10944,APP
L002190,ST015,U02651,2026-01-17 02:44:00,2026-01-17 03:29:00,100.09,"32,029",APP
L001553,ST019,U00542,2026-04-01 13:55:00,2026-04-01 14:51:00,106.72,37032,APP
L007873,ST037,U02715,2026-06-01 13:33:00,2026-06-01 14:30:00,87.06,30210,CARD
L002692,ST016,U01040,2026-03-30 11:27:00,2026-03-30 18:33:00,44.07,11238,MEMBERSHIP
L009017,ST011,U01510,2026-03-31 22:10:00,2026-03-31 22:42:00,49.08,15706,MEMBERSHIP
L002533,ST012,U02759,2026-03-01 02:49:00,2026-03-01 03:14:00,,4765,CARD
L002251,ST035,U02786,20260721020700,2026-07-21 05:07:00,20.64,5263,MEMBERSHIP
L008492,ST019,U02337,2026/06/08 21:00:00,2026-06-08 21:47:00,134.93,46821,MEMBERSHIP
L008681,ST009,U02915,2026-02-26 23:48:00,2026-02-27 00:36:00,23.78,8252,CARD
L010221,ST031,U00273,2026-04-11 13:23:00,2026-04-11 14:01:00,60.96,23165,APP
L002959,ST023,U02740,2026-01-01 04:03:00,2026-01-01 04:35:00,15.75,5040,MEMBERSHIP
L002722,ST020,U01802,2026-04-10 11:08:00,2026-04-10 11:57:00,22.9,7328,CARD
L006127,ST029,U00557,2026-07-25 18:12:00,2026-07-25 22:59:00,45.63,13324,CARD
L003841,ST002,U00389,2026-04-25 13:12:00,2026-04-25 18:13:00,32.77,9569,MEMBERSHIP
L004863,ST024,U01537,2026-05-27 04:28:00,2026-05-27 04:59:00,71.12,24679,CARD
L007539,ST011,U01646,2026-06-29 13:40:00,2026-06-29 14:02:00,45.66,14611,CARD
L000089,ST005,U01278,2026-05-28 08:43:00,2026-05-28 09:31:00,139.43,44618,MEMBERSHIP
L007299,ST012,U02441,2026-05-31 12:08:00,2026-05-31 12:32:00,16.46,5267,APP
L011303,ST009,U00003,2026-02-20 03:14:00,2026-02-20 03:58:00,28.38,9848,APP
L009938,ST020,U01796,2026-04-03 22:20:00,2026-04-03 23:14:00,29.48,9434,APP
L009123,ST007,U02249,2026-03-05 22:04:00,2026-03-05 22:27:00,35.87,11478,app
L007086,ST034,U02006,2026-05-25 03:11:00,2026-05-25 03:44:00,76.44,29047,APP
L008833,ST015,U00442,2026/05/04 12:12:00,2026-05-04 12:34:00,35.08,,APP
L011893,ST040,U01200,2026-01-14 04:26:00,2026-01-14 07:02:00,17.44,5092, APP 
L009524,ST007,U00934,20260724081900,2026-07-24 08:45:00,51.28,16410,APP
L008689,ST021,U00323,2026-03-26 03:03:00,2026-03-26 07:25:00,18.76,"5,478",APP
L002652,ST001,U00163,20260114113900,2026-01-14 12:01:00,43.12,16386,APP
L007443,ST015,U02525,2026-04-08 00:44:00,2026-04-08 01:21:00,79.31,25379,CARD
L001209,ST013,U01908,2026-03-12 12:46:00,2026-03-12 13:40:00,114.01,36483,CARD
L011355,ST016,U02502,20260708200000,2026-07-08 23:39:00,18.69,,CARD
L003376,ST020,U01454,2026-06-09 09:42:00,2026-06-09 10:37:00,31.58,10106,card
L000523,ST010,U00070,20260725122400,2026-07-25 16:13:00,2333.0,6812,CARD
L001799,ST037,U00019,2026-05-08 01:22:00,2026-05-08 02:00:00,74.11,25716,MEMBERSHIP
L007202,ST039,U01937,2026-01-04 00:34:00,2026-01-04 01:17:00,23.34,8099,APP
L001024,ST024,U01083,2026/07/15 09:44:00,2026-07-15 10:36:00,129.39,44898,CARD
L004847,ST012,U00146,2026-01-21 09:53:00,2026-01-21 10:25:00,16.65,5328,CARD
L007509,ST011,U01753,2026-05-10 09:52:00,2026-05-10 10:24:00,66.78,21370,MEMBERSHIP
L006762,ST028,U02127,2026-01-31 09:26:00,2026-01-31 10:05:00,39.24,12557,MEMBERSHIP
L006864,ST035,U02343,2026-04-06 03:51:00,2026-04-06 06:04:00,15.98,4075,MEMBERSHIP
L009329,ST033,U00029,2026/01/13 09:32:00,2026-01-13 10:10:00,77.86,24915,CARD
L007486,ST007,U01417,2026-07-06 02:18:00,2026-07-06 03:09:00,N/A,31674,MEMBERSHIP
L006427,ST031,U00972,2026-05-19 12:11:00,2026-05-19 12:42:00,48.81,18548,CARD
L005484,ST007,U00825,2026/03/07 19:14:00,2026-03-07 20:06:00,73.17,23414,APP
L010432,ST005,U01064,2026-01-27 23:44:00,2026-01-28 00:25:00,121.91,,CARD
L002847,ST027,U01042,2026-02-24 05:42:00,2026-02-24 08:52:00,16.94,4946,APP
L010084,ST037,U00052,2026-03-25 19:40:00,2026-03-25 20:35:00,78.73,"27,319",membership
L010802,ST039,U00492,2026-02-21 11:13:00,2026-02-21 11:56:00,27.64,9591,CARD
L003741,ST040,U01415,2026-03-02 16:41:00,2026-03-02 21:25:00,45.14,13181,CARD
L000844,ST013,U00727,2026-06-11 14:54:00,2026-06-11 15:42:00,89.45,28624,CARD
L005880,ST005,U01414,2026/07/20 18:01:00,2026-07-20 18:42:00,79.69,25501,APP
L004281,ST022,U00742,2026-04-14 01:33:00,2026-04-14 02:14:00,91.95,31907,CARD
L006042,ST003,U01875,2026-03-31 10:31:00,2026-03-31 10:55:00,42.81,13699,APP
L005159,ST018,U01702,20260316163600,2026-03-16 19:12:00,15.58,4549,MEMBERSHIP
L011780,ST001,U01499,2026-03-19 09:56:00,2026-03-19 10:17:00,40.18,15268,CARD
L011730,ST011,U00943,2026-03-01 03:22:00,2026-03-01 03:53:00,55.48,,app
L003513,ST021,U00643,20260527095800,2026-05-27 14:13:00,19.62,5729,CARD
L005848,ST036,U00230,2026-01-12 09:42:00,2026-01-12 13:59:00,34.7,10132,CARD
L000614,ST011,U00578,2026/05/06 02:14:00,2026-05-06 02:42:00,49.23,15754,CARD
L010427,ST006,U01256,2026-03-12 21:20:00,2026-03-13 05:03:00,31.25,9125,CARD
L008017,ST037,U00843,2026-07-24 08:04:00,2026-07-24 08:28:00,33.94,11777,MEMBERSHIP
L009392,ST028,U01258,20260421025400,2026-04-21 02:13:00,69.25,22160,CARD
L005707,ST011,U00911,2026-07-16 16:14:00,2026-07-16 16:48:00,61.38,19642,MEMBERSHIP
L006431,ST033,U00268,2026-01-25 08:44:00,2026-01-25 09:41:00,124.83,39946,CARD
L005221,ST039,U01557,2026-03-18 21:07:00,2026-03-18 21:40:00,19.74,6850,APP
L000640,ST024,U01524,20260601044100,2026-06-01 05:34:00,117.91,40915,CARD
L000877,ST025,U01746,2026/04/30 06:55:00,2026-04-30 11:37:00,23.33,6812,MEMBERSHIP
L007663,ST023,U02792,2026/04/16 18:35:00,2026-04-16 19:33:00,29.67,9494,MEMBERSHIP
L011137,ST034,U02381,2026-02-09 08:30:00,2026-02-09 09:08:00,102.11,38802,MEMBERSHIP
L008724,ST006,U01695,2026-06-02 19:03:00,2026-06-03 00:27:00,26.59,7764,card
L011278,ST017,U01979,2026-02-02 02:18:00,2026-02-02 05:38:00,19.96,5828,APP
L008253,ST028,U01530,20260529234400,2026-05-30 00:33:00,45.7,14624,APP
L003807,ST032,U01649,2026-03-20 14:29:00,2026-03-20 14:51:00,29.28,11126,MEMBERSHIP
L005916,ST017,U00400,2026-02-15 03:24:00,2026-02-15 06:55:00,-,5238,app
L005147,ST001,U02752,2026-03-11 09:13:00,2026-03-11 09:40:00,51.98,19752,MEMBERSHIP
L004966,ST029,U01254,2026/04/09 15:05:00,2026-04-09 18:45:00,25.11,7332,APP
L008243,ST006,U01910,2026-03-06 20:58:00,2026-03-07 02:21:00,27.02,7890,MEMBERSHIP
L005551,ST036,U01591,2026-06-29 06:03:00,2026-06-29 11:40:00,,15114,CARD
L000582,ST031,U00434,20260517164900,2026-05-17 17:25:00,77.9,29602,APP
L010971,ST039,U02137,2026-02-12 05:02:00,2026-02-12 05:23:00,10.01,3473,APP
L002258,ST033,U02665,2026-07-29 12:39:00,2026-07-29 13:11:00,59.01,,MEMBERSHIP
L004905,ST017,U00474,2026-07-15 13:24:00,2026-07-15 20:16:00,43.26,12632,CARD
L010978,ST038,U01048,2026-05-03 12:09:00,2026-05-03 12:39:00,86.36,27635,CARD
L004473,ST036,U01731,2026-05-11 09:12:00,2026-05-11 16:34:00,72.83,21266,APP
L003381,ST013,U02503,2026-06-12 16:56:00,2026-06-12 17:47:00,105.16,33651,app
L011908,ST022,U02249,2026-04-05 20:39:00,2026-04-05 21:15:00,69.24,,MEMBERSHIP
L004779,ST039,U00968,20260217143800,2026-02-17 14:58:00,13.99,4855,MEMBERSHIP
L009438,ST036,U00196,2026/06/25 12:52:00,2026-06-25 15:46:00,,7107,CARD
L000948,ST013,U00253,2026-05-06 08:57:00,2026-05-06 09:54:00,107.42,34374,CARD
L004501,ST024,U02386,2026-01-05 07:28:00,2026-01-05 08:13:00,129.72,45013,CARD
L011837,ST031,U01798,2026/02/23 07:46:00,2026-02-23 08:20:00,54.18,20588,MEMBERSHIP
L001928,ST012,U00952,2026-01-29 06:07:00,2026-01-29 06:48:00,23.87,7638,MEMBERSHIP
L001503,ST004,U02626,2026-06-09 17:14:00,2026-06-09 17:43:00,64.37,20598,APP
L005466,ST001,U00385,2026-03-13 16:46:00,2026-03-13 17:17:00,65.88,25034,CARD
L003909,ST023,U01730,2026-07-18 18:43:00,2026-07-18 19:17:00,24.35,7792,APP
L003510,ST008,U01377,2026/01/14 14:17:00,2026-01-14 19:18:00,24.52,6253,CARD
L009790,ST029,U01321,2026/06/06 12:55:00,2026-06-06 19:20:00,57.15,16688,APP
L004545,ST011,U00036,2026/04/09 08:16:00,2026-04-09 09:16:00,114.79,36733,MEMBERSHIP
L011343,ST032,U02428,2026-01-14 21:21:00,2026-01-14 21:59:00,38.31,14558,MEMBERSHIP
L011473,ST024,U02311,2026/04/10 13:15:00,2026-04-10 14:15:00,170.54,59177,APP
L004136,ST031,U00872,2026-04-07 11:53:00,2026-04-07 12:35:00,71.97,27349,CARD
L003579,ST011,U02959,20260723224800,2026-07-23 23:47:00,116.97,,card
L001944,ST012,U02018,2026-02-15 21:18:00,2026-02-15 21:57:00,18.84,6029,APP
L009416,ST029,U00681,2026/04/20 08:22:00,2026-04-20 14:29:00,44.9,13111,APP
L006986,ST001,U00646,2026/02/10 03:17:00,2026-02-10 04:03:00,102.37,38901,MEMBERSHIP
L006941,ST019,U02709,2026-04-26 22:10:00,2026-04-26 22:34:00,63.26,21951,APP
L007586,ST023,U00719,2026-04-13 00:25:00,2026-04-13 01:04:00,26.46,8467,APP
L010278,ST032,U00118,2026-07-28 18:59:00,2026-07-28 19:21:00,2866.0,10891,APP
L006771,ST005,U02438,2026-03-06 17:24:00,2026-03-06 17:50:00,54.73,,CARD
L007402,ST034,U01737,2026-01-15 19:20:00,2026-01-15 20:14:00,124.89,47458,MEMBERSHIP
L008967,ST020,U01621,2026-06-25 08:32:00,2026-06-25 09:17:00,-,9910,APP
L000482,ST021,U01828,2026-02-05 11:06:00,2026-02-05 13:18:00,11.91,3478,MEMBERSHIP
L000233,ST013,U02613,2026-02-22 20:56:00,2026-02-22 21:24:00,,26003,APP
L003475,ST039,U02619,20260305073000,2026-03-05 08:11:00,30.33,10525,APP
L002221,ST016,U00182,2026/03/20 19:59:00,2026-03-20 23:21:00,20.19,5148,card
L008350,ST012,U00402,2026-01-28 20:52:00,2026-01-28 21:13:00,9.73,3114,MEMBERSHIP
L009622,ST040,U01370,2026-07-13 18:11:00,2026-07-13 20:38:00,15.37,4488, APP 
L000568,ST017,U02873,2026/02/12 19:52:00,2026-02-13 00:44:00,22.39,6538,APP
L001121,ST030,U02249,2026-01-11 22:37:00,2026-01-11 23:15:00,77.58,"24,826",MEMBERSHIP
L004560,ST001,U01715,2026/04/13 15:03:00,2026-04-13 15:42:00,66.56,25293,MEMBERSHIP
L005908,ST025,U00853,2026-07-03 19:51:00,2026-07-04 03:50:00,45.62,13321,APP
L009911,ST021,U02155,2026/03/08 02:04:00,2026-03-08 08:11:00,29.45,8599,CARD
L002684,ST010,U02513,2026/01/01 19:59:00,2026-01-01 22:03:00,12.25,3577,MEMBERSHIP
L000164,ST016,U01497,2026-07-09 19:35:00,2026-07-10 00:21:00,29.49,7520,CARD
L007825,ST017,U02205,2026-07-10 18:48:00,2026-07-10 21:11:00,10.92,3189,APP
L002919,ST008,U02610,2026-03-09 20:34:00,2026-03-10 04:28:00,37.17,9478,APP
L007925,ST001,U00060,2026-06-28 03:40:00,2026-06-28 04:39:00,128.61,48872,APP
L007465,ST006,U01224,2026/02/18 21:42:00,2026-02-19 03:15:00,22.96,6704,CARD
L004160,ST039,U01022,2026-02-18 11:10:00,2026-02-18 12:06:00,32.95,11434,CARD
L004510,ST008,U02375,2026-06-12 02:37:00,2026-06-12 06:51:00,25.38,,MEMBERSHIP
L004076,ST025,U02924,2026-05-08 03:15:00,2026-05-08 09:04:00,25.76,7522,MEMBERSHIP
L007548,ST026,U01468,20260710081100,2026-07-10 08:40:00,86.69,32942,CARD
L001482,ST031,U00549,2026-04-27 05:35:00,2026-04-27 06:29:00,106.7,40546,CARD
L007821,ST027,U00814,2026-01-20 23:29:00,2026-01-21 03:55:00,25.01,7303,APP
L006385,ST008,U02099,2026-05-22 02:15:00,2026-05-22 06:06:00,17.44,4447,APP
L003412,ST040,U01257,2026-05-17 05:25:00,2026-05-17 08:54:00,28.18,8229,APP
L007834,ST034,U01021,2026-01-09 01:31:00,2026-01-09 01:59:00,67.51,25654,MEMBERSHIP
L003528,ST008,U00374,2026-02-16 15:34:00,2026-02-16 19:52:00,24.21,6174,CARD
L004772,ST004,U01912,2026-03-19 13:01:00,2026-03-19 13:43:00,87.75,28080,APP
L002610,ST015,U02090,2026-07-06 19:23:00,2026-07-06 20:17:00,76.1,24352,APP
L004916,ST038,U02304,2026/05/02 17:43:00,2026-05-02 18:38:00,159.51,51043,MEMBERSHIP
L008240,ST024,U01493,2026-02-14 10:53:00,2026-02-14 11:46:00,106.4,36921,MEMBERSHIP
L009928,ST034,U00197,2026-05-09 11:19:00,2026-05-09 11:56:00,67.88,25794,CARD
L002904,ST010,U00320,2026-05-30 03:03:00,2026-05-30 10:30:00,46.06,13450,APP
L008120,ST035,U00927,2026-04-09 08:15:00,2026-04-09 12:32:00,33.66,8583,APP
L011067,ST023,U01441,2026-03-04 23:00:00,2026-03-04 23:47:00,23.3,7456,Card
L006862,ST025,U02126,2026-04-03 17:45:00,2026-04-04 00:05:00,32.54,9502,APP
L005377,ST007,U01999,2026-07-22 20:17:00,2026-07-22 20:47:00,60.6,19392,CARD
L008546,ST025,U00879,2026-02-11 08:18:00,2026-02-11 15:02:00,28.17,8226,membership
L009757,ST010,U00573,2026-07-19 02:25:00,2026-07-19 05:14:00,13.28,3878,CARD
L001498,ST006,U01376,20260309152400,2026-03-09 22:49:00,44.72,"13,058",CARD
L004769,ST003,U00801,2026-03-13 14:18:00,2026-03-13 14:58:00,63.45,20304,APP
L009826,ST027,U00178,2026/03/29 21:48:00,2026-03-30 01:52:00,25.02,7306,CARD
L008934,ST014,U00039,20260330090200,2026-03-30 09:32:00,16.97,6449,MEMBERSHIP
L005909,ST019,U02823,2026/05/26 13:29:00,2026-05-26 14:28:00,121.98,42327,MEMBERSHIP
L005504,ST021,U02547,2026-01-16 10:36:00,2026-01-16 14:54:00,17.49,5107,APP
L011035,ST023,U01814,2026-04-26 21:06:00,2026-04-26 21:54:00,30.57,9782,APP
L008668,ST028,U01897,2026/06/08 02:00:00,2026-06-08 02:27:00,39.32,12582,MEMBERSHIP
L004706,ST023,U00363,2026/03/28 18:38:00,2026-03-28 19:16:00,24.7,7904,APP
L000295,ST019,U00899,2026-01-13 07:35:00,2026-01-13 08:31:00,164.53,57092,APP
L011350,ST032,U00686,2026-04-21 12:29:00,2026-04-21 13:03:00,31.86,12107,CARD
L004116,ST012,U00608,2026-02-28 05:09:00,2026-02-28 06:05:00,25.89,8285,Card
L004409,ST017,U00693,2026/03/02 21:08:00,2026-03-03 04:52:00,39.34,11487,CARD
L004857,ST040,U00191,2026/05/22 21:07:00,2026-05-23 03:46:00,47.9,13987,APP
L001361,ST004,U00701,2026-02-06 16:49:00,2026-02-06 17:40:00,92.71,29667,CARD
L006091,ST026,U01055,2026-05-22 21:56:00,2026-05-22 22:40:00,99.7,37886,CARD
L008400,ST029,U01330,2026-01-04 11:44:00,2026-01-04 18:44:00,42.72,12474,APP
L008684,ST031,U02116,2026-01-24 16:20:00,2026-01-24 16:41:00,42.2,16036,MEMBERSHIP
L004009,ST004,U02133,2026-06-30 07:41:00,2026-06-30 08:01:00,30.74,9837,MEMBERSHIP
L008661,ST004,U01374,2026-02-16 03:01:00,2026-02-16 03:25:00,44.99,14397,MEMBERSHIP
L007904,ST004,U02657,2026-06-26 08:18:00,2026-06-26 08:51:00,64.52,,MEMBERSHIP
L006044,ST005,U01805,2026-06-12 05:55:00,2026-06-12 06:48:00,141.99,45437,CARD
L001247,ST036,U01665,2026-04-21 11:06:00,2026-04-21 18:46:00,61.54,17970,CARD
L011934,ST005,U01513,2026/05/29 21:26:00,2026-05-29 21:50:00,66.16,21171,MEMBERSHIP
L009101,ST027,U00880,2026-01-03 13:12:00,2026-01-03 16:46:00,14.99,4377,APP
L008941,ST028,U01097,2026/06/16 17:46:00,2026-06-16 18:26:00,43.45,13904,APP
L011112,ST003,U02776,2026/03/13 10:59:00,2026-03-13 11:54:00,100.23,32074,APP
L002644,ST026,U00426,2026-02-16 13:49:00,2026-02-16 14:39:00,120.44,45767,CARD
L001394,ST026,U02053,2026/04/06 22:25:00,2026-04-06 22:51:00,68.52,26038,CARD
L007326,ST025,U01363,2026/06/22 03:35:00,2026-06-22 08:56:00,28.5,8322,CARD
L011225,ST011,U02071,20260309080800,2026-03-09 08:44:00,50.18,16058,APP
L006622,ST019,U02820,2026-06-24 20:07:00,2026-06-24 21:05:00,128.3,44520,CARD
L004220,ST023,U00518,2026-04-07 12:47:00,2026-04-07 13:25:00,22.25,7120,CARD
L007213,ST040,U00182,2026-01-26 16:22:00,2026-01-26 23:43:00,64.82,18927,APP
L003294,ST040,U01079,2026-03-05 22:58:00,2026-03-06 06:03:00,47.28,13806,CARD
L003861,ST020,U01676,2026-06-03 09:58:00,2026-06-03 10:40:00,24.69,7901,MEMBERSHIP
L001581,ST011,U00713,2026-02-22 02:38:00,2026-02-22 03:13:00,57.37,18358,CARD
L008848,ST008,U02564,2026-07-14 01:34:00,2026-07-14 09:02:00,28.93,7377,MEMBERSHIP
L008197,ST001,U01409,2026-05-13 05:32:00,2026-05-13 06:28:00,92.65,35207,APP
L006557,ST005,U02161,2026-05-15 19:07:00,2026-05-15 19:44:00,105.06,33619,CARD
L000413,ST022,U02320,2026-06-28 20:13:00,2026-06-28 20:52:00,59.97,20810,CARD
L011223,ST002,U02108,2026-03-07 17:24:00,2026-03-07 21:35:00,29.02,8474,APP
L006333,ST028,U02367,2026-07-20 16:24:00,2026-07-20 17:06:00,61.93,19818,MEMBERSHIP
L001285,ST002,U02855,2026-04-24 10:47:00,2026-04-24 16:15:00,48.06,14034,MEMBERSHIP
L005518,ST003,U02996,2026-03-11 06:03:00,2026-03-11 07:00:00,114.35,36592,APP
L011533,ST007,U00008,2026-05-06 05:02:00,2026-05-06 05:46:00,87.32,27942,CARD
L010833,ST039,U01881,2026-02-04 18:19:00,2026-02-04 19:17:00,40.63,14099,APP
L003872,ST026,U01196,2026-01-06 13:57:00,2026-01-06 14:45:00,119.54,45425,MEMBERSHIP
L008695,ST015,U01265,20260403170100,2026-04-03 17:36:00,69.74,22317,APP
L010339,ST018,U00720,20260518121700,2026-05-18 15:17:00,13.37,3904,CARD
L010380,ST029,U02306,2026-06-27 04:50:00,2026-06-27 09:21:00,38.6,11271,MEMBERSHIP
L001762,ST009,U01190,2026/06/13 03:57:00,2026-06-13 04:39:00,23.96,,MEMBERSHIP
L011653,ST026,U02804,2026-07-22 06:17:00,2026-07-22 06:53:00,80.64,30643,MEMBERSHIP
L007074,ST008,U01053,2026/04/28 14:44:00,2026-04-28 21:35:00,31.5,8032,card
L007738,ST003,U01933,2026-03-20 06:21:00,2026-03-20 07:16:00,101.45,32464,APP
L006218,ST006,U01010,2026-07-13 10:56:00,2026-07-13 16:10:00,22.43,6550,MEMBERSHIP
L008515,ST034,U00252,2026-01-10 10:36:00,2026-01-10 11:09:00,61.13,23229,APP
L007989,ST020,U00827,2026-03-12 05:32:00,2026-03-12 06:02:00,15.11,4835,MEMBERSHIP
L009172,ST001,U01265,2026-04-08 15:34:00,2026-04-08 16:25:00,,28492,CARD
L000030,ST030,U02485,2026-02-27 00:52:00,2026-02-27 01:27:00,99.37,31798,APP
L010590,ST011,U01741,2026-03-24 14:22:00,2026-03-24 14:57:00,70.48,22554,app
L004055,ST025,U01019,2026/07/19 05:35:00,2026-07-19 08:39:00,1319.0,3851,MEMBERSHIP
L005053,ST019,U00809,2026-07-11 07:28:00,2026-07-11 07:48:00,55.26,,APP
L003437,ST018,U01955,2026/07/03 02:39:00,2026-07-03 08:12:00,30.99,9049,APP
L005984,ST011,U02128,2026-01-30 17:25:00,2026-01-30 18:01:00,77.85,24912,CARD
L011095,ST016,U02747,2026/03/21 15:29:00,2026-03-21 20:36:00,22.94,5850,CARD
L009709,ST037,U02455,2026-03-27 19:51:00,2026-03-27 20:16:00,37.73,13092,APP
L009608,ST007,U02768,2026-01-09 22:42:00,2026-01-09 23:05:00,34.55,11056,MEMBERSHIP
L000219,ST030,U02994,2026-01-29 07:11:00,2026-01-29 07:54:00,79.23,25354,CARD
L011353,ST033,U01923,2026-07-16 13:20:00,2026-07-16 14:19:00,104.23,33354,APP
L000868,ST002,U00178,2026-04-21 07:23:00,2026-04-21 14:18:00,57.48,16784,MEMBERSHIP
L003443,ST007,U00077,2026-03-19 04:55:00,2026-03-19 05:41:00,71.74,22957,MEMBERSHIP
L001003,ST025,U02493,2026/02/15 05:20:00,2026-02-15 08:35:00,20.27,5919,APP
L000589,ST020,U01094,2026/03/22 01:47:00,2026-03-22 02:10:00,15.72,5030,MEMBERSHIP
L003902,ST003,U02423,2026-07-26 14:20:00,2026-07-26 15:06:00,72.6,23232,CARD
L003172,ST035,U01847,2026-02-15 14:42:00,2026-02-15 22:35:00,70.01,17853,app
L001264,ST002,U01696,2026-06-20 00:09:00,2026-06-20 05:14:00,46.49,,CARD
L001224,ST018,U00376,2026-07-20 10:12:00,2026-07-20 18:06:00,38.56,11260,CARD
L010844,ST032,U02076,2026-05-12 04:26:00,2026-05-12 05:21:00,76.82,29192,MEMBERSHIP
L010275,ST002,U01465,2026-03-24 03:10:00,2026-03-24 08:12:00,31.54,9210,APP
L002801,ST011,U01667,2026-01-10 08:04:00,2026-01-10 08:28:00,38.61,12355,CARD
L007667,ST005,U02234,2026-07-14 02:49:00,2026-07-14 03:15:00,59.76,19123,APP
L006148,ST034,U00726,2026-07-02 16:49:00,2026-07-02 17:38:00,113.26,43039,CARD
L010039,ST036,U00500,2026-04-21 16:08:00,2026-04-21 20:26:00,26.6,7767,MEMBERSHIP
L006071,ST009,U00759,2026-04-14 05:54:00,2026-04-14 06:22:00,13.08,"4,539",APP
L006407,ST036,U01696,2026-06-21 00:18:00,2026-06-21 07:54:00,50.49,14743,CARD
L003830,ST001,U02651,2026-06-10 03:22:00,2026-06-10 04:20:00,118.29,44950,CARD
L003203,ST009,U02406,2026-01-20 12:47:00,2026-01-20 13:30:00,24.67,8560,MEMBERSHIP
L000019,ST028,U02801,2026-07-28 06:52:00,2026-07-28 07:33:00,52.29,16733,CARD
L005881,ST029,U01649,2026-07-21 21:06:00,2026-07-22 03:27:00,48.42,14139,MEMBERSHIP
L000341,ST006,U02307,2026-03-15 14:47:00,2026-03-15 20:26:00,22.64,6611, APP 
L011884,ST006,U02237,20260309074600,2026-03-09 10:00:00,9.51,2777,APP
L004241,ST028,U00933,2026-06-21 07:12:00,2026-06-21 07:38:00,25.71,8227,CARD
L006444,ST022,U00389,2026-04-11 03:51:00,2026-04-11 04:36:00,92.07,31948,MEMBERSHIP
L008516,ST033,U02612,2026-06-16 03:58:00,2026-06-16 04:54:00,77.81,24899,MEMBERSHIP
L004816,ST006,U00711,2026-01-04 22:03:00,2026-01-05 01:05:00,16.98,4958,MEMBERSHIP
L007477,ST022,U01418,2026-03-18 14:37:00,2026-03-18 15:16:00,75.53,26209,membership
L000070,ST018,U00321,2026-07-10 10:47:00,2026-07-10 14:24:00,19.17,5598,CARD
L011935,ST002,U01084,2026-01-13 18:21:00,2026-01-13 23:20:00,42.35,12366,APP
L003074,ST011,U02764,2026-06-29 00:22:00,2026-06-29 00:43:00,36.2,11584,APP
L007053,ST038,U02778,2026-05-01 08:05:00,2026-05-01 08:44:00,98.61,,APP
L004388,ST004,U02484,2026-02-15 11:21:00,2026-02-15 12:05:00,80.22,25670,MEMBERSHIP
L007612,ST007,U01522,2026/03/28 14:26:00,2026-03-28 15:12:00,74.8,23936,APP
L002480,ST005,U01047,2026-02-24 01:19:00,2026-02-24 01:42:00,55.39,17725,CARD
L008011,ST020,U01174,2026-04-29 17:09:00,2026-04-29 17:40:00,20.28,6490,APP
L005307,ST018,U02197,2026-02-08 02:21:00,2026-02-08 07:25:00,28.92,8445,MEMBERSHIP
L000325,ST006,U01929,20260604150300,2026-06-04 17:20:00,1285.0,3752,APP
L009029,ST016,U00683,2026/06/23 14:30:00,2026-06-23 17:19:00,16.36,4172,MEMBERSHIP
L007743,ST018,U02568,2026-07-12 14:16:00,2026-07-12 19:00:00,29.49,8611,app
L009697,ST024,U00911,2026-01-20 05:46:00,2026-01-20 06:36:00,122.43,42483,MEMBERSHIP
L003869,ST017,U00119,2026-02-06 06:00:00,2026-02-06 11:08:00,26.42,7715,app
L011073,ST040,U01151,2026-03-05 16:15:00,2026-03-05 20:46:00,31.83,9294,APP
L009290,ST015,U02099,2026-05-30 03:53:00,2026-05-30 04:39:00,78.71,25187,MEMBERSHIP
L006750,ST022,U00735,2026/06/28 15:43:00,2026-06-28 16:39:00,104.11,36126,MEMBERSHIP
L002858,ST025,U02204,2026-04-03 02:45:00,2026-04-03 06:49:00,18.5,5402,APP
L000794,ST032,U02546,2026-06-25 17:59:00,2026-06-25 18:31:00,31.41,11936,APP
L004588,ST026,U01557,2026-06-26 06:16:00,2026-06-26 07:15:00,137.31,52178,CARD
L003350,ST026,U02233,2026-05-02 13:16:00,2026-05-02 13:49:00,82.04,31175,MEMBERSHIP
L001558,ST015,U01679,2026-07-16 17:40:00,2026-07-16 18:33:00,95.08,30426,APP
L008415,ST033,U01329,2026-03-15 23:11:00,2026-03-15 23:39:00,,,CARD
L010102,ST037,U00546,2026-04-15 22:09:00,2026-04-15 22:55:00,86.93,30165,APP
L008353,ST017,U00321,2026-06-09 20:51:00,2026-06-09 23:38:00,16.51,4821,MEMBERSHIP
L000399,ST024,U00429,2026-04-16 12:08:00,2026-04-16 12:41:00,81.69,28346,MEMBERSHIP
L007815,ST028,U02142,2026-04-07 04:17:00,2026-04-07 04:51:00,31.33,10026,CARD
L005279,ST020,U02288,2026-07-20 15:24:00,2026-07-20 16:20:00,27.59,8829,APP
L008417,ST005,U00125,2026-02-26 06:45:00,2026-02-26 07:10:00,55.84,17869,APP
L002341,ST040,U00893,2026-05-31 11:50:00,2026-05-31 19:48:00,66.46,19406,MEMBERSHIP
L001416,ST015,U00547,2026-01-12 23:57:00,2026-01-13 00:35:00,59.19,18941,CARD
L010208,ST003,U00304,2026-01-26 14:18:00,2026-01-26 15:03:00,94.17,30134,APP
L003674,ST002,U02551,2026-05-21 22:01:00,2026-05-22 04:17:00,61.09,17838,CARD
L010729,ST025,U02975,2026-03-09 14:05:00,2026-03-09 19:26:00,31.72,9262,CARD
L008215,ST010,U01780,2026-03-22 07:41:00,2026-03-22 14:13:00,36.17,10562,CARD
L003454,ST040,U02841,2026-02-14 08:29:00,2026-02-14 10:37:00,N/A,3924,MEMBERSHIP
L008333,ST013,U01002,2026-06-03 14:51:00,2026-06-03 15:43:00,116.29,37213,MEMBERSHIP
L001384,ST035,U01320,20260306210500,2026-03-07 00:44:00,27.98,7135,CARD
L007744,ST025,U00996,2026-03-02 09:51:00,2026-03-02 12:50:00,12.17,3554,APP
L011011,ST035,U01120,2026-02-01 12:06:00,2026-02-01 16:44:00,29.16,7436,APP
L009375,ST016,U00525,2026-07-05 09:54:00,2026-07-05 14:00:00,22.67,5781,APP
L010982,ST037,U01701,2026-03-11 23:54:00,2026-03-12 00:24:00,57.68,20015,CARD
L007710,ST017,U00279,2026-06-28 18:52:00,2026-06-28 21:10:00,13.28,3878,MEMBERSHIP
L010386,ST013,U00816,2026-01-26 16:49:00,2026-01-26 17:21:00,78.1,24992,MEMBERSHIP
L010836,ST038,U00690,2026-02-27 04:10:00,2026-02-27 04:31:00,58.29,18653,APP
L000497,ST011,U02072,2026-05-21 08:42:00,2026-05-21 09:40:00,110.89,,CARD
L006097,ST022,U00689,20260221154400,2026-02-21 16:26:00,88.78,30807,APP
L005263,ST028,U02711,2026/04/22 17:58:00,2026-04-22 18:52:00,68.17,21814,MEMBERSHIP
L001811,ST035,U01040,2026-02-16 01:25:00,2026-02-16 05:07:00,31.22,7961,CARD
L008022,ST037,U00563,2026-02-12 18:38:00,2026-02-12 19:08:00,43.14,14970,APP
L008755,ST014,U01565,2026-06-09 13:30:00,2026-06-09 14:21:00,32.62,12396,MEMBERSHIP
L003873,ST038,U00622,2026-06-29 20:07:00,2026-06-29 20:27:00,53.15,17008,CARD
L003182,ST011,U02915,2026/03/20 15:08:00,2026-03-20 15:45:00,81.51,26083,MEMBERSHIP
L003170,ST025,U01689,2026-05-04 15:12:00,2026-05-04 20:07:00,27.57,8050,MEMBERSHIP
L006158,ST012,U00095,2026-01-03 20:53:00,2026-01-03 21:19:00,19.03,6090,CARD
L011960,ST030,U00477,2026-07-13 02:32:00,2026-07-13 03:18:00,123.74,39597,APP
L009654,ST002,U00965,20260430021300,2026-04-30 07:09:00,48.39,14130,CARD
L005985,ST020,U00576,2026-07-28 03:29:00,2026-07-28 03:51:00,16.48,,MEMBERSHIP
L000416,ST038,U02048,2026-01-05 18:12:00,2026-01-05 19:04:00,99.59,31869,Card
L005595,ST036,U02540,2026-05-10 02:13:00,2026-05-10 04:31:00,15.15,4424,MEMBERSHIP
L000906,ST040,U02200,2026-05-18 13:16:00,2026-05-18 18:45:00,40.43,11806, APP 
L008327,ST034,U02678,2026-05-27 14:07:00,2026-05-27 14:41:00,87.78,33356,MEMBERSHIP
L007169,ST011,U00205,2026-07-12 18:45:00,2026-07-12 19:30:00,64.69,20701, APP 
L001634,ST035,U02118,2026-01-31 12:28:00,2026-01-31 20:06:00,56.85,14497,CARD
L001949,ST008,U00696,2026-01-18 02:15:00,2026-01-18 07:19:00,29.61,7551,CARD
L008317,ST002,U00156,2026-01-06 09:36:00,2026-01-06 11:51:00,17.58,5133,APP
L001220,ST002,U01845,2026-03-20 21:01:00,2026-03-21 02:14:00,48.18,14069,MEMBERSHIP
L001002,ST001,U02816,2026/04/01 16:49:00,2026-04-01 17:09:00,29.94,11377,APP
L010121,ST025,U02318,20260613093500,2026-06-13 15:58:00,40.01,11683,MEMBERSHIP
L006756,ST013,U00605,2026-07-17 05:03:00,2026-07-17 05:53:00,92.44,29581,MEMBERSHIP
L011283,ST023,U02693,2026-07-13 11:27:00,2026-07-13 12:10:00,23.37,7478,MEMBERSHIP
L003430,ST036,U00553,2026-06-10 14:18:00,2026-06-10 19:50:00,37.62,10985,APP
L010464,ST007,U02822,20260204165700,2026-02-04 17:42:00,99.71,31907,CARD
L003878,ST037,U02230,2026-02-26 00:50:00,2026-02-26 01:50:00,103.46,"35,901",MEMBERSHIP
L010744,ST029,U01055,2026-03-21 19:24:00,2026-03-21 21:58:00,24.28,7090,APP
L009419,ST040,U02123,2026/02/18 06:04:00,2026-02-18 09:30:00,28.61,8354,APP
L006927,ST009,U01922,2026-05-18 09:25:00,2026-05-18 10:06:00,24.24,8411,MEMBERSHIP
L003331,ST013,U02562,2026/03/31 19:56:00,2026-03-31 20:42:00,89.7,28704,CARD
L009442,ST029,U01066,20260125074200,2026-01-25 13:26:00,41.7,12176,MEMBERSHIP
L004746,ST036,U02335,20260724082600,2026-07-24 16:23:00,67.67,19760,app
L006371,ST027,U02347,2026-03-19 14:05:00,2026-03-19 18:52:00,28.05,8191,CARD
L007950,ST029,U02834,2026-06-10 12:19:00,2026-06-10 14:50:00,17.25,5037,APP
L005288,ST039,U02000,20260330045400,2026-03-30 05:24:00,17.72,,MEMBERSHIP
L011650,ST039,U02739,2026-03-21 08:24:00,2026-03-21 08:46:00,14.75,5118,Card
L002024,ST007,U01146,2026-03-10 21:33:00,2026-03-10 22:08:00,49.59,15869,MEMBERSHIP
L011257,ST020,U01617,2026-06-01 08:52:00,2026-06-01 09:52:00,4189.0,13405,APP
L003431,ST015,U02894,2026-07-25 04:23:00,2026-07-25 05:21:00,95.52,30566,CARD
L008529,ST014,U01512,2026/06/29 16:25:00,2026-06-29 17:12:00,31.18,11848,APP
L007270,ST014,U01645,2026-06-23 23:20:00,2026-06-23 23:50:00,18.86,7167,CARD
L000593,ST027,U02334,2026-01-11 17:47:00,2026-01-11 20:36:00,12.23,3571,MEMBERSHIP
L002144,ST036,U00767,2026-04-04 07:53:00,2026-04-04 15:11:00,57.16,16691,APP
L010915,ST031,U00916,2026-04-13 00:07:00,2026-04-12 23:24:00,117.67,44715,MEMBERSHIP
L009533,ST039,U02346,20260306232200,2026-03-07 00:03:00,21.52,7467,MEMBERSHIP
L005107,ST029,U00875,2026-07-12 21:15:00,2026-07-13 01:03:00,31.2,9110,APP
L007462,ST003,U01576,2026-01-20 17:53:00,2026-01-20 18:51:00,128.55,41136,MEMBERSHIP
L010219,ST020,U01803,2026-02-26 07:06:00,2026-02-26 07:46:00,,,CARD
L000310,ST030,U00651,2026-05-05 08:26:00,2026-05-05 08:49:00,63.95,20464,CARD
L001337,ST033,U01683,2026-07-13 19:58:00,2026-07-13 20:54:00,95.7,30624,MEMBERSHIP
L008920,ST035,U01100,20260627163800,2026-06-27 21:06:00,40.42,10307,APP
L011449,ST035,U02484,2026-03-06 04:54:00,2026-03-06 08:03:00,30.06,,APP
L004188,ST014,U00350,20260102070900,2026-01-02 07:51:00,21.41,8136,CARD
L002027,ST023,U01428,2026/07/10 12:10:00,2026-07-10 12:49:00,18.93,6058,CARD
L008700,ST011,U02033,2026-05-22 05:59:00,2026-05-22 06:45:00,66.61,21315,APP
L010458,ST023,U01443,2026-02-16 08:28:00,2026-02-16 08:55:00,18.76,6003,MEMBERSHIP
L001638,ST023,U00440,2026-05-16 17:24:00,2026-05-16 17:44:00,13.57,4342,APP
L004197,ST016,U02867,2026-03-05 22:04:00,2026-03-06 00:36:00,14.88,3794,MEMBERSHIP
L006245,ST014,U02968,2026-06-24 06:20:00,2026-06-24 07:06:00,27.06,10283,Card
L003168,ST031,U02496,2026-01-26 06:43:00,2026-01-26 07:24:00,84.35,32053,CARD
L005682,ST002,U02143,2026-01-25 23:31:00,2026-01-26 04:09:00,37.04,10816,APP
L011216,ST024,U00648,2026-05-21 03:37:00,2026-05-21 04:32:00,163.23,56641,APP
L007459,ST013,U01407,2026-01-02 04:56:00,2026-01-02 05:40:00,116.0,37120,CARD
L006867,ST013,U01218,2026-07-27 02:06:00,2026-07-27 02:49:00,125.78,40250,CARD
L006979,ST013,U01929,2026/06/24 23:29:00,2026-06-25 00:00:00,76.54,,APP
L010980,ST031,U01207,2026-01-26 21:09:00,2026-01-26 21:41:00,59.11,22462,APP
L002913,ST032,U01207,2026-02-19 08:10:00,2026-02-19 08:44:00,42.11,16002,MEMBERSHIP
L011769,ST014,U01201,2026-03-08 18:07:00,2026-03-08 18:37:00,15.46,5875,APP
L000913,ST005,U02468,2026-02-09 00:32:00,2026-02-09 01:23:00,131.44,42061,APP
L006874,ST029,U01341,2026-02-14 17:17:00,2026-02-14 22:21:00,33.47,9773,MEMBERSHIP
L001376,ST006,U00727,2026-03-09 16:08:00,2026-03-09 21:45:00,-,9455,MEMBERSHIP
L007728,ST037,U02928,2026-01-25 14:41:00,2026-01-25 15:29:00,95.92,33284,MEMBERSHIP
L000524,ST025,U01179,2026-06-07 17:03:00,2026-06-07 19:09:00,11.28,3294,CARD
L004190,ST007,U00684,2026-06-03 09:58:00,2026-06-03 10:45:00,69.57,22262,MEMBERSHIP
L009900,ST029,U02069,2026-07-17 13:35:00,2026-07-17 16:08:00,23.53,6871,MEMBERSHIP
L004120,ST039,U00046,2026-03-28 20:58:00,2026-03-28 21:31:00,16.88,5857,MEMBERSHIP
L003829,ST023,U01079,2026-03-29 01:17:00,2026-03-29 02:03:00,31.35,10032,APP
L007889,ST010,U02190,2026-07-29 08:56:00,2026-07-29 13:33:00,23.74,6932,APP
L007119,ST031,U00291,2026-05-08 21:08:00,2026-05-08 22:08:00,94.35,35853,CARD
L011764,ST013,U00600,2026-07-03 18:51:00,2026-07-03 19:18:00,67.39,21565,MEMBERSHIP
L000361,ST035,U02863,2026-04-26 18:55:00,2026-04-27 01:18:00,44.23,11279,APP
L005657,ST007,U02091,2026-07-28 03:33:00,2026-07-28 04:11:00,81.71,26147,APP
L008219,ST039,U02927,20260716133200,2026-07-16 14:21:00,35.68,12381,MEMBERSHIP
L007963,ST020,U01599,2026-06-19 17:26:00,2026-06-19 17:54:00,19.36,6195,MEMBERSHIP
L001475,ST015,U00767,2026-04-20 11:38:00,2026-04-20 12:00:00,41.23,13194,MEMBERSHIP
L007772,ST026,U02839,2026/02/25 03:48:00,2026-02-25 04:33:00,125.71,,APP
L005601,ST021,U00792,20260307163200,2026-03-07 20:46:00,17.03,4973,APP
L011400,ST019,U01861,2026-04-30 08:33:00,2026-04-30 08:59:00,64.15,22260,CARD
L008461,ST010,U00428,2026-07-21 18:02:00,2026-07-21 21:55:00,17.32,5057,MEMBERSHIP
L004164,ST031,U02285,2026-05-06 13:06:00,2026-05-06 14:06:00,110.95,42161,MEMBERSHIP
L007762,ST008,U02686,20260630024900,2026-06-30 08:21:00,22.63,5771,MEMBERSHIP
L002953,ST036,U02130,2026-05-23 10:04:00,2026-05-23 16:04:00,51.89,15152,MEMBERSHIP
L010320,ST010,U02278,2026/01/04 21:43:00,2026-01-05 04:56:00,38.19,11151,APP
L000365,ST028,U01685,2026/05/31 00:47:00,2026-05-31 01:11:00,23.48,7514,CARD
L002938,ST033,U01342,2026-05-16 01:33:00,2026-05-16 02:03:00,57.21,18307,CARD
L008339,ST030,U01236,2026-02-09 23:38:00,2026-02-10 00:26:00,109.7,35104,APP
L011821,ST033,U00317,2026-05-30 09:13:00,2026-05-30 09:45:00,49.37,15798,CARD
L009873,ST011,U01789,2026-04-13 00:05:00,2026-04-13 00:45:00,64.97,20790,CARD
L005586,ST006,U02664,2026/06/09 11:51:00,2026-06-09 16:46:00,24.95,7285,APP
L006914,ST020,U00274,2026-06-16 09:55:00,2026-06-16 10:47:00,29.48,9434,CARD
L007745,ST023,U01212,2026/06/09 01:43:00,2026-06-09 02:35:00,32.62,10438,CARD
L006645,ST018,U02980,2026-01-30 02:30:00,2026-01-30 07:43:00,21.71,6339,CARD
L010152,ST003,U00225,20260610212600,2026-06-10 21:57:00,62.98,20154,APP
L011589,ST012,U00091,2026-04-16 11:31:00,2026-04-16 12:17:00,34.3,10976,MEMBERSHIP
L011062,ST031,U00653,2026-01-27 17:44:00,2026-01-27 18:33:00,84.04,"31,935",CARD
L004057,ST038,U00317,2026/04/10 01:16:00,2026-04-10 01:52:00,73.99,23677,CARD
L010308,ST014,U02949,2026-06-28 19:38:00,2026-06-28 20:02:00,12.64,4803,APP
L005869,ST018,U00070,20260423134300,2026-04-23 17:26:00,1773.0,5177,MEMBERSHIP
L005230,ST005,U01514,2026-05-30 04:26:00,2026-05-30 05:04:00,88.12,28198,CARD
L010138,ST009,U02758,2026-05-07 04:33:00,2026-05-07 05:31:00,27.72,9619,APP
L002885,ST027,U01971,2026-02-02 01:27:00,2026-02-02 08:55:00,30.69,8961,CARD
L004415,ST032,U00734,2026-03-07 07:29:00,2026-03-07 08:18:00,73.31,27858,MEMBERSHIP
L009945,ST001,U00788,2026-03-28 19:17:00,2026-03-28 20:13:00,114.84,43639,MEMBERSHIP
L003070,ST022,U00850,2026/03/13 02:38:00,2026-03-13 03:16:00,6599.0,22899,APP
L001994,ST005,U00575,2026-05-19 06:21:00,2026-05-19 06:46:00,59.39,19005,CARD
L004921,ST035,U00871,2026-01-23 08:53:00,2026-01-23 15:42:00,52.29,13334,APP
L004189,ST003,U01440,2026-04-13 14:41:00,2026-04-13 15:18:00,77.65,24848,APP
L002604,ST030,U01728,2026-01-30 23:59:00,2026-01-31 00:19:00,38.93,12458,CARD
L011517,ST002,U01385,2026-06-22 21:17:00,2026-06-23 00:28:00,24.23,7075,MEMBERSHIP
L003416,ST025,U01387,2026-03-10 09:06:00,2026-03-10 16:56:00,37.88,11061,MEMBERSHIP
L009117,ST030,U02027,2026-04-12 15:51:00,2026-04-12 16:31:00,96.09,30749,MEMBERSHIP
L003895,ST039,U01862,2026-05-01 02:33:00,2026-05-01 03:20:00,21.8,7565,CARD
L009425,ST029,U01625,2026-02-04 10:00:00,2026-02-04 14:24:00,39.89,11648,APP
L011527,ST037,U01746,2026-04-11 20:58:00,2026-04-11 21:21:00,41.97,14564,CARD
L000981,ST009,U00867,2026-02-13 15:38:00,2026-02-13 15:58:00,12.95,4494,APP
L005787,ST006,U02818,2026/03/10 09:26:00,2026-03-10 15:27:00,28.2,8234,MEMBERSHIP
L010494,ST005,U02288,20260704124700,2026-07-04 13:32:00,120.75,38640,MEMBERSHIP
L004223,ST009,U00571,2026-06-14 19:26:00,2026-06-14 20:21:00,31.32,10868,APP
L005495,ST040,U01371,20260506224000,2026-05-07 03:34:00,47.12,13759,MEMBERSHIP
L005216,ST004,U00629,2026/06/30 19:32:00,2026-06-30 19:59:00,44.56,,MEMBERSHIP
L001916,ST004,U00252,2026/03/30 22:53:00,2026-03-30 23:34:00,74.79,23933,APP
L008749,ST022,U01420,2026-01-27 01:48:00,2026-01-27 02:33:00,88.98,30876,card
L003243,ST018,U00239,2026/05/20 05:02:00,2026-05-20 11:18:00,27.94,8158,MEMBERSHIP
L003679,ST013,U01484,2026/02/20 08:09:00,2026-02-20 08:43:00,100.66,32211,CARD
L007405,ST024,U01526,20260411194600,2026-04-11 20:35:00,92.15,31976,APP
L008266,ST014,U02417,2026/06/16 01:03:00,2026-06-16 02:01:00,42.6,16188,APP
L005253,ST018,U00284,2026-07-25 02:53:00,2026-07-25 09:27:00,38.93,11368, APP 
L008270,ST026,U00808,2026-01-30 13:43:00,2026-01-30 14:13:00,78.07,29667,MEMBERSHIP
L002207,ST017,U02901,2026/03/31 00:57:00,2026-03-31 03:59:00,18.29,5341,APP
L007269,ST036,U02129,2026-02-22 10:29:00,2026-02-22 18:10:00,54.47,15905,APP
L009110,ST011,U00491,2026-02-11 20:33:00,2026-02-11 20:55:00,45.3,14496,APP
L009620,ST017,U02836,2026-03-11 00:51:00,2026-03-11 07:22:00,33.25,,CARD
L009331,ST023,U01738,20260708204500,2026-07-08 21:38:00,N/A,9645,APP
L010834,ST034,U00512,2026-02-14 22:34:00,2026-02-14 23:16:00,123.59,46964,APP
L004713,ST006,U01580,2026-06-27 10:16:00,2026-06-27 14:57:00,28.51,8325,MEMBERSHIP
L000839,ST016,U01232,2026-05-12 17:08:00,2026-05-12 20:08:00,16.64,4243,CARD
L006791,ST027,U01727,2026-01-15 17:49:00,2026-01-15 22:25:00,27.74,8100,APP
L003988,ST010,U02513,2026/06/29 08:29:00,2026-06-29 11:38:00,15.82,4619,MEMBERSHIP
L007109,ST003,U01589,2026/03/23 18:22:00,2026-03-23 19:11:00,81.72,26150,CARD
L007869,ST032,U01580,2026-01-18 23:10:00,2026-01-19 00:10:00,79.04,30035,MEMBERSHIP
L002090,ST003,U00850,2026/03/22 08:23:00,2026-03-22 09:22:00,110.61,35395,CARD
L008323,ST010,U01644,2026-01-25 11:41:00,2026-01-25 15:46:00,18.36,5361,APP
L010457,ST019,U01845,2026-04-09 16:52:00,2026-04-09 17:12:00,50.97,17687,MEMBERSHIP
L000402,ST022,U01767,2026-06-06 18:02:00,2026-06-06 18:24:00,34.94,12124,APP
L008720,ST029,U01174,2026-06-14 06:51:00,2026-06-14 14:33:00,47.69,13925,MEMBERSHIP
L001136,ST002,U01775,2026/04/09 04:51:00,2026-04-09 07:36:00,20.75,6059,APP
L005688,ST001,U01161,2026-06-29 21:11:00,2026-06-29 21:53:00,64.79,24620,MEMBERSHIP
L008762,ST019,U01094,2026-01-26 08:18:00,2026-01-26 08:43:00,48.24,16739,CARD
L007026,ST035,U00172,2026-07-05 22:29:00,2026-07-06 03:28:00,39.73,10131,CARD
L004182,ST004,U00983,2026-02-18 09:10:00,2026-02-18 09:40:00,53.37,17078,card
L006630,ST029,U00786,2026-07-25 22:20:00,2026-07-26 04:31:00,56.72,16562,MEMBERSHIP
L011681,ST003,U00271,2026/06/10 05:24:00,2026-06-10 06:05:00,82.01,26243,APP
L001049,ST010,U01227,2026-01-01 00:09:00,2026-01-01 02:11:00,8.79,2567,MEMBERSHIP
L004612,ST035,U00228,2026-02-21 00:10:00,2026-02-21 05:22:00,44.78,11419,APP
L005057,ST026,U00023,2026-01-30 06:22:00,2026-01-30 07:01:00,80.81,30708,MEMBERSHIP
L008285,ST019,U01897,20260522155300,2026-05-22 16:51:00,119.46,41453,MEMBERSHIP
L010455,ST001,U02301,20260404111400,2026-04-04 11:35:00,34.57,13137,MEMBERSHIP
L004488,ST032,U02801,2026/01/16 01:01:00,2026-01-16 01:29:00,35.25,13395,APP
L008474,ST022,U01137,2026-02-27 05:03:00,2026-02-27 06:00:00,87.19,30255,CARD
L000321,ST025,U00075,2026-07-18 22:01:00,2026-07-19 01:57:00,18.54,5414,MEMBERSHIP
L009005,ST002,U01254,2026-03-29 11:13:00,2026-03-29 19:03:00,59.82,17467,CARD
L002262,ST013,U02907,2026-04-23 20:08:00,2026-04-23 20:37:00,59.46,19027,CARD
L002220,ST003,U00641,20260222161800,2026-02-22 16:48:00,45.32,14502,app
L005517,ST023,U01093,2026-02-27 01:52:00,2026-02-27 02:23:00,15.31,4899,CARD
L002231,ST013,U00695,2026-07-26 03:00:00,2026-07-26 03:53:00,111.69,35741,MEMBERSHIP
L002080,ST018,U02078,2026-07-03 20:05:00,2026-07-04 00:08:00,25.35,7402,CARD
L006080,ST026,U01149,2026/01/13 20:29:00,2026-01-13 21:14:00,102.56,38973,MEMBERSHIP
L003244,ST026,U01103,2026-07-01 03:26:00,2026-07-01 03:52:00,56.71,21550,MEMBERSHIP
L009689,ST011,U01237,2026-07-14 20:33:00,2026-07-14 21:06:00,59.56,19059,CARD
L001290,ST004,U02575,2026-06-29 04:38:00,2026-06-29 04:59:00,40.29,12893,APP
L006592,ST022,U02693,20260718160300,2026-07-18 16:58:00,119.9,41605,CARD
L009388,ST025,U01538,20260216191900,2026-02-17 00:53:00,24.45,7139,CARD
L001411,ST020,U00090,20260417153800,2026-04-17 16:20:00,23.94,7661,APP
L003616,ST020,U01431,2026/04/01 00:39:00,2026-04-01 01:21:00,24.48,7834,MEMBERSHIP
L002410,ST036,U01114,2026/06/05 14:07:00,2026-06-05 22:02:00,58.3,17024,MEMBERSHIP
L009541,ST014,U02394,2026-04-13 08:34:00,2026-04-13 09:21:00,25.09,9534,APP
L011854,ST010,U01892,2026-06-01 01:07:00,2026-06-01 03:14:00,9.57,2794,APP
L011184,ST035,U01733,2026-02-14 20:08:00,2026-02-15 00:48:00,,11659,APP
L006509,ST016,U00427,2026-03-18 11:47:00,2026-03-18 17:06:00,26.07,6648,APP
L002378,ST021,U01229,2026-04-01 22:31:00,2026-04-02 06:20:00,35.66,10413,APP
L004163,ST003,U01802,2026-05-03 02:39:00,2026-05-03 03:20:00,83.13,"26,602",MEMBERSHIP
L005405,ST015,U02155,2026-02-17 21:06:00,2026-02-17 21:48:00,78.64,25165,MEMBERSHIP
L003014,ST004,U02790,2026-01-09 22:56:00,2026-01-09 23:52:00,96.1,30752,CARD
L008462,ST022,U01319,2026/06/17 13:44:00,2026-06-17 14:11:00,53.52,18571,MEMBERSHIP
L006486,ST031,U01397,2026-06-27 21:22:00,2026-06-27 22:22:00,84.69,32182,APP
L011097,ST008,U00776,2026-01-06 22:08:00,2026-01-07 04:31:00,34.85,8887,CARD
L009134,ST005,U00448,2026-06-14 12:03:00,2026-06-14 13:00:00,133.75,42800,APP
L006130,ST008,U00225,2026-01-04 01:05:00,2026-01-04 03:53:00,16.28,4151,APP
L000649,ST014,U00136,2026-04-10 04:17:00,2026-04-10 05:00:00,23.53,8941,APP
L008940,ST037,U01921,2026-06-26 16:41:00,2026-06-26 17:01:00,40.31,13988,CARD
L003027,ST021,U00732,2026-06-17 18:27:00,2026-06-17 22:23:00,20.62,6021,APP
L004801,ST013,U02661,2026-05-21 20:15:00,2026-05-21 20:43:00,73.92,23654,MEMBERSHIP
L011715,ST033,U02144,2026-04-09 21:15:00,2026-04-09 22:12:00,116.55,37296,MEMBERSHIP
L001229,ST026,U02381,2026/04/19 19:27:00,2026-04-19 20:26:00,175.56,66713,MEMBERSHIP
L007646,ST014,U02589,2026-07-15 08:21:00,2026-07-15 09:21:00,34.03,12931,MEMBERSHIP
L010716,ST032,U01643,2026/07/25 22:30:00,2026-07-25 23:20:00,62.31,23678,MEMBERSHIP
L007545,ST007,U00771,2026/02/26 18:27:00,2026-02-26 19:16:00,106.86,34195,MEMBERSHIP
L006105,ST012,U02318,2026-01-21 22:20:00,2026-01-21 23:01:00,22.11,7075,MEMBERSHIP
L005790,ST007,U02914,2026-03-09 05:32:00,2026-03-09 06:06:00,53.68,17178,MEMBERSHIP
L011944,ST016,U01923,2026-02-05 00:56:00,2026-02-05 08:25:00,-,8573,CARD
L005797,ST039,U01127,2026-02-12 01:29:00,2026-02-12 02:13:00,23.69,8220,CARD
L003167,ST039,U02825,2026-07-01 23:51:00,2026-07-02 00:31:00,25.79,8949,CARD
L008622,ST018,U02014,2026-01-23 09:42:00,2026-01-23 14:39:00,26.17,7642,CARD
L003298,ST025,U00646,2026-04-10 14:18:00,2026-04-10 19:17:00,1964.0,5735,MEMBERSHIP
L006121,ST020,U01120,2026-04-14 11:19:00,2026-04-14 12:13:00,32.84,10509,CARD
L003809,ST036,U01678,20260424201700,2026-04-24 23:59:00,33.07,9656,MEMBERSHIP
L009310,ST033,U02143,2026-06-27 21:59:00,2026-06-27 22:27:00,49.8,15936,MEMBERSHIP
L004103,ST007,U00772,2026-03-10 00:48:00,2026-03-10 01:40:00,-,24710,APP
L000131,ST038,U00872,2026/02/20 06:22:00,2026-02-20 07:21:00,156.98,50234,CARD
L008370,ST006,U01281,2026-02-07 22:15:00,2026-02-08 01:57:00,16.45,4803,APP
L008963,ST029,U02852,2026-07-21 18:08:00,2026-07-21 22:55:00,43.65,12746,APP
L008931,ST009,U02812,2026-05-01 19:06:00,2026-05-01 19:44:00,22.32,7745,APP
L009482,ST038,U01574,2026-01-25 02:19:00,2026-01-25 02:52:00,77.74,24877,CARD
L006811,ST022,U00810,2026-01-08 20:34:00,2026-01-08 21:30:00,93.61,32483,CARD
L008056,ST011,U01868,2026-06-12 08:09:00,2026-06-12 08:41:00,54.99,17597,APP
L002123,ST007,U02943,2026/01/27 09:54:00,2026-01-27 10:25:00,44.43,14218,APP
L008932,ST035,U01838,2026-02-28 19:28:00,2026-03-01 02:09:00,53.31,13594,CARD
L005743,ST031,U02996,20260121091300,2026-01-21 09:47:00,61.33,23305,CARD
L000642,ST016,U02780,2026-02-22 12:57:00,2026-02-22 20:39:00,41.15,10493,APP
L008427,ST036,U02122,2026-01-21 13:14:00,2026-01-21 20:33:00,53.98,15762,CARD
L010576,ST015,U00603,2026-02-01 14:11:00,2026-02-01 14:46:00,64.9,20768,MEMBERSHIP
L009124,ST001,U01550,2026-07-06 23:39:00,2026-07-07 00:28:00,79.64,30263,APP
L008921,ST002,U01810,2026/07/24 03:54:00,2026-07-24 09:26:00,39.84,11633,APP
L007014,ST008,U00547,2026-02-25 16:38:00,2026-02-25 19:04:00,14.53,3705,CARD
L006724,ST016,U02782,2026-02-13 05:53:00,2026-02-13 09:03:00,19.02,4850,MEMBERSHIP
L007324,ST031,U01689,2026-03-25 04:35:00,2026-03-25 05:18:00,94.8,36024,membership
L006872,ST016,U00524,2026/03/15 00:38:00,2026-03-15 07:12:00,37.34,9522,MEMBERSHIP
L004049,ST034,U01195,2026-02-12 14:23:00,2026-02-12 14:57:00,83.22,31624,MEMBERSHIP
L005723,ST030,U00569,2026/06/29 08:36:00,2026-06-29 09:12:00,82.44,26381,CARD
L004759,ST033,U01390,2026-01-21 08:08:00,2026-01-21 08:35:00,39.56,12659,membership
L004583,ST030,U02556,2026-05-16 17:08:00,2026-05-16 18:00:00,111.23,35594,CARD
L004006,ST035,U02061,2026-05-07 05:12:00,2026-05-07 09:09:00,35.83,9137,app
L007801,ST010,U00356,20260620145100,2026-06-20 20:19:00,21.28,6214,APP
L006441,ST011,U02643,2026-07-24 05:19:00,2026-07-24 05:48:00,58.73,18794,APP
L005225,ST003,U00331,2026-03-01 10:40:00,2026-03-01 11:29:00,80.95,25904,CARD
L009828,ST028,U01886,2026-02-11 22:24:00,2026-02-11 23:20:00,55.72,17830,CARD
L006475,ST036,U00899,2026-02-06 22:23:00,2026-02-07 04:35:00,55.72,16270,APP
L009615,ST012,U00031,2026-05-11 21:56:00,2026-05-11 22:34:00,21.83,6986,MEMBERSHIP
L001663,ST014,U00995,2026-05-26 21:46:00,2026-05-26 22:21:00,17.29,6570,APP
L010874,ST028,U00478,2026-03-12 03:11:00,2026-03-12 03:37:00,34.67,11094,CARD
L001777,ST021,U00021,2026-03-09 09:14:00,2026-03-09 16:01:00,28.98,8462,MEMBERSHIP
L000079,ST004,U02655,2026/07/18 17:18:00,2026-07-18 17:48:00,50.05,16016,CARD
L006167,ST022,U02449,20260205194000,2026-02-05 20:38:00,103.44,35894,APP
L009385,ST032,U02962,2026-05-03 16:49:00,2026-05-03 17:40:00,70.69,26862,CARD
L010796,ST018,U01563,2026-02-22 23:52:00,2026-02-23 02:13:00,12.16,3551,APP
L000055,ST013,U00842,2026-02-16 06:25:00,2026-02-16 07:11:00,95.83,30666,MEMBERSHIP
L006651,ST015,U00015,2026-01-17 12:15:00,2026-01-17 13:03:00,85.1,27232,APP
L011899,ST003,U01462,2026/03/14 06:32:00,2026-03-14 06:56:00,53.93,17258,APP
L010373,ST012,U02625,2026-04-13 04:59:00,2026-04-13 05:49:00,36.93,11818,membership
L000976,ST030,U01854,2026-02-04 13:29:00,2026-02-04 14:22:00,123.61,39555,CARD
L004411,ST006,U01359,2026-05-18 17:55:00,2026-05-18 20:24:00,15.54,4538,APP
L009060,ST004,U00570,2026-05-14 11:37:00,2026-05-14 12:25:00,103.77,33206,CARD
L005358,ST007,U02004,2026-01-18 19:14:00,2026-01-18 19:52:00,76.27,24406,APP
L005009,ST023,U00035,2026-01-10 14:17:00,2026-01-10 14:58:00,23.25,7440,CARD
L002909,ST006,U01665,20260405230800,2026-04-06 02:05:00,17.55,5125,CARD
L008636,ST002,U01694,2026-04-22 14:52:00,2026-04-22 18:08:00,20.03,5849,APP
L010103,ST009,U00967,2026-03-16 00:18:00,2026-03-16 00:55:00,19.84,6884,APP
L003945,ST006,U02475,2026/04/12 10:44:00,2026-04-12 16:15:00,27.59,8056,CARD
L009832,ST025,U01126,2026-02-02 14:03:00,2026-02-02 16:58:00,12.86,3755,CARD
L006694,ST003,U01581,2026-02-09 10:51:00,2026-02-09 11:41:00,76.12,24358,MEMBERSHIP
L006490,ST015,U01367,2026-05-19 00:40:00,2026-05-19 01:32:00,99.5,31840,CARD
L011677,ST018,U02212,2026/05/31 14:34:00,2026-05-31 16:59:00,11.53,3367,MEMBERSHIP
L010793,ST001,U01926,2026-01-23 19:04:00,2026-01-23 19:56:00,90.71,34470,CARD
L004590,ST013,U02995,2026/02/08 15:49:00,2026-02-08 16:33:00,126.8,40576,MEMBERSHIP
L011100,ST023,U01139,2026/03/23 08:19:00,2026-03-23 08:42:00,12.18,3898,MEMBERSHIP
L010921,ST016,U02923,2026-04-06 03:36:00,2026-04-06 06:48:00,15.91,4057,APP
L002037,ST019,U02968,2026/07/21 09:46:00,2026-07-21 10:44:00,161.97,56204,MEMBERSHIP
L004146,ST027,U02158,2026-01-04 09:58:00,2026-01-04 13:53:00,24.35,7110,APP
L001256,ST037,U00795,2026-06-03 15:10:00,2026-06-03 15:33:00,33.04,11465,CARD
L006560,ST029,U02529,2026-03-27 11:06:00,2026-03-27 19:05:00,74.93,21880,APP
L002459,ST010,U02656,2026-03-08 09:51:00,2026-03-08 14:41:00,-,8830,APP
L010089,ST006,U02001,2026-04-26 22:25:00,2026-04-27 04:14:00,32.11,9376,APP
L011374,ST006,U01730,2026-05-19 03:00:00,2026-05-19 05:49:00,13.69,3997,CARD
L006796,ST016,U00024,2026-07-15 18:26:00,2026-07-15 20:50:00,13.03,3323,APP
L010534,ST028,U01664,2026-01-12 02:34:00,2026-01-12 03:04:00,39.34,12589,MEMBERSHIP
L004617,ST037,U02141,2026-06-27 17:31:00,2026-06-27 18:31:00,102.84,35685,APP
L010681,ST011,U00672,2026-05-08 09:50:00,2026-05-08 10:43:00,80.08,25626,MEMBERSHIP
L007475,ST028,U01793,2026-04-13 11:10:00,2026-04-13 11:49:00,42.9,13728,APP
L001118,ST035,U01148,2026-03-09 23:12:00,2026-03-10 07:01:00,49.05,12508,APP
L007143,ST006,U00980,2026-03-30 10:22:00,2026-03-30 18:20:00,39.51,11537,CARD
L001393,ST021,U01874,2026-02-04 07:09:00,2026-02-04 09:52:00,15.29,4465,CARD
L004477,ST037,U02925,2026-04-09 18:22:00,2026-04-09 19:01:00,55.2,19154,CARD
L003441,ST021,U02582,2026-05-26 21:37:00,2026-05-27 04:10:00,33.63,9820,CARD
L010337,ST016,U00990,2026-07-23 22:07:00,2026-07-24 05:01:00,35.97,9172,MEMBERSHIP
L001930,ST030,U00210,2026-04-02 20:33:00,2026-04-02 21:09:00,87.46,27987,CARD
L003724,ST010,U00094,2026-06-11 12:11:00,2026-06-11 15:50:00,16.69,4873,MEMBERSHIP
L011487,ST014,U02452,2026-01-28 10:41:00,2026-01-28 11:38:00,3876.0,,CARD
L010908,ST019,U01114,2026-04-13 18:28:00,2026-04-13 19:26:00,126.64,43944,CARD
L000145,ST023,U01006,2026-05-27 04:52:00,2026-05-27 05:21:00,18.58,5946,APP
L005827,ST025,U02716,2026-02-14 11:43:00,2026-02-14 14:26:00,13.46,3930,MEMBERSHIP
L004568,ST001,U02451,2026/01/22 23:42:00,2026-01-23 00:33:00,110.87,42131,MEMBERSHIP
L002425,ST037,U00713,2026-04-15 07:30:00,2026-04-15 08:22:00,89.8,31161,APP
L004731,ST027,U00284,2026-03-02 11:43:00,2026-03-02 19:01:00,29.18,8521,CARD
L010016,ST016,U01083,2026-03-08 17:38:00,2026-03-09 01:01:00,31.36,7997,CARD
L002620,ST013,U00139,2026-02-21 22:08:00,2026-02-21 22:59:00,144.15,46128,APP
L002952,ST003,U00786,2026-06-07 08:15:00,2026-06-07 08:42:00,57.57,18422,CARD
L003091,ST002,U00517,2026-02-24 19:31:00,2026-02-25 01:35:00,46.09,13458,APP
L001758,ST027,U02034,2026-05-21 20:14:00,2026-05-21 22:31:00,10.09,,MEMBERSHIP
L004284,ST027,U01364,2026-03-24 22:00:00,2026-03-25 02:25:00,19.17,5598,MEMBERSHIP
L005008,ST017,U01502,2026-01-31 06:02:00,2026-01-31 10:46:00,23.13,6754,CARD
L004561,ST006,U01577,2026-07-10 05:28:00,2026-07-10 10:15:00,18.92,5525,MEMBERSHIP
L003018,ST035,U02100,2026-07-14 16:57:00,2026-07-15 00:29:00,68.14,17376,membership
L002578,ST013,U00794,2026-04-29 09:39:00,2026-04-29 10:09:00,84.3,26976,CARD
L010900,ST010,U02354,2026-06-30 02:52:00,2026-06-30 08:55:00,24.21,7069,APP
L003364,ST032,U00127,2026-03-02 10:04:00,2026-03-02 10:34:00,29.48,, APP 
L004712,ST014,U01217,20260128165200,2026-01-28 17:30:00,22.64,8603,MEMBERSHIP
L001225,ST001,U02898,2026-02-11 07:51:00,2026-02-11 08:45:00,78.47,29819,APP
L006956,ST014,U02499,2026-06-10 10:58:00,2026-06-10 11:21:00,16.74,6361,APP
L009610,ST019,U00220,2026-04-09 00:48:00,2026-04-09 01:21:00,97.81,33940,MEMBERSHIP
L007463,ST001,U00318,2026-03-13 11:54:00,2026-03-13 12:29:00,73.69,28002,APP
L007885,ST002,U01877,2026-05-13 23:07:00,2026-05-14 01:55:00,23.34,6815,CARD
L008473,ST018,U00988,2026-03-24 07:57:00,2026-03-24 11:32:00,14.87,4342,CARD
L005345,ST020,U02203,2026-06-02 03:25:00,2026-06-02 03:49:00,,5130,APP
L003374,ST003,U02882,2026-05-01 04:14:00,2026-05-01 04:48:00,55.0,17600,CARD
L010933,ST005,U01487,2026-06-24 19:46:00,2026-06-24 20:46:00,158.17,50614,CARD
L009978,ST023,U02667,2026-01-08 17:41:00,2026-01-08 18:16:00,20.54,6573,CARD
L006676,ST003,U01869,2026-01-20 08:16:00,2026-01-20 08:56:00,66.51,21283,APP
L008584,ST017,U00568,2026-05-11 21:53:00,2026-05-12 02:28:00,26.22,7656,APP
L000989,ST013,U00873,2026-01-09 20:00:00,2026-01-09 20:59:00,113.92,36454,APP
L009508,ST015,U00239,2026-05-05 22:34:00,2026-05-05 23:25:00,91.24,29197,MEMBERSHIP
L010973,ST010,U00806,2026/04/07 19:31:00,2026-04-08 03:01:00,N/A,12565,APP
L003997,ST007,U01433,2026-05-27 10:47:00,2026-05-27 11:12:00,45.16,14451,APP
L002164,ST039,U01990,2026-05-29 06:53:00,2026-05-29 07:26:00,20.09,6971,APP
L001339,ST038,U00077,2026-05-25 08:23:00,2026-05-25 08:49:00,69.27,22166,CARD
L008528,ST023,U02646,2026-01-13 02:50:00,2026-01-13 03:31:00,29.44,9421,CARD
L001522,ST037,U02015,2026-07-22 17:00:00,2026-07-22 17:27:00,38.25,13273,CARD
L004892,ST017,U02560,2026-01-01 07:03:00,2026-01-01 14:35:00,39.18,11441,CARD
L010412,ST001,U00478,2026/07/28 09:44:00,2026-07-28 10:19:00,50.48,19182,APP
L002806,ST032,U02823,2026/02/28 14:22:00,2026-02-28 14:58:00,43.7,16606,CARD
L002855,ST035,U01593,20260403001400,2026-04-03 08:12:00,77.13,19668,APP
L006089,ST031,U02565,2026/04/23 12:41:00,2026-04-23 13:10:00,64.44,24487,CARD
L001325,ST005,U01966,2026/07/20 22:05:00,2026-07-20 22:36:00,63.73,20394,APP
L005108,ST032,U00724,2026-05-24 19:34:00,2026-05-24 20:08:00,33.75,12825,APP
L000351,ST027,U00466,2026-03-28 02:10:00,2026-03-28 09:37:00,42.9,12527,MEMBERSHIP
L005474,ST031,U01908,2026-01-22 01:22:00,2026-01-22 01:54:00,,17928,APP
L006443,ST010,U02156,2026-06-03 07:08:00,2026-06-03 11:20:00,22.25,6497,MEMBERSHIP
L006529,ST034,U02729,2026-03-27 13:22:00,2026-03-27 14:18:00,143.95,54701,MEMBERSHIP
L000138,ST036,U02813,2026-03-26 23:01:00,2026-03-27 03:20:00,26.38,7703,APP
L008298,ST023,U00025,2026-07-26 13:21:00,2026-07-26 13:47:00,19.16,6131,MEMBERSHIP
L006898,ST014,U00844,2026-04-25 14:13:00,2026-04-25 14:43:00,16.02,6088,APP
L004785,ST031,U02457,2026-07-29 17:46:00,2026-07-29 18:10:00,50.3,19114,MEMBERSHIP
L006570,ST035,U02331,2026/03/08 14:33:00,2026-03-08 21:56:00,63.59,16215,APP
L000908,ST034,U00350,2026-02-17 04:01:00,2026-02-17 04:52:00,100.58,38220,CARD
L000946,ST008,U02954,2026-01-03 19:06:00,2026-01-03 22:47:00,22.47,5730,APP
L000999,ST030,U02831,2026-06-18 22:22:00,2026-06-18 23:07:00,128.59,41149,Card
L005478,ST025,U01005,2026-06-16 12:03:00,2026-06-16 16:52:00,28.85,8424,CARD
L007571,ST006,U01759,2026-05-18 13:09:00,2026-05-18 21:02:00,35.29,10305,CARD
L008740,ST016,U01880,2026-02-17 14:08:00,2026-02-17 19:57:00,35.66,9093,MEMBERSHIP
L010858,ST022,U01955,2026-01-02 05:51:00,2026-01-02 06:21:00,49.77,17270,APP
L008806,ST033,U01688,20260421110300,2026-04-21 11:24:00,29.2,9344,membership
L009210,ST018,U02116,2026-07-08 20:55:00,2026-07-09 04:33:00,44.26,12924,MEMBERSHIP
L008306,ST026,U02913,2026-05-07 23:23:00,2026-05-08 00:20:00,158.32,60162,APP
L007235,ST015,U00783,20260715195300,2026-07-15 20:28:00,59.78,19130,MEMBERSHIP
L000830,ST040,U01680,2026-03-01 09:37:00,2026-03-01 12:05:00,N/A,6278,CARD
L005183,ST035,U01490,2026-03-06 20:37:00,2026-03-07 01:51:00,43.1,10990,CARD
L008751,ST003,U00619,2026-03-12 09:29:00,2026-03-12 09:52:00,43.32,13862,APP
L006423,ST028,U00771,2026-02-20 11:25:00,2026-02-20 12:20:00,63.75,20400,CARD
L007641,ST012,U02891,2026-07-04 14:20:00,2026-07-04 15:06:00,27.66,8851,APP
L008992,ST013,U00842,2026-07-03 21:28:00,2026-07-03 22:18:00,106.42,"34,054",CARD
L003087,ST037,U01941,2026-05-06 04:01:00,2026-05-06 04:55:00,80.46,27920,CARD
L001424,ST024,U02762,2026-03-21 14:23:00,2026-03-21 15:04:00,87.28,30286,MEMBERSHIP
L009708,ST033,U02221,2026-05-15 10:37:00,2026-05-15 11:13:00,76.78,24570,CARD
L009206,ST018,U01893,2026-01-24 13:18:00,2026-01-24 19:35:00,39.09,11414,MEMBERSHIP
L004376,ST029,U01668,2026-02-05 11:33:00,2026-02-05 13:43:00,16.08,4695,CARD
L008152,ST010,U01853,2026-03-28 09:56:00,2026-03-28 14:07:00,25.24,7370,APP
L003867,ST027,U00447,2026/07/08 19:34:00,2026-07-08 22:17:00,14.49,4231,MEMBERSHIP
L002466,ST014,U01376,2026-07-26 20:14:00,2026-07-26 20:53:00,22.68,8618,APP
L009850,ST033,U02837,2026/04/11 01:27:00,2026-04-11 00:27:00,65.64,21005,MEMBERSHIP
L001509,ST027,U00754,2026-01-15 15:19:00,2026-01-15 17:33:00,13.91,4062, APP 
L008943,ST004,U01340,2026-07-25 07:57:00,2026-07-25 08:35:00,62.44,19981,CARD
L007293,ST001,U01829,20260624092800,2026-06-24 09:59:00,54.42,20680,CARD
L004699,ST006,U00115,2026-05-01 07:01:00,2026-05-01 11:21:00,20.7,6044,APP
L003153,ST034,U01921,20260216115200,2026-02-16 12:15:00,68.69,26102,MEMBERSHIP
L005262,ST001,U02140,2026-04-21 06:51:00,2026-04-21 07:12:00,34.98,13292,CARD
L005258,ST020,U02597,2026-07-03 03:19:00,2026-07-03 04:11:00,27.34,8749,MEMBERSHIP
L003843,ST039,U01906,2026-02-16 14:25:00,2026-02-16 15:08:00,23.6,8189,MEMBERSHIP
L001102,ST019,U00029,2026-03-15 01:58:00,2026-03-15 02:57:00,121.85,42282,CARD
L011072,ST017,U00332,2026-01-20 23:44:00,2026-01-21 04:20:00,25.44,7428,MEMBERSHIP
L006006,ST009,U01665,2026-02-16 14:37:00,2026-02-16 15:07:00,21.83,7575,MEMBERSHIP
L007408,ST014,U01852,2026-03-02 04:17:00,2026-03-02 04:39:00,10.2,3876,APP
L011709,ST025,U00726,2026-02-03 22:44:00,2026-02-04 01:25:00,11.16,3259,MEMBERSHIP
L010243,ST004,U01265,2026-06-11 16:42:00,2026-06-11 17:42:00,88.91,28451,MEMBERSHIP
L008803,ST021,U01410,2026/06/01 07:35:00,2026-06-01 13:44:00,28.88,8433,MEMBERSHIP
L001259,ST028,U02438,2026-02-19 08:47:00,2026-02-19 09:22:00,43.08,13786,CARD
L005126,ST020,U02173,2026-06-21 02:07:00,2026-06-21 02:37:00,20.43,6538,APP
L001232,ST037,U01527,2026-02-27 22:07:00,2026-02-27 22:47:00,76.92,26691,CARD
L003191,ST040,U01043,2026-05-27 02:15:00,2026-05-27 08:39:00,42.71,12471,CARD
L005716,ST024,U00913,2026-01-19 04:57:00,2026-01-19 05:25:00,63.45,22017,APP
L003282,ST007,U00829,2026-05-14 12:22:00,2026-05-14 13:18:00,79.07,25302,MEMBERSHIP
L000604,ST028,U01290,2026-04-25 15:42:00,2026-04-25 16:07:00,31.6,10112,APP
L004203,ST027,U02679,2026-07-09 12:12:00,2026-07-09 18:50:00,34.63,10112,CARD
L011222,ST031,U01066,2026/02/05 07:46:00,2026-02-05 06:22:00,42.65,16207,CARD
L004616,ST032,U00821,2026-02-07 21:31:00,2026-02-07 22:28:00,78.9,29982,MEMBERSHIP
L010663,ST006,U02685,2026-02-21 07:00:00,2026-02-21 09:01:00,7.98,2330, APP 
L009711,ST001,U00468,2026-06-01 01:00:00,2026-06-01 01:53:00,90.18,34268,CARD
L008413,ST011,U00797,2026-03-25 19:38:00,2026-03-25 20:14:00,71.54,22893,CARD
L011106,ST034,U01692,2026-01-06 17:35:00,2026-01-06 18:31:00,157.11,59702,MEMBERSHIP
L005997,ST012,U01558,2026-06-22 23:04:00,2026-06-22 23:46:00,20.9,,app
L011362,ST027,U02931,20260505092500,2026-05-05 17:25:00,44.97,13131,APP
L000775,ST008,U01291,2026-04-07 19:39:00,2026-04-08 00:07:00,19.96,5090,CARD
L011532,ST015,U01736,2026-03-03 10:10:00,2026-03-03 11:03:00,119.12,"38,118",APP
L005379,ST005,U00339,2026-01-22 22:34:00,2026-01-22 23:15:00,77.81,24899,membership
L000560,ST015,U01885,2026-01-06 00:14:00,2026-01-06 01:04:00,70.51,22563,CARD
L007698,ST019,U02547,2026-07-27 10:28:00,2026-07-27 11:14:00,91.21,31650,MEMBERSHIP
L007412,ST004,U01732,2026-05-26 00:50:00,2026-05-26 01:22:00,46.91,15011,APP
L003672,ST001,U00538,2026-07-22 15:25:00,2026-07-22 15:59:00,68.02,25848,APP
L001124,ST027,U02607,2026-02-11 01:06:00,2026-02-11 07:07:00,34.79,10159,MEMBERSHIP
L011679,ST024,U01222,2026-02-05 01:37:00,2026-02-05 02:27:00,118.31,41054,APP
L001995,ST029,U01566,2026-06-04 03:36:00,2026-06-04 07:12:00,25.31,,MEMBERSHIP
L003615,ST010,U00050,2026-05-19 10:07:00,2026-05-19 12:50:00,16.63,4856,APP
L002597,ST025,U02003,2026-02-24 07:07:00,2026-02-24 10:44:00,17.87,,CARD
L000097,ST040,U00668,2026-06-25 06:11:00,2026-06-25 13:56:00,73.43,21442,MEMBERSHIP
L005413,ST040,U02225,2026-03-30 06:16:00,2026-03-30 09:03:00,21.05,6147,CARD
L009999,ST037,U02400,2026-03-10 11:55:00,2026-03-10 12:17:00,44.94,15594,MEMBERSHIP
L006512,ST012,U00405,20260602115300,2026-06-02 12:35:00,29.48,,MEMBERSHIP
L010562,ST021,U01622,20260119214500,2026-01-20 01:35:00,18.88,5513,CARD
L000896,ST027,U01476,2026/07/22 14:56:00,2026-07-22 17:50:00,17.96,5244,APP
L007464,ST039,U01588,2026-07-16 17:12:00,2026-07-16 17:39:00,17.55,6090,MEMBERSHIP
L003800,ST011,U00417,20260604062600,2026-06-04 07:24:00,87.54,28013,membership
L004569,ST014,U00262,2026-07-28 00:22:00,2026-07-28 00:54:00,21.23,8067,APP
L005330,ST019,U00814,2026-04-23 21:32:00,2026-04-23 21:53:00,41.64,14449,CARD
L009372,ST014,U02571,20260407231800,2026-04-07 23:49:00,18.34,6969,app
L001405,ST005,U00108,2026-01-27 08:39:00,2026-01-27 09:01:00,49.42,15814,CARD
L005191,ST003,U01943,2026-07-27 00:02:00,2026-07-27 00:42:00,80.02,25606,MEMBERSHIP
L011575,ST002,U00706,2026-06-16 10:16:00,2026-06-16 16:28:00,47.02,13730,membership
L009237,ST011,U01312,2026-03-06 11:53:00,2026-03-06 12:41:00,74.5,23840,MEMBERSHIP
L003666,ST011,U02124,2026-01-26 10:06:00,2026-01-26 10:48:00,74.2,23744,APP
L003810,ST001,U02555,2026/06/29 02:18:00,2026-06-29 03:03:00,65.8,25004,APP
L002808,ST019,U00476,2026-06-08 02:59:00,2026-06-08 03:29:00,63.73,22114,app
L002325,ST037,U01465,2026-05-31 10:28:00,2026-05-31 11:25:00,123.18,42743,APP
L003201,ST009,U00925,2026-03-22 22:04:00,2026-03-22 22:50:00,27.82,9654,MEMBERSHIP
L002512,ST010,U00509,2026/05/07 17:19:00,2026-05-07 23:54:00,29.16,8515,CARD
L001678,ST033,U01255,2026-07-05 15:50:00,2026-07-05 16:33:00,80.05,"25,616",Card
L009034,ST028,U00222,2026-01-14 21:55:00,2026-01-14 22:52:00,84.8,27136,MEMBERSHIP
L008368,ST012,U01436,2026-05-02 06:35:00,2026-05-02 07:32:00,29.9,9568,APP
L005298,ST017,U02467,2026-03-01 09:23:00,2026-03-01 17:10:00,47.57,13890,MEMBERSHIP
L003947,ST005,U00487,2026-05-23 08:47:00,2026-05-23 09:13:00,76.61,24515,APP
L011822,ST012,U01006,20260123151200,2026-01-23 16:09:00,37.88,12122,MEMBERSHIP
L002461,ST003,U01098,2026-05-02 12:43:00,2026-05-02 13:29:00,71.85,22992,CARD
L001838,ST037,U00113,2026-01-12 08:52:00,2026-01-12 09:19:00,44.68,15504,CARD
L002364,ST040,U00703,2026-07-03 12:37:00,2026-07-03 16:43:00,2507.0,7320,APP
L002377,ST007,U00255,2026-05-19 19:04:00,2026-05-19 20:04:00,122.38,39162,APP
L007379,ST004,U01820,2026-07-07 05:16:00,2026-07-07 05:44:00,47.42,15174,CARD
L007690,ST007,U00320,2026-07-08 05:50:00,2026-07-08 06:23:00,53.15,17008,APP
L009522,ST026,U00239,2026-01-22 00:34:00,2026-01-22 00:55:00,59.33,22545,CARD
L010739,ST028,U02380,2026-04-11 10:50:00,2026-04-11 11:17:00,36.88,11802,CARD
L011358,ST009,U01557,2026-07-10 16:18:00,2026-07-10 16:59:00,26.29,9123,CARD
L004633,ST007,U01230,2026-01-29 22:58:00,2026-01-29 23:54:00,81.85,26192,MEMBERSHIP
L007593,ST016,U01075,2026-03-11 03:30:00,2026-03-11 11:30:00,49.62,12653,APP
L011849,ST034,U02077,2026-05-14 05:46:00,2026-05-14 06:07:00,43.41,16496,card
L008392,ST014,U02976,2026-01-17 11:22:00,2026-01-17 12:14:00,27.36,10397,APP
L007957,ST021,U02896,2026-05-23 15:04:00,2026-05-23 17:48:00,17.22,,APP
L009394,ST014,U01613,2026-06-10 17:39:00,2026-06-10 18:02:00,12.0,,APP
L001268,ST036,U01873,2026-01-07 03:09:00,2026-01-07 08:25:00,,,CARD
L005346,ST036,U02991,2026-01-08 20:41:00,2026-01-08 23:04:00,16.23,4739,APP
L011977,ST008,U01684,2026-01-08 17:57:00,2026-01-08 23:35:00,26.33,6714,APP
L010582,ST005,U00104,2026-07-03 20:51:00,2026-07-03 21:28:00,99.9,31968,MEMBERSHIP
L003429,ST016,U00831,2026/06/21 03:27:00,2026-06-21 09:27:00,33.36,8507, APP 
L010364,ST012,U02489,2026-05-27 16:20:00,2026-05-27 17:13:00,28.75,9200,CARD
L002596,ST008,U01107,20260227225400,2026-02-28 05:35:00,26.43,6740,APP
L003121,ST017,U00038,2026-06-07 10:13:00,2026-06-07 15:57:00,29.24,8538,APP
L001145,ST020,U02231,2026-01-07 08:51:00,2026-01-07 09:19:00,16.51,5283,APP
L004517,ST023,U02862,2026-05-14 13:02:00,2026-05-14 13:29:00,18.02,5766,MEMBERSHIP
L005582,ST018,U02970,2026-07-09 16:17:00,2026-07-09 23:44:00,29.08,8491,app
L010490,ST024,U00586,2026-02-19 18:51:00,2026-02-19 19:51:00,113.29,39312,CARD
L001898,ST003,U01376,20260401173400,2026-04-01 18:16:00,85.86,27475,CARD
L000469,ST021,U02516,2026-02-23 01:59:00,2026-02-23 07:50:00,31.17,9102,card
L004154,ST016,U00042,2026-04-12 23:40:00,2026-04-13 04:20:00,25.16,6416,CARD
L011435,ST002,U00814,2026-04-14 06:12:00,2026-04-14 12:54:00,44.08,12871,app
L004442,ST035,U02747,2026-04-16 21:36:00,2026-04-17 05:00:00,62.46,15927,card
L011258,ST009,U02483,2026-01-18 16:55:00,2026-01-18 17:27:00,16.48,5719,CARD
L002289,ST032,U00431,2026-05-04 17:34:00,2026-05-04 18:34:00,84.97,32289,APP
L000277,ST009,U01264,2026/04/08 15:49:00,2026-04-08 16:39:00,32.81,-11385,MEMBERSHIP
L009037,ST032,U02628,2026-06-27 23:55:00,2026-06-28 00:47:00,47.72,18134,CARD
L006798,ST036,U02323,2026/06/07 02:45:00,2026-06-07 06:45:00,29.54,8626,APP
L008341,ST014,U02579,2026-06-09 20:25:00,2026-06-09 21:10:00,,8523,CARD
L001222,ST021,U02827,2026-07-14 07:39:00,2026-07-14 10:46:00,17.92,5233,APP
L007808,ST025,U00612,2026-07-28 13:00:00,2026-07-28 18:32:00,29.5,8614,APP
L001717,ST026,U00902,2026/03/28 01:15:00,2026-03-28 01:56:00,117.54,44665,MEMBERSHIP
L007294,ST024,U00480,2026-02-18 12:09:00,2026-02-18 12:36:00,55.82,19370,APP
L008304,ST011,U00860,2026-03-02 08:46:00,2026-03-02 09:25:00,80.64,25805,MEMBERSHIP
L001447,ST035,U00546,2026/01/01 14:18:00,2026-01-01 16:20:00,19.3,4922,CARD
L007122,ST015,U01724,20260122015500,2026-01-22 02:32:00,71.06,22739,APP
L003760,ST015,U02646,2026-04-21 00:10:00,2026-04-21 00:46:00,61.95,19824,MEMBERSHIP
L010559,ST004,U00927,20260410010300,2026-04-10 01:48:00,88.51,28323,MEMBERSHIP
L011950,ST001,U01861,2026-03-05 12:55:00,2026-03-05 13:50:00,111.78,42476,APP
L000542,ST021,U01244,2026/05/06 19:31:00,2026-05-07 03:29:00,38.54,11254,APP
L003240,ST015,U00967,20260107224000,2026-01-07 23:31:00,113.62,36358,APP
L004061,ST005,U01707,2026-02-10 21:05:00,2026-02-10 21:55:00,144.05,46096,MEMBERSHIP
L006633,ST022,U02100,2026-05-24 06:59:00,2026-05-24 07:26:00,39.44,13686,card
L007188,ST017,U01150,2026-03-13 10:56:00,2026-03-13 16:10:00,32.54,9502,MEMBERSHIP
L007033,ST003,U02687,2026-01-23 22:15:00,2026-01-23 23:04:00,78.33,25066,CARD
L007513,ST028,U01548,2026-07-11 13:07:00,2026-07-11 13:37:00,39.18,12538,CARD
L002049,ST005,U00976,20260213144700,2026-02-13 15:41:00,161.56,51699,CARD
L002452,ST037,U02097,2026-04-05 07:34:00,2026-04-05 08:18:00,80.07,27784,CARD
L005243,ST009,U02045,2026-04-25 04:15:00,2026-04-25 04:50:00,24.8,8606,MEMBERSHIP
L005905,ST032,U01900,2026-06-02 15:12:00,2026-06-02 15:34:00,29.71,11290,APP
L011911,ST021,U01519,2026-05-10 18:22:00,2026-05-10 22:14:00,24.16,7055,CARD
L010176,ST034,U00311,2026-06-14 09:18:00,2026-06-14 09:48:00,72.92,27710,APP
L006783,ST020,U00871,2026-03-05 03:32:00,2026-03-05 04:25:00,34.95,11184,MEMBERSHIP
L008759,ST036,U00558,2026-05-20 01:05:00,2026-05-20 08:16:00,67.26,19640,APP
L007192,ST026,U01468,2026-01-17 20:49:00,2026-01-17 21:17:00,53.53,20341,MEMBERSHIP
L005935,ST038,U00045,20260122054700,2026-01-22 06:10:00,57.26,18323,CARD
L004273,ST015,U02080,2026-07-24 21:58:00,2026-07-24 22:19:00,45.79,14653,membership
L003268,ST010,U01973,2026-02-17 17:47:00,2026-02-17 20:16:00,9.63,2812,CARD
L006779,ST029,U02988,2026/05/25 20:43:00,2026-05-26 01:09:00,27.56,8048,APP
L002517,ST031,U02685,2026-07-19 11:51:00,2026-07-19 12:42:00,71.25,27075,CARD
L011677,ST018,U02212,2026/05/31 14:34:00,2026-05-31 16:59:00,11.53,3367,MEMBERSHIP
L009768,ST040,U01025,2026-07-11 19:47:00,2026-07-11 22:37:00,26.57,7758,CARD
L005973,ST016,U01311,2026-06-23 12:11:00,2026-06-23 17:21:00,26.32,6712,APP
L002401,ST034,U00684,20260301010600,2026-03-01 01:47:00,83.58,31760,CARD
L002837,ST014,U02373,2026-01-26 00:08:00,2026-01-26 00:43:00,22.15,8417,CARD
L005626,ST022,U00153,2026-01-29 23:46:00,2026-01-30 00:46:00,114.67,39790,CARD
L008410,ST020,U02509,2026-06-30 18:02:00,2026-06-30 18:34:00,21.84,6989,CARD
L003710,ST001,U01205,2026/03/02 03:26:00,2026-03-02 03:52:00,38.44,14607,MEMBERSHIP
L004950,ST023,U02161,2026-06-11 19:51:00,2026-06-11 20:37:00,22.14,7085,CARD
L001884,ST038,U01961,2026/02/26 18:48:00,2026-02-26 19:20:00,90.42,28934,MEMBERSHIP
L001564,ST020,U00068,2026-07-10 17:01:00,2026-07-10 17:55:00,36.61,11715,CARD
L010798,ST018,U00325,2026-01-13 21:08:00,2026-01-13 23:31:00,10.97,3203,CARD
L000697,ST011,U00284,2026/01/16 18:29:00,2026-01-16 19:14:00,84.62,27078,CARD
L002582,ST034,U02888,2026-02-20 08:38:00,2026-02-20 09:00:00,51.88,19714,APP
L002003,ST011,U01268,2026-01-10 02:02:00,2026-01-10 02:26:00,47.22,, APP 
L003314,ST033,U01514,2026-07-02 17:52:00,2026-07-02 18:50:00,88.67,28374,APP
L008807,ST030,U00663,2026-05-20 09:08:00,2026-05-20 09:59:00,141.66,45331,CARD
L005530,ST027,U01650,2026-01-25 20:03:00,2026-01-26 00:51:00,23.0,6716,APP
L002917,ST015,U01097,2026-04-11 20:58:00,2026-04-11 21:36:00,67.25,21520,CARD
L011980,ST033,U00104,2026-05-25 18:04:00,2026-05-25 18:26:00,35.76,11443,CARD
L003844,ST017,U01974,20260630165800,2026-06-30 19:36:00,14.44,4216,APP
L008904,ST035,U00542,2026-05-23 15:05:00,2026-05-23 18:26:00,29.28,7466,MEMBERSHIP
L010276,ST024,U02088,2026-05-24 01:58:00,2026-05-24 02:27:00,82.01,28457,CARD
L010281,ST010,U01439,2026-05-14 11:55:00,2026-05-14 15:21:00,15.7,4584,APP
L003487,ST005,U00377,2026-06-06 22:58:00,2026-06-06 23:37:00,79.4,25408,MEMBERSHIP
L006586,ST012,U01000,2026-06-06 14:57:00,2026-06-06 15:18:00,13.4,4288,APP
L010990,ST001,U01222,2026/04/11 20:46:00,2026-04-11 21:24:00,65.98,25072,APP
L009347,ST039,U02551,2026-01-15 10:03:00,2026-01-15 11:00:00,35.66,12374,CARD
L004695,ST012,U01556,2026/07/08 00:10:00,2026-07-08 00:39:00,19.84,6349,CARD
L010162,ST008,U00117,2026-04-21 09:31:00,2026-04-21 14:17:00,27.15,6923,APP
L008600,ST012,U02440,2026-07-26 21:04:00,2026-07-26 22:04:00,33.9,10848,APP
L007753,ST014,U01274,20260404060800,2026-04-04 06:39:00,20.61,7832,CARD
L011768,ST031,U00005,2026-04-04 02:17:00,2026-04-04 03:02:00,69.51,26414,MEMBERSHIP
L007010,ST019,U00877,2026-07-20 05:47:00,2026-07-20 06:15:00,69.13,23988,MEMBERSHIP
L011868,ST001,U01171,2026-05-03 00:20:00,2026-05-03 01:16:00,85.34,32429,MEMBERSHIP
L007084,ST039,U00774,2026/04/30 21:08:00,2026-04-30 22:07:00,33.62,11666,APP
L006705,ST019,U01128,2026-03-25 14:13:00,2026-03-25 14:38:00,6770.0,23492,MEMBERSHIP
L004395,ST011,U00126,2026-07-27 02:56:00,2026-07-27 03:53:00,,40906,APP
L001622,ST025,U00877,2026-05-25 13:04:00,2026-05-25 20:43:00,38.69,11297,CARD
L001605,ST025,U00724,2026-04-15 11:11:00,2026-04-15 14:33:00,13.82,4035,APP
L004157,ST018,U00039,2026-02-19 08:06:00,2026-02-19 11:32:00,17.49,5107,MEMBERSHIP
L006052,ST026,U02381,2026/03/04 00:37:00,2026-03-04 01:19:00,113.35,43073,APP
L009476,ST030,U02495,2026-03-05 11:01:00,2026-03-05 11:46:00,102.55,32816,MEMBERSHIP
L002053,ST031,U01169,2026-02-16 04:10:00,2026-02-16 04:34:00,42.4,16112,MEMBERSHIP
L007993,ST030,U00319,2026-03-29 12:51:00,2026-03-29 13:25:00,72.77,"23,286",APP
L009984,ST038,U00078,2026-02-27 21:18:00,2026-02-27 21:50:00,81.49,26077,MEMBERSHIP
L008450,ST026,U02733,20260324132800,2026-03-24 13:54:00,65.39,24848,CARD
L006433,ST029,U01841,2026-01-31 05:45:00,2026-01-31 09:42:00,34.73,10141, APP 
L005868,ST024,U02443,2026-07-22 18:55:00,2026-07-22 19:43:00,96.04,33326,MEMBERSHIP
L000411,ST039,U02287,2026/05/16 23:35:00,2026-05-17 00:30:00,32.85,11399,MEMBERSHIP
L001987,ST005,U00967,2026/02/27 03:13:00,2026-02-27 03:43:00,79.6,25472,CARD
L003392,ST016,U01970,2026-06-21 22:48:00,2026-06-22 02:14:00,13.72,3499,MEMBERSHIP
L005033,ST032,U02154,2026-02-13 00:00:00,2026-02-13 00:26:00,34.95,13281,MEMBERSHIP
L009368,ST030,U01353,2026/06/22 23:05:00,2026-06-22 23:50:00,116.92,37414,APP
L004283,ST035,U00934,2026-02-22 19:27:00,2026-02-22 21:27:00,14.86,3789,card
L008475,ST011,U01656,2026-05-03 16:54:00,2026-05-03 17:51:00,113.99,36477,CARD
L007236,ST040,U01120,2026-01-07 20:36:00,2026-01-07 23:10:00,20.45,5971,CARD
L006891,ST006,U00206,2026-02-03 02:17:00,2026-02-03 04:22:00,12.15,3548,app
L004294,ST020,U00170,2026/06/25 14:35:00,2026-06-25 14:59:00,12.8,4096,CARD
L009729,ST003,U01896,2026-04-26 02:58:00,2026-04-26 03:58:00,111.1,35552,APP
L005736,ST002,U00515,2026-01-02 13:56:00,2026-01-02 21:37:00,63.25,18469,card
L007476,ST008,U01193,2026-07-01 09:33:00,2026-07-01 13:25:00,19.21,4899,APP
L003388,ST026,U02815,2026-02-21 02:53:00,2026-02-21 03:43:00,-,38505,MEMBERSHIP
L003699,ST032,U00032,2026-02-13 14:34:00,2026-02-13 15:28:00,69.24,26311,MEMBERSHIP
L009114,ST025,U00582,2026-02-04 01:21:00,2026-02-04 04:48:00,18.58,5425,APP
L002777,ST011,U00151,2026-05-08 21:38:00,2026-05-08 22:23:00,89.57,28662,APP
L010542,ST023,U00030,2026-03-19 05:03:00,2026-03-19 05:48:00,27.07,8662,CARD
L005351,ST016,U02750,2026-05-06 11:15:00,2026-05-06 14:23:00,14.37,3664,CARD
L000870,ST015,U00879,2026-05-07 13:42:00,2026-05-07 14:11:00,56.96,,MEMBERSHIP
L006829,ST039,U00294,20260329212800,2026-03-29 22:21:00,26.42,,CARD
L009525,ST039,U01159,2026-07-21 21:00:00,2026-07-21 21:56:00,41.34,14345,MEMBERSHIP
L006408,ST030,U00876,2026-03-12 16:52:00,2026-03-12 17:20:00,54.07,17302,CARD
L004316,ST012,U01780,2026-03-03 17:41:00,2026-03-03 18:25:00,30.14,9645,APP
L008564,ST012,U02321,2026-01-25 23:16:00,2026-01-26 00:01:00,25.34,8109,APP
L004842,ST016,U02281,2026-01-14 23:22:00,2026-01-15 04:21:00,24.25,6184,card
L010838,ST031,U02001,2026-07-09 23:45:00,2026-07-10 00:30:00,70.44,26767,MEMBERSHIP
L008053,ST026,U01653,2026-03-21 10:06:00,2026-03-21 10:30:00,46.43,17643,CARD
L011500,ST026,U02998,2026-01-27 17:13:00,2026-01-27 17:56:00,83.29,31650,MEMBERSHIP
L002127,ST040,U01917,2026-04-12 03:58:00,2026-04-12 06:17:00,19.36,5653,card
L001181,ST005,U02261,2026-06-17 08:38:00,2026-06-17 09:29:00,123.6,39552,APP
L009456,ST037,U00819,2026-05-01 17:32:00,2026-05-01 18:00:00,41.56,14421,CARD
L000311,ST019,U02847,2026-02-10 00:35:00,2026-02-10 01:26:00,95.45,33121,MEMBERSHIP
L011997,ST015,U01651,20260207032800,2026-02-07 04:08:00,68.19,21821,APP
L009319,ST015,U00467,2026-01-31 15:01:00,2026-01-31 15:33:00,46.23,14794,CARD
L002946,ST028,U02285,2026-05-12 19:56:00,2026-05-12 20:23:00,37.54,12013,APP
L000204,ST040,U01677,2026-02-02 23:52:00,2026-02-03 03:20:00,33.88,9893,APP
L002925,ST029,U00946,2026-02-23 02:15:00,2026-02-23 09:56:00,61.67,18008,APP
L001202,ST023,U01631,2026-02-13 23:10:00,2026-02-13 23:35:00,11.83,3786,MEMBERSHIP
L005406,ST037,U02408,2026-04-03 02:22:00,2026-04-03 02:44:00,44.73,15521,CARD
L003243,ST018,U00239,2026/05/20 05:02:00,2026-05-20 11:18:00,27.94,8158,MEMBERSHIP
L011789,ST029,U00076,2026-06-26 18:56:00,2026-06-26 23:01:00,29.43,8594,APP
L002434,ST036,U02234,2026-04-30 20:59:00,2026-05-01 01:19:00,34.24,9998,CARD
L008373,ST002,U01535,2026-03-25 06:37:00,2026-03-25 13:49:00,66.94,19546,CARD
L000104,ST030,U01492,2026-07-22 12:08:00,2026-07-22 12:35:00,62.55,20016,MEMBERSHIP
L010569,ST020,U01447,20260212195400,2026-02-12 20:41:00,21.75,6960,MEMBERSHIP
L005584,ST008,U02376,2026-05-27 01:03:00,2026-05-27 06:07:00,31.53,8040,CARD
L007969,ST015,U00614,2026-06-19 07:08:00,2026-06-19 08:00:00,98.54,31533,CARD
L004153,ST005,U01324,2026/05/09 02:23:00,2026-05-09 03:17:00,154.57,49462,APP
L008021,ST033,U01290,2026/05/16 18:46:00,2026-05-16 19:23:00,80.42,25734,CARD
L011536,ST006,U02386,2026-02-04 23:24:00,2026-02-05 04:15:00,26.69,7793,card
L007271,ST011,U00215,2026-04-23 09:05:00,2026-04-23 09:53:00,8784.0,28109,MEMBERSHIP
L003410,ST027,U00533,2026-01-14 08:24:00,2026-01-14 16:11:00,47.26,13800,MEMBERSHIP
L004887,ST030,U02599,20260603151000,2026-06-03 15:31:00,50.23,16074,APP
L007212,ST009,U02853,2026-06-16 17:18:00,2026-06-16 17:54:00,21.59,7492,APP
L008530,ST025,U02447,2026-03-10 07:47:00,2026-03-10 11:39:00,15.52,4532,MEMBERSHIP
L006278,ST032,U01177,2026/03/19 22:28:00,2026-03-19 23:15:00,52.42,19920,APP
L000013,ST029,U00895,2026-07-18 23:50:00,2026-07-19 03:18:00,28.95,8453,MEMBERSHIP
L008730,ST033,U02836,2026-04-26 08:07:00,2026-04-26 08:34:00,57.67,18454,CARD
L011170,ST007,U01166,2026-02-18 09:28:00,2026-02-18 10:02:00,58.85,18832,CARD
L007809,ST022,U00541,2026-07-23 05:29:00,2026-07-23 05:57:00,57.98,20119,CARD
L010840,ST021,U02953,2026-02-13 13:42:00,2026-02-13 18:58:00,23.98,7002,card
L003377,ST008,U02081,2026-06-23 13:48:00,2026-06-23 17:58:00,19.67,5016,APP
L005407,ST016,U00243,2026-03-06 19:57:00,2026-03-07 00:09:00,25.23,6434,CARD
L006910,ST021,U01163,2026-07-25 08:14:00,2026-07-25 12:12:00,24.21,7069,APP
L005803,ST023,U01485,2026-05-13 07:24:00,2026-05-13 07:56:00,17.78,5690,CARD
L002273,ST021,U01125,2026/07/05 08:17:00,2026-07-05 12:29:00,18.58,5425,APP
L005114,ST036,U01670,2026/02/27 04:16:00,2026-02-27 08:25:00,N/A,7864,APP
L005477,ST012,U01717,2026-02-15 16:59:00,2026-02-15 17:56:00,38.78,12410,CARD
L003751,ST026,U00877,2026-03-19 06:18:00,2026-03-19 06:51:00,73.81,28048,Card
L003433,ST034,U01397,2026-07-23 23:11:00,2026-07-23 23:58:00,107.14,40713,MEMBERSHIP
L011581,ST022,U01952,2026-01-04 11:21:00,2026-01-04 11:47:00,41.14,14276,MEMBERSHIP
L011989,ST002,U00092,20260515132700,2026-05-15 17:19:00,35.12,10255,MEMBERSHIP
L000227,ST005,U01120,2026-04-07 20:15:00,2026-04-07 21:13:00,155.48,49754,CARD
L011480,ST008,U01218,2026-07-12 15:06:00,2026-07-12 18:12:00,13.93,3552,APP
L004330,ST028,U01446,2026-02-18 19:53:00,2026-02-18 20:28:00,46.77,14966,APP
L003380,ST012,U02560,2026/07/29 22:42:00,2026-07-29 23:05:00,10.89,3485,MEMBERSHIP
L009565,ST033,U00049,2026-05-15 03:31:00,2026-05-15 04:13:00,58.44,18701, APP 
L011914,ST032,U00061,2026-07-27 14:58:00,2026-07-27 15:24:00,25.86,9827,CARD
L010943,ST007,U00622,2026-06-09 10:53:00,2026-06-09 11:22:00,46.97,15030,MEMBERSHIP
L011483,ST002,U02311,2026-03-14 15:43:00,2026-03-14 22:48:00,66.08,19295,CARD
L002943,ST017,U02060,20260106215100,2026-01-07 00:34:00,14.51,4237,APP
L010597,ST025,U02223,2026-06-19 04:45:00,2026-06-19 11:29:00,42.26,12340,CARD
L009716,ST012,U01681,2026-07-19 03:49:00,2026-07-19 04:15:00,13.2,4224,CARD
L006309,ST006,U02979,2026-03-13 06:59:00,2026-03-13 13:57:00,41.27,12051,APP
L003572,ST011,U02576,2026-04-09 01:08:00,2026-04-09 01:34:00,39.96,12787, APP 
L002514,ST008,U00327,2026-05-05 20:09:00,2026-05-06 02:02:00,35.25,8989,CARD
L005482,ST001,U01189,2026-07-25 10:28:00,2026-07-25 11:04:00,79.18,30088,CARD
L007242,ST022,U02212,2026-07-20 06:10:00,2026-07-20 06:54:00,90.81,31511,APP
L000938,ST036,U01990,2026/03/06 20:40:00,2026-03-07 01:18:00,45.43,13266,membership
L010087,ST011,U02176,2026-03-13 12:52:00,2026-03-13 13:33:00,67.79,21693,CARD
L002044,ST005,U00561,2026-07-27 13:40:00,2026-07-27 14:34:00,136.78,43770,MEMBERSHIP
L003408,ST011,U01153,2026/04/08 09:34:00,2026-04-08 10:04:00,54.46,,APP
L005585,ST015,U01212,2026-04-13 16:07:00,2026-04-13 16:55:00,96.25,30800,CARD
L010035,ST001,U02531,2026-02-24 14:05:00,2026-02-24 14:59:00,75.09,28534,membership
L011859,ST004,U01225,2026-04-26 21:18:00,2026-04-26 21:46:00,48.57,15542,MEMBERSHIP
L008436,ST038,U00602,20260515010900,2026-05-15 02:01:00,141.96,45427,APP
L008031,ST002,U00972,2026-03-06 04:51:00,2026-03-06 12:45:00,69.0,20148,CARD
L001497,ST033,U00241,2026-04-13 20:29:00,2026-04-13 20:56:00,48.62,15558,CARD
L004299,ST011,U02591,2026-02-02 15:59:00,2026-02-02 16:38:00,56.59,18109,MEMBERSHIP
L006465,ST026,U00675,2026/03/09 05:20:00,2026-03-09 05:43:00,54.38,20664,CARD
L005200,ST039,U01531,2026-05-16 07:45:00,2026-05-16 08:25:00,28.6,9924,MEMBERSHIP
L006347,ST008,U02210,2026-07-02 13:13:00,2026-07-02 15:15:00,10.16,2591,MEMBERSHIP
L008124,ST040,U00762,2026-05-11 23:25:00,2026-05-12 05:22:00,40.44,11808,APP
L011245,ST037,U01004,20260218090600,2026-02-18 09:47:00,57.67,20011,MEMBERSHIP
L007898,ST005,U01182,2026-04-12 08:11:00,2026-04-12 08:49:00,72.05,23056,CARD
L007498,ST039,U01282,2026-03-09 15:26:00,2026-03-09 16:15:00,28.49,9886,APP
L009743,ST036,U01079,2026-06-22 00:31:00,2026-06-22 06:10:00,44.67,13044,APP
L004264,ST023,U02785,2026-03-07 00:00:00,2026-03-07 00:29:00,14.11,4515,MEMBERSHIP
L010410,ST031,U00924,2026-03-13 19:11:00,2026-03-13 19:41:00,50.38,19144,APP
L011486,ST002,U01886,2026-02-19 13:09:00,2026-02-19 18:17:00,40.16,11727,APP
L002055,ST021,U02277,2026-05-17 04:10:00,2026-05-17 07:21:00,13.64,3983,MEMBERSHIP
L002420,ST038,U01915,2026-03-09 13:19:00,2026-03-09 14:13:00,158.88,50842,CARD
L007178,ST027,U00187,20260521165600,2026-05-21 22:41:00,29.69,8669,MEMBERSHIP
L007100,ST038,U01898,2026-02-09 06:13:00,2026-02-09 06:43:00,81.08,25946,APP
L000130,ST016,U01923,2026-02-06 16:13:00,2026-02-07 00:11:00,32.29,8234,CARD
L002094,ST008,U01917,2026-06-06 19:36:00,2026-06-06 23:31:00,17.55,4475,MEMBERSHIP
L002981,ST029,U02757,20260503120000,2026-05-03 16:34:00,34.07,9948,CARD
L000501,ST022,U00184,2026-04-03 00:08:00,2026-04-03 01:08:00,95.66,33194,CARD
L008038,ST023,U02141,2026/06/21 06:11:00,2026-06-21 04:44:00,,9344,MEMBERSHIP
L004246,ST019,U02617,2026-04-01 09:23:00,2026-04-01 09:56:00,75.13,26070,APP
L005823,ST018,U00958,2026-04-21 00:51:00,2026-04-21 03:01:00,12.18,3557,APP
L010998,ST039,U02015,2026-02-05 14:47:00,2026-02-05 15:21:00,20.44,7093,MEMBERSHIP
L003695,ST012,U02296,2026-07-08 18:14:00,2026-07-08 19:06:00,34.9,11168,APP
L004761,ST037,U02846,2026/01/22 08:36:00,2026-01-22 09:27:00,99.44,34506,APP
L011686,ST027,U00767,2026-02-12 10:57:00,2026-02-12 13:36:00,12.97,3787,app
L008793,ST027,U00355,2026-04-22 09:47:00,2026-04-22 17:20:00,44.02,12854,APP
L006875,ST038,U02276,2026-07-26 21:12:00,2026-07-26 22:10:00,133.42,42694,MEMBERSHIP
L009186,ST009,U02235,2026-05-02 16:17:00,2026-05-02 17:11:00,36.06,12513,APP
L001172,ST040,U02488,2026-04-08 05:55:00,2026-04-08 13:27:00,55.34,16159,MEMBERSHIP
L002648,ST008,U00402,2026-01-04 09:43:00,2026-01-04 12:19:00,13.06,3330,APP
L001576,ST017,U00158,2026-06-02 00:09:00,2026-06-02 03:14:00,18.7,5460,APP
L011194,ST038,U01675,2026-07-10 15:36:00,2026-07-10 16:36:00,158.97,50870,CARD
L002739,ST022,U01124,2026-05-15 07:03:00,2026-05-15 07:37:00,49.79,17277,CARD
L004526,ST027,U00494,2026-07-16 03:38:00,2026-07-16 07:21:00,N/A,5092,MEMBERSHIP
L002636,ST035,U02317,2026-04-25 06:58:00,2026-04-25 14:56:00,69.49,17720,APP
L011528,ST002,U01905,20260712190400,2026-07-13 01:07:00,41.65,12162,APP
L000136,ST029,U00512,20260116202400,2026-01-16 23:55:00,27.05,7899,CARD
L006848,ST020,U00775,2026-01-19 22:53:00,2026-01-19 23:28:00,22.92,7334,MEMBERSHIP
L002361,ST021,U00723,2026-03-17 09:49:00,2026-03-17 15:59:00,29.48,8608,MEMBERSHIP
L001252,ST018,U00373,2026-01-19 12:05:00,2026-01-19 17:22:00,25.87,7554,MEMBERSHIP
L003086,ST005,U02563,2026-01-17 23:19:00,2026-01-17 23:49:00,73.63,23562,MEMBERSHIP
L010571,ST038,U00189,20260312023200,2026-03-12 03:07:00,74.82,23942,APP
L009929,ST021,U02023,2026-05-16 14:24:00,2026-05-16 19:18:00,20.94,6114,APP
L001776,ST004,U02568,2026-01-25 06:56:00,2026-01-25 07:37:00,63.88,20442,CARD
L002334,ST023,U02879,2026-06-02 03:32:00,2026-06-02 04:31:00,38.03,,APP
L006484,ST024,U02797,2026-01-05 08:01:00,2026-01-05 08:58:00,125.02,43382,Card
L005078,ST016,U01122,2026-06-06 06:17:00,2026-06-06 11:59:00,33.2,8466,CARD
L009300,ST027,U02914,2026-03-14 05:22:00,2026-03-14 12:45:00,44.24,12918,CARD
L000902,ST015,U00330,2026-06-07 01:31:00,2026-06-07 02:22:00,72.21,23107,APP
L005208,ST027,U00119,20260212121400,2026-02-12 19:40:00,39.97,11671,MEMBERSHIP
L001810,ST038,U02513,2026-02-19 10:16:00,2026-02-19 10:58:00,93.46,29907,MEMBERSHIP
L008184,ST035,U00993,2026-02-11 01:43:00,2026-02-11 08:29:00,60.86,15519,MEMBERSHIP
L002937,ST006,U01454,2026-01-13 09:42:00,2026-01-13 14:31:00,26.73,-7805,APP
L004613,ST002,U02779,2026-06-10 07:31:00,2026-06-10 13:37:00,56.66,16545,MEMBERSHIP
L008582,ST004,U01434,2026-04-27 14:38:00,2026-04-27 15:28:00,108.27,34646,APP
L007860,ST027,U00043,20260629091000,2026-06-29 14:52:00,26.25,7665,APP
L011795,ST025,U01936,2026-02-14 11:12:00,2026-02-14 17:08:00,25.26,7376,MEMBERSHIP
L009703,ST038,U01316,2026-04-18 10:58:00,2026-04-18 11:24:00,55.72,17830,APP
L009477,ST025,U02807,2026-05-25 09:53:00,2026-05-25 16:22:00,32.39,9458,MEMBERSHIP
L001236,ST001,U01798,2026/03/16 06:08:00,2026-03-16 06:28:00,32.65,12407, APP 
L004682,ST012,U02385,2026-03-29 23:58:00,2026-03-30 00:31:00,23.89,,APP
L006883,ST900,U01059,2026-05-20 05:18:00,2026-05-20 05:58:00,57.28,21766,APP
L007217,ST007,U00358,2026-04-14 20:13:00,2026-04-14 20:38:00,52.09,16669,MEMBERSHIP
L003865,ST032,U01739,2026-04-24 03:40:00,2026-04-24 04:20:00,47.86,18187,Card
L011593,ST031,U00171,2026-07-02 15:30:00,2026-07-02 16:18:00,69.71,"26,490",MEMBERSHIP
L006018,ST013,U02030,2026-02-06 02:55:00,2026-02-06 03:25:00,80.06,25619,MEMBERSHIP
L008758,ST002,U01584,2026-07-09 12:57:00,2026-07-09 16:56:00,29.82,8707,CARD
L009062,ST025,U02817,2026-02-12 09:28:00,2026-02-12 12:51:00,13.73,4009,CARD
L001385,ST014,U00124,2026-02-23 22:28:00,2026-02-23 23:03:00,20.78,7896,APP
L010560,ST026,U00125,2026-04-09 00:50:00,2026-04-09 01:16:00,69.83,26535,CARD
L009613,ST023,U02591,2026-04-16 01:46:00,2026-04-16 02:36:00,33.71,10787,CARD
L011077,ST017,U00932,2026-05-03 16:11:00,2026-05-03 19:43:00,18.97,5539,MEMBERSHIP
L011966,ST013,U02310,2026/03/07 17:11:00,2026-03-07 17:49:00,82.6,26432,CARD
L009094,ST020,U00077,2026/01/05 07:00:00,2026-01-05 07:23:00,13.04,4173,APP
L006716,ST040,U02596,2026-01-02 09:33:00,2026-01-02 17:29:00,77.19,22539,APP
L009745,ST038,U00355,2026-02-23 00:38:00,2026-02-23 01:00:00,64.97,20790,APP
L008263,ST006,U02289,2026-05-18 14:33:00,2026-05-18 19:33:00,27.84,8129,CARD
L006426,ST001,U00518,20260209234800,2026-02-10 00:45:00,85.91,32646,MEMBERSHIP
L006787,ST024,U01365,2026-06-17 18:56:00,2026-06-17 19:48:00,146.9,50974,MEMBERSHIP
L011338,ST010,U00205,2026-03-10 05:37:00,2026-03-10 13:00:00,30.22,8824, APP 
L000217,ST029,U01679,2026/06/30 23:02:00,2026-07-01 03:36:00,36.88,10769,CARD
L004540,ST021,U01044,2026-01-01 12:37:00,2026-01-01 19:47:00,28.91,8442,MEMBERSHIP
L002744,ST037,U00482,2026-01-03 06:49:00,2026-01-03 07:33:00,93.94,32597,APP
L011503,ST040,U01280,2026-03-02 01:32:00,2026-03-02 06:55:00,46.12,13467,APP
L002769,ST030,U01674,2026-01-26 09:39:00,2026-01-26 10:28:00,97.0,31040,APP
L002446,ST009,U00437,2026-02-11 15:00:00,2026-02-11 15:53:00,25.17,8734,MEMBERSHIP
L010574,ST027,U01943,2026/06/21 22:47:00,2026-06-22 01:44:00,16.63,4856,CARD
L001352,ST039,U00260,2026/02/24 09:46:00,2026-02-24 10:34:00,32.91,11420,MEMBERSHIP
L000500,ST025,U01110,2026-07-08 04:06:00,2026-07-08 08:51:00,25.91,7566,MEMBERSHIP
L009952,ST031,U02230,20260702231800,2026-07-02 23:43:00,49.39,18768,APP
L003104,ST019,U00068,2026-02-21 10:52:00,2026-02-21 11:26:00,92.68,,APP
L001039,ST009,U01305,2026-07-08 20:14:00,2026-07-08 21:05:00,30.46,10570,MEMBERSHIP
L004679,ST020,U00540,2026-03-22 17:46:00,2026-03-22 18:26:00,20.68,6618,MEMBERSHIP
L006629,ST004,U02923,2026-01-02 07:49:00,2026-01-02 08:21:00,63.5,20320,CARD
L011349,ST030,U02962,2026-04-05 15:30:00,2026-04-05 16:05:00,73.39,23485,app
L003457,ST019,U00565,2026-07-10 19:49:00,2026-07-10 20:20:00,80.65,27986,CARD
L010484,ST005,U02711,2026-02-28 15:44:00,2026-02-28 16:11:00,77.83,24906, APP 
L011397,ST033,U01461,2026-06-16 10:05:00,2026-06-16 10:35:00,62.68,,MEMBERSHIP
L000004,ST002,U01202,2026-07-02 13:19:00,2026-07-02 17:42:00,34.86,10179,MEMBERSHIP
L006658,ST032,U02357,20260502041400,2026-05-02 04:58:00,63.1,23978,MEMBERSHIP
L010485,ST024,U01521,20260530084100,2026-05-30 09:29:00,106.88,,CARD
L010357,ST007,U02037,2026-02-24 17:51:00,2026-02-24 18:28:00,76.74,24557,APP
L009254,ST030,U02603,2026-07-25 21:11:00,2026-07-25 21:53:00,93.29,29853,APP
L004311,ST016,U01096,2026-06-27 20:04:00,2026-06-28 03:07:00,33.24,8476,app
L001532,ST014,U01710,2026-07-09 22:29:00,2026-07-09 23:20:00,37.79,14360,MEMBERSHIP
L008093,ST030,U02131,2026-06-20 07:56:00,2026-06-20 08:29:00,69.7,22304,APP
L000695,ST020,U00639,2026-05-18 02:49:00,2026-05-18 03:36:00,31.91,10211,CARD
L009631,ST034,U01729,2026/02/05 00:27:00,2026-02-05 00:54:00,73.2,27816,APP
L001207,ST028,U01218,2026-05-15 04:09:00,2026-05-15 05:08:00,84.18,26938,app
L007908,ST014,U00400,2026-05-31 19:00:00,2026-05-31 19:33:00,22.99,8736,MEMBERSHIP
L007696,ST019,U00398,20260718120300,2026-07-18 12:51:00,102.68,35630,APP
L001077,ST025,U01614,2026/06/01 11:37:00,2026-06-01 19:19:00,30.32,8853,APP
L007407,ST003,U00532,2026-01-13 11:35:00,2026-01-13 12:09:00,52.69,16861,app
L007419,ST028,U01940,20260209112500,2026-02-09 12:15:00,64.03,, APP 
L010024,ST024,U02124,2026-02-11 16:47:00,2026-02-11 17:19:00,86.12,29884,APP
L002990,ST015,U00023,2026-06-17 20:28:00,2026-06-17 20:49:00,37.98,12154,MEMBERSHIP
L005020,ST004,U01196,2026-04-18 11:21:00,2026-04-18 12:01:00,86.2,27584,MEMBERSHIP
L007160,ST017,U00408,2026/01/13 20:24:00,2026-01-14 03:52:00,31.2,9110,CARD
L008656,ST029,U01933,2026/01/08 01:03:00,2026-01-08 04:01:00,23.19,6771,CARD
L003402,ST034,U00603,2026-06-16 23:49:00,2026-06-17 00:16:00,71.8,27284,MEMBERSHIP
L010854,ST038,U02052,2026-05-19 09:51:00,2026-05-19 10:12:00,42.43,13578,app
L001891,ST020,U00852,2026/06/21 14:34:00,2026-06-21 15:08:00,21.22,6790,CARD
L005298,ST017,U02467,2026-03-01 09:23:00,2026-03-01 17:10:00,47.57,13890,MEMBERSHIP
L002737,ST027,U00768,2026-01-19 22:59:00,2026-01-20 03:07:00,16.12,4707,CARD
L011288,ST034,U01787,2026-03-09 08:07:00,2026-03-09 08:43:00,106.86,40607,MEMBERSHIP
L008386,ST021,U00939,2026-07-08 00:44:00,2026-07-08 04:13:00,21.08,6155,card
L001802,ST001,U01487,2026-05-30 02:02:00,2026-05-30 02:37:00,74.81,28428,CARD
L008075,ST023,U02702,2026-03-04 02:16:00,2026-03-04 03:07:00,26.83,8586,MEMBERSHIP
L007068,ST037,U00036,2026-02-24 13:34:00,2026-02-24 14:21:00,66.67,23134,APP
L008985,ST001,U02569,2026-02-06 02:24:00,2026-02-06 02:45:00,42.87,16291,CARD
L011853,ST008,U02214,2026-05-07 15:41:00,2026-05-07 20:42:00,25.23,6434,APP
L009656,ST004,U00016,2026-06-06 13:52:00,2026-06-06 14:34:00,72.05,23056,APP
L004275,ST007,U00679,20260109114700,2026-01-09 12:08:00,39.37,12598,APP
L003089,ST013,U01696,2026-01-03 02:20:00,2026-01-03 02:57:00,92.17,29494,CARD
L007005,ST018,U00016,2026-06-29 06:43:00,2026-06-29 13:50:00,42.36,12369,card
L007784,ST012,U01307,2026/03/18 19:38:00,2026-03-18 20:24:00,30.78,9850,MEMBERSHIP
L005918,ST037,U01540,2026-07-21 20:50:00,2026-07-21 21:17:00,56.79,19706,CARD
L002559,ST014,U01704,2026-01-07 21:26:00,2026-01-07 21:51:00,17.43,6623,APP
L005214,ST030,U01565,2026-06-25 01:24:00,2026-06-25 02:08:00,84.98,27194,APP
L007632,ST009,U02716,2026-05-15 18:41:00,2026-05-15 19:07:00,18.58,6447,MEMBERSHIP
L002456,ST003,U01868,2026-03-30 03:35:00,2026-03-30 03:56:00,41.39,13245,APP
L008231,ST013,U02288,2026-05-08 12:09:00,2026-05-08 12:56:00,123.79,-39613,MEMBERSHIP
L005399,ST017,U02452,2026-05-06 17:36:00,2026-05-06 22:13:00,20.35,,APP
L010920,ST036,U01202,2026-06-10 02:37:00,2026-06-10 06:20:00,35.3,10308,APP
L003380,ST012,U02560,2026/07/29 22:42:00,2026-07-29 23:05:00,10.89,3485,MEMBERSHIP
L003372,ST033,U00473,2026-07-14 17:27:00,2026-07-14 17:49:00,47.72,15270,MEMBERSHIP
L010668,ST024,U01611,2026-07-16 21:15:00,2026-07-16 21:39:00,67.2,23318,MEMBERSHIP
L004078,ST009,U02588,2026-06-08 12:36:00,2026-06-08 13:08:00,16.75,5812,MEMBERSHIP
L005420,ST033,U00310,2026/04/11 03:49:00,2026-04-11 04:36:00,90.89,29085,MEMBERSHIP
L003694,ST038,U02410,2026-07-10 23:23:00,2026-07-10 23:50:00,54.53,17450,CARD
L000930,ST016,U02232,20260104203800,2026-01-04 23:29:00,17.69,4511,MEMBERSHIP
L001524,ST036,U00512,2026-02-01 21:19:00,2026-02-02 04:13:00,49.1,14337,CARD
L011595,ST029,U01763,2026-07-03 07:12:00,2026-07-03 13:39:00,48.76,14238,MEMBERSHIP
L011361,ST029,U01629,2026-03-10 16:13:00,2026-03-10 23:50:00,67.49,19707,APP
L010059,ST003,U02645,2026/05/09 03:28:00,2026-05-09 04:12:00,63.2,20224,MEMBERSHIP
L002350,ST011,U02195,20260106031600,2026-01-06 03:45:00,51.8,16576,APP
L005072,ST031,U01166,2026/03/12 04:45:00,2026-03-12 05:27:00,71.6,27208,CARD
L003931,ST016,U01101,2026-05-06 16:42:00,2026-05-06 20:29:00,19.34,4932,MEMBERSHIP
L009982,ST028,U00698,2026-02-27 08:05:00,2026-02-27 09:02:00,64.91,,CARD
L000749,ST014,U02346,2026-07-03 18:11:00,2026-07-03 18:58:00,22.43,8523,APP
L002790,ST037,U02163,2026-01-23 03:31:00,2026-01-23 04:12:00,78.03,27076,CARD
L004860,ST007,U00937,2026-02-24 10:38:00,2026-02-24 11:14:00,77.24,,APP
L001681,ST003,U02676,2026-03-09 01:20:00,2026-03-09 02:08:00,76.24,24397,APP
L007817,ST026,U02033,2026-07-01 10:44:00,2026-07-01 11:28:00,82.46,31335,APP
L006729,ST007,U00264,2026-05-09 12:34:00,2026-05-09 13:15:00,74.76,23923,MEMBERSHIP
L006642,ST002,U01050,2026-05-26 23:39:00,2026-05-27 01:43:00,17.06,4982,MEMBERSHIP
L001001,ST032,U01949,2026-06-16 22:43:00,2026-06-16 23:19:00,51.52,19578,APP
L009243,ST008,U02803,2026-03-25 21:19:00,2026-03-26 01:45:00,21.79,5556,membership
L011037,ST010,U02816,2026-06-05 22:06:00,2026-06-06 01:26:00,13.64,3983,CARD
L005829,ST034,U02853,2026-06-29 17:54:00,2026-06-29 18:37:00,119.07,45247,APP
L008108,ST035,U01947,2026-07-06 15:19:00,2026-07-06 18:16:00,22.45,5725,APP
L010787,ST008,U02592,2026-04-26 13:40:00,2026-04-26 17:35:00,15.21,3879,APP
L008068,ST025,U00596,2026-01-26 02:56:00,2026-01-26 07:23:00,18.0,5256,MEMBERSHIP
L011597,ST030,U00244,2026-01-20 04:21:00,2026-01-20 04:57:00,106.25,,membership
L003859,ST016,U02032,20260617124100,2026-06-17 16:55:00,26.08,6650,CARD
L001990,ST006,U00854,2026-03-23 11:31:00,2026-03-23 15:21:00,16.78,4900,MEMBERSHIP
L008616,ST005,U02537,20260217041700,2026-02-17 04:52:00,103.68,33178,APP
L008842,ST003,U01912,2026-01-29 06:58:00,2026-01-29 07:34:00,60.36,19315,MEMBERSHIP
L004251,ST015,U00938,2026/04/19 02:19:00,2026-04-19 02:51:00,67.05,21456,MEMBERSHIP
L003904,ST006,U02430,2026-06-07 15:13:00,2026-06-07 19:39:00,23.66,6909,APP
L000889,ST009,U01532,20260107053000,2026-01-07 05:50:00,9.7,3366,APP
L002784,ST009,U00404,2026-01-10 05:18:00,2026-01-10 06:03:00,25.09,8706,card
L008899,ST014,U02744,2026-06-14 11:27:00,2026-06-14 11:50:00,13.18,5008,MEMBERSHIP
L002354,ST028,U02429,2026/07/24 21:08:00,2026-07-24 21:36:00,28.5,9120,CARD
L005960,ST037,U00545,2026-02-10 09:49:00,2026-02-10 10:35:00,98.81,34287,MEMBERSHIP
L008385,ST031,U02796,2026/06/17 13:05:00,2026-06-17 13:59:00,109.56,,MEMBERSHIP
L001419,ST035,U01452,2026/06/14 01:46:00,2026-06-14 04:35:00,17.42,4442,CARD
L002484,ST015,U00023,2026-01-26 21:25:00,2026-01-26 22:00:00,68.07,21782,CARD
L000899,ST036,U02037,2026-02-18 14:18:00,2026-02-18 17:24:00,30.64,8947,CARD
L010989,ST022,U02469,2026-01-27 06:55:00,2026-01-27 07:51:00,123.97,43018,MEMBERSHIP
L009958,ST035,U01905,2026/07/20 14:54:00,2026-07-20 17:40:00,18.81,4797,APP
L007442,ST028,U00002,2026-07-07 11:13:00,2026-07-07 11:58:00,53.44,17101,CARD
L004298,ST023,U01350,2026-02-21 08:13:00,2026-02-21 09:07:00,27.54,8813,APP
L009590,ST001,U01476,2026-03-10 01:45:00,2026-03-10 02:39:00,81.75,31065,MEMBERSHIP
L010308,ST014,U02949,2026-06-28 19:38:00,2026-06-28 20:02:00,12.64,4803,APP
L008979,ST031,U00168,2026-01-07 07:43:00,2026-01-07 08:18:00,50.1,19038,APP
L005767,ST021,U01368,2026-03-01 15:11:00,2026-03-01 20:04:00,24.83,7250,CARD
L004363,ST011,U00387,2026-07-24 19:55:00,2026-07-24 20:25:00,52.06,16659,CARD
L004805,ST033,U02487,2026-03-06 18:35:00,2026-03-06 19:08:00,48.54,15533,MEMBERSHIP
L011120,ST038,U00377,2026-04-16 05:24:00,2026-04-16 06:22:00,156.79,50173,CARD
L003095,ST033,U01764,2026-03-15 05:23:00,2026-03-15 06:13:00,92.69,29661,APP
L005605,ST037,U02308,2026-06-04 14:36:00,2026-06-04 15:16:00,59.56,20667,CARD
L010057,ST015,U02914,2026-01-03 21:07:00,2026-01-03 21:36:00,43.34,13869,CARD
L000525,ST009,U02248,2026-02-08 19:42:00,2026-02-08 20:16:00,19.93,6916,APP
L001190,ST033,U02120,2026-01-19 14:00:00,2026-01-19 14:20:00,36.88,11802,CARD
L010462,ST028,U01118,2026-06-22 23:01:00,2026-06-22 23:24:00,23.38,7482,CARD
L003422,ST018,U02391,2026-04-23 23:52:00,2026-04-24 04:38:00,24.64,7195,CARD
L008104,ST007,U02031,2026-05-14 13:50:00,2026-05-14 14:43:00,79.02,25286,APP
L002340,ST006,U02424,2026-05-27 05:53:00,2026-05-27 12:00:00,27.74,8100,CARD
L001479,ST025,U00097,2026-06-20 15:07:00,2026-06-20 19:03:00,17.77,5189,APP
L007734,ST031,U02311,2026-06-09 07:47:00,2026-06-09 08:47:00,94.26,35819,CARD
L011840,ST004,U00221,2026-04-28 09:20:00,2026-04-28 10:16:00,84.7,27104,MEMBERSHIP
L000566,ST003,U00585,2026-02-05 09:47:00,2026-02-05 10:10:00,36.65,11728,Card
L004479,ST018,U00998,2026-01-23 14:57:00,2026-01-23 17:10:00,8.54,2494,CARD
L008299,ST030,U00058,2026/06/19 00:21:00,2026-06-19 01:19:00,141.14,45165,app
L010997,ST036,U02461,20260304211000,2026-03-05 00:04:00,28.31,8267,APP
L009356,ST013,U01502,2026-04-25 07:04:00,2026-04-25 07:24:00,48.93,15658,CARD
L006851,ST016,U00195,2026-07-01 17:07:00,2026-07-01 20:21:00,18.2,4641,MEMBERSHIP
L007131,ST032,U02818,2026-02-28 09:36:00,2026-02-28 10:32:00,68.49,26026,MEMBERSHIP
L002569,ST005,U01083,2026-02-05 11:13:00,2026-02-05 11:50:00,90.35,28912,MEMBERSHIP
L003974,ST015,U02537,2026-02-16 23:20:00,2026-02-16 23:54:00,48.31,15459,MEMBERSHIP
L011053,ST024,U00895,20260613034700,2026-06-13 04:10:00,45.01,15618,MEMBERSHIP
L007714,ST025,U00839,2026-03-18 05:35:00,2026-03-18 12:03:00,27.75,8103,APP
L000394,ST035,U02796,2026-05-27 04:21:00,2026-05-27 08:09:00,36.99,9432,MEMBERSHIP
L004603,ST023,U01889,20260305031800,2026-03-05 03:43:00,16.82,5382,APP
L001444,ST901,U02232,2026-07-08 07:48:00,2026-07-08 11:34:00,29.74,8684,APP
L003934,ST030,U00643,20260626064600,2026-06-26 07:22:00,107.47,34390,card
L009229,ST025,U01885,2026-03-26 09:19:00,2026-03-26 11:42:00,11.12,3247,APP
L009205,ST029,U01870,2026-06-02 12:17:00,2026-06-02 18:23:00,51.32,14985,CARD
L002013,ST023,U00753,2026-05-26 22:53:00,2026-05-26 23:49:00,26.33,8426,MEMBERSHIP
L010774,ST002,U02161,2026-04-25 20:10:00,2026-04-26 01:05:00,43.88,12813,Card
L007524,ST028,U01623,2026-05-30 14:49:00,2026-05-30 15:29:00,47.18,15098,MEMBERSHIP
L011233,ST030,U00899,2026-07-28 11:16:00,2026-07-28 11:49:00,69.33,22186,APP
L010438,ST011,U02491,2026-04-10 00:22:00,2026-04-10 01:04:00,73.47,23510,CARD
L001630,ST005,U00940,2026-05-21 19:17:00,2026-05-21 19:54:00,103.96,33267,CARD
L009883,ST038,U00309,2026-04-17 16:49:00,2026-04-17 17:48:00,122.98,39354,MEMBERSHIP
L003158,ST020,U02471,2026-01-10 01:48:00,2026-01-10 02:33:00,33.39,10685,CARD
L003318,ST008,U00637,2026-05-02 20:41:00,2026-05-03 04:36:00,36.89,9407,APP
L008838,ST005,U02403,2026/04/06 04:12:00,2026-04-06 05:06:00,161.7,51744,APP
L008115,ST038,U00797,2026-01-16 00:35:00,2026-01-16 01:04:00,72.98,23354,MEMBERSHIP
L004043,ST012,U02205,2026-01-17 12:14:00,2026-01-17 12:59:00,26.35,8432,MEMBERSHIP
L007629,ST009,U01947,20260228145700,2026-02-28 15:27:00,18.83,"6,534",MEMBERSHIP
L000269,ST028,U01283,2026-01-17 00:05:00,2026-01-17 00:40:00,37.55,12016,MEMBERSHIP
L006588,ST012,U02908,2026-04-14 16:56:00,2026-04-14 17:26:00,,6736,MEMBERSHIP
L011168,ST024,U02435,2026-02-15 17:00:00,2026-02-15 17:26:00,67.67,23481,CARD
L000636,ST023,U01866,2026-07-11 17:58:00,2026-07-11 18:50:00,38.62,12358,card
L002475,ST021,U02551,2026-03-17 20:07:00,2026-03-17 23:11:00,18.95,5533,APP
L001697,ST001,U02663,2026-02-07 23:08:00,2026-02-07 23:42:00,56.81,21588,APP
L001880,ST002,U00289,20260219154500,2026-02-19 23:21:00,67.14,19605,MEMBERSHIP
L011912,ST017,U01530,2026-07-19 08:07:00,2026-07-19 10:53:00,17.34,5063,membership
L007991,ST026,U02169,2026-02-09 21:32:00,2026-02-09 22:11:00,96.06,36503,APP
L006720,ST016,U01131,2026-06-28 22:58:00,2026-06-29 04:02:00,31.3,7982,CARD
L003010,ST035,U00907,2026-03-25 22:10:00,2026-03-26 02:03:00,25.88,6599,APP
L008127,ST022,U01447,2026-07-19 21:43:00,2026-07-19 22:15:00,67.63,23468,CARD
L007899,ST015,U02000,2026-01-09 17:44:00,2026-01-09 18:32:00,101.55,32496,APP
L005644,ST032,U01480,2026-03-26 18:58:00,2026-03-26 19:39:00,42.15,16017,app
L009582,ST027,U01148,2026-06-27 23:43:00,2026-06-28 02:21:00,15.47,4517,CARD
L004019,ST003,U00689,2026-07-23 21:53:00,2026-07-23 22:33:00,86.52,27686,MEMBERSHIP
L008742,ST023,U02350,2026-07-11 13:40:00,2026-07-11 14:08:00,,5936,APP
L009299,ST022,U02436,2026-07-10 05:25:00,2026-07-10 05:56:00,67.76,23513,MEMBERSHIP
L000650,ST015,U02783,20260704043800,2026-07-04 05:09:00,54.91,17571,CARD
L011522,ST024,U00021,20260225081800,2026-02-25 09:02:00,116.57,40450,MEMBERSHIP
L005861,ST004,U01148,2026-03-02 07:47:00,2026-03-02 08:21:00,71.26,22803,CARD
L006268,ST021,U02727,2026-05-09 20:50:00,2026-05-10 04:49:00,30.82,8999,CARD
L011514,ST023,U00310,2026-03-18 12:02:00,2026-03-18 12:44:00,28.71,9187,APP
L000605,ST019,U02587,2026-03-30 23:08:00,2026-03-30 23:48:00,78.71,27312,APP
L001907,ST007,U01958,2026-03-16 15:56:00,2026-03-16 16:27:00,42.7,13664,APP
L004882,ST034,U01105,2026/01/30 12:38:00,2026-01-30 13:16:00,101.09,38414,MEMBERSHIP
L006528,ST040,U02338,2026-03-29 14:33:00,2026-03-29 20:22:00,46.54,13590,CARD
L005366,ST020,U01188,2026-03-05 17:27:00,2026-03-05 18:22:00,26.15,8368,APP
L003119,ST011,U01893,2026/03/02 21:18:00,2026-03-02 22:10:00,87.9,28128,app
L008974,ST024,U00529,2026-04-24 20:58:00,2026-04-24 21:56:00,146.29,50763,APP
L003517,ST014,U02750,2026/01/22 22:28:00,2026-01-22 23:24:00,39.97,15189,APP
L003795,ST009,U01372,2026/04/13 06:10:00,2026-04-13 06:37:00,15.71,5451,MEMBERSHIP
L006256,ST012,U01692,2026-05-02 19:41:00,2026-05-02 20:36:00,33.1,10592,CARD
L002259,ST037,U02039,2026-06-14 21:26:00,2026-06-14 22:05:00,64.84,22499,APP
L003238,ST015,U01420,2026-05-10 23:54:00,2026-05-11 00:32:00,82.4,26368,MEMBERSHIP
L011398,ST034,U02642,2026-04-10 06:06:00,2026-04-10 06:40:00,97.97,37229,CARD
L002148,ST003,U00787,2026-04-11 23:28:00,2026-04-11 23:58:00,52.32,16742,CARD
L000512,ST004,U01338,20260105085000,2026-01-05 09:43:00,104.72,33510,CARD
L008200,ST019,U01122,2026-03-08 09:40:00,2026-03-08 10:01:00,47.17,16368,MEMBERSHIP
L002228,ST026,U01337,2026-01-02 16:40:00,2026-01-02 17:34:00,133.0,50540,app
L001105,ST036,U02350,2026-03-22 03:28:00,2026-03-22 05:37:00,17.97,5247,APP
L004888,ST020,U00738,2026-01-02 16:34:00,2026-01-02 17:06:00,16.66,5331,APP
L004758,ST021,U00943,2026-02-14 03:17:00,2026-02-14 06:29:00,13.83,4038,APP
L001737,ST029,U00623,2026/04/22 03:17:00,2026-04-22 05:50:00,15.45,4511,CARD
L002920,ST027,U02362,2026-01-18 03:38:00,2026-01-18 08:51:00,26.53,7747,MEMBERSHIP
L001893,ST033,U00762,2026-04-21 17:28:00,2026-04-21 18:03:00,51.92,16614,CARD
L004538,ST017,U01567,2026-03-01 15:59:00,2026-03-01 21:22:00,26.38,7703,CARD
L009430,ST021,U01170,2026-04-08 05:25:00,2026-04-08 10:40:00,24.31,7099,APP
L005663,ST040,U02131,2026/06/02 14:37:00,2026-06-02 18:49:00,,10316,APP
L006877,ST025,U00939,2026-03-14 20:41:00,2026-03-15 04:35:00,44.16,12895,APP
L004495,ST015,U02159,2026-04-26 18:11:00,2026-04-26 19:06:00,89.56,28659,CARD
L008671,ST003,U02845,2026-07-04 00:41:00,2026-07-04 01:27:00,86.59,27709,MEMBERSHIP
L010541,ST009,U01358,2026-03-24 09:24:00,2026-03-24 10:04:00,24.21,8401,MEMBERSHIP
L011976,ST011,U00958,2026-02-17 20:16:00,2026-02-17 21:13:00,124.41,39811,MEMBERSHIP
L000370,ST011,U01051,2026-01-06 08:51:00,2026-01-06 09:20:00,41.16,13171,CARD
L011183,ST006,U02321,20260711153800,2026-07-11 18:00:00,12.85,,MEMBERSHIP
L009625,ST029,U01491,2026-01-29 18:19:00,2026-01-29 20:42:00,23.27,6795,APP
L002440,ST020,U01563,2026-06-26 22:29:00,2026-06-26 22:53:00,16.41,5251,CARD
L007233,ST002,U01018,2026-01-28 13:17:00,2026-01-28 16:57:00,22.47,6561,CARD
L007301,ST013,U02594,2026-01-16 06:24:00,2026-01-16 06:55:00,82.27,26326,MEMBERSHIP
L005669,ST017,U02035,2026-04-17 06:43:00,2026-04-17 09:53:00,18.93,5528,MEMBERSHIP
L007811,ST038,U01157,2026-04-05 22:41:00,2026-04-05 23:18:00,77.82,24902,CARD
L003525,ST025,U02178,2026-07-07 20:53:00,2026-07-07 23:31:00,11.87,3466,CARD
L008147,ST035,U00332,20260330052300,2026-03-30 08:52:00,34.4,8772,MEMBERSHIP
L007226,ST022,U01585,20260520220100,2026-05-20 22:33:00,51.1,17732,MEMBERSHIP
L008649,ST010,U02669,2026-01-26 18:47:00,2026-01-27 02:44:00,34.37,10036,CARD
L008404,ST901,U00695,2026-04-26 00:05:00,2026-04-26 00:35:00,39.13,14869,APP
L006504,ST029,U02933,2026-04-10 12:27:00,2026-04-10 17:11:00,28.67,8372,CARD
L003148,ST025,U02432,2026-05-01 19:28:00,2026-05-02 02:44:00,34.34,10027,CARD
L005081,ST002,U01995,2026-05-14 08:24:00,2026-05-14 11:07:00,25.32,7393,APP
L008856,ST010,U02096,2026-05-03 20:52:00,2026-05-04 04:33:00,45.26,13216,MEMBERSHIP
L008554,ST040,U02537,20260409185700,2026-04-10 01:34:00,54.16,15815,MEMBERSHIP
L008889,ST017,U02234,2026-05-13 22:33:00,2026-05-14 03:55:00,30.67,8956,APP
L010365,ST002,U00867,20260605151700,2026-06-05 21:55:00,53.95,15753,APP
L004643,ST005,U01187,20260312015900,2026-03-12 02:50:00,,36915,MEMBERSHIP
L010453,ST031,U01570,2026-05-27 00:57:00,2026-05-27 01:20:00,46.32,17602,MEMBERSHIP
L010520,ST037,U00655,2026-01-09 09:46:00,2026-01-09 10:41:00,,26761,MEMBERSHIP
L009279,ST039,U00162,2026-04-26 02:48:00,2026-04-26 03:36:00,22.44,7787,MEMBERSHIP
L008550,ST001,U00460,2026/02/06 10:12:00,2026-02-06 10:42:00,43.67,16595,CARD
L010295,ST011,U00595,2026/05/29 23:01:00,2026-05-29 23:50:00,104.69,33501,APP
L009735,ST008,U01163,2026-01-28 14:54:00,2026-01-28 19:03:00,21.49,5480,CARD
L011671,ST027,U00072,2026-05-22 01:47:00,2026-05-22 04:03:00,12.93,3776,CARD
L005124,ST012,U02436,2026-07-18 10:23:00,2026-07-18 11:08:00,29.14,9325,APP
L010764,ST009,U00101,2026-07-20 07:07:00,2026-07-20 07:41:00,23.0,7981,APP
L002503,ST008,U01547,2026-02-18 23:27:00,2026-02-19 04:38:00,30.65,7816,MEMBERSHIP
L008426,ST017,U01866,2026-07-10 19:12:00,2026-07-11 00:19:00,31.62,9233,MEMBERSHIP
L007661,ST040,U02424,20260313141500,2026-03-13 16:20:00,19.11,5580,APP
L000534,ST015,U02573,2026-02-15 18:59:00,2026-02-15 19:26:00,46.15,14768,Card
L001794,ST003,U01652,2026-07-12 00:53:00,2026-07-12 01:23:00,67.25,21520,MEMBERSHIP
L001751,ST001,U01850,2026-06-12 14:49:00,2026-06-12 15:11:00,41.62,15816,MEMBERSHIP
L010090,ST012,U00589,2026-02-07 13:45:00,2026-02-07 14:25:00,20.91,6691,CARD
L001933,ST028,U00304,2026-05-02 17:15:00,2026-05-02 17:45:00,30.83,,MEMBERSHIP
L009293,ST009,U00553,2026-04-02 03:27:00,2026-04-02 04:18:00,38.23,13266,APP
L009434,ST033,U02931,2026/07/15 04:27:00,2026-07-15 05:14:00,105.22,33670,APP
L001864,ST034,U01465,20260225111800,2026-02-25 12:03:00,120.74,45881,APP
L006448,ST016,U01643,2026/01/24 04:28:00,2026-01-24 07:43:00,16.56,4223,APP
L002104,ST007,U02736,2026-03-01 11:07:00,2026-03-01 11:41:00,75.84,24269,MEMBERSHIP
L010578,ST028,U01049,20260620105100,2026-06-20 11:20:00,33.87,10838,Card
L001417,ST001,U00076,2026-06-03 01:51:00,2026-06-03 02:51:00,82.63,31399,CARD
L000803,ST036,U01529,2026-01-01 14:41:00,2026-01-01 21:40:00,57.7,16848,CARD
L006643,ST032,U00419,2026-04-22 04:05:00,2026-04-22 05:00:00,69.45,26391,MEMBERSHIP
L002195,ST031,U01669,2026-03-27 20:06:00,2026-03-27 20:27:00,42.52,16158,MEMBERSHIP
L006923,ST010,U00580,20260114224000,2026-01-15 05:43:00,N/A,11671,CARD
L000315,ST037,U02963,2026/04/23 11:25:00,2026-04-23 12:18:00,91.83,31865,CARD
L009791,ST035,U00555,2026-03-08 02:05:00,2026-03-08 06:10:00,30.06,7665,APP
L011267,ST005,U02974,2026-01-31 05:38:00,2026-01-31 06:29:00,131.25,42000,MEMBERSHIP
L003985,ST030,U00400,2026-04-17 09:40:00,2026-04-17 10:14:00,73.21,23427,MEMBERSHIP
L004552,ST005,U01096,2026/01/06 05:13:00,2026-01-06 05:59:00,88.89,28445,APP
L004727,ST009,U01703,2026-04-20 08:45:00,2026-04-20 09:24:00,22.53,7818,MEMBERSHIP
L008771,ST007,U01033,2026-04-10 01:14:00,2026-04-10 01:45:00,69.39,22205, APP 
L009410,ST014,U01641,20260118233000,2026-01-19 00:26:00,27.56,10473,APP
L005421,ST021,U01481,2026-01-17 22:37:00,2026-01-18 02:04:00,,6307,CARD
L007553,ST020,U02394,20260124224900,2026-01-24 23:17:00,16.26,5203,APP
L005054,ST031,U00168,2026-01-29 12:53:00,2026-01-29 13:44:00,106.78,40576,APP
L000764,ST004,U00181,2026-03-09 23:39:00,2026-03-09 23:59:00,40.06,12819,CARD
L003808,ST003,U02336,20260304023000,2026-03-04 03:18:00,91.12,29158,CARD
L004985,ST035,U02967,2026/02/04 06:28:00,2026-02-04 14:06:00,69.72,17779,CARD
L011721,ST010,U00600,2026-06-11 03:45:00,2026-06-11 06:26:00,10.81,3157,APP
L000468,ST030,U02702,2026-07-01 09:33:00,2026-07-01 10:31:00,160.7,51424,APP
L001651,ST002,U02555,2026-03-14 12:39:00,2026-03-14 18:09:00,-,13701,APP
L008446,ST008,U00293,2026-02-25 20:57:00,2026-02-26 04:34:00,37.24,9496,APP
L002276,ST036,U00571,2026-06-01 14:08:00,2026-06-01 19:26:00,37.77,11029,CARD
L011019,ST040,U02718,2026-06-17 17:48:00,2026-06-18 00:52:00,60.86,17771,CARD
L010056,ST018,U00770,2026-06-16 21:59:00,2026-06-17 03:48:00,22.57,6590,card
L001287,ST027,U00624,2026-03-11 09:59:00,2026-03-11 13:34:00,15.38,4491,CARD
L007258,ST039,U02564,20260117232100,2026-01-17 23:49:00,15.89,5514,APP
L010694,ST036,U01843,2026-04-28 05:30:00,2026-04-28 08:51:00,,8153,APP
L011812,ST012,U00884,2026-04-09 11:16:00,2026-04-09 11:47:00,21.47,6870,APP
L002432,ST012,U00709,2026-06-03 09:34:00,2026-06-03 10:07:00,20.26,6483,app
L006419,ST038,U02152,2026/03/01 19:13:00,2026-03-01 20:07:00,122.99,39357,CARD
L003019,ST026,U01820,2026-04-26 09:44:00,2026-04-26 10:36:00,,53781,MEMBERSHIP
L004036,ST016,U01247,2026/02/27 21:08:00,2026-02-28 00:28:00,18.17,4633,CARD
L005532,ST034,U00143,2026-07-01 19:52:00,2026-07-01 20:20:00,56.86,21607,APP
L003209,ST009,U02664,2026/07/02 10:19:00,2026-07-02 11:11:00,30.3,10514,APP
L009078,ST001,U01272,2026-03-04 09:40:00,2026-03-04 10:22:00,63.55,24149,CARD
L003933,ST018,U00959,2026-06-30 16:05:00,2026-06-30 18:13:00,10.98,,app
L004344,ST004,U01867,2026-04-19 05:32:00,2026-04-19 06:29:00,118.31,37859,CARD
L004314,ST033,U01104,2026-02-02 05:51:00,2026-02-02 06:42:00,87.02,27846,APP
L011466,ST037,U01689,2026/01/20 21:33:00,2026-01-20 22:17:00,86.71,30088,MEMBERSHIP
L006909,ST011,U01136,2026/04/06 04:40:00,2026-04-06 05:40:00,88.47,28310, APP 
L010782,ST022,U00261,2026-03-29 22:20:00,2026-03-29 23:13:00,99.45,34509,MEMBERSHIP
L011142,ST033,U02662,2026-07-28 19:38:00,2026-07-28 20:02:00,48.53,15530,CARD
L010529,ST039,U00479,2026-05-18 12:40:00,2026-05-18 13:37:00,31.79,11031,MEMBERSHIP
L009552,ST020,U00819,2026-05-16 06:23:00,2026-05-16 07:06:00,19.85,6352,APP
L009811,ST034,U01392,2026-05-15 00:03:00,2026-05-15 00:34:00,69.55,,MEMBERSHIP
L006140,ST024,U02316,2026-02-23 08:13:00,2026-02-23 09:12:00,128.03,44426,MEMBERSHIP
L007133,ST024,U01365,2026-03-28 22:46:00,2026-03-28 23:19:00,70.56,24484,CARD
L011321,ST030,U01545,2026-07-03 03:37:00,2026-07-03 04:26:00,138.66,44371,MEMBERSHIP
L007403,ST007,U02166,2026-03-04 23:50:00,2026-03-05 00:16:00,N/A,17050,MEMBERSHIP
L000626,ST015,U02141,2026-05-26 21:26:00,2026-05-26 22:24:00,111.2,35584,MEMBERSHIP
L006553,ST019,U00851,2026-07-07 12:20:00,2026-07-07 13:00:00,91.86,31875,Card
L002572,ST008,U00251,2026-02-14 05:43:00,2026-02-14 10:21:00,28.88,7364,MEMBERSHIP
L002774,ST009,U00451,2026-04-14 11:21:00,2026-04-14 12:17:00,37.17,12898,MEMBERSHIP
L003192,ST022,U01773,2026-02-04 20:09:00,2026-02-04 21:00:00,85.31,29603,MEMBERSHIP
L002798,ST005,U00154,2026-01-26 21:27:00,2026-01-26 22:24:00,120.52,38566,MEMBERSHIP
L002383,ST009,U00635,2026-03-03 18:46:00,2026-03-03 19:20:00,19.36,6718,CARD
L001783,ST023,U01152,2026-03-29 04:22:00,2026-03-29 05:13:00,27.53,8810,CARD
L000044,ST015,U01846,2026-06-26 10:38:00,2026-06-26 11:15:00,53.66,17171,MEMBERSHIP
L010230,ST013,U00166,2026-04-11 07:06:00,2026-04-11 07:55:00,131.53,42090,APP
L000791,ST006,U01420,2026-03-09 13:28:00,2026-03-09 20:15:00,29.47,8605,membership
L005259,ST029,U00778,20260530133400,2026-05-30 17:05:00,24.89,7268,APP
L008511,ST031,U01622,2026-07-12 02:24:00,2026-07-12 03:16:00,105.05,39919,MEMBERSHIP
L006823,ST003,U00348,2026/03/29 14:31:00,2026-03-29 15:07:00,65.44,20941,membership
L007199,ST001,U01867,2026-06-18 06:40:00,2026-06-18 07:19:00,87.11,33102,CARD
L005027,ST039,U01000,2026-02-10 21:42:00,2026-02-10 22:06:00,16.32,5663,APP
L004963,ST032,U00651,2026/05/28 06:39:00,2026-05-28 07:01:00,28.45,10811,APP
L009009,ST012,U02038,2026-02-07 06:59:00,2026-02-07 07:19:00,10.39,3325,APP
L008129,ST012,U00677,2026-07-27 15:43:00,2026-07-27 16:13:00,19.06,6099,CARD
L006009,ST021,U00066,2026-04-29 04:48:00,2026-04-29 11:32:00,39.9,11651,Card
L002761,ST037,U00021,2026-04-21 12:52:00,2026-04-21 13:30:00,76.13,26417,MEMBERSHIP
L005031,ST011,U02162,2026-02-07 20:41:00,2026-02-07 21:25:00,83.64,26765,CARD
L007456,ST030,U00274,20260702114100,2026-07-02 12:05:00,55.38,17722,APP
L010859,ST001,U01259,2026/04/03 04:14:00,2026-04-03 05:02:00,92.87,35291,APP
L001091,ST021,U00504,2026-05-28 15:32:00,2026-05-28 19:53:00,23.44,6844,CARD
L005061,ST025,U01631,2026-05-29 21:06:00,2026-05-30 01:35:00,20.25,5913,membership
L009387,ST036,U01710,2026-04-08 06:13:00,2026-04-08 12:29:00,58.49,17079,MEMBERSHIP
L000445,ST016,U00057,2026-05-03 18:21:00,2026-05-03 23:54:00,27.22,6941,MEMBERSHIP
L000154,ST026,U02527,2026-02-26 20:03:00,2026-02-26 20:34:00,78.73,29917,MEMBERSHIP
L003080,ST034,U02295,2026-02-20 15:58:00,2026-02-20 16:37:00,72.54,27565,CARD
L001550,ST006,U00066,2026-07-29 17:24:00,2026-07-29 19:45:00,13.63,3980,APP
L004098,ST029,U01559,2026/05/23 15:10:00,2026-05-23 22:28:00,65.72,19190,MEMBERSHIP
L010731,ST020,U02455,2026-05-24 21:07:00,2026-05-24 21:42:00,24.04,7693,APP
L008459,ST012,U02660,2026-03-04 15:21:00,2026-03-04 16:11:00,36.03,11530,MEMBERSHIP
L006545,ST040,U01604,2026-02-04 00:47:00,2026-02-04 05:08:00,32.17,9394,CARD
L004997,ST016,U00968,2026-04-23 03:58:00,2026-04-23 08:42:00,25.7,6554,APP
L000009,ST025,U02754,2026-04-18 22:11:00,2026-04-19 00:24:00,8.89,2596,MEMBERSHIP
L004869,ST034,U01715,2026-07-03 22:37:00,2026-07-03 23:13:00,70.4,26752,card
L002776,ST002,U02703,2026-04-09 09:14:00,2026-04-09 12:06:00,17.88,,CARD
L000867,ST008,U01161,2026/01/28 13:43:00,2026-01-28 21:43:00,45.33,11559,APP
L002308,ST015,U00249,2026-03-15 15:34:00,2026-03-15 16:01:00,55.71,17827,CARD
L000198,ST013,U01351,2026-02-10 09:30:00,2026-02-10 10:10:00,100.5,32160,APP
L003478,ST033,U02568,2026-07-14 08:14:00,2026-07-14 08:55:00,89.03,28490,APP
L008242,ST008,U02100,2026-01-31 16:00:00,2026-01-31 18:17:00,10.27,2619,APP
L008725,ST002,U00666,2026-05-20 09:51:00,2026-05-20 16:47:00,63.55,18557,MEMBERSHIP
L005692,ST009,U02048,2026-04-18 11:42:00,2026-04-18 12:17:00,20.77,7207,APP
L009954,ST030,U01215,2026-07-09 20:27:00,2026-07-09 20:59:00,65.87,21078,CARD
L000395,ST015,U01747,2026-03-02 14:25:00,2026-03-02 15:05:00,67.55,21616,CARD
L003279,ST016,U00620,2026/06/16 02:35:00,2026-06-16 10:04:00,29.17,7438,APP
L001163,ST040,U00053,2026/01/15 06:17:00,2026-01-15 13:41:00,59.74,17444,MEMBERSHIP
L001537,ST016,U01416,2026-01-03 13:39:00,2026-01-03 15:59:00,11.29,2879,MEMBERSHIP
L010025,ST005,U02649,2026/01/31 04:07:00,2026-01-31 04:56:00,92.67,29654,APP
L011284,ST036,U02114,2026/02/09 04:24:00,2026-02-09 10:48:00,45.66,13333,APP
L004923,ST016,U02857,2026-06-22 19:30:00,2026-06-22 23:35:00,20.4,5202,APP
L011134,ST035,U01390,2026-05-24 08:37:00,2026-05-24 11:17:00,24.17,6163,MEMBERSHIP
L000031,ST020,U00151,2026-02-21 13:31:00,2026-02-21 14:03:00,21.2,6784,APP
L009088,ST024,U01335,2026-05-19 17:05:00,2026-05-19 17:37:00,63.39,21996,APP
L000973,ST021,U02359,2026/03/25 21:42:00,2026-03-25 23:53:00,,3948,CARD
L004324,ST025,U01585,2026-03-12 02:30:00,2026-03-12 09:35:00,30.43,8886,CARD
L007789,ST020,U01148,2026-01-11 10:07:00,2026-01-11 11:05:00,28.98,9274,MEMBERSHIP
L006243,ST036,U02501,2026-04-27 13:17:00,2026-04-27 19:05:00,36.52,10664,CARD
L006795,ST001,U02859,2026-07-22 22:34:00,2026-07-22 23:19:00,101.0,38380,MEMBERSHIP
L001493,ST018,U00539,2026-04-22 02:31:00,2026-04-22 05:25:00,16.21,4733,MEMBERSHIP
L005185,ST021,U02232,2026-02-12 15:13:00,2026-02-12 21:48:00,34.72,10138,CARD
L011841,ST022,U02120,2026-07-01 22:35:00,2026-07-01 23:24:00,83.14,, APP 
L011255,ST026,U01388,2026/02/07 16:37:00,2026-02-07 17:33:00,141.59,53804,MEMBERSHIP
L005024,ST009,U02052,2026-06-06 11:04:00,2026-06-06 11:48:00,28.96,10049,app
L003812,ST023,U01414,2026/02/01 03:44:00,2026-02-01 04:36:00,32.08,10266,APP
L002236,ST005,U01940,2026-04-19 21:49:00,2026-04-19 22:29:00,109.52,35046,CARD
L001332,ST005,U00448,2026-07-02 17:54:00,2026-07-02 18:36:00,83.12,26598,APP
L008255,ST022,U02175,20260706234900,2026-07-07 00:13:00,45.42,15761,MEMBERSHIP
L007691,ST034,U00473,2026-05-08 12:59:00,2026-05-08 13:36:00,106.03,40291,APP
L011949,ST020,U00330,2026-05-18 09:27:00,2026-05-18 10:19:00,-,8531,APP
L011866,ST020,U01740,2026-07-25 16:50:00,2026-07-25 17:50:00,43.39,,MEMBERSHIP
L004090,ST027,U02716,2026-07-15 22:01:00,2026-07-16 04:15:00,33.48,9776,Card
L003722,ST039,U00581,2026-03-28 03:59:00,2026-03-28 04:54:00,40.19,13946,APP
L006704,ST028,U00024,2026-02-14 03:02:00,2026-02-14 03:30:00,38.73,12394,APP
L006639,ST008,U01942,2026-02-04 18:37:00,2026-02-04 22:20:00,17.76,4529,CARD
L005912,ST009,U02122,2026/07/25 18:40:00,2026-07-25 19:21:00,19.01,6596,MEMBERSHIP
L000360,ST009,U00627,2026-01-15 23:49:00,2026-01-16 00:39:00,27.88,9674,MEMBERSHIP
L009864,ST023,U02970,2026-04-20 00:20:00,2026-04-20 01:00:00,28.95,9264,APP
L007263,ST027,U01217,2026-03-28 18:40:00,2026-03-28 23:24:00,20.52,"5,992",APP
L011462,ST010,U00563,2026-03-24 19:33:00,2026-03-25 00:04:00,26.37,7700,APP
L009863,ST033,U01990,2026-02-04 11:59:00,2026-02-04 12:52:00,105.94,33901,MEMBERSHIP
L007822,ST035,U00529,2026-04-29 21:22:00,2026-04-30 03:09:00,43.52,11098,membership
L007915,ST011,U01233,2026/02/27 01:28:00,2026-02-27 02:26:00,128.37,41078,APP
L010217,ST022,U01677,2026-02-13 19:42:00,2026-02-13 20:03:00,35.47,12308,MEMBERSHIP
L011892,ST012,U00773,20260215115400,2026-02-15 12:16:00,15.3,4896,APP
L007972,ST036,U01079,2026-05-29 22:27:00,2026-05-30 02:38:00,27.48,8024,MEMBERSHIP
L003059,ST003,U01445,2026-01-12 20:29:00,2026-01-12 21:04:00,49.72,15910,CARD
L005956,ST004,U02412,2026/02/03 16:58:00,2026-02-03 16:29:00,74.29,23773,MEMBERSHIP
L009376,ST032,U00747,2026-04-16 06:55:00,2026-04-16 07:49:00,80.74,30681,CARD
L004011,ST002,U01106,2026-02-19 17:05:00,2026-02-19 19:39:00,24.88,7265,MEMBERSHIP
L011478,ST006,U00854,2026-01-01 07:26:00,2026-01-01 15:08:00,37.1,10833,app
L002867,ST032,U00501,2026-03-06 03:38:00,2026-03-06 04:20:00,46.0,17480,membership
L009324,ST005,U00807,2026-02-04 12:21:00,2026-02-04 13:10:00,139.77,44726,APP
L008340,ST006,U01302,2026-05-27 20:41:00,2026-05-28 02:24:00,29.53,8623,APP
L009740,ST035,U02103,2026-01-28 22:04:00,2026-01-29 04:39:00,40.19,10248,MEMBERSHIP
L008638,ST014,U02154,20260620183900,2026-06-20 19:32:00,25.65,9747,MEMBERSHIP
L000236,ST010,U02318,2026-02-17 16:27:00,2026-02-17 23:09:00,28.01,8179,MEMBERSHIP
L003366,ST011,U02092,2026-02-02 20:38:00,2026-02-02 21:02:00,39.99,12797,APP
L006505,ST008,U02757,2026-02-09 06:47:00,2026-02-09 09:04:00,13.34,3402,CARD
L005121,ST003,U02772,2026-06-01 09:09:00,2026-06-01 09:37:00,44.32,14182,APP
L009278,ST011,U00882,2026-02-24 03:47:00,2026-02-24 04:15:00,60.59,19389,CARD
L005700,ST040,U00122,2026-06-25 20:26:00,2026-06-26 01:21:00,48.64,14203,APP
L000987,ST001,U02861,2026-01-23 19:26:00,2026-01-23 20:07:00,62.54,23765,CARD
L010705,ST038,U00368,2026-04-02 23:21:00,2026-04-02 23:50:00,82.19,26301,APP
L006343,ST016,U01185,2026-05-08 17:54:00,2026-05-09 01:34:00,43.45,11080,MEMBERSHIP
L009255,ST022,U00092,2026/02/23 04:00:00,2026-02-23 04:40:00,76.27,26466,APP
L003962,ST032,U00915,2026-06-08 20:21:00,2026-06-08 21:07:00,52.25,19855,CARD
L005746,ST031,U01587,2026/02/17 05:05:00,2026-02-17 05:26:00,40.67,15455, APP 
L006211,ST011,U02761,2026-07-23 23:15:00,2026-07-23 23:55:00,78.97,25270,CARD
L011421,ST008,U01637,2026/03/06 14:16:00,2026-03-06 18:32:00,18.97,4837,MEMBERSHIP
L004148,ST006,U02627,2026-06-03 15:06:00,2026-06-03 18:19:00,19.12,5583,CARD
L011567,ST012,U02946,2026-01-06 06:17:00,2026-01-06 06:47:00,14.46,-4627,CARD
L005543,ST029,U01451,2026-06-14 14:42:00,2026-06-14 19:59:00,49.64,14495,APP
L004505,ST021,U02854,20260116222800,2026-01-17 01:05:00,13.67,3992,MEMBERSHIP
L005842,ST008,U00320,2026-06-21 03:49:00,2026-06-21 09:48:00,35.59,9075,CARD
L008868,ST019,U01568,2026-01-21 06:13:00,2026-01-21 06:52:00,88.26,30626,APP
L002145,ST001,U00886,2026/06/30 17:10:00,2026-06-30 17:38:00,47.4,"18,012",APP
L006208,ST011,U00014,2026-01-22 03:27:00,2026-01-22 03:49:00,31.6,10112,CARD
L003327,ST008,U00449,2026-06-15 02:23:00,2026-06-15 07:08:00,26.9,6860,CARD
L004716,ST002,U00069,20260623021400,2026-06-23 08:13:00,55.82,"16,299",APP
L010402,ST013,U02427,2026-07-12 14:34:00,2026-07-12 15:23:00,101.7,32544,MEMBERSHIP
L006191,ST005,U01760,2026-03-17 08:16:00,2026-03-17 08:49:00,74.89,23965,MEMBERSHIP
L003293,ST023,U00438,2026-05-18 22:18:00,2026-05-18 22:55:00,19.77,6326,app
L010548,ST016,U02308,2026-07-12 09:21:00,2026-07-12 12:16:00,12.6,,CARD
L010867,ST010,U01171,2026-06-09 09:26:00,2026-06-09 15:15:00,33.36,9741,CARD
L011636,ST007,U02784,2026-05-08 06:52:00,2026-05-08 07:47:00,121.38,38842,MEMBERSHIP
L000621,ST013,U01037,2026-02-05 03:29:00,2026-02-05 04:29:00,128.32,41062,CARD
L011341,ST031,U01743,2026-06-07 10:59:00,2026-06-07 11:56:00,94.7,35986,CARD
L009771,ST015,U02034,20260101221600,2026-01-01 23:04:00,83.75,26800,APP
L009135,ST019,U01103,20260301154800,2026-03-01 16:38:00,119.69,41532,CARD
L002605,ST007,U02641,2026-03-05 19:05:00,2026-03-05 19:39:00,54.77,17526,APP
L001395,ST002,U00387,2026-05-21 09:54:00,2026-05-21 15:02:00,46.21,13493,APP
L007395,ST019,U02689,2026/01/28 23:13:00,2026-01-28 23:34:00,45.4,15754,APP
L001141,ST007,U02030,2026-03-19 17:46:00,2026-03-19 18:30:00,64.64,20685,APP
L008397,ST019,U01043,2026-01-07 06:39:00,2026-01-07 06:59:00,56.41,19574,CARD
L009579,ST032,U00971,20260201164400,2026-02-01 17:31:00,47.76,18149,MEMBERSHIP
L009857,ST035,U00540,2026-03-19 13:02:00,2026-03-19 19:27:00,48.1,12266, APP 
L009936,ST025,U01170,2026-04-01 10:13:00,2026-04-01 12:18:00,11.62,3393,APP
L009266,ST039,U01282,2026-02-28 20:25:00,2026-02-28 21:09:00,21.39,7422,MEMBERSHIP
L000404,ST026,U02545,2026-05-05 09:17:00,2026-05-05 09:39:00,42.54,16165,APP
L011060,ST016,U00255,2026-02-07 14:24:00,2026-02-07 19:12:00,27.15,6923,CARD
L001041,ST023,U01927,2026-02-05 19:57:00,2026-02-05 20:31:00,15.92,5094,CARD
L008132,ST002,U01199,2026-02-19 05:26:00,2026-02-19 11:09:00,51.64,15079,APP
L002551,ST029,U02315,2026-01-27 15:01:00,2026-01-27 21:19:00,42.81,12501,APP
L000507,ST019,U01223,2026-03-13 13:57:00,2026-03-13 14:19:00,48.95,16986,MEMBERSHIP
L000986,ST017,U01307,2026-01-30 10:31:00,2026-01-30 15:08:00,27.81,8121,MEMBERSHIP
L007636,ST015,U00459,2026/07/06 01:51:00,2026-07-06 02:48:00,97.95,31344,CARD
L010639,ST008,U01992,2026/07/11 05:06:00,2026-07-11 07:34:00,14.1,3596,CARD
L007559,ST025,U02162,2026-06-05 21:37:00,2026-06-06 01:36:00,24.36,,APP
L011645,ST019,U02173,2026-07-08 14:48:00,2026-07-08 15:17:00,83.86,29099,APP
L004868,ST029,U00130,2026-01-20 03:20:00,2026-01-20 10:41:00,64.05,18703,CARD
L011130,ST007,U00959,2026-07-28 08:02:00,2026-07-28 08:53:00,103.4,33088,APP
L004803,ST029,U02660,2026/06/20 05:10:00,2026-06-20 08:06:00,24.26,7084, APP 
L004025,ST012,U01421,20260703050600,2026-07-03 05:53:00,22.1,7072,CARD
L011852,ST012,U00023,2026-05-27 10:52:00,2026-05-27 11:32:00,21.96,7027,APP
L001734,ST023,U00035,20260310001600,2026-03-10 01:15:00,34.99,11197,APP
L011703,ST001,U01014,2026-06-27 19:00:00,2026-06-27 19:49:00,109.31,41538,CARD
L006954,ST014,U02680,2026-07-06 22:23:00,2026-07-06 23:01:00,27.39,10408,CARD
L002628,ST027,U02838,2026-02-27 16:48:00,2026-02-27 23:26:00,N/A,11049,CARD
L005658,ST031,U02056,2026-03-05 23:06:00,2026-03-06 00:03:00,94.28,35826,APP
L007736,ST034,U02928,2026-05-22 19:57:00,2026-05-22 20:18:00,N/A,17708,CARD
L001529,ST027,U00538,2026/06/06 12:20:00,2026-06-06 17:51:00,26.43,7718,APP
L005972,ST037,U00291,2026-01-17 22:30:00,2026-01-17 23:23:00,116.39,40387,APP
L010294,ST023,U00044,2026-06-06 01:30:00,2026-06-06 02:24:00,34.32,10982,MEMBERSHIP
L006022,ST028,U02404,2026/02/04 03:54:00,2026-02-04 04:45:00,68.13,21802,CARD
L010026,ST022,U01548,20260404094400,2026-04-04 10:40:00,90.6,31438,CARD
L002322,ST023,U00708,2026-05-20 05:28:00,2026-05-20 05:02:00,14.63,4682,MEMBERSHIP
L000708,ST035,U02603,2026-02-02 06:14:00,2026-02-02 12:51:00,61.7,15734,Card
L010122,ST022,U00821,2026-06-25 13:56:00,2026-06-25 14:17:00,29.98,10403,APP
L000894,ST021,U00774,2026-06-23 19:45:00,2026-06-23 22:37:00,16.69,4873,CARD
L001215,ST026,U01435,2026/05/30 12:38:00,2026-05-30 12:59:00,53.44,20307,MEMBERSHIP
L008025,ST024,U00250,2026/01/31 13:34:00,2026-01-31 14:07:00,70.04,24304, APP 
L006281,ST035,U01408,2026-01-26 21:46:00,2026-01-27 00:26:00,18.93,4827,CARD
L001784,ST020,U00902,2026-05-13 16:58:00,2026-05-13 17:58:00,31.67,10134,MEMBERSHIP
L008968,ST001,U01216,2026-06-08 07:51:00,2026-06-08 08:46:00,104.56,39733,APP
L000335,ST003,U02628,2026-04-18 18:33:00,2026-04-18 19:12:00,58.22,18630,CARD
L009050,ST037,U02259,2026/03/17 03:58:00,2026-03-17 04:40:00,75.79,26299,MEMBERSHIP
L001165,ST016,U01245,20260223232000,2026-02-24 04:14:00,22.63,5771,CARD
L008305,ST033,U00737,2026-03-24 00:08:00,2026-03-24 00:58:00,86.18,27578,CARD
L006107,ST010,U02521,2026-01-27 01:51:00,2026-01-27 08:14:00,33.27,9715,CARD
L009479,ST024,U00739,20260529054500,2026-05-29 06:38:00,157.08,54507,APP
L006194,ST025,U01026,2026-04-27 07:39:00,2026-04-27 11:52:00,17.55,5125,APP
L003154,ST013,U00321,2026-07-10 07:22:00,2026-07-10 07:53:00,85.35,27312,APP
L002710,ST014,U01898,2026-04-07 06:01:00,2026-04-07 06:52:00,24.46,9295,CARD
L003231,ST013,U00450,2026-04-22 11:04:00,2026-04-22 11:46:00,79.71,25507,APP
L003285,ST034,U02842,20260126140600,2026-01-26 15:01:00,126.31,47998,CARD
L004834,ST009,U01964,2026-04-14 00:29:00,2026-04-14 01:11:00,30.35,10531,MEMBERSHIP
L009639,ST006,U00928,20260527020900,2026-05-27 04:12:00,10.94,3194,CARD
L000289,ST032,U01761,2026/05/17 04:48:00,2026-05-17 05:27:00,58.13,22089,APP
L007399,ST019,U00922,2026/01/11 18:19:00,2026-01-11 19:17:00,150.49,52220,APP
L009526,ST001,U01477,2026/07/20 12:29:00,2026-07-20 12:53:00,45.46,17275,MEMBERSHIP
L004475,ST036,U02857,2026/06/24 20:19:00,2026-06-24 23:35:00,21.41,6252,CARD
L001857,ST033,U02557,2026-07-25 23:00:00,2026-07-25 23:38:00,83.4,,APP
L007161,ST034,U01460,2026-02-16 21:37:00,2026-02-16 22:30:00,101.55,38589,MEMBERSHIP
L000556,ST009,U02981,2026-01-23 13:03:00,2026-01-23 13:51:00,29.79,10337,MEMBERSHIP
L002673,ST019,U00300,2026-07-12 01:29:00,2026-07-12 02:29:00,173.66,60260,CARD
L009794,ST028,U01240,2026-03-24 07:44:00,2026-03-24 08:15:00,38.95,12464,MEMBERSHIP
L001123,ST002,U00190,2026-01-31 15:07:00,2026-01-31 19:59:00,42.03,12273,APP
L003283,ST010,U02015,2026-02-14 00:27:00,2026-02-14 06:35:00,27.42,8007,APP
L000123,ST008,U02792,2026-07-14 07:42:00,2026-07-14 11:10:00,15.11,3853,APP
L003982,ST011,U02481,2026-03-24 17:46:00,2026-03-24 18:15:00,48.2,15424,APP
L000082,ST031,U00918,2026-04-19 13:00:00,2026-04-19 13:22:00,41.34,,MEMBERSHIP
L011511,ST034,U00837,2026-04-07 00:35:00,2026-04-07 01:11:00,71.75,27265,CARD
L001331,ST022,U00814,2026-05-21 23:43:00,2026-05-22 00:29:00,69.2,24012,MEMBERSHIP
L010064,ST008,U00829,2026-05-13 10:01:00,2026-05-13 15:20:00,31.52,8038,APP
L004192,ST011,U01146,2026-03-24 17:04:00,2026-03-24 17:26:00,46.73,14954,APP
L002431,ST007,U00859,2026-01-28 19:41:00,2026-01-28 20:18:00,83.07,26582,APP
L011819,ST040,U01582,2026/07/23 17:27:00,2026-07-24 00:03:00,56.59,16524,CARD
L004692,ST008,U01867,2026-01-08 15:18:00,2026-01-08 22:12:00,40.89,10427,CARD
L000777,ST017,U02545,2026/07/12 02:35:00,2026-07-12 08:17:00,,10480,MEMBERSHIP
L000449,ST027,U01186,2026-03-31 15:56:00,2026-03-31 23:45:00,40.3,11768,CARD
L007436,ST024,U00938,2026-02-01 17:34:00,2026-02-01 18:12:00,72.72,"25,234",CARD
L000078,ST034,U00762,2026-02-13 08:08:00,2026-02-13 08:31:00,43.74,16621,MEMBERSHIP
L000765,ST014,U01083,2026-07-25 10:06:00,2026-07-25 11:01:00,36.43,13843,CARD
L001174,ST038,U02651,2026-03-21 14:49:00,2026-03-21 15:47:00,113.74,,MEMBERSHIP
L001829,ST011,U00338,2026-05-15 20:53:00,2026-05-15 21:15:00,46.3,14816,MEMBERSHIP
L005899,ST013,U00567,2026-03-10 22:09:00,2026-03-10 22:41:00,87.03,27850,APP
L002754,ST032,U02650,2026/02/28 15:50:00,2026-02-28 16:48:00,74.04,28135,CARD
L000814,ST033,U02020,2026-02-21 07:02:00,2026-02-21 07:47:00,93.02,"29,766",APP
L002548,ST017,U02901,2026-07-21 11:36:00,2026-07-21 16:07:00,21.74,6348,MEMBERSHIP
L010264,ST004,U01564,2026-03-02 04:46:00,2026-03-02 05:46:00,129.29,41373,CARD
L005032,ST039,U01012,2026-07-08 00:32:00,2026-07-08 01:08:00,20.68,7176,CARD
L006316,ST024,U01934,2026-07-08 13:15:00,2026-07-08 13:37:00,55.82,19370,MEMBERSHIP
L005348,ST012,U00055,20260104101000,2026-01-04 10:59:00,33.15,10608,CARD
L011444,ST002,U00374,2026-07-05 19:47:00,2026-07-05 23:32:00,36.01,10515,CARD
L001981,ST025,U01897,2026/01/15 18:22:00,2026-01-16 01:48:00,29.69,8669,APP
L001015,ST009,U00053,2026-03-12 15:01:00,2026-03-12 15:49:00,33.34,11569,APP
L009884,ST010,U02099,2026-05-25 02:06:00,2026-05-25 07:48:00,26.14,7633,MEMBERSHIP
L002160,ST003,U01847,2026-03-27 16:48:00,2026-03-27 17:08:00,43.08,13786,CARD
L005777,ST009,U00209,2026-05-14 10:05:00,2026-05-14 10:58:00,26.44,9175,APP
L006577,ST007,U00978,2026-06-07 13:41:00,2026-06-07 14:25:00,90.57,28982,APP
L000582,ST031,U00434,2026-05-17 16:49:00,2026-05-17 17:25:00,77.9,29602,APP
L001594,ST007,U01890,2026-04-04 06:31:00,2026-04-04 07:13:00,61.15,19568,app
L000553,ST024,U01543,2026-02-15 21:32:00,2026-02-15 22:12:00,115.35,40026,MEMBERSHIP
L000471,ST036,U02440,2026-02-05 08:03:00,2026-02-05 15:14:00,61.68,,APP
L006751,ST011,U00507,2026-02-21 09:12:00,2026-02-21 09:35:00,49.18,15738,CARD
L005083,ST031,U02971,2026-02-23 20:14:00,2026-02-23 20:46:00,55.28,21006,APP
L007892,ST007,U02236,2026/07/03 08:25:00,2026-07-03 08:46:00,34.44,11021, APP 
L003857,ST012,U02338,2026-03-29 19:38:00,2026-03-29 20:33:00,27.25,8720,APP
L009746,ST034,U01335,2026-05-26 12:22:00,2026-05-26 13:03:00,120.85,45923, APP 
L000554,ST016,U02240,2026-06-25 04:46:00,2026-06-25 09:54:00,28.47,7260,APP
L004321,ST008,U01977,20260116101500,2026-01-16 15:48:00,31.07,7923,CARD
L008717,ST039,U00179,2026-07-19 02:35:00,2026-07-19 03:15:00,23.13,8026,CARD
L010813,ST031,U00356,2026-05-25 11:28:00,2026-05-25 12:08:00,71.25,27075,CARD
L005687,ST001,U01752,2026-07-16 07:19:00,2026-07-16 08:03:00,95.91,36446,MEMBERSHIP
L010314,ST014,U02793,2026-05-15 11:16:00,2026-05-15 11:49:00,23.61,8972,CARD
L009862,ST010,U00915,2026-04-13 06:32:00,2026-04-13 11:15:00,28.08,8199,CARD
L006810,ST016,U00844,2026-03-01 09:09:00,2026-03-01 17:03:00,39.08,9965,MEMBERSHIP
L000463,ST020,U02153,2026-05-20 00:30:00,2026-05-20 01:06:00,23.3,7456,Card
L010325,ST040,U01283,20260209075600,2026-02-09 13:47:00,,15263,MEMBERSHIP
L004255,ST032,U00957,2026-06-04 14:02:00,2026-06-04 14:48:00,49.31,18738,Card
L001688,ST007,U00568,2026-05-16 15:05:00,2026-05-16 15:33:00,54.48,17434,APP
L010508,ST013,U00862,2026-03-15 14:25:00,2026-03-15 14:52:00,50.11,16035,APP
L000207,ST015,U02190,2026-06-20 09:38:00,2026-06-20 10:05:00,38.47,12310,APP
L011406,ST002,U00099,2026-04-29 12:18:00,2026-04-29 16:09:00,33.37,9744,card
L004648,ST040,U01224,2026-03-27 01:30:00,2026-03-27 08:12:00,46.76,13654,APP
L004280,ST036,U00598,2026-01-05 02:17:00,2026-01-05 07:26:00,32.43,9470,APP
L000133,ST004,U02185,2026/04/16 21:42:00,2026-04-16 22:06:00,,15622,MEMBERSHIP
L006742,ST038,U02203,2026-07-24 00:31:00,2026-07-24 01:13:00,99.95,31984,CARD
L001671,ST040,U02510,2026-06-18 08:04:00,2026-06-18 15:21:00,66.0,19272,MEMBERSHIP
L004290,ST036,U00304,2026/01/09 11:59:00,2026-01-09 15:36:00,29.36,8573,CARD
L000676,ST021,U00824,2026-03-22 00:16:00,2026-03-22 04:22:00,19.11,5580,APP
L003077,ST010,U00450,2026-07-04 03:37:00,2026-07-04 08:04:00,26.81,7829,CARD
L005893,ST001,U00818,2026-04-02 00:04:00,2026-04-02 01:04:00,116.41,,MEMBERSHIP
L003355,ST011,U02990,2026-03-14 19:18:00,2026-03-14 20:10:00,78.26,25043,CARD
L001765,ST019,U02508,2026-03-17 20:39:00,2026-03-17 21:06:00,60.85,21115,APP
L009542,ST021,U00203,2026-04-29 15:40:00,2026-04-29 21:59:00,25.66,7493,APP
L000795,ST002,U01499,2026-05-04 00:32:00,2026-05-04 05:45:00,43.85,12804,membership
L001997,ST030,U00040,2026-06-26 22:56:00,2026-06-26 23:45:00,114.74,36717,MEMBERSHIP
L008563,ST009,U02613,2026-02-07 04:00:00,2026-02-07 04:23:00,17.22,5975,card
L002257,ST030,U00343,2026-03-06 21:29:00,2026-03-06 22:10:00,76.43,24458,CARD
L010127,ST019,U02733,2026-04-15 21:53:00,2026-04-15 22:26:00,75.52,26205,MEMBERSHIP
L004516,ST002,U01178,20260616180900,2026-06-16 23:19:00,41.79,12203,MEMBERSHIP
L002721,ST016,U01982,20260508180900,2026-05-08 22:16:00,20.27,5169,CARD
L001719,ST007,U02588,20260519103000,2026-05-19 11:05:00,48.64,15565,CARD
L002411,ST030,U01900,2026-02-09 22:19:00,2026-02-09 22:52:00,75.1,24032,MEMBERSHIP
L007489,ST028,U00385,2026-04-08 19:09:00,2026-04-08 19:31:00,31.72,10150,CARD
L000835,ST016,U02813,2026-02-17 23:12:00,2026-02-18 03:38:00,18.55,4730,APP
L010821,ST036,U02385,2026-04-07 19:29:00,2026-04-07 22:51:00,23.22,6780,CARD
L011801,ST034,U01549,2026/04/28 16:28:00,2026-04-28 17:00:00,-,35633,CARD
L006361,ST024,U02175,2026-06-25 08:15:00,2026-06-25 08:59:00,-,39565,MEMBERSHIP
L000660,ST006,U02099,2026-05-25 05:26:00,2026-05-25 09:42:00,21.0,6132,MEMBERSHIP
L008658,ST012,U00167,2026-01-28 00:36:00,2026-01-28 00:56:00,10.72,3430,CARD
L001465,ST040,U01494,2026-03-02 01:04:00,2026-03-02 05:29:00,36.08,10535,CARD
L001854,ST028,U00456,2026-06-06 05:50:00,2026-06-06 06:38:00,56.98,18234,CARD
L005931,ST039,U02548,2026-06-10 19:28:00,2026-06-10 20:16:00,32.78,11375,CARD
L009228,ST021,U02227,20260309163800,2026-03-09 21:59:00,29.35,8570,APP
L001017,ST037,U02261,2026-01-13 13:58:00,2026-01-13 14:33:00,,19592,membership
L006945,ST037,U01153,2026-02-13 11:13:00,2026-02-13 12:00:00,-,24349,APP
L004259,ST011,U01572,2026-04-15 18:52:00,2026-04-15 19:20:00,42.49,13597,APP
L004471,ST006,U01359,20260302154700,2026-03-02 22:56:00,44.17,12898,MEMBERSHIP
L008281,ST016,U01185,2026-04-12 23:27:00,2026-04-13 06:02:00,36.18,9226,MEMBERSHIP
L001555,ST014,U02524,2026-02-01 22:50:00,2026-02-01 23:19:00,21.7,8246,app
L010919,ST038,U01914,2026-07-13 18:17:00,2026-07-13 19:06:00,109.28,34970,MEMBERSHIP
L008256,ST008,U01048,2026-06-04 04:18:00,2026-06-04 06:48:00,10.91,2782,MEMBERSHIP
L009917,ST028,U00163,2026-05-15 05:49:00,2026-05-15 06:19:00,36.12,11558,MEMBERSHIP
L010375,ST012,U02715,2026-07-25 18:12:00,2026-07-25 18:49:00,17.31,5539,Card
L011993,ST022,U02819,2026-05-27 12:46:00,2026-05-27 13:34:00,91.61,31789,CARD
L005111,ST028,U00397,2026-04-04 19:19:00,2026-04-04 20:17:00,81.22,25990,APP
L000691,ST032,U01124,2026-03-29 17:20:00,2026-03-29 18:15:00,64.94,24677,APP
L001773,ST026,U01414,2026-01-12 03:14:00,2026-01-12 03:50:00,89.89,34158,MEMBERSHIP
L008099,ST016,U00685,2026-07-21 23:28:00,2026-07-22 06:23:00,32.71,8341,CARD
L009615,ST012,U00031,2026-05-11 21:56:00,2026-05-11 22:34:00,21.83,6986,MEMBERSHIP
L005343,ST022,U01403,20260712010800,2026-07-12 01:57:00,85.39,29630,MEMBERSHIP
L010977,ST005,U02549,2026-05-30 10:00:00,2026-05-30 10:36:00,92.43,29578,CARD
L002677,ST010,U00535,2026-04-15 17:38:00,2026-04-16 00:00:00,33.13,9674,MEMBERSHIP
L001946,ST020,U02064,2026-01-23 15:31:00,2026-01-23 16:02:00,21.81,6979,CARD
L003278,ST028,U01062,2026/03/15 16:07:00,2026-03-15 16:40:00,33.28,,MEMBERSHIP
L005100,ST039,U02424,2026-07-18 11:34:00,2026-07-18 12:04:00,22.26,7724,CARD
L004837,ST032,U02556,2026-04-18 01:43:00,2026-04-18 02:04:00,28.24,10731,MEMBERSHIP
L000379,ST009,U00664,2026/03/07 20:21:00,2026-03-07 21:16:00,32.09,11135,app
L006322,ST015,U00487,2026-07-18 13:58:00,2026-07-18 14:21:00,51.3,16416,CARD
L006841,ST024,U00697,2026-07-22 22:03:00,2026-07-22 22:50:00,114.57,39756,APP
L000222,ST032,U02796,2026-04-01 09:14:00,2026-04-01 09:49:00,47.64,18103,MEMBERSHIP
L011181,ST019,U02178,2026-01-29 20:59:00,2026-01-29 21:55:00,149.35,51824,APP
L009095,ST021,U02904,2026-04-04 00:46:00,2026-04-04 03:51:00,15.99,4669,CARD
L010619,ST024,U02851,20260708005600,2026-07-08 01:47:00,152.54,52931,CARD
L011917,ST030,U01573,2026-07-09 13:18:00,2026-07-09 13:38:00,49.3,15776,APP
L008860,ST019,U02678,2026-06-05 13:55:00,2026-06-05 14:53:00,120.18,41702,Card
L008409,ST010,U01196,2026-01-08 06:55:00,2026-01-08 10:14:00,20.18,5893,MEMBERSHIP
L005607,ST040,U01972,2026-05-11 12:38:00,2026-05-11 17:02:00,37.85,11052,APP
L006114,ST029,U02734,2026-03-19 16:51:00,2026-03-19 21:21:00,42.61,12442,APP
L010126,ST012,U00044,20260623221100,2026-06-23 22:37:00,18.28,5850,MEMBERSHIP
L005638,ST037,U00896,2026-04-29 04:33:00,2026-04-29 05:04:00,63.62,22076,CARD
L009322,ST039,U02895,2026-04-18 16:24:00,2026-04-18 17:05:00,23.03,7991,MEMBERSHIP
L010846,ST036,U01633,2026-05-24 05:19:00,2026-05-24 09:25:00,33.41,9756,MEMBERSHIP
L005295,ST029,U02513,2026-06-26 04:17:00,2026-06-26 07:58:00,28.53,8331,CARD
L008900,ST027,U00685,20260301133700,2026-03-01 17:26:00,20.17,5890,APP
L010583,ST006,U02768,2026/07/03 21:02:00,2026-07-04 00:47:00,19.55,5709,MEMBERSHIP
L002583,ST019,U00522,2026/07/02 23:42:00,2026-07-03 00:16:00,64.98,22548,CARD
L007650,ST035,U02621,20260527035600,2026-05-27 08:37:00,33.78,8614,APP
L011495,ST020,U01220,2026-03-29 13:43:00,2026-03-29 14:18:00,24.46,7827,MEMBERSHIP
L002600,ST003,U02479,2026-07-15 08:29:00,2026-07-15 08:49:00,31.83,10186,CARD
L001545,ST001,U00672,2026-02-06 19:34:00,2026-02-06 20:06:00,47.93,18213,APP
L000654,ST024,U00671,2026-03-28 11:02:00,2026-03-28 11:34:00,69.42,24089,CARD
L002451,ST027,U00783,2026-02-11 10:22:00,2026-02-11 13:12:00,13.38,3907,MEMBERSHIP
L008199,ST012,U02219,20260129234000,2026-01-30 00:18:00,22.27,7126,APP
L000439,ST006,U00767,2026/05/24 12:12:00,2026-05-24 15:36:00,20.25,5913,CARD
L008145,ST032,U02544,2026-03-15 06:18:00,2026-03-15 07:05:00,49.71,18890,CARD
L008688,ST016,U01104,2026-05-01 01:23:00,2026-05-01 08:55:00,35.61,9081,MEMBERSHIP
L009077,ST003,U02649,2026-01-23 18:40:00,2026-01-23 19:01:00,33.99,10877,APP
L007942,ST013,U01428,2026-04-17 07:56:00,2026-04-17 08:31:00,69.93,22378,APP
L008175,ST011,U02414,2026-07-06 04:25:00,2026-07-06 04:53:00,51.55,16496,MEMBERSHIP
L010995,ST040,U02071,2026-03-01 14:20:00,2026-03-01 21:28:00,59.29,17313,APP
L007594,ST024,U00865,2026-05-15 12:19:00,2026-05-15 12:42:00,62.4,"21,653", APP 
L003590,ST015,U01288,2026/03/08 13:07:00,2026-03-08 14:02:00,111.43,35658,CARD
L003621,ST033,U02976,2026-06-25 01:17:00,2026-06-25 02:05:00,89.94,28781,CARD
L011794,ST015,U01872,2026-06-25 19:20:00,2026-06-25 19:49:00,51.12,16358,MEMBERSHIP
L010002,ST011,U01288,2026-04-08 13:14:00,2026-04-08 13:39:00,42.96,13747,APP
L001320,ST036,U00650,2026-02-04 07:13:00,2026-02-04 13:08:00,N/A,"13,210",APP
L009634,ST004,U00219,2026-05-04 06:29:00,2026-05-04 06:59:00,57.12,18278,CARD
L001548,ST024,U01554,2026-06-11 15:28:00,2026-06-11 16:07:00,74.01,-25681,CARD
L006401,ST032,U02532,2026/03/31 05:13:00,2026-03-31 06:00:00,65.77,24993,CARD
L007999,ST036,U00425,2026/01/07 21:22:00,2026-01-08 03:26:00,43.14,,APP
L009133,ST005,U01760,2026-01-02 12:39:00,2026-01-02 13:19:00,109.34,34989,CARD
L001750,ST027,U02558,2026-07-13 16:44:00,2026-07-14 00:21:00,44.97,13131,MEMBERSHIP
L004707,ST023,U02914,2026-07-04 20:00:00,2026-07-04 20:58:00,,12374,Card
L009524,ST007,U00934,2026-07-24 08:19:00,2026-07-24 08:45:00,51.28,16410,APP
L009963,ST011,U00474,2026-06-14 22:09:00,2026-06-14 23:09:00,99.59,31869,CARD
L006093,ST040,U02816,2026-03-27 04:11:00,2026-03-27 08:59:00,32.31,9435,MEMBERSHIP
L001370,ST014,U00164,2026-05-06 02:02:00,2026-05-06 02:59:00,30.98,,APP
L002877,ST033,U00064,2026-04-16 01:52:00,2026-04-16 02:18:00,42.18,13498,APP
L005030,ST008,U00645,2026-06-25 06:48:00,2026-06-25 09:31:00,11.88,3029,MEMBERSHIP
L000342,ST011,U02635,2026-04-16 03:56:00,2026-04-16 04:44:00,91.76,29363,CARD
L002599,ST011,U01349,2026-07-21 15:45:00,2026-07-21 16:45:00,97.99,31357,MEMBERSHIP
L002740,ST024,U01614,2026/05/09 16:20:00,2026-05-09 16:56:00,100.26,34790, APP 
L008975,ST017,U02562,20260425135900,2026-04-25 16:19:00,10.38,3031,MEMBERSHIP
L000146,ST033,U02513,2026-07-02 14:13:00,2026-07-02 15:01:00,81.3,26016,APP
L004124,ST040,U01811,2026-06-04 21:03:00,2026-06-05 01:21:00,29.42,8591,APP
L002803,ST033,U00345,2026-02-07 12:06:00,2026-02-07 12:55:00,82.54,26413,CARD
L007166,ST018,U01241,2026/02/21 20:49:00,2026-02-22 02:50:00,34.21,9989,MEMBERSHIP
L004064,ST001,U01645,2026-06-28 11:56:00,2026-06-28 12:30:00,66.22,25164,APP
L011271,ST017,U00031,2026-07-27 22:43:00,2026-07-28 01:52:00,13.01,3799,CARD
L006472,ST016,U02899,2026-07-03 05:46:00,2026-07-03 09:41:00,19.0,4845,APP
L009718,ST039,U00387,2026-05-07 08:21:00,2026-05-07 09:03:00,23.88,8286,CARD
L001914,ST007,U00194,2026-01-25 11:47:00,2026-01-25 12:07:00,41.01,13123,membership
L006926,ST006,U01238,2026-07-17 01:04:00,2026-07-17 05:53:00,28.46,8310,APP
L010805,ST035,U01399,2026-07-18 20:16:00,2026-07-18 22:18:00,12.57,3205,MEMBERSHIP
L005480,ST031,U02458,2026-02-16 04:53:00,2026-02-16 05:39:00,99.28,37726,APP
L003656,ST038,U02723,2026-03-13 02:03:00,2026-03-13 02:41:00,112.04,35853,MEMBERSHIP
L008062,ST038,U00476,2026-02-26 12:40:00,2026-02-26 13:00:00,49.26,15763,card
L008295,ST006,U02345,2026-06-06 19:10:00,2026-06-06 23:04:00,17.77,5189,CARD
L011755,ST035,U00303,2026-05-05 06:18:00,2026-05-05 10:32:00,33.39,8514,CARD
L004520,ST036,U02653,2026-01-25 13:57:00,2026-01-25 18:20:00,33.88,9893,MEMBERSHIP
L002979,ST031,U02214,2026-03-23 04:46:00,2026-03-23 05:13:00,60.04,22815,MEMBERSHIP
L005866,ST006,U02193,2026-05-22 15:36:00,2026-05-22 23:27:00,46.94,13706,card
L001391,ST006,U00276,2026-04-26 04:44:00,2026-04-26 07:27:00,13.04,3808,MEMBERSHIP
L009272,ST023,U02005,2026-06-19 15:44:00,2026-06-19 16:31:00,29.67,9494,APP
L009818,ST032,U00113,2026-02-03 20:52:00,2026-02-03 21:41:00,64.08,24350,APP
L011830,ST027,U01458,2026-06-27 19:57:00,2026-06-28 01:26:00,23.63,6900,APP
L005233,ST009,U01159,2026-07-18 04:02:00,2026-07-18 04:41:00,28.45,9872,MEMBERSHIP
L007449,ST032,U01384,2026-03-14 04:29:00,2026-03-14 04:57:00,35.14,13353,CARD
L010050,ST037,U01844,2026-07-17 18:16:00,2026-07-17 19:00:00,84.48,29315,MEMBERSHIP
L004743,ST037,U01186,2026-04-18 12:15:00,2026-04-18 12:46:00,64.67,22440,MEMBERSHIP
L009245,ST004,U02621,2026-06-08 12:08:00,2026-06-08 12:32:00,36.52,11686,MEMBERSHIP
L004080,ST033,U00348,20260712183200,2026-07-12 19:02:00,48.69,15581,CARD
L009289,ST004,U01863,2026-01-21 00:17:00,2026-01-21 00:46:00,65.15,20848,CARD
L004607,ST030,U00474,2026/04/25 05:22:00,2026-04-25 05:43:00,53.17,17014,MEMBERSHIP
L010785,ST005,U02368,20260225223300,2026-02-25 23:25:00,130.15,41648,Card
L011807,ST002,U02394,2026-07-25 13:11:00,2026-07-25 18:25:00,36.52,10664,CARD
L001805,ST011,U01822,2026-01-04 18:31:00,2026-01-04 19:03:00,44.23,14154,APP
L010376,ST030,U02174,2026/04/01 21:38:00,2026-04-01 22:10:00,85.66,27411,MEMBERSHIP
L000314,ST011,U00920,2026-03-05 02:12:00,2026-03-05 02:43:00,54.48,17434,membership
L002612,ST003,U00858,2026/07/10 20:14:00,2026-07-10 21:07:00,73.32,23462,APP
L002415,ST029,U02360,2026-05-17 21:30:00,2026-05-17 23:41:00,14.67,4284,CARD
L000685,ST022,U00472,2026-01-29 07:16:00,2026-01-29 07:42:00,51.59,17902,APP
L000200,ST035,U01048,2026-06-20 22:41:00,2026-06-21 03:03:00,32.29,8234,card
L001652,ST014,U01762,2026-03-04 10:05:00,2026-03-04 10:55:00,23.39,8888,MEMBERSHIP
L009547,ST024,U01861,2026-07-16 06:00:00,2026-07-16 06:52:00,147.88,51314,app
L004809,ST013,U00652,2026-07-13 15:31:00,2026-07-13 16:01:00,85.13,27242,APP
L009132,ST033,U00106,20260510153900,2026-05-10 16:15:00,65.36,20915,APP
L009591,ST025,U00525,2026-03-04 08:55:00,2026-03-04 15:32:00,38.46,11230,CARD
L003564,ST036,U00995,2026-04-15 01:41:00,2026-04-15 04:31:00,25.45,7431,CARD
L007126,ST027,U00899,20260113180600,2026-01-14 01:30:00,44.7,,APP
L011691,ST031,U02174,2026/04/01 01:37:00,2026-04-01 00:59:00,112.06,42583,CARD
L011344,ST030,U02812,2026-07-15 23:30:00,2026-07-16 00:04:00,78.15,25008, APP 
L008384,ST023,U02297,2026-06-12 15:32:00,2026-06-12 16:25:00,38.46,12307,APP
L002916,ST040,U02464,2026-06-08 02:16:00,2026-06-08 08:45:00,53.39,15590,APP
L005265,ST029,U01721,20260724055200,2026-07-24 09:06:00,31.08,9075,MEMBERSHIP
L000836,ST007,U01138,2026-05-18 23:29:00,2026-05-18 23:58:00,64.1,20512,APP
L007512,ST011,U02202,2026-01-29 13:48:00,2026-01-29 14:15:00,60.02,19206,APP
L006773,ST015,U02944,2026/06/07 11:46:00,2026-06-07 12:36:00,73.02,23366,CARD
L002157,ST030,U01323,2026-04-06 12:28:00,2026-04-06 13:21:00,105.82,,APP
L003717,ST017,U02070,2026/06/16 14:57:00,2026-06-16 21:07:00,-,9820,APP
L009070,ST011,U01495,2026-07-08 00:50:00,2026-07-08 01:18:00,41.93,-13418,CARD
L001314,ST009,U02951,2026-03-13 13:32:00,2026-03-13 14:15:00,29.38,10195,app
L009040,ST001,U02193,2026-05-12 23:52:00,2026-05-13 00:44:00,99.21,37700,CARD
L008902,ST023,U00027,2026-03-13 06:55:00,2026-03-13 07:49:00,37.52,12006,MEMBERSHIP
L011985,ST003,U01090,2026-07-05 19:09:00,2026-07-05 19:44:00,74.01,23683,membership
L009364,ST015,U01661,2026-01-01 12:11:00,2026-01-01 12:38:00,40.54,12973,MEMBERSHIP
L002815,ST012,U02867,2026/05/19 16:30:00,2026-05-19 17:06:00,26.05,8336,APP
L002370,ST032,U00367,2026-05-17 07:24:00,2026-05-17 08:03:00,56.37,21421,CARD
L002074,ST002,U02780,2026/07/11 01:46:00,2026-07-11 07:51:00,54.02,15774,APP
L008283,ST021,U01149,2026-02-16 21:01:00,2026-02-17 02:29:00,22.24,6494,MEMBERSHIP
L002724,ST008,U00322,2026-05-07 00:57:00,2026-05-07 07:48:00,35.05,8938,CARD
L008585,ST009,U02469,2026-05-10 11:36:00,2026-05-10 12:10:00,17.25,5986,APP
L009577,ST005,U02405,2026-06-05 14:20:00,2026-06-05 15:07:00,114.37,36598,APP
L004812,ST020,U00061,20260111012200,2026-01-11 01:51:00,13.8,4416,MEMBERSHIP
L010204,ST031,U02095,2026-03-04 15:49:00,2026-03-04 16:11:00,48.3,18354,Card
L008767,ST008,U02266,2026-04-07 23:32:00,2026-04-08 02:52:00,13.39,3414,CARD
L004828,ST030,U02433,2026-02-09 06:16:00,2026-02-09 06:47:00,61.07,19542,APP
L004886,ST016,U02553,2026-07-12 04:02:00,2026-07-12 11:24:00,43.03,10973,membership
L005390,ST011,U02372,2026-06-19 20:56:00,2026-06-19 21:53:00,94.65,30288,MEMBERSHIP
L010322,ST025,U02094,2026-02-11 19:11:00,2026-02-12 01:39:00,28.26,8252,MEMBERSHIP
L005214,ST030,U01565,2026/06/25 01:24:00,2026-06-25 02:08:00,84.98,27194,APP
L007778,ST031,U02096,2026-03-24 06:06:00,2026-03-24 06:37:00,63.4,24092,CARD
L003230,ST035,U01016,2026-05-07 18:17:00,2026-05-07 23:52:00,54.51,13900,CARD
L011436,ST010,U00762,2026-01-04 06:22:00,2026-01-04 09:36:00,13.35,3898,CARD
L005039,ST023,U00787,2026-06-20 08:32:00,2026-06-20 09:01:00,14.71,4707,MEMBERSHIP
L009166,ST024,U02186,2026-06-07 10:59:00,2026-06-07 11:57:00,158.79,55100,APP
L004332,ST022,U00276,2026-06-27 00:34:00,2026-06-27 01:05:00,59.55,20664,card
L004524,ST038,U00095,2026-05-14 19:28:00,2026-05-14 20:28:00,142.97,45750,CARD
L010363,ST027,U00287,2026/04/30 01:47:00,2026-04-30 05:31:00,16.8,4906,APP
L007382,ST035,U01019,2026-04-04 01:02:00,2026-04-04 03:26:00,22.92,5845,APP
L005766,ST005,U02678,2026-03-31 02:01:00,2026-03-31 02:39:00,105.05,33616,APP
L011123,ST027,U00439,2026-06-21 20:09:00,2026-06-22 03:15:00,34.75,,MEMBERSHIP
L011429,ST006,U02077,20260411125300,2026-04-11 16:26:00,13.88,4053,APP
L006030,ST012,U01360,2026-01-14 07:06:00,2026-01-14 07:26:00,10.39,3325,CARD
L008296,ST020,U00545,2026-02-14 19:53:00,2026-02-14 20:24:00,18.63,5962,CARD
L011573,ST033,U00206,2026-01-12 15:09:00,2026-01-12 15:43:00,57.29,18333,APP
L001183,ST034,U01930,2026-05-05 15:35:00,2026-05-05 16:34:00,110.59,42024,APP
L010766,ST038,U01394,2026-06-11 17:43:00,2026-06-11 18:34:00,112.43,35978,CARD
L002640,ST008,U00945,2026-02-23 14:32:00,2026-02-23 21:32:00,28.43,7250,APP
L007634,ST004,U01443,2026-02-18 07:28:00,2026-02-18 08:01:00,70.24,22477,MEMBERSHIP
L008933,ST004,U02992,2026-06-03 10:18:00,2026-06-03 10:56:00,73.89,23645,app
L000686,ST034,U00156,2026-03-24 11:22:00,2026-03-24 11:52:00,58.65,22287,APP
L007814,ST016,U01465,20260110072200,2026-01-10 14:11:00,33.98,8665,MEMBERSHIP
L008208,ST034,U02312,2026-05-23 08:58:00,2026-05-23 09:49:00,118.78,45136,CARD
L001067,ST016,U01722,2026-06-27 08:24:00,2026-06-27 12:52:00,22.97,5857,CARD
L005446,ST010,U02486,2026-06-19 11:00:00,2026-06-19 18:18:00,45.39,13254,membership
L010624,ST008,U00257,2026-06-18 20:48:00,2026-06-19 00:29:00,16.73,4266,MEMBERSHIP
L011312,ST019,U02899,20260716082800,2026-07-16 09:12:00,105.29,36536,CARD
L000888,ST005,U00848,2026-07-02 21:13:00,2026-07-02 21:53:00,78.0,24960,CARD
L002033,ST023,U02261,2026-01-11 01:35:00,2026-01-11 02:34:00,33.96,10867,APP
L002680,ST010,U00258,2026-05-09 12:37:00,2026-05-09 17:09:00,23.59,6888,APP
L010459,ST017,U00321,2026-01-26 17:54:00,2026-01-27 01:06:00,31.78,9280,card
L007229,ST032,U02787,2026-05-07 04:09:00,2026-05-07 04:31:00,26.55,10089,APP
L000785,ST024,U00011,2026-05-31 09:06:00,2026-05-31 09:41:00,100.54,34887,CARD
L007926,ST010,U00439,2026/02/26 02:28:00,2026-02-26 06:58:00,23.15,6760,APP
L008139,ST027,U00992,2026/05/20 13:52:00,2026-05-20 17:50:00,16.22,4736,CARD
L000971,ST002,U00763,2026/07/25 09:13:00,2026-07-25 14:57:00,41.78,12200,MEMBERSHIP
L006392,ST023,U02901,2026-06-17 20:49:00,2026-06-17 21:23:00,23.33,7466,MEMBERSHIP
L002279,ST038,U00095,2026-06-27 02:48:00,2026-06-27 03:48:00,175.22,56070,APP
L010031,ST032,U00585,2026-04-29 22:53:00,2026-04-29 23:31:00,35.44,13467,APP
L001243,ST003,U02183,20260411083400,2026-04-11 09:25:00,109.99,35197,CARD
L002291,ST032,U01112,2026-01-25 23:57:00,2026-01-26 00:45:00,63.13,23989,CARD
L003110,ST017,U00594,20260110021100,2026-01-10 06:04:00,18.22,5320,APP
L007441,ST025,U01647,2026-04-18 01:46:00,2026-04-18 05:03:00,18.8,5490,APP
L011811,ST032,U02373,2026-07-18 14:20:00,2026-07-18 14:57:00,38.54,14645,MEMBERSHIP
L010144,ST004,U00398,2026-06-25 13:14:00,2026-06-25 13:55:00,69.14,22125,APP
L000688,ST035,U02806,2026/04/06 21:17:00,2026-04-07 00:26:00,28.26,7206,APP
L002780,ST004,U02292,2026-04-21 20:54:00,2026-04-21 21:36:00,59.89,19165,APP
L002338,ST030,U02354,2026-05-11 05:48:00,2026-05-11 06:21:00,71.34,22829,MEMBERSHIP
L008326,ST021,U01265,2026-01-30 11:23:00,2026-01-30 17:04:00,31.73,9265,APP
L011000,ST040,U00632,2026-05-17 13:44:00,2026-05-17 21:26:00,54.89,16028,CARD
L011318,ST025,U02899,20260715084800,2026-07-15 15:35:00,32.79,9575, APP 
L004563,ST016,U02254,2026/05/07 07:03:00,2026-05-07 15:03:00,47.07,12003,MEMBERSHIP
L010442,ST026,U00619,2026-07-23 16:21:00,2026-07-23 17:18:00,107.82,40972,CARD
L011941,ST029,U02908,2026-03-27 23:33:00,2026-03-28 06:09:00,59.43,17354,MEMBERSHIP
L002864,ST024,U00072,2026-03-25 23:53:00,2026-03-26 00:13:00,41.35,14348,CARD
L000866,ST010,U00652,2026-05-22 18:26:00,2026-05-22 23:32:00,31.96,9332,MEMBERSHIP
L008745,ST029,U00176,2026/01/11 04:41:00,2026-01-11 10:31:00,43.4,12673,MEMBERSHIP
L005686,ST022,U00979,2026-02-05 16:18:00,2026-02-05 17:05:00,81.14,28156,CARD
L010315,ST010,U02810,2026-01-02 00:52:00,2026-01-02 05:31:00,19.43,5674,MEMBERSHIP
L006699,ST024,U01647,2026-03-09 19:05:00,2026-03-09 19:36:00,76.82,26657,CARD
L000278,ST025,U01922,2026-06-24 17:22:00,2026-06-25 00:53:00,30.42,8883,APP
L001137,ST027,U02924,2026/02/07 01:16:00,2026-02-07 04:52:00,19.27,5627,MEMBERSHIP
L011738,ST011,U01495,2026/07/22 18:24:00,2026-07-22 19:04:00,78.87,25238,APP
L008503,ST017,U01079,2026-03-18 10:18:00,2026-03-18 14:50:00,25.8,7534,Card
L006819,ST032,U01675,2026-03-15 14:24:00,2026-03-15 14:49:00,29.96,11385,MEMBERSHIP
L002750,ST025,U01401,2026-04-27 15:00:00,2026-04-27 21:30:00,29.18,8521,MEMBERSHIP
L004685,ST033,U02875,2026-01-23 06:47:00,2026-01-23 07:14:00,37.73,12074,MEMBERSHIP
L009090,ST016,U01981,2026/06/28 19:09:00,2026-06-28 23:33:00,22.04,5620,MEMBERSHIP
L009756,ST019,U02038,20260502132300,2026-05-02 13:59:00,106.64,37004,CARD
L002665,ST004,U01013,2026-07-07 05:06:00,2026-07-07 05:57:00,98.28,31450,MEMBERSHIP
L002355,ST013,U02704,2026-06-01 19:22:00,2026-06-01 20:16:00,,48730,CARD
L003039,ST005,U01133,2026-04-19 12:05:00,2026-04-19 12:39:00,75.53,24170,CARD
L008501,ST029,U00267,2026-05-24 14:49:00,2026-05-24 18:16:00,27.63,8068,Card
L006617,ST013,U02191,2026-01-15 09:51:00,2026-01-15 10:33:00,86.6,27712,MEMBERSHIP
L011835,ST036,U00068,2026-06-03 17:22:00,2026-06-04 00:08:00,47.91,13990,membership
L006974,ST001,U01172,2026-03-04 08:17:00,2026-03-04 09:09:00,110.44,41967,MEMBERSHIP
L007583,ST034,U00097,2026-03-06 07:31:00,2026-03-06 08:24:00,115.05,43719,APP
L001513,ST012,U00177,2026-03-07 08:31:00,2026-03-07 09:16:00,33.15,10608,APP
L004877,ST001,U02458,2026-03-05 19:46:00,2026-03-05 20:39:00,97.74,37141,CARD
L001270,ST013,U02638,2026-06-02 11:31:00,2026-06-02 12:24:00,142.45,45584,APP
L000011,ST037,U02204,2026-06-20 22:40:00,2026-06-20 23:02:00,45.69,15854,APP
L005472,ST020,U00872,2026-05-19 07:01:00,2026-05-19 07:42:00,24.87,7958,MEMBERSHIP
L008719,ST027,U02514,2026-02-21 10:50:00,2026-02-21 17:44:00,31.01,9055,MEMBERSHIP
L001434,ST008,U02348,2026-03-21 06:01:00,2026-03-21 11:26:00,-,5511,membership
L008024,ST024,U01159,2026-01-02 23:57:00,2026-01-03 00:38:00,92.11,31962,CARD
L010929,ST009,U01151,20260605152200,2026-06-05 16:13:00,35.51,12322,MEMBERSHIP
L004372,ST021,U02884,2026-07-28 11:33:00,2026-07-28 17:09:00,34.45,10059,APP
L001152,ST030,U01139,2026/06/19 18:53:00,2026-06-19 19:40:00,138.73,44394,membership
L008479,ST013,U02973,2026/01/23 05:39:00,2026-01-23 06:19:00,85.88,27482,APP
L004142,ST023,U02500,2026-04-19 12:03:00,2026-04-19 12:26:00,11.32,3622,APP
L004112,ST020,U02879,2026-03-10 12:11:00,2026-03-10 12:42:00,20.74,6637,CARD
L007842,ST036,U02759,2026-04-28 13:25:00,2026-04-28 16:40:00,28.31,8267,APP
L001199,ST022,U00168,2026-05-24 04:15:00,2026-05-24 04:41:00,35.81,12426,APP
L002048,ST005,U02318,2026/02/22 19:48:00,2026-02-22 20:13:00,74.78,23930,APP
L010443,ST007,U00468,2026-04-10 18:23:00,2026-04-10 19:00:00,66.39,21245,APP
L002254,ST031,U02512,2026-01-29 16:03:00,2026-01-29 16:36:00,48.58,18460,APP
L004312,ST009,U00735,2026-05-26 05:49:00,2026-05-26 06:19:00,21.31,7395,CARD
L001819,ST006,U02223,2026-04-23 11:20:00,2026-04-23 17:13:00,30.22,"8,824",MEMBERSHIP
L008103,ST039,U00114,2026-07-29 07:23:00,2026-07-29 08:20:00,31.33,10872,MEMBERSHIP
L007770,ST009,U02936,2026-04-05 21:35:00,2026-04-05 22:33:00,34.51,11975,APP
L002547,ST034,U02720,2026-05-28 08:28:00,2026-05-28 09:08:00,107.17,40725,APP
L004023,ST021,U01198,2026/04/29 01:48:00,2026-04-29 08:42:00,42.9,12527,MEMBERSHIP
L000392,ST021,U02972,2026-04-04 16:28:00,2026-04-04 22:08:00,28.64,8363,MEMBERSHIP
L006920,ST037,U01572,2026-04-06 05:43:00,2026-04-06 06:33:00,107.5,37302,MEMBERSHIP
L005982,ST004,U00087,2026-03-18 12:30:00,2026-03-18 12:58:00,51.7,16544,MEMBERSHIP
L003570,ST034,U00951,2026-07-18 00:19:00,2026-07-18 00:45:00,58.09,22074,CARD
L007055,ST023,U00300,20260220165100,2026-02-20 17:49:00,31.05,9936,MEMBERSHIP
L006880,ST005,U01975,2026-02-01 03:37:00,2026-02-01 04:00:00,66.92,21414,APP
L011434,ST010,U02932,2026-05-14 02:34:00,2026-05-14 09:24:00,41.17,12022,MEMBERSHIP
L002124,ST033,U00609,2026/03/14 22:30:00,2026-03-14 23:10:00,80.74,25837,MEMBERSHIP
L006661,ST002,U01586,2026-05-31 19:16:00,2026-06-01 00:37:00,33.32,9729,MEMBERSHIP
L011071,ST003,U00218,2026-06-21 21:36:00,2026-06-21 22:34:00,111.03,35530,MEMBERSHIP
L006236,ST010,U02265,2026-07-14 13:01:00,2026-07-14 18:25:00,24.94,7282,card
L006145,ST022,U01046,2026-02-07 07:40:00,2026-02-07 08:23:00,72.47,25147,CARD
L011843,ST004,U02742,2026-07-04 17:16:00,2026-07-04 17:58:00,71.57,22902,APP
L001010,ST016,U01284,2026-03-03 12:59:00,2026-03-03 19:19:00,38.44,9802,Card
L007286,ST019,U01972,2026-04-01 04:39:00,2026-04-01 05:15:00,77.82,27004,Card
L009987,ST033,U00937,2026-05-13 22:43:00,2026-05-13 23:39:00,95.29,30493,MEMBERSHIP
L005632,ST008,U02483,2026-06-27 16:57:00,2026-06-27 23:48:00,39.99,10197,MEMBERSHIP
L008919,ST009,U00670,2026-07-05 17:22:00,2026-07-05 18:02:00,26.77,9289,MEMBERSHIP
L009140,ST035,U02785,2026-06-25 05:09:00,2026-06-25 08:40:00,33.0,8415,app
L002113,ST014,U00169,20260102025700,2026-01-02 03:30:00,22.63,8599,MEMBERSHIP
L011618,ST017,U00844,2026-04-16 01:16:00,2026-04-16 05:57:00,24.44,7136,MEMBERSHIP
L008820,ST009,U02169,2026-03-05 19:56:00,2026-03-05 20:20:00,14.41,5000,APP
L008741,ST014,U01842,2026-07-09 01:04:00,2026-07-09 01:28:00,13.29,5050,MEMBERSHIP
L006995,ST003,U00199,2026-03-17 19:01:00,2026-03-17 19:57:00,83.02,26566, APP 
L000461,ST002,U01226,2026-02-28 15:37:00,2026-02-28 23:25:00,73.71,21523,MEMBERSHIP
L008997,ST017,U00112,2026-01-24 08:05:00,2026-01-24 11:49:00,22.65,6614,APP
L004398,ST011,U01057,2026-04-28 06:48:00,2026-04-28 07:35:00,71.53,22890,CARD
L010013,ST039,U00127,2026-07-29 15:01:00,2026-07-29 15:59:00,28.77,9983,MEMBERSHIP
L010741,ST020,U02221,2026-04-09 18:20:00,2026-04-09 18:48:00,15.55,4976,APP
L003069,ST024,U02677,2026-06-23 06:32:00,2026-06-23 07:31:00,137.21,47612,MEMBERSHIP
L010096,ST007,U02810,2026-02-12 19:31:00,2026-02-12 20:10:00,79.47,25430,CARD
L001848,ST004,U02858,2026-03-03 05:59:00,2026-03-03 06:37:00,65.43,20938,CARD
L005067,ST019,U02157,20260725104000,2026-07-25 11:01:00,55.25,19172,CARD
L006118,ST024,U00512,2026-06-16 04:11:00,2026-06-16 05:05:00,122.9,42646,CARD
L001360,ST028,U02868,2026-06-17 23:35:00,2026-06-18 00:17:00,54.77,17526,CARD
L009808,ST007,U00540,2026-05-20 14:30:00,2026-05-20 14:52:00,38.95,12464,CARD
L008250,ST032,U02441,2026-03-13 16:09:00,2026-03-13 17:08:00,84.17,31985,CARD
L011277,ST008,U01163,2026/02/26 06:11:00,2026-02-26 12:42:00,32.55,8300,MEMBERSHIP
L010910,ST009,U01010,2026-06-11 08:35:00,2026-06-11 09:16:00,21.59,7492,APP
L011524,ST009,U01188,2026-03-09 00:41:00,2026-03-09 01:36:00,35.77,12412,APP
L011290,ST003,U01571,20260424061900,2026-04-24 06:59:00,82.05,26256,APP
L006565,ST030,U02667,2026-05-02 14:28:00,2026-05-02 15:24:00,154.8,49536,MEMBERSHIP
L010224,ST018,U00027,2026-05-07 14:50:00,2026-05-07 17:34:00,12.34,3603,MEMBERSHIP
L000391,ST035,U02412,2026-01-12 05:04:00,2026-01-12 11:21:00,47.27,12054,MEMBERSHIP
L010745,ST027,U01914,20260708133900,2026-07-08 20:37:00,35.42,10343,CARD
L006058,ST024,U00855,2026-02-07 01:44:00,2026-02-07 02:34:00,123.56,42875,CARD
L003738,ST010,U01868,2026-03-05 10:58:00,2026-03-05 13:56:00,13.92,4065,MEMBERSHIP
L005093,ST006,U00121,2026-07-27 01:24:00,2026-07-27 09:13:00,30.6,8935,CARD
L009359,ST030,U02764,20260710115300,2026-07-10 12:53:00,132.13,42282,CARD
L008988,ST002,U01956,2026-03-19 04:18:00,2026-03-19 10:16:00,54.69,15969,CARD
L009298,ST027,U02351,2026-03-21 02:00:00,2026-03-21 06:51:00,20.84,6085,MEMBERSHIP
L006790,ST038,U00496,2026-07-21 08:08:00,2026-07-21 08:45:00,103.7,33184,APP
L005923,ST024,U00471,2026-01-31 23:43:00,2026-02-01 00:16:00,81.88,28412,card
L010351,ST004,U01697,2026/01/19 03:14:00,2026-01-19 03:43:00,45.48,14554,APP
L004417,ST032,U02160,20260322134300,2026-03-22 14:38:00,63.18,24008,MEMBERSHIP
L007775,ST037,U00364,2026-03-30 15:51:00,2026-03-30 16:32:00,63.75,22121, APP 
L007117,ST015,U00955,2026-02-25 19:56:00,2026-02-25 20:29:00,72.29,23133,CARD
L004438,ST040,U00351,2026-05-03 01:22:00,2026-05-03 07:52:00,53.53,15631,APP
L002510,ST026,U01888,2026/04/04 16:26:00,2026-04-04 16:47:00,58.1,22078,MEMBERSHIP
L006551,ST026,U01616,2026-04-07 06:11:00,2026-04-07 06:45:00,99.31,37738,APP
L000690,ST009,U00764,2026-05-19 02:56:00,2026-05-19 03:16:00,12.27,4258,CARD
L004919,ST005,U02967,2026-05-14 20:14:00,2026-05-14 20:47:00,67.02,21446,MEMBERSHIP
L007022,ST036,U01192,2026-03-31 08:27:00,2026-03-31 13:36:00,34.9,10191,APP
L006455,ST012,U02423,2026/06/04 00:22:00,2026-06-04 01:11:00,34.11,10915,CARD
L008023,ST032,U00252,2026-04-16 13:54:00,2026-04-16 14:21:00,30.93,11753,MEMBERSHIP
L001073,ST013,U00737,2026-02-12 16:08:00,2026-02-12 16:35:00,51.68,16538,APP
L003477,ST003,U00902,2026-02-13 01:54:00,2026-02-13 02:16:00,43.5,13920,CARD
L010353,ST017,U01330,2026-07-01 21:35:00,2026-07-02 05:31:00,38.0,11096,APP
L006135,ST029,U02575,2026-02-25 13:32:00,2026-02-25 16:23:00,25.62,7481,APP
L003689,ST030,U00776,2026-06-02 12:20:00,2026-06-02 13:04:00,99.77,31926,CARD
L010832,ST027,U01486,2026-05-07 11:17:00,2026-05-07 16:44:00,26.21,7653,CARD
L001037,ST029,U00708,2026-07-12 01:02:00,2026-07-12 07:42:00,49.58,14477,APP
L011546,ST011,U01457,2026-05-08 04:07:00,2026-05-08 04:59:00,81.43,26058,CARD
L008517,ST022,U02571,2026/04/30 20:24:00,2026-04-30 20:53:00,59.7,20716,membership
L008858,ST002,U01066,20260320191800,2026-03-20 22:52:00,24.03,7017,APP
L002110,ST014,U00687,2026-06-20 03:41:00,2026-06-20 04:38:00,32.98,"12,532",APP
L003614,ST003,U02057,2026-05-24 02:33:00,2026-05-24 03:09:00,,19984,CARD
L002862,ST016,U02810,2026-07-14 21:59:00,2026-07-15 00:30:00,15.02,3830,APP
L009540,ST024,U01197,2026-05-25 18:49:00,2026-05-25 19:09:00,51.41,17839,APP
L006863,ST004,U01032,2026-05-13 13:02:00,2026-05-13 13:55:00,112.72,36070,APP
L002274,ST028,U01932,2026-04-29 12:40:00,2026-04-29 13:31:00,60.35,19312,CARD
L002964,ST024,U02620,2026-01-22 23:49:00,2026-01-23 00:15:00,70.93,24613,CARD
L004827,ST002,U02557,2026-01-22 01:02:00,2026-01-22 08:14:00,62.07,18124,APP
L007437,ST022,U00499,2026-05-12 01:16:00,2026-05-12 01:58:00,66.18,22964,CARD
L003227,ST017,U02919,2026-06-29 13:16:00,2026-06-29 16:55:00,15.02,4386,MEMBERSHIP
L010603,ST017,U00445,2026-02-10 04:59:00,2026-02-10 09:17:00,24.2,7066,MEMBERSHIP
L004982,ST034,U01616,2026-04-26 05:08:00,2026-04-26 03:41:00,96.92,36830,CARD
L003121,ST017,U00038,2026-06-07 10:13:00,2026-06-07 15:57:00,29.24,8538,APP
L001295,ST004,U00652,2026/02/12 21:16:00,2026-02-12 21:54:00,79.46,25427,MEMBERSHIP
L011058,ST016,U00979,20260627054900,2026-06-27 12:07:00,29.05,7408,MEMBERSHIP
L000235,ST003,U01228,2026-07-10 21:09:00,2026-07-10 21:50:00,67.9,21728,APP
L010408,ST038,U02061,2026-03-09 20:27:00,2026-03-09 21:03:00,104.24,33357,membership
L010502,ST011,U02550,2026-06-27 06:05:00,2026-06-27 06:32:00,51.02,16326,CARD
L008763,ST026,U00137,2026-03-26 03:45:00,2026-03-26 04:08:00,67.56,25673,card
L001443,ST035,U01291,2026-02-06 10:05:00,2026-02-06 13:09:00,21.91,5587,APP
L010249,ST006,U00590,2026-05-15 09:08:00,2026-05-15 13:14:00,,6917,MEMBERSHIP
L010523,ST024,U02194,2026-02-10 01:53:00,2026-02-10 02:13:00,58.85,20421,MEMBERSHIP
L000323,ST040,U02131,2026-01-14 22:25:00,2026-01-15 06:16:00,66.21,19333,card
L008236,ST019,U01119,2026/04/29 01:52:00,2026-04-29 02:14:00,59.0,20473,CARD
L008235,ST016,U01020,2026-03-12 11:12:00,2026-03-12 18:26:00,30.04,7660,CARD
L011188,ST040,U01015,2026-03-04 16:33:00,2026-03-04 18:35:00,16.19,4727,APP
L002903,ST015,U01046,2026-03-06 08:56:00,2026-03-06 09:51:00,113.81,36419,card
L011865,ST014,U01362,20260117052300,2026-01-17 06:09:00,27.1,10298,APP
L000967,ST006,U02327,20260531000000,2026-05-31 07:12:00,43.38,12667,CARD
L000137,ST030,U00445,2026-05-17 06:33:00,2026-05-17 07:23:00,102.43,32778,CARD
L008728,ST014,U00165,2026-04-26 23:50:00,2026-04-27 00:27:00,26.46,10055,APP
L005394,ST028,U00977,2026-01-26 11:56:00,2026-01-26 12:52:00,58.57,18742,APP
L008405,ST018,U00471,2026-04-27 14:16:00,2026-04-27 21:25:00,29.76,8690,MEMBERSHIP
L011289,ST018,U01921,2026/02/23 16:53:00,2026-02-23 22:24:00,33.66,9829,CARD
L011784,ST013,U00224,20260506023600,2026-05-06 03:32:00,130.19,41661,APP
L010653,ST020,U00352,2026-02-03 20:33:00,2026-02-03 21:17:00,26.84,8589,APP
L000088,ST018,U00994,2026-01-30 21:10:00,2026-01-31 03:45:00,40.53,11835,CARD
L000072,ST005,U00127,2026-05-06 02:04:00,2026-05-06 02:57:00,118.94,38061,MEMBERSHIP
L005388,ST037,U00333,2026-02-01 13:35:00,2026-02-01 13:56:00,42.25,14661,APP
L000420,ST016,U01132,2026-07-29 07:03:00,2026-07-29 12:38:00,30.34,7737,CARD
L011734,ST005,U00598,2026-03-03 15:11:00,2026-03-03 15:48:00,94.41,30211,CARD
L006073,ST014,U00750,2026-07-26 14:00:00,2026-07-26 14:34:00,24.9,9462,MEMBERSHIP
L001460,ST003,U00163,2026-02-16 21:27:00,2026-02-16 21:56:00,61.5,19680,MEMBERSHIP
L003300,ST021,U00115,2026-06-14 07:52:00,2026-06-14 11:17:00,19.32,5641,APP
L010811,ST012,U02540,2026-01-07 08:06:00,2026-01-07 08:46:00,29.34,9389,APP
L007304,ST038,U00985,2026/01/19 22:30:00,2026-01-19 23:15:00,98.95,31664,CARD
L010818,ST020,U02043,2026-05-15 00:15:00,2026-05-15 00:43:00,17.7,5664,Card
L006004,ST014,U02422,2026-01-11 11:03:00,2026-01-11 12:03:00,29.21,,MEMBERSHIP
L007210,ST033,U00708,2026-05-11 22:26:00,2026-05-11 22:49:00,4770.0,15264,MEMBERSHIP
L001588,ST027,U02423,2026/03/15 21:57:00,2026-03-16 04:58:00,40.42,11803,MEMBERSHIP
L005306,ST004,U00517,2026-06-04 18:43:00,2026-06-04 19:36:00,107.28,34330,CARD
L003253,ST015,U02964,2026-02-23 05:40:00,2026-02-23 06:40:00,91.61,29315,CARD
L007806,ST011,U02093,2026-06-27 23:44:00,2026-06-28 00:21:00,72.55,23216,CARD
L009486,ST011,U02885,2026-02-22 16:56:00,2026-02-22 17:34:00,70.47,22550,APP
L008518,ST010,U02255,2026-07-17 06:03:00,2026-07-17 10:58:00,25.04,7312,APP
L001731,ST003,U02130,2026-03-12 14:53:00,2026-03-12 15:24:00,65.98,21114,MEMBERSHIP
L001336,ST005,U02617,2026/05/02 07:36:00,2026-05-02 08:04:00,-,22854,MEMBERSHIP
L010280,ST010,U01734,2026-07-27 12:08:00,2026-07-27 19:16:00,28.9,8439,MEMBERSHIP
L008139,ST027,U00992,2026/05/20 13:52:00,2026-05-20 17:50:00,16.22,4736,CARD
L004838,ST033,U02734,2026-05-13 23:40:00,2026-05-14 00:18:00,54.61,17475,APP
L009751,ST003,U01138,2026-04-22 17:52:00,2026-04-22 18:33:00,65.85,21072,APP
L005201,ST028,U01246,2026-01-10 22:48:00,2026-01-10 23:34:00,68.41,21891,Card
L008866,ST021,U01654,2026-01-21 15:20:00,2026-01-21 22:43:00,45.43,13266,CARD
L008469,ST024,U00519,2026-05-24 00:05:00,2026-05-24 00:52:00,123.03,42691,CARD
L006336,ST006,U00753,2026-01-21 05:56:00,2026-01-21 12:34:00,30.85,9008,CARD
L005603,ST033,U00768,2026-03-29 17:25:00,2026-03-29 17:59:00,49.98,15994,MEMBERSHIP
L000768,ST039,U01895,2026-06-08 18:09:00,2026-06-08 18:38:00,13.73,,MEMBERSHIP
L006686,ST014,U02719,2026-05-28 17:34:00,2026-05-28 17:54:00,14.44,5487,CARD
L006413,ST037,U02872,2026-02-14 07:38:00,2026-02-14 08:30:00,113.61,39423,CARD
L000263,ST002,U02232,2026-06-12 01:39:00,2026-06-12 04:38:00,22.64,6611,APP
L010165,ST028,U00149,2026-07-23 03:48:00,2026-07-23 04:18:00,36.45,11664,APP
L007397,ST014,U00243,2026-06-13 08:02:00,2026-06-13 09:01:00,28.45,10811,APP
L000602,ST012,U01296,2026-01-19 22:09:00,2026-01-19 22:36:00,,"5,514",CARD
L007605,ST012,U01967,2026-02-22 04:35:00,2026-02-22 05:06:00,21.01,6723,MEMBERSHIP
L000832,ST006,U00726,2026-02-17 07:06:00,2026-02-17 14:14:00,36.92,10781,APP
L011992,ST008,U02845,2026-05-04 05:23:00,2026-05-04 10:11:00,23.47,5985,CARD
L003601,ST005,U00466,2026/02/26 22:08:00,2026-02-26 22:58:00,-,31990,APP
L008463,ST021,U02677,2026/03/02 01:37:00,2026-03-02 07:29:00,27.25,7957,MEMBERSHIP
L010923,ST039,U02344,2026-01-14 03:15:00,2026-01-14 03:53:00,17.93,6222,CARD
L011616,ST003,U01986,2026-01-03 05:37:00,2026-01-03 06:12:00,63.69,20381,CARD
L008119,ST002,U00566,20260701211500,2026-07-02 05:09:00,75.65,22090,MEMBERSHIP
L008050,ST037,U02485,2026-05-01 09:32:00,2026-05-01 10:31:00,124.79,43302,CARD
L001723,ST034,U01861,2026/01/04 09:44:00,2026-01-04 10:40:00,117.57,44677,MEMBERSHIP
L001496,ST032,U02907,2026-04-23 04:19:00,2026-04-23 05:12:00,67.19,,APP
L002690,ST010,U00573,2026/07/29 00:16:00,2026-07-29 03:17:00,17.97,5247,MEMBERSHIP
L002224,ST034,U00673,2026-04-03 07:10:00,2026-04-03 07:51:00,78.58,29860,CARD
L004394,ST007,U01859,2026-01-05 04:43:00,2026-01-05 05:40:00,93.54,29933,MEMBERSHIP
L008019,ST034,U01005,20260721003900,2026-07-21 01:26:00,106.01,40284,CARD
L010470,ST040,U00984,2026-05-26 09:28:00,2026-05-26 13:19:00,30.07,8780,CARD
L003445,ST008,U01702,2026-05-23 18:05:00,2026-05-23 20:41:00,11.59,2955,CARD
L001114,ST014,U00863,2026-04-06 17:48:00,2026-04-06 18:21:00,24.53,9321,MEMBERSHIP
L004604,ST034,U00009,2026-01-25 06:34:00,2026-01-25 06:58:00,67.96,25825,APP
L003130,ST029,U01044,2026-02-06 01:15:00,2026-02-06 05:21:00,38.55,11257,APP
L002149,ST038,U00876,2026-02-23 11:01:00,2026-02-23 11:30:00,64.08,20506,APP
L003365,ST006,U02244,2026-06-08 01:39:00,2026-06-08 04:46:00,19.21,5609,APP
L006169,ST002,U01456,2026-02-15 22:57:00,2026-02-16 04:06:00,49.03,14317,CARD
L003667,ST008,U02758,2026-02-09 15:52:00,2026-02-09 18:13:00,9.17,2338,membership
L000781,ST030,U01808,2026-07-02 01:52:00,2026-07-02 02:51:00,113.77,36406,membership
L007557,ST011,U01456,2026-06-01 00:32:00,2026-06-01 01:05:00,70.95,22704,MEMBERSHIP
L009119,ST011,U01159,2026-02-13 01:17:00,2026-02-13 01:51:00,49.49,15837,MEMBERSHIP
L010532,ST037,U01316,2026-05-31 03:09:00,2026-05-31 03:59:00,71.6,24845,CARD
L007041,ST017,U01714,20260415152500,2026-04-15 20:21:00,26.09,7618,CARD
L000375,ST016,U02691,20260420165800,2026-04-20 21:22:00,22.13,5643,MEMBERSHIP
L001280,ST013,U00114,2026-04-24 00:11:00,2026-04-24 00:50:00,112.02,35846,CARD
L008084,ST002,U02818,2026-01-29 22:17:00,2026-01-30 01:36:00,30.88,9017,Card
L006250,ST035,U00617,2026/05/24 01:40:00,2026-05-24 06:20:00,37.98,9685,MEMBERSHIP
L008677,ST030,U00714,2026-05-15 22:08:00,2026-05-15 22:35:00,75.46,24147,card
L006144,ST002,U01359,2026-04-16 12:43:00,2026-04-16 19:50:00,47.29,,MEMBERSHIP
L010136,ST029,U02382,2026-05-23 16:20:00,2026-05-23 18:21:00,12.41,3624,MEMBERSHIP
L003925,ST038,U01476,2026/02/28 18:48:00,2026-02-28 19:43:00,143.96,46067,CARD
L002208,ST029,U02709,20260719210400,2026-07-20 01:05:00,28.39,8290,APP
L000159,ST027,U01193,2026/05/08 15:38:00,2026-05-08 23:09:00,36.56,10676,APP
L002950,ST025,U00742,20260426062400,2026-04-26 13:57:00,40.0,11680,MEMBERSHIP
L009337,ST001,U01936,2026-04-10 19:23:00,2026-04-10 20:10:00,74.78,28416,APP
L006812,ST004,U01641,2026-05-21 09:12:00,2026-05-21 09:55:00,85.29,27293,MEMBERSHIP
L000692,ST027,U01244,2026-04-24 04:54:00,2026-04-24 09:39:00,20.22,5904,MEMBERSHIP
L009362,ST013,U01278,2026-05-21 21:45:00,2026-05-21 22:21:00,70.91,22691,MEMBERSHIP
L004622,ST024,U01567,20260613192700,2026-06-13 20:26:00,126.27,43816,Card
L005486,ST009,U00234,2026-02-26 07:25:00,2026-02-26 08:05:00,25.51,8852, APP 
L008008,ST006,U02253,2026-02-17 07:16:00,2026-02-17 09:57:00,11.3,3300,MEMBERSHIP
L010286,ST031,U00907,2026-03-23 09:36:00,2026-03-23 10:01:00,45.2,17176,MEMBERSHIP
L001782,ST023,U00359,2026/02/10 05:47:00,2026-02-10 06:22:00,16.57,5302,CARD
L011599,ST033,U00343,20260526185700,2026-05-26 19:36:00,59.14,18925,APP
L005925,ST040,U02915,2026-07-01 04:04:00,2026-07-01 08:02:00,39.11,11420,CARD
L009072,ST017,U00368,2026-04-27 02:30:00,2026-04-27 08:03:00,22.03,6433,CARD
L000203,ST031,U01582,20260714210300,2026-07-14 21:35:00,64.84,24639,MEMBERSHIP
L003686,ST029,U00115,2026-02-20 15:12:00,2026-02-20 22:26:00,48.18,14069,MEMBERSHIP
L003526,ST023,U00361,2026/02/09 19:25:00,2026-02-09 20:00:00,24.17,7734,MEMBERSHIP
L002140,ST031,U01402,2026-02-21 00:03:00,2026-02-21 00:33:00,62.05,,APP
L000316,ST033,U01040,2026/01/10 08:25:00,2026-01-10 09:06:00,66.95,21424,CARD
L008895,ST022,U01028,2026/05/19 06:43:00,2026-05-19 07:06:00,42.96,"14,907",APP
L006092,ST008,U01239,2026-01-30 23:53:00,2026-01-31 04:48:00,25.85,,MEMBERSHIP
L001770,ST004,U02942,2026-02-09 04:11:00,2026-02-09 04:48:00,81.02,25926,MEMBERSHIP
L002125,ST039,U02026,2026-03-18 22:42:00,2026-03-18 23:29:00,28.72,9966,APP
L001610,ST011,U00886,20260112200100,2026-01-12 20:26:00,43.86,14035,CARD
L007987,ST028,U01231,2026-02-03 02:46:00,2026-02-03 03:22:00,44.26,14163,CARD
L008387,ST011,U02172,2026-04-06 14:55:00,2026-04-06 15:42:00,80.63,25802,MEMBERSHIP
L010620,ST027,U01237,2026-06-08 05:30:00,2026-06-08 09:34:00,19.8,5782,CARD
L005554,ST035,U01455,2026-03-30 13:23:00,2026-03-30 20:27:00,47.45,12100,MEMBERSHIP
L010704,ST012,U00936,2026-06-09 18:16:00,2026-06-09 18:42:00,16.11,5155,CARD
L002255,ST023,U01485,2026-03-07 11:03:00,2026-03-07 11:43:00,22.83,7306,MEMBERSHIP
L010135,ST007,U02476,2026-06-06 11:42:00,2026-06-06 12:05:00,45.67,14614,APP
L007791,ST028,U00696,2026-03-14 17:15:00,2026-03-14 18:13:00,76.09,24349,APP
L006472,ST016,U02899,2026-07-03 05:46:00,2026-07-03 09:41:00,19.0,4845,APP
L009321,ST033,U01278,2026-02-23 03:47:00,2026-02-23 04:22:00,53.55,17136,APP
L000453,ST034,U01308,2026-06-02 17:49:00,2026-06-02 18:24:00,67.52,"25,658",app
L011102,ST010,U01095,2026-01-20 15:03:00,2026-01-20 22:00:00,31.47,9189,CARD
L004726,ST028,U00242,2026/04/10 07:57:00,2026-04-10 08:42:00,53.21,,APP
L005763,ST009,U02562,2026-06-08 11:22:00,2026-06-08 12:04:00,24.46,8488,CARD
L011126,ST026,U01448,2026/01/07 09:42:00,2026-01-07 10:06:00,57.97,22029,APP
L004145,ST027,U01467,2026-01-14 08:09:00,2026-01-14 11:07:00,13.52,3948,APP
L005408,ST008,U01351,2026-03-17 08:28:00,2026-03-17 06:32:00,38.57,9835,MEMBERSHIP
L008915,ST020,U00785,2026-05-22 02:13:00,2026-05-22 03:13:00,44.43,,CARD
L002526,ST004,U00545,2026/05/26 07:04:00,2026-05-26 08:04:00,130.84,41869,MEMBERSHIP
L001992,ST028,U01878,2026-07-17 04:06:00,2026-07-17 05:05:00,57.09,18269,CARD
L008361,ST012,U00375,2026-07-04 19:00:00,2026-07-04 19:56:00,40.15,12848,APP
L010947,ST035,U01597,20260603102000,2026-06-03 15:19:00,37.07,9453,APP
L005593,ST019,U02791,2026-04-23 20:32:00,2026-04-23 21:16:00,101.64,35269,APP
L009887,ST026,U01110,2026-05-09 15:17:00,2026-05-09 15:44:00,61.53,23381,CARD
L010570,ST037,U00484,2026-01-10 19:03:00,2026-01-10 19:55:00,89.85,,MEMBERSHIP
L010503,ST020,U00982,2026-03-19 10:47:00,2026-03-19 11:18:00,21.88,7002,CARD
L006320,ST028,U01482,2026-02-17 16:56:00,2026-02-17 17:37:00,39.75,12720,MEMBERSHIP
L006023,ST001,U02484,2026-06-28 12:09:00,2026-06-28 12:30:00,37.81,14368,APP
L005323,ST016,U00292,2026-01-24 09:50:00,2026-01-24 12:07:00,14.32,3652,Card
L000440,ST028,U00745,2026-06-09 20:23:00,2026-06-09 20:49:00,38.96,12467,APP
L006822,ST034,U02984,2026-06-15 05:37:00,2026-06-15 06:20:00,82.39,31308,MEMBERSHIP
L000262,ST019,U00822,2026-05-03 15:26:00,2026-05-03 16:24:00,160.06,55541,APP
L004879,ST009,U00780,20260710020200,2026-07-10 02:44:00,22.85,7929,CARD
L009492,ST034,U01020,2026-04-20 22:24:00,2026-04-20 22:52:00,57.49,21846,MEMBERSHIP
L008552,ST013,U00650,2026-07-05 16:07:00,2026-07-05 16:49:00,82.63,26442,CARD
L011938,ST009,U01254,2026-05-11 19:30:00,2026-05-11 20:11:00,30.1,10445,CARD
L003600,ST033,U02131,2026-06-24 07:21:00,2026-06-24 08:08:00,73.52,23526,MEMBERSHIP
L000297,ST021,U00581,20260130132700,2026-01-30 16:44:00,19.73,5761,MEMBERSHIP
L010124,ST039,U00437,2026-04-12 20:33:00,2026-04-12 20:59:00,13.08,4539,MEMBERSHIP
L003277,ST037,U01928,2026-03-12 02:13:00,2026-03-12 03:06:00,83.61,29013,MEMBERSHIP
L002732,ST024,U02087,2026-06-20 14:33:00,2026-06-20 14:53:00,58.18,20188,APP
L001359,ST026,U01990,2026-06-25 12:19:00,2026-06-25 13:01:00,113.24,,APP
L002153,ST032,U02442,20260421233300,2026-04-22 00:32:00,75.11,28542,MEMBERSHIP
L009530,ST003,U02962,2026-01-10 04:28:00,2026-01-10 05:11:00,82.17,26294,CARD
L001616,ST011,U01094,2026-05-10 10:58:00,2026-05-10 11:22:00,44.73,14314,MEMBERSHIP
L002043,ST028,U01692,2026-06-11 22:19:00,2026-06-11 23:07:00,44.12,14118,MEMBERSHIP
L011878,ST003,U02025,2026-03-30 05:56:00,2026-03-30 06:18:00,33.86,10835,APP
L008195,ST030,U02225,2026/05/18 01:05:00,2026-05-18 02:03:00,158.81,50819,MEMBERSHIP
L006653,ST018,U02276,2026-04-17 22:55:00,2026-04-18 01:50:00,15.04,4392,CARD
L010011,ST027,U01360,2026/06/01 18:37:00,2026-06-02 01:19:00,30.46,8894,card
L008633,ST040,U00508,2026-02-25 19:29:00,2026-02-25 23:17:00,27.9,8147,APP
L011864,ST039,U02082,2026-07-04 18:17:00,2026-07-04 18:50:00,23.46,8141,APP
L007914,ST001,U02587,2026-01-08 21:06:00,2026-01-08 21:33:00,37.62,14296,MEMBERSHIP
L000493,ST020,U01777,2026-07-24 07:43:00,2026-07-24 08:24:00,20.86,6675,APP
L010005,ST029,U00217,2026-06-05 23:50:00,2026-06-06 06:01:00,46.85,13680,CARD
L001014,ST036,U00249,2026-07-15 05:50:00,2026-07-15 11:17:00,42.04,,CARD
L008358,ST037,U01158,20260718204100,2026-07-18 21:30:00,107.02,37136,card
L000286,ST010,U02034,2026-07-10 07:28:00,2026-07-10 15:16:00,42.62,12445,MEMBERSHIP
L001938,ST022,U02760,2026-02-14 19:09:00,2026-02-14 20:02:00,90.85,31525,APP
L004911,ST040,U00580,2026-03-05 11:13:00,2026-03-05 17:07:00,48.6,14191,APP
L010686,ST017,U01354,2026-05-18 14:29:00,2026-05-18 16:58:00,11.25,3285,APP
L005621,ST026,U00681,2026-07-10 10:31:00,2026-07-10 11:21:00,111.38,42324,CARD
L002711,ST021,U01154,2026-05-06 17:22:00,2026-05-06 22:33:00,32.0,9344,CARD
L005799,ST040,U00708,2026/01/03 11:47:00,2026-01-03 16:03:00,28.74,8392,APP
L004521,ST030,U02016,2026/06/29 18:21:00,2026-06-29 18:57:00,72.99,23357,MEMBERSHIP
L009759,ST009,U01518,2026-01-05 23:23:00,2026-01-06 00:18:00,33.5,11624,MEMBERSHIP
L001016,ST012,U01247,2026/04/05 01:49:00,2026-04-05 02:19:00,14.19,4541,APP
L010225,ST037,U02552,2026-03-24 14:53:00,2026-03-24 15:45:00,109.71,38069,APP
L005836,ST018,U01696,2026-03-30 13:28:00,2026-03-30 20:13:00,35.99,10509,CARD
L009483,ST032,U02638,2026-04-14 23:38:00,2026-04-15 00:15:00,54.83,20835,CARD
L003052,ST039,U00609,2026-03-14 15:43:00,2026-03-14 16:21:00,22.33,7749,CARD
L008851,ST025,U01073,20260712110600,2026-07-12 13:20:00,11.31,3303,CARD
L010748,ST035,U01638,2026-04-16 03:55:00,2026-04-16 11:50:00,68.73,17526,CARD
L007919,ST031,U01044,2026-01-05 18:57:00,2026-01-05 19:57:00,108.1,41078,MEMBERSHIP
L008114,ST039,U00331,2026-05-31 04:02:00,2026-05-31 04:56:00,38.6,13394,MEMBERSHIP
L009981,ST016,U00969,2026/06/20 15:33:00,2026-06-20 22:07:00,26.94,6870,APP
L010098,ST029,U01755,2026-06-02 10:30:00,2026-06-02 18:12:00,64.02,18694,MEMBERSHIP
L010618,ST037,U01239,2026-02-23 21:57:00,2026-02-23 22:45:00,74.73,25931,CARD
L006011,ST005,U01249,2026-03-09 14:29:00,2026-03-09 15:04:00,104.92,33574,APP
L010452,ST016,U01404,2026-04-14 23:11:00,2026-04-15 06:36:00,45.93,11712,CARD
L009731,ST004,U02435,2026/03/25 06:32:00,2026-03-25 07:16:00,66.49,21277,APP
L000356,ST036,U01377,2026-05-25 14:55:00,2026-05-25 21:48:00,61.12,17847,APP
L007083,ST022,U01757,2026/04/05 04:21:00,2026-04-05 05:14:00,,-39770,MEMBERSHIP
L006498,ST021,U00220,2026-02-04 17:34:00,2026-02-04 21:44:00,21.13,6170,MEMBERSHIP
L003745,ST001,U01436,2026/06/02 12:35:00,2026-06-02 12:55:00,31.79,12080,MEMBERSHIP
L000174,ST006,U01281,2026-01-28 05:58:00,2026-01-28 08:23:00,10.41,3040,CARD
L003688,ST010,U02813,2026-04-12 19:49:00,2026-04-13 00:08:00,20.95,6117,CARD
L008045,ST035,U01802,2026-05-25 16:02:00,2026-05-25 23:00:00,46.31,11809,MEMBERSHIP
L010328,ST004,U00657,2026-02-06 06:32:00,2026-02-06 07:03:00,57.53,18410,MEMBERSHIP
L003747,ST029,U02218,2026-05-19 22:23:00,2026-05-20 02:15:00,32.98,9630,MEMBERSHIP
L008859,ST030,U01895,2026-06-16 11:33:00,2026-06-16 12:00:00,74.29,23773,CARD
L011746,ST002,U01559,2026-06-02 15:57:00,2026-06-02 22:52:00,64.45,18819,MEMBERSHIP
L005099,ST027,U02353,2026-03-20 22:18:00,2026-03-21 01:44:00,18.19,5311,MEMBERSHIP
L006024,ST012,U00288,2026-01-24 05:21:00,2026-01-24 06:09:00,25.97,8310,MEMBERSHIP
L007793,ST005,U01144,2026-05-05 05:18:00,2026-05-05 06:07:00,131.49,42077,APP
L000047,ST012,U00479,2026-05-11 02:31:00,2026-05-11 03:18:00,33.76,10803,MEMBERSHIP
L004851,ST004,U02509,2026-02-17 09:36:00,2026-02-17 10:12:00,66.95,21424,CARD
L009452,ST009,U02671,2026-06-18 21:11:00,2026-06-18 21:49:00,25.45,8831,MEMBERSHIP
L005884,ST012,U00251,2026-03-13 02:22:00,2026-03-13 02:47:00,15.93,5098,CARD
L001698,ST013,U02844,2026/03/22 07:10:00,2026-03-22 07:40:00,88.39,28285,MEMBERSHIP
L003549,ST022,U02961,20260713032100,2026-07-13 04:08:00,91.53,31761,CARD
L005572,ST006,U01485,2026-02-09 09:12:00,2026-02-09 12:28:00,12.64,3691,APP
L009408,ST006,U01189,2026-02-19 00:50:00,2026-02-19 03:08:00,9.2,2686,MEMBERSHIP
L002649,ST027,U01454,20260218201900,2026-02-19 03:20:00,29.09,8494,CARD
L003690,ST010,U02251,2026-04-02 21:31:00,2026-04-03 01:14:00,19.18,5601,MEMBERSHIP
L004819,ST011,U00853,2026-03-27 17:33:00,2026-03-27 18:12:00,56.39,18045,APP
L002181,ST007,U02318,2026-01-06 23:46:00,2026-01-07 00:26:00,,18448,MEMBERSHIP
L005319,ST039,U01125,2026-04-08 18:10:00,2026-04-08 18:33:00,15.4,5344,CARD
L009287,ST022,U01426,2026-04-28 17:07:00,2026-04-28 17:49:00,76.5,26546,MEMBERSHIP
L005838,ST027,U00132,2026-02-07 02:31:00,2026-02-07 07:05:00,24.01,7011,APP
L007317,ST016,U00102,2026/05/09 09:59:00,2026-05-09 14:25:00,18.96,4835,APP
L002448,ST035,U01904,20260124100100,2026-01-24 15:17:00,39.4,10047,MEMBERSHIP
L001740,ST015,U00765,2026-05-14 02:08:00,2026-05-14 02:31:00,51.03,16330,APP
L003409,ST006,U02479,2026-06-03 20:49:00,2026-06-03 23:17:00,10.07,2940,APP
L001923,ST038,U02886,2026-06-29 17:37:00,2026-06-29 18:34:00,145.64,46605,APP
L009627,ST023,U02189,2026-05-07 20:35:00,2026-05-07 21:33:00,38.21,12227,MEMBERSHIP
L010767,ST026,U00859,2026/01/12 17:39:00,2026-01-12 18:32:00,133.7,50806,APP
L007450,ST001,U00851,2026-06-19 21:49:00,2026-06-19 22:19:00,42.35,"16,093",APP
L003630,ST010,U01992,2026-06-23 12:10:00,2026-06-23 19:47:00,39.93,11660,APP
L007163,ST013,U00695,2026-01-02 15:12:00,2026-01-02 15:35:00,42.84,13709,APP
L009447,ST003,U02672,2026-02-14 01:51:00,2026-02-14 02:32:00,80.45,25744,CARD
L002608,ST011,U02485,2026-05-27 13:25:00,2026-05-27 14:24:00,102.12,32678,CARD
L009504,ST034,U00833,2026-02-05 19:38:00,2026-02-05 20:38:00,165.49,62886,MEMBERSHIP
L006296,ST008,U02632,2026-03-08 08:33:00,2026-03-08 11:40:00,16.37,4174,membership
L006039,ST018,U01861,2026-04-21 02:52:00,2026-04-21 08:09:00,29.61,8646,MEMBERSHIP
L007349,ST027,U01005,2026/05/25 09:08:00,2026-05-25 12:52:00,19.13,5586,APP
L004853,ST005,U01070,2026-06-17 07:34:00,2026-06-17 08:26:00,119.13,38122,APP
L009401,ST009,U02819,2026/06/22 12:47:00,2026-06-22 13:14:00,18.41,6388,CARD
L008448,ST029,U01404,2026-02-08 02:25:00,2026-02-08 07:35:00,49.75,14527,CARD
L001731,ST003,U02130,2026-03-12 14:53:00,2026-03-12 15:24:00,65.98,21114,MEMBERSHIP
L006087,ST035,U02451,2026-06-26 17:43:00,2026-06-26 23:20:00,43.93,11202,APP
L006380,ST013,U00531,2026-07-25 21:56:00,2026-07-25 22:23:00,66.71,,MEMBERSHIP
L010852,ST033,U02767,2026-06-22 06:29:00,2026-06-22 07:15:00,65.22,20870,MEMBERSHIP
L008810,ST020,U00572,2026-07-11 03:34:00,2026-07-11 04:34:00,43.74,13997,MEMBERSHIP
L005608,ST004,U02351,2026-04-07 20:55:00,2026-04-07 21:31:00,52.94,16941,APP
L002423,ST022,U00946,2026-01-15 00:43:00,2026-01-15 01:16:00,6223.0,21594,membership
L004585,ST021,U02589,2026-06-09 00:52:00,2026-06-09 08:02:00,-,12533,MEMBERSHIP
L004542,ST036,U00383,2026-05-25 05:42:00,2026-05-25 11:55:00,52.37,15292,CARD
L008587,ST039,U02592,2026-07-29 04:17:00,2026-07-29 04:54:00,21.67,7519,CARD
L003515,ST016,U02242,2026-06-29 18:27:00,2026-06-29 21:11:00,13.97,3562,CARD
L003414,ST029,U00305,20260319140100,2026-03-19 20:53:00,46.16,13479,APP
L008149,ST037,U01517,2026-07-09 21:14:00,2026-07-09 22:10:00,88.22,30612,MEMBERSHIP
L002143,ST027,U02820,2026/07/29 21:38:00,2026-07-30 00:34:00,14.57,4254,MEMBERSHIP
L009229,ST025,U01885,2026-03-26 09:19:00,2026-03-26 11:42:00,11.12,3247,APP
L002098,ST018,U00244,2026-06-28 17:17:00,2026-06-28 22:10:00,26.82,7831,APP
L000310,ST030,U00651,2026-05-05 08:26:00,2026-05-05 08:49:00,63.95,20464,CARD
L011065,ST006,U00779,2026-04-16 04:54:00,2026-04-16 10:58:00,36.73,10725,MEMBERSHIP
L007454,ST035,U00637,2026-05-25 20:39:00,2026-05-25 23:15:00,16.25,,Card
L001255,ST027,U02158,2026-06-23 23:30:00,2026-06-24 04:57:00,29.16,8515,MEMBERSHIP
L004791,ST030,U02287,2026-06-09 02:26:00,2026-06-09 03:18:00,144.93,46378,Card
L011452,ST020,U02486,2026-05-03 07:37:00,2026-05-03 07:57:00,11.71,3747,APP
L004537,ST039,U01700,2026-04-15 08:56:00,2026-04-15 09:21:00,12.14,4213,APP
L001862,ST005,U01371,2026-07-05 15:47:00,2026-07-05 16:46:00,123.85,39632,MEMBERSHIP
L003631,ST036,U01390,2026-06-17 23:32:00,2026-06-18 04:09:00,36.55,,APP
L007547,ST036,U01741,2026-02-11 11:07:00,2026-02-11 16:02:00,32.58,9513,CARD
L007346,ST901,U01356,2026/02/25 14:44:00,2026-02-25 15:24:00,76.5,,MEMBERSHIP
L001824,ST007,U01329,2026/01/20 10:00:00,2026-01-20 11:00:00,94.69,30301,MEMBERSHIP
L005169,ST025,U01108,2026-02-17 01:49:00,2026-02-17 08:20:00,26.58,7761,MEMBERSHIP
L007037,ST017,U00652,2026/05/05 19:10:00,2026-05-05 23:42:00,19.41,5668,CARD
L004959,ST011,U02899,2026/05/28 05:31:00,2026-05-28 06:13:00,87.78,28090,APP
L002631,ST005,U02497,2026/07/20 16:19:00,2026-07-20 17:15:00,122.14,39085,MEMBERSHIP
L000179,ST026,U02348,2026-02-19 16:32:00,2026-02-19 17:31:00,112.09,42594,MEMBERSHIP
L000752,ST003,U01321,2026/07/08 22:00:00,2026-07-08 22:51:00,104.81,33539,CARD
L005333,ST012,U01218,2026/05/26 22:58:00,2026-05-26 23:18:00,9.96,3187,CARD
L006850,ST021,U02531,20260614030500,2026-06-14 09:55:00,42.74,12480,APP
L000669,ST026,U02376,2026-02-05 02:24:00,2026-02-05 03:07:00,109.9,41762,MEMBERSHIP
L000367,ST024,U00561,2026-03-06 02:03:00,2026-03-06 02:23:00,53.59,18596,CARD
L010437,ST001,U01254,20260213220200,2026-02-13 22:53:00,94.9,36062,APP
L008877,ST022,U01934,2026/02/16 06:10:00,2026-02-16 06:59:00,108.28,37573,APP
L006415,ST040,U01283,2026-03-31 01:16:00,2026-03-31 07:30:00,46.11,13464,CARD
L000191,ST019,U02656,2026-05-18 11:07:00,2026-05-18 11:54:00,133.74,46408,CARD
L003258,ST003,U01183,2026-05-14 09:59:00,2026-05-14 10:53:00,104.89,33565,APP
L001150,ST030,U01337,2026-05-16 08:45:00,2026-05-16 09:27:00,81.04,25933,MEMBERSHIP
L001401,ST016,U01086,2026-02-18 06:49:00,2026-02-18 14:00:00,30.48,"7,772",MEMBERSHIP
L008406,ST014,U01275,2026-03-14 21:59:00,2026-03-14 22:27:00,15.4,5852,APP
L005683,ST021,U00835,2026/01/23 11:26:00,2026-01-23 14:22:00,13.31,3887,MEMBERSHIP
L005732,ST011,U00562,2026/04/10 11:54:00,2026-04-10 12:42:00,72.47,23190,APP
L010444,ST031,U01805,2026/07/18 19:43:00,2026-07-18 20:05:00,43.71,16610,APP
L001373,ST005,U00991,2026-02-09 07:50:00,2026-02-09 08:14:00,65.45,20944,CARD
L006334,ST039,U00319,2026-06-01 19:26:00,2026-06-01 20:04:00,18.8,6524,CARD
L004096,ST018,U02434,20260528104900,2026-05-28 18:00:00,30.74,8976,membership
L008752,ST008,U01664,2026-06-04 14:22:00,2026-06-04 20:50:00,36.36,9272,Card
L003911,ST022,U00791,2026-03-27 12:25:00,2026-03-27 12:52:00,60.28,20917,CARD
L004530,ST016,U00978,2026-02-24 15:10:00,2026-02-24 19:01:00,21.27,5424,MEMBERSHIP
L007546,ST036,U00780,2026-06-24 11:06:00,2026-06-24 15:40:00,34.57,10094,CARD
L005620,ST028,U01151,2026-02-19 19:42:00,2026-02-19 20:08:00,32.91,10531,MEMBERSHIP
L006067,ST010,U00616,2026-04-24 00:40:00,2026-04-24 04:54:00,17.2,5022,APP
L001937,ST039,U01791,2026-01-14 15:07:00,2026-01-14 15:31:00,16.48,5719,APP
L009780,ST008,U01207,2026-01-16 23:58:00,2026-01-17 05:29:00,23.53,6000,CARD
L002957,ST005,U02494,2026-02-07 19:29:00,2026-02-07 19:50:00,62.97,20150,CARD
L001767,ST016,U00945,2026-05-26 09:05:00,2026-05-26 14:49:00,32.3,, APP 
L009571,ST033,U01728,2026-01-28 13:32:00,2026-01-28 14:17:00,80.81,25859,APP
L001000,ST033,U00970,20260425083400,2026-04-25 09:09:00,71.17,22774,CARD
L005612,ST011,U00040,2026/01/23 08:48:00,2026-01-23 09:39:00,89.43,28618,APP
L010212,ST020,U01287,2026-03-04 21:27:00,2026-03-04 22:26:00,35.71,11427,APP
L003139,ST007,U00875,2026-06-02 20:54:00,2026-06-02 21:36:00,N/A,23725,CARD
L003702,ST010,U00494,2026-01-01 02:06:00,2026-01-01 07:30:00,24.69,7209,MEMBERSHIP
L011672,ST008,U01783,2026-03-04 07:08:00,2026-03-04 12:16:00,20.64,5263,APP
L011081,ST015,U01565,2026/07/16 18:39:00,2026-07-16 19:23:00,70.3,22496,CARD
L002129,ST020,U00941,2026/03/07 21:16:00,2026-03-07 22:10:00,31.68,10138,APP
L006626,ST030,U02045,2026-03-05 03:36:00,2026-03-05 04:34:00,131.2,41984,CARD
L005857,ST009,U01051,2026-02-17 23:02:00,2026-02-17 23:38:00,24.58,8529,APP
L000074,ST012,U00808,2026-02-11 15:08:00,2026-02-11 15:31:00,16.48,5274, APP 
L004935,ST011,U02707,2026-02-17 16:18:00,2026-02-17 16:59:00,72.14,23085,CARD
L006942,ST001,U02043,2026-06-08 18:26:00,2026-06-08 19:06:00,80.89,30738,APP
L007146,ST008,U02803,20260112150600,2026-01-12 19:51:00,19.08,4865,APP
L004005,ST031,U01045,20260530040600,2026-05-30 04:49:00,96.34,36609,CARD
L002844,ST022,U01543,2026-05-23 03:08:00,2026-05-23 03:38:00,48.02,16663,MEMBERSHIP
L002876,ST034,U00460,2026-07-09 15:14:00,2026-07-09 15:42:00,81.94,31137,CARD
L008343,ST017,U00208,2026-01-11 05:53:00,2026-01-11 12:13:00,32.33,9440, APP 
L003005,ST027,U02143,2026/04/03 20:42:00,2026-04-04 02:36:00,28.96,8456,MEMBERSHIP
L008966,ST019,U00778,20260611074400,2026-06-11 08:28:00,129.57,44961,APP
L006435,ST008,U01680,2026-02-05 16:05:00,2026-02-05 23:48:00,47.66,12153,MEMBERSHIP
L006804,ST025,U02225,2026-02-15 14:13:00,2026-02-15 17:38:00,20.17,5890,MEMBERSHIP
L010492,ST009,U01875,2026-01-02 22:51:00,2026-01-02 23:12:00,9.9,3435,APP
L011367,ST001,U01432,2026-02-03 18:58:00,2026-02-03 19:22:00,48.86,18567, APP 
L001228,ST039,U00323,2026-04-02 11:05:00,2026-04-02 12:05:00,28.19,9782,CARD
L003494,ST027,U01213,2026-06-16 08:47:00,2026-06-16 13:26:00,28.8,8410,MEMBERSHIP
L010986,ST006,U02543,2026-01-12 17:53:00,2026-01-13 00:38:00,28.9,8439,CARD
L000100,ST007,U00111,2026-06-06 18:32:00,2026-06-06 19:03:00,49.44,15821,MEMBERSHIP
L002218,ST011,U00117,2026/02/11 10:47:00,2026-02-11 11:30:00,81.4,26048,MEMBERSHIP
L007227,ST008,U02146,2026/04/08 03:01:00,2026-04-08 05:49:00,13.08,3335,APP
L011937,ST038,U01678,2026-07-04 07:21:00,2026-07-04 07:43:00,42.57,13622,APP
L006048,ST037,U02231,2026-05-25 22:58:00,2026-05-25 23:54:00,118.71,41192,MEMBERSHIP
L010075,ST027,U02023,2026-05-10 04:13:00,2026-05-10 10:12:00,26.44,"7,720",CARD
L009676,ST012,U00628,2026-04-28 01:38:00,2026-04-28 02:35:00,41.33,13226,APP
L006321,ST024,U00492,2026-05-13 22:47:00,2026-05-13 23:17:00,69.62,24158,MEMBERSHIP
L001428,ST014,U01821,2026-01-17 12:27:00,2026-01-17 13:11:00,21.56,8193,MEMBERSHIP
L001071,ST025,U00154,2026-05-17 19:47:00,2026-05-18 01:33:00,33.43,9762,CARD
L008994,ST005,U02301,2026-04-03 11:03:00,2026-04-03 11:54:00,102.62,32838,APP
L004937,ST020,U02614,2026/01/20 09:20:00,2026-01-20 10:00:00,25.13,8042,MEMBERSHIP
L010540,ST014,U01686,2026-03-10 15:18:00,2026-03-10 16:15:00,27.51,10454,CARD
L009016,ST022,U01660,2026-05-15 13:40:00,2026-05-15 14:39:00,88.65,30762,MEMBERSHIP
L002472,ST013,U01557,20260205203200,2026-02-05 21:19:00,131.6,42112,MEMBERSHIP
L009305,ST037,U00420,2026-07-28 07:05:00,2026-07-28 07:56:00,95.6,33173, APP 
L010347,ST036,U01144,2026-04-27 03:30:00,2026-04-27 09:14:00,35.01,10223,app
L006900,ST006,U01531,2026-01-21 13:05:00,2026-01-21 19:02:00,24.1,7037,card
L007617,ST037,U00430,2026-01-17 01:20:00,2026-01-17 02:03:00,85.43,29644,CARD
L004512,ST019,U01959,2026-01-04 11:55:00,2026-01-04 12:30:00,71.16,24693,APP
L006201,ST008,U01911,2026-01-28 19:38:00,2026-01-28 23:11:00,13.95,3557,APP
L001253,ST015,U00894,2026-03-18 10:19:00,2026-03-18 11:16:00,113.97,36470,CARD
L007173,ST033,U01542,2026-02-13 18:36:00,2026-02-13 19:20:00,67.52,21606,CARD
L002066,ST032,U01664,2026-07-24 20:38:00,2026-07-24 21:36:00,65.12,24746,MEMBERSHIP
L000253,ST017,U02313,2026-03-20 02:22:00,2026-03-20 05:36:00,19.94,5822,APP
L009436,ST013,U00352,20260221122200,2026-02-21 13:05:00,103.48,33114,CARD
L011684,ST008,U00324,2026-04-13 05:44:00,2026-04-13 11:54:00,35.61,9081,CARD
L010326,ST030,U02585,2026-01-28 02:20:00,2026-01-28 03:00:00,107.37,34358,MEMBERSHIP
L011638,ST008,U02871,2026-02-13 08:19:00,2026-02-13 11:05:00,16.67,4251,APP
L009912,ST021,U01959,2026-07-21 10:40:00,2026-07-21 16:09:00,34.17,9978,APP
L008549,ST005,U00120,2026-06-23 23:19:00,2026-06-23 23:59:00,77.87,,MEMBERSHIP
L000666,ST021,U02946,2026/02/06 01:16:00,2026-02-06 07:12:00,25.42,7423,MEMBERSHIP
L008747,ST036,U00929,2026-01-06 02:41:00,2026-01-06 08:15:00,36.52,10664,MEMBERSHIP
L000045,ST013,U02619,2026-01-11 19:10:00,2026-01-11 19:34:00,,18410,MEMBERSHIP
L004715,ST019,U01321,2026/04/12 19:10:00,2026-04-12 20:06:00,152.17,,CARD
L003882,ST011,U02599,2026-04-08 10:03:00,2026-04-08 10:40:00,81.32,26022,APP
L004492,ST016,U00763,2026-01-25 19:56:00,2026-01-26 01:23:00,30.73,7836,CARD
L002317,ST028,U01861,2026-02-13 11:59:00,2026-02-13 12:50:00,55.62,,CARD
L006085,ST010,U02041,2026-05-29 05:57:00,2026-05-29 10:26:00,20.1,5869,CARD
L009225,ST019,U02435,2026-04-05 01:11:00,2026-04-05 02:05:00,125.51,43552,APP
L010499,ST012,U02036,2026-01-02 23:29:00,2026-01-03 00:18:00,32.11,10275,MEMBERSHIP
L011800,ST023,U01884,2026-03-17 22:04:00,2026-03-17 22:51:00,25.93,8298,CARD
L004270,ST025,U02126,20260113021700,2026-01-13 07:56:00,27.81,8121,CARD
L011443,ST037,U01505,2026-04-21 20:33:00,2026-04-21 21:09:00,61.97,21504,MEMBERSHIP
L004913,ST029,U01181,2026-05-28 23:43:00,2026-05-29 06:05:00,58.86,17187,APP
L007184,ST022,U00559,2026-04-29 18:04:00,2026-04-29 18:56:00,71.64,,CARD
L010378,ST036,U01563,2026-07-17 22:32:00,2026-07-18 00:36:00,16.11,4704,MEMBERSHIP
L010483,ST022,U01909,2026-06-09 01:24:00,2026-06-09 02:20:00,123.33,42796,APP
L003292,ST007,U01395,2026/05/18 21:58:00,2026-05-18 22:37:00,71.42,22854,MEMBERSHIP
L003642,ST033,U02910,2026-03-03 11:18:00,2026-03-03 12:07:00,70.42,22534,CARD
L000738,ST011,U01172,2026-04-15 05:46:00,2026-04-15 06:35:00,106.62,34118,APP
L000001,ST038,U00822,2026-03-12 04:08:00,2026-03-12 04:57:00,123.31,39459,MEMBERSHIP
L004729,ST019,U00291,2026-01-23 08:40:00,2026-01-23 09:03:00,43.32,15032,MEMBERSHIP
L008614,ST036,U01065,2026-04-16 02:24:00,2026-04-16 07:15:00,30.0,8760,MEMBERSHIP
L006225,ST021,U02836,2026-03-09 19:02:00,2026-03-10 01:18:00,39.21,11449,APP
L009539,ST026,U02194,2026-06-11 17:28:00,2026-06-11 18:07:00,79.74,30301,MEMBERSHIP
L007618,ST037,U01700,2026/06/12 16:03:00,2026-06-12 16:32:00,53.16,,APP
L000337,ST039,U02305,2026-07-02 11:24:00,2026-07-02 12:23:00,30.81,10691,CARD
L001097,ST020,U00492,2026-06-20 10:17:00,2026-06-20 10:44:00,16.95,5424,CARD
L000161,ST001,U01001,20260123112200,2026-01-23 11:55:00,66.25,25175,CARD
L002566,ST012,U02492,2026-01-26 10:02:00,2026-01-26 10:39:00,18.98,6074,MEMBERSHIP
L003066,ST005,U02893,20260216021200,2026-02-16 02:33:00,,14378,MEMBERSHIP
L000561,ST025,U00980,2026-04-20 03:05:00,2026-04-20 07:05:00,16.66,4865,MEMBERSHIP
L000874,ST037,U02604,2026-05-02 06:05:00,2026-05-02 06:54:00,82.55,28645,MEMBERSHIP
L000153,ST025,U02998,2026-06-12 06:44:00,2026-06-12 12:31:00,27.72,8094,MEMBERSHIP
L010952,ST027,U00028,2026-03-03 01:18:00,2026-03-03 04:15:00,16.88,,APP
L001267,ST029,U01732,20260621225600,2026-06-22 01:39:00,19.76,5770,CARD
L010938,ST005,U02537,2026-03-13 16:24:00,2026-03-13 17:20:00,148.96,47667,APP
L010595,ST012,U00355,2026-03-07 07:36:00,2026-03-07 08:13:00,-,8144,APP
L006766,ST031,U02724,2026-05-28 16:35:00,2026-05-28 16:58:00,32.12,12206,app
L002831,ST017,U02493,2026/04/15 03:43:00,2026-04-15 08:08:00,19.1,5577,CARD
L008567,ST031,U00213,2026-01-02 07:29:00,2026-01-02 07:55:00,56.68,,APP
L011824,ST031,U01082,2026/06/05 14:03:00,2026-06-05 14:25:00,49.44,18787,Card
L002651,ST010,U02352,2026-06-15 17:04:00,2026-06-16 00:22:00,44.53,13003,MEMBERSHIP
L002674,ST010,U02534,20260610155100,2026-06-10 20:15:00,22.5,6570,CARD
L009069,ST038,U02945,20260708172300,2026-07-08 18:04:00,113.01,36163,MEMBERSHIP
L007829,ST017,U02612,2026-07-04 11:47:00,2026-07-04 18:12:00,28.84,8421,APP
L002968,ST033,U00479,2026-06-20 18:28:00,2026-06-20 18:58:00,67.14,21485,APP
L010201,ST016,U01191,2026-01-15 01:11:00,2026-01-15 06:42:00,34.17,,MEMBERSHIP
L009609,ST014,U00306,2026-06-05 07:43:00,2026-06-05 08:18:00,19.99,7596,APP
L003958,ST007,U02273,2026-04-17 11:22:00,2026-04-17 12:10:00,76.08,24346,CARD
L003657,ST001,U01701,2026-06-12 02:15:00,2026-06-12 03:00:00,92.74,35241,APP
L007816,ST022,U02871,20260322030500,2026-03-22 03:53:00,66.72,23152,APP
L007113,ST010,U01808,2026-05-23 09:04:00,2026-05-23 16:31:00,30.39,8874,CARD
L005546,ST007,U02644,2026-02-02 00:46:00,2026-02-02 01:18:00,63.05,,MEMBERSHIP
L010657,ST034,U00846,2026-03-28 08:33:00,2026-03-28 09:26:00,128.0,48640,MEMBERSHIP
L006580,ST028,U00474,2026-04-18 08:29:00,2026-04-18 09:21:00,56.94,18221,MEMBERSHIP
L000672,ST015,U02567,2026-05-26 14:53:00,2026-05-26 15:16:00,51.3,16416,APP
L006305,ST013,U01510,2026-03-23 14:47:00,2026-03-23 15:30:00,126.04,40333,APP
L010213,ST002,U01516,2026-02-11 22:39:00,2026-02-12 02:28:00,23.49,,APP
L001157,ST007,U01715,2026-01-14 07:04:00,2026-01-14 07:32:00,38.55,12336,MEMBERSHIP
L011990,ST007,U02068,2026-01-21 21:42:00,2026-01-21 22:13:00,55.77,17846,APP
L005479,ST012,U02368,2026-06-03 14:49:00,2026-06-03 15:29:00,25.17,8054,MEMBERSHIP
L001900,ST020,U02154,2026-01-22 02:23:00,2026-01-22 02:52:00,18.19,5821,APP
L000477,ST007,U01507,2026-01-28 00:21:00,2026-01-28 00:55:00,66.46,21267,APP
L004688,ST025,U00482,2026/06/22 02:24:00,2026-06-22 06:12:00,19.54,5706,MEMBERSHIP
L003094,ST033,U01181,2026-07-27 23:44:00,2026-07-28 00:32:00,80.22,25670,MEMBERSHIP
L010515,ST020,U01491,2026-01-18 15:16:00,2026-01-18 16:04:00,29.8,9536,APP
L008635,ST038,U01216,20260713115900,2026-07-13 12:22:00,65.93,,APP
L003420,ST010,U00264,2026-05-23 22:34:00,2026-05-24 02:52:00,23.8,6950,app
L010557,ST033,U01923,2026/06/07 06:26:00,2026-06-07 06:48:00,43.73,13994,app
L000766,ST036,U00445,2026/03/08 23:29:00,2026-03-09 03:22:00,37.52,10956,MEMBERSHIP
L003174,ST031,U00848,2026-04-24 08:39:00,2026-04-24 09:03:00,52.98,20132,CARD
L008160,ST005,U02044,20260602191200,2026-06-02 19:41:00,64.82,20742,MEMBERSHIP
L002243,ST016,U01041,2026-05-31 09:49:00,2026-05-31 16:20:00,37.07,9453,MEMBERSHIP
L008012,ST028,U01373,2026-03-07 09:58:00,2026-03-07 10:57:00,61.42,19654,CARD
L009268,ST014,U00097,2026-06-15 16:55:00,2026-06-15 17:17:00,13.47,5119,CARD
L005317,ST029,U02964,2026/06/26 02:36:00,2026-06-26 08:50:00,57.22,16708,MEMBERSHIP
L006895,ST014,U00587,2026-05-19 14:55:00,2026-05-19 15:21:00,13.36,5077,APP
L008351,ST027,U00070,2026/07/08 19:09:00,2026-07-08 21:50:00,11.01,3215,MEMBERSHIP
L006060,ST025,U01592,2026-03-10 11:31:00,2026-03-10 14:46:00,19.38,5659,CARD
L004989,ST005,U02347,2026-06-06 09:57:00,2026-06-06 10:28:00,60.2,"19,264", APP 
L006552,ST012,U01677,2026-05-13 12:09:00,2026-05-13 12:33:00,17.28,5530,CARD
L005647,ST022,U00964,2026/06/15 00:01:00,2026-06-15 00:21:00,33.33,"11,566",CARD
L009130,ST012,U01589,20260220000300,2026-02-20 00:38:00,22.28,7130, APP 
L002708,ST027,U00097,2026-02-26 10:51:00,2026-02-26 13:24:00,13.39,,CARD
L010407,ST035,U01688,2026-06-29 14:24:00,2026-06-29 19:52:00,36.95,9422,CARD
L011529,ST002,U00936,2026-07-21 07:28:00,2026-07-21 13:46:00,51.24,14962,APP
L009412,ST023,U02284,20260520151300,2026-05-20 15:47:00,23.83,7626,CARD
L001474,ST023,U02276,2026-06-14 10:21:00,2026-06-14 11:16:00,31.01,9923,CARD
L009849,ST023,U02695,2026-01-26 15:27:00,2026-01-26 16:10:00,21.82,,MEMBERSHIP
L008221,ST038,U00821,2026-05-29 12:18:00,2026-05-29 13:04:00,114.8,36736,CARD
L005555,ST029,U02025,2026-06-29 11:16:00,2026-06-29 15:07:00,25.57,7466,CARD
L011891,ST019,U02465,2026-05-08 12:57:00,2026-05-08 13:49:00,140.37,48708,MEMBERSHIP
L000119,ST018,U01295,2026-05-13 20:28:00,2026-05-14 02:58:00,38.5,"11,242",Card
L002327,ST021,U00546,2026-06-10 19:49:00,2026-06-11 02:38:00,40.56,11844,card
L006365,ST016,U01719,2026-03-03 02:06:00,2026-03-03 09:45:00,30.69,7826,APP
L004022,ST039,U02680,2026-01-05 03:00:00,2026-01-05 03:20:00,12.23,4244,APP
L004455,ST026,U01422,2026-05-01 02:47:00,2026-05-01 03:10:00,52.55,19969,CARD
L006665,ST033,U02839,2026-02-26 02:50:00,2026-02-26 03:40:00,99.9,31968,APP
L003854,ST010,U01328,2026/05/28 20:48:00,2026-05-29 04:20:00,40.77,11905,CARD
L007832,ST036,U01907,2026-01-01 08:14:00,2026-01-01 14:57:00,63.23,18463,APP
L008773,ST005,U01153,20260119214300,2026-01-19 22:19:00,67.92,21734,app
L005671,ST018,U00975,2026/03/30 14:44:00,2026-03-30 19:19:00,27.48,8024,APP
L007030,ST016,U01409,2026-05-27 01:55:00,2026-05-27 09:09:00,44.41,11325,CARD
L007920,ST029,U02553,2026-04-28 02:09:00,2026-04-28 06:14:00,24.99,7297,CARD
L010140,ST002,U00675,2026-02-11 15:53:00,2026-02-11 19:43:00,37.36,10909,CARD
L003044,ST038,U01536,2026-04-01 17:51:00,2026-04-01 18:33:00,109.85,35152,CARD
L004480,ST039,U02436,2026-05-29 15:27:00,2026-05-29 16:14:00,29.84,10354,APP
L000955,ST030,U02624,2026-04-02 14:45:00,2026-04-02 15:42:00,110.95,35504,Card
L000717,ST040,U00350,2026-01-06 06:15:00,2026-01-06 09:01:00,20.52,5992,CARD
L009793,ST012,U02252,2026-03-18 11:15:00,2026-03-18 12:13:00,37.74,12077,APP
L005952,ST013,U02826,2026-04-30 23:08:00,2026-04-30 23:30:00,43.56,13939,MEMBERSHIP
L010918,ST005,U02561,20260414122000,2026-04-14 13:14:00,-,43830,APP
L007882,ST028,U00333,2026-04-14 16:07:00,2026-04-14 16:57:00,52.53,16810,MEMBERSHIP
L006730,ST030,U02598,2026-02-08 06:37:00,2026-02-08 07:18:00,87.87,28118,MEMBERSHIP
L008573,ST007,U00470,2026-01-05 15:00:00,2026-01-05 15:30:00,65.32,20902,CARD
L006683,ST032,U01165,20260610025400,2026-06-10 03:31:00,43.65,16587,CARD
L009052,ST005,U02596,2026-03-15 17:32:00,2026-03-15 18:05:00,91.86,29395,MEMBERSHIP
L005626,ST022,U00153,2026-01-29 23:46:00,2026-01-30 00:46:00,114.67,39790,CARD
L008453,ST035,U00746,2026-07-16 06:16:00,2026-07-16 11:05:00,37.37,9529,MEMBERSHIP
L002601,ST016,U01082,2026-06-04 19:03:00,2026-06-05 01:58:00,31.77,8101,MEMBERSHIP
L001270,ST013,U02638,2026-06-02 11:31:00,2026-06-02 12:24:00,142.45,45584,APP
L009897,ST012,U00578,2026/01/22 00:04:00,2026-01-22 00:45:00,22.1,7072,MEMBERSHIP
L008052,ST037,U01876,2026-04-02 20:33:00,2026-04-02 21:05:00,48.34,"16,774",CARD
L009159,ST030,U01767,2026-03-30 21:00:00,2026-03-30 21:30:00,64.63,20682, APP 
L009068,ST008,U02974,2026-05-03 19:11:00,2026-05-03 23:54:00,18.21,4644,MEMBERSHIP
L009478,ST029,U00345,2026-03-24 11:08:00,2026-03-24 17:23:00,49.27,14387,CARD
L001534,ST037,U01021,2026-02-04 09:53:00,2026-02-04 10:18:00,55.44,19238,APP
L008352,ST030,U01199,2026-02-04 02:51:00,2026-02-04 03:26:00,83.23,26634,MEMBERSHIP
L000641,ST026,U00130,2026/06/12 10:35:00,2026-06-12 11:23:00,94.98,36092,Card
L000438,ST024,U02946,2026-04-27 09:31:00,2026-04-27 10:10:00,112.54,39051,APP
L011047,ST035,U02542,2026-05-27 19:29:00,2026-05-27 21:43:00,19.66,5013,CARD
L008690,ST031,U01038,2026-03-02 19:58:00,2026-03-02 20:34:00,75.89,28838,APP
L009825,ST008,U02071,20260711232700,2026-07-12 04:57:00,33.3,,MEMBERSHIP
L006763,ST025,U00137,20260207000200,2026-02-07 03:31:00,17.95,"5,241", APP 
L009361,ST024,U01752,2026-06-28 14:02:00,2026-06-28 14:32:00,67.51,23426,MEMBERSHIP
L008707,ST024,U01666,20260624142700,2026-06-24 15:14:00,110.34,38288,CARD
L006689,ST009,U01366,2026/06/04 04:40:00,2026-06-04 05:09:00,17.77,6166,MEMBERSHIP
L009903,ST016,U00583,2026-03-09 11:47:00,2026-03-09 13:52:00,11.53,2940, APP 
L006587,ST012,U00789,2026-07-22 13:38:00,2026-07-22 14:21:00,30.38,9722,membership
L004858,ST001,U01893,20260616005200,2026-06-16 01:19:00,58.45,22211,CARD
L007973,ST025,U00061,20260611234300,2026-06-12 05:44:00,30.08,8783,MEMBERSHIP
L006257,ST007,U01639,2026-04-29 11:06:00,2026-04-29 11:45:00,53.94,17261,MEMBERSHIP
L004067,ST039,U02303,2026/02/03 13:32:00,2026-02-03 14:22:00,29.46,10223,MEMBERSHIP
L006710,ST033,U01417,2026-06-19 17:14:00,2026-06-19 18:14:00,128.7,41184,MEMBERSHIP
L008827,ST027,U01384,2026/04/01 12:08:00,2026-04-01 17:53:00,28.64,8363,APP
L007472,ST017,U02293,2026-07-16 23:53:00,2026-07-17 02:37:00,12.45,3635, APP 
L003098,ST020,U02565,2026-02-16 17:39:00,2026-02-16 18:02:00,16.08,5146,CARD
L001721,ST035,U01718,2026-03-09 14:50:00,2026-03-09 19:25:00,34.16,8711,APP
L009160,ST034,U01272,2026-07-25 15:38:00,2026-07-25 16:08:00,74.19,28192,MEMBERSHIP
L007835,ST029,U01353,2026-04-14 02:16:00,2026-04-14 08:09:00,36.24,10582,APP
L000124,ST032,U00803,2026-04-05 19:53:00,2026-04-05 20:22:00,30.08,"11,430",MEMBERSHIP
L007562,ST001,U02391,20260519170800,2026-05-19 17:29:00,46.09,17514,APP
L007042,ST017,U02828,2026-04-02 14:07:00,2026-04-02 18:20:00,18.41,5376,CARD
L002541,ST021,U00060,2026-07-29 04:58:00,2026-07-29 09:49:00,23.04,6728,MEMBERSHIP
L007689,ST008,U02228,2026-06-16 05:40:00,2026-06-16 12:46:00,42.49,10835,APP
L002849,ST035,U02256,20260122083700,2026-01-22 12:52:00,34.29,8744,card
L002183,ST030,U02968,2026-01-12 00:07:00,2026-01-12 00:58:00,149.37,,CARD
L007422,ST007,U00448,2026-07-02 18:56:00,2026-07-02 19:52:00,123.79,39613,MEMBERSHIP
L002486,ST039,U01775,20260706170700,2026-07-06 17:32:00,12.82,4449,MEMBERSHIP
L011634,ST031,U01542,2026-04-14 16:45:00,2026-04-14 17:22:00,70.59,26824,APP
L001554,ST004,U01442,2026-05-05 05:57:00,2026-05-05 06:55:00,79.88,25562,MEMBERSHIP
L006735,ST018,U00882,2026/07/21 17:54:00,2026-07-21 21:08:00,13.7,4000,CARD
L008729,ST036,U02031,2026-07-29 11:51:00,2026-07-29 16:09:00,39.61,11566,MEMBERSHIP
L008744,ST036,U01358,2026-06-29 04:17:00,2026-06-29 12:07:00,71.7,20936,APP
L002695,ST011,U01437,2026/02/05 16:23:00,2026-02-05 16:56:00,46.49,14877,MEMBERSHIP
L006126,ST014,U00692,2026-05-17 05:11:00,2026-05-17 05:32:00,10.75,4085,CARD
L001034,ST005,U02709,2026/06/25 04:35:00,2026-06-25 05:01:00,63.17,20214,MEMBERSHIP
L000279,ST010,U02668,2026-07-25 02:29:00,2026-07-25 06:16:00,23.55,6877,CARD
L010197,ST006,U01192,2026-04-16 15:32:00,2026-04-16 21:53:00,27.69,"8,085",MEMBERSHIP
L009326,ST004,U01024,20260529144300,2026-05-29 15:32:00,10600.0,33920,APP
L010607,ST017,U02435,2026-05-09 00:05:00,2026-05-09 05:25:00,20.76,6062,APP
L008049,ST029,U00892,2026/04/29 14:54:00,2026-04-29 22:48:00,61.5,17958,CARD
L000710,ST027,U00720,2026-01-31 19:42:00,2026-01-31 23:24:00,21.58,6301,APP
L010730,ST018,U01395,2026-03-16 18:27:00,2026-03-16 22:52:00,19.58,5717, APP 
L008396,ST010,U00944,2026-04-29 02:40:00,2026-04-29 10:24:00,31.01,,CARD
L005989,ST035,U02364,2026/04/12 23:33:00,2026-04-13 04:04:00,28.88,7364,CARD
L003401,ST004,U02205,2026-04-20 13:48:00,2026-04-20 14:15:00,59.39,19005,APP
L004012,ST004,U02898,2026-06-13 19:33:00,2026-06-13 20:24:00,81.54,26093,MEMBERSHIP
L003842,ST031,U00104,2026-02-20 02:48:00,2026-02-20 03:48:00,96.14,36533,MEMBERSHIP
L010835,ST034,U01940,2026/06/18 23:18:00,2026-06-18 23:49:00,70.3,26714,APP
L007251,ST021,U00140,2026-07-13 12:00:00,2026-07-13 17:35:00,34.97,10211,APP
L011474,ST024,U01961,2026-01-16 17:12:00,2026-01-16 17:55:00,111.79,38791,APP
L011628,ST033,U02597,2026/03/18 11:04:00,2026-03-18 11:35:00,53.24,17037,APP
L009919,ST020,U01681,2026-06-02 14:41:00,2026-06-02 15:16:00,23.06,7379,APP
L002458,ST029,U00011,2026-03-10 02:44:00,2026-03-10 05:06:00,22.82,6663,CARD
L005596,ST019,U02331,20260317135900,2026-03-17 14:55:00,105.28,36532,MEMBERSHIP
L010019,ST008,U02312,2026-04-10 21:59:00,2026-04-11 05:20:00,44.99,11472,CARD
L004694,ST012,U00364,2026-03-17 06:21:00,2026-03-17 07:01:00,18.5,5920,APP
L009531,ST033,U01386,2026-03-14 20:48:00,2026-03-14 21:30:00,65.53,20970,card
L002286,ST038,U02817,2026/03/20 18:50:00,2026-03-20 19:40:00,135.82,43462,APP
L011368,ST018,U00183,2026-04-10 14:27:00,2026-04-10 20:43:00,33.69,9837,APP
L009097,ST022,U02535,2026-03-12 07:44:00,2026-03-12 08:13:00,4381.0,15202,MEMBERSHIP
L005850,ST005,U01640,2026-04-08 17:37:00,2026-04-08 18:12:00,69.37,22198,Card
L009460,ST039,U00574,2026-02-09 19:42:00,2026-02-09 20:31:00,32.85,11399,APP
L009878,ST002,U02907,2026-05-06 08:30:00,2026-05-06 11:39:00,27.18,7937,MEMBERSHIP
L009038,ST012,U02735,2026/01/23 22:44:00,2026-01-23 23:35:00,32.26,10323,MEMBERSHIP
L002996,ST001,U02731,2026/02/20 11:58:00,2026-02-20 12:18:00,37.44,,APP
L003740,ST025,U02362,2026-07-17 21:09:00,2026-07-17 23:15:00,1102.0,3218,app
L006035,ST013,U00649,2026-03-05 17:57:00,2026-03-05 18:27:00,69.31,22179,MEMBERSHIP
L005759,ST022,U02449,2026/02/03 10:12:00,2026-02-03 11:01:00,107.58,37330,APP
L000467,ST024,U01417,20260425121800,2026-04-25 12:42:00,64.0,22208,MEMBERSHIP
L000891,ST039,U01570,2026/01/05 03:54:00,2026-01-05 04:28:00,20.94,7266,CARD
L008576,ST029,U01466,2026-02-21 00:52:00,2026-02-21 05:42:00,42.18,12317,APP
L008056,ST011,U01868,2026-06-12 08:09:00,2026-06-12 08:41:00,54.99,17597,APP
L006186,ST003,U01677,2026/04/01 16:38:00,2026-04-01 17:08:00,53.41,17091,CARD
L010753,ST009,U02252,2026-03-25 21:34:00,2026-03-25 21:57:00,14.06,4879,MEMBERSHIP
L008403,ST040,U01192,2026-06-04 11:54:00,2026-06-04 14:55:00,20.45,,MEMBERSHIP
L007511,ST001,U00572,2026/01/24 12:18:00,2026-01-24 13:05:00,99.29,37730,CARD
L005336,ST012,U01932,2026-06-03 14:44:00,2026-06-03 15:30:00,21.34,6829,CARD
L002686,ST020,U00774,2026-03-15 03:45:00,2026-03-15 04:24:00,23.93,7658,CARD
L008487,ST017,U01143,2026-01-11 16:18:00,2026-01-11 23:09:00,32.64,9531,CARD
L001771,ST035,U01212,2026-03-09 11:15:00,2026-03-09 16:48:00,48.37,12334,APP
L007088,ST012,U00500,2026-07-24 19:54:00,2026-07-24 20:28:00,22.59,7229,card
L007153,ST037,U02096,2026-02-24 02:13:00,2026-02-24 02:54:00,56.65,19658,APP
L006040,ST012,U00919,2026-06-09 01:15:00,2026-06-09 01:48:00,22.41,7171,APP
L011605,ST031,U00702,2026-01-10 04:13:00,2026-01-10 05:02:00,107.6,40888,CARD
L003952,ST031,U02645,2026-06-26 22:55:00,2026-06-26 23:16:00,44.09,16754,MEMBERSHIP
L000985,ST013,U00310,2026-07-06 02:09:00,2026-07-06 02:47:00,108.42,34694,MEMBERSHIP
L001106,ST003,U02593,2026/01/31 16:38:00,2026-01-31 17:06:00,61.79,19773,APP
L002854,ST009,U00824,2026-04-11 04:52:00,2026-04-11 05:45:00,27.57,,APP
L006491,ST004,U00516,20260702204700,2026-07-02 21:35:00,76.27,24406,APP
L009777,ST038,U00926,2026-01-02 19:04:00,2026-01-02 19:54:00,138.21,44227,CARD
L010369,ST023,U00334,2026-04-06 04:51:00,2026-04-06 05:16:00,13.53,4330,CARD
L005815,ST004,U00849,2026-07-09 16:54:00,2026-07-09 17:47:00,98.78,31610,APP
L004993,ST026,U02053,2026-05-01 04:05:00,2026-05-01 04:48:00,110.78,42096,CARD
L008334,ST020,U01659,2026-06-17 06:21:00,2026-06-17 07:18:00,,9430,MEMBERSHIP
L004319,ST018,U00760,2026/03/30 13:23:00,2026-03-30 16:48:00,14.0,4088,CARD
L004201,ST024,U01392,2026-01-17 03:12:00,2026-01-17 04:07:00,104.34,36206,APP
L002810,ST022,U00901,2026-05-18 19:46:00,2026-05-18 20:08:00,38.84,13477,CARD
L004345,ST901,U02838,2026-07-13 18:09:00,2026-07-13 22:23:00,18.66,5449,membership
L006769,ST002,U01459,2026-04-28 05:57:00,2026-04-28 11:50:00,35.96,10500,CARD
L008005,ST032,U02425,2026/02/16 14:02:00,2026-02-16 14:43:00,60.76,"23,089",MEMBERSHIP
L001146,ST011,U00418,2026-04-13 19:11:00,2026-04-13 19:31:00,42.64,13645,MEMBERSHIP
L002824,ST024,U01209,2026-07-11 09:17:00,2026-07-11 10:03:00,103.13,35786,Card
L007626,ST017,U00250,2026-02-04 08:45:00,2026-02-04 13:04:00,24.81,7245,MEMBERSHIP
L010914,ST031,U02519,2026-02-19 00:39:00,2026-02-19 01:16:00,78.79,29940,CARD
L002799,ST016,U00567,2026-06-22 05:16:00,2026-06-22 08:42:00,16.74,4269,membership
L007357,ST031,U00189,20260324102000,2026-03-24 11:19:00,91.83,34895,CARD
L006460,ST028,U00206,2026-02-07 14:17:00,2026-02-07 15:14:00,83.97,26870,CARD
L004523,ST011,U02414,2026-07-15 21:11:00,2026-07-15 21:54:00,84.93,27178,CARD
L000767,ST006,U01653,2026-05-18 11:48:00,2026-05-18 17:12:00,23.41,6836,MEMBERSHIP
L002646,ST020,U00943,2026/07/04 01:03:00,2026-07-04 01:32:00,16.34,5229,APP
L002315,ST038,U02356,2026/05/23 17:44:00,2026-05-23 18:27:00,114.22,36550,MEMBERSHIP
L003896,ST006,U00206,2026-04-26 22:45:00,2026-04-27 03:57:00,27.72,8094,APP
L005301,ST018,U00661,2026-04-04 08:20:00,2026-04-04 11:30:00,19.5,5694,CARD
L000913,ST005,U02468,2026-02-09 00:32:00,2026-02-09 01:23:00,131.44,42061,APP
L008605,ST024,U02738,2026-07-17 10:23:00,2026-07-17 11:21:00,150.27,,MEMBERSHIP
L005357,ST038,U00433,2026-03-02 19:49:00,2026-03-02 20:21:00,79.48,25434,CARD
L003068,ST010,U01016,2026-05-25 01:13:00,2026-05-25 04:22:00,19.14,5589,MEMBERSHIP
L003990,ST028,U01711,2026-05-09 03:46:00,2026-05-09 04:41:00,75.11,24035,membership
L005229,ST033,U02025,2026-07-20 03:36:00,2026-07-20 02:13:00,92.08,29466,CARD
L001303,ST008,U02619,2026-06-16 06:49:00,2026-06-16 10:59:00,22.46,5727,app
L006259,ST026,U00570,2026-07-24 02:47:00,2026-07-24 03:34:00,94.52,35918,MEMBERSHIP
L001814,ST003,U01019,2026-04-24 12:28:00,2026-04-24 13:12:00,66.18,21178,MEMBERSHIP
L002237,ST034,U00933,2026/05/19 23:28:00,2026-05-20 00:07:00,84.3,32034,MEMBERSHIP
L007836,ST003,U00445,2026-06-03 02:02:00,2026-06-03 02:28:00,39.39,12605,MEMBERSHIP
L003042,ST021,U02137,2026-03-07 09:17:00,2026-03-07 16:46:00,44.38,12959,APP
L006004,ST014,U02422,2026-01-11 11:03:00,2026-01-11 12:03:00,29.21,,MEMBERSHIP
L006070,ST025,U00304,2026-02-01 20:17:00,2026-02-01 22:42:00,14.85,4336, APP 
L000121,ST016,U02250,2026/01/09 01:50:00,2026-01-09 04:40:00,14.07,3588,CARD
L005007,ST009,U00766,2026-06-27 14:21:00,2026-06-27 15:02:00,22.85,7929,CARD
L001235,ST023,U00124,2026-02-16 01:10:00,2026-02-16 01:35:00,17.34,5549,APP
L001263,ST024,U01266,2026-05-20 07:04:00,2026-05-20 07:51:00,98.24,34089,CARD
L008836,ST005,U02146,2026-01-27 14:15:00,2026-01-27 14:51:00,89.59,28669, APP 
L006882,ST022,U01298,20260101134000,2026-01-01 14:12:00,58.54,20313,CARD
L010450,ST023,U01117,2026/07/27 02:25:00,2026-07-27 03:07:00,27.38,8762,APP
L009904,ST012,U02177,2026-01-21 12:21:00,2026-01-21 12:49:00,14.79,4733,MEMBERSHIP
L000170,ST036,U00148,2026-04-05 22:46:00,2026-04-06 05:31:00,61.33,17908,MEMBERSHIP
L011078,ST013,U01126,2026-07-08 03:30:00,2026-07-08 04:08:00,85.78,27450,APP
L007781,ST003,U01794,2026-03-04 08:31:00,2026-03-04 09:22:00,108.97,34870,APP
L003063,ST013,U00046,2026-04-30 17:15:00,2026-04-30 18:10:00,158.39,50685,CARD
L000256,ST034,U02058,20260406223300,2026-04-06 22:56:00,54.82,20832,CARD
L008216,ST019,U00310,2026-05-08 02:35:00,2026-05-08 03:12:00,90.4,31369,APP
L008337,ST007,U01931,2026/02/19 09:59:00,2026-02-19 10:50:00,78.63,25162,MEMBERSHIP
L003543,ST038,U00385,2026-03-15 15:26:00,2026-03-15 16:17:00,135.83,43466,CARD
L003232,ST040,U01510,2026-03-31 21:43:00,2026-04-01 00:39:00,26.1,7621,MEMBERSHIP
L008795,ST018,U00975,2026-07-01 14:53:00,2026-07-01 17:58:00,12.19,3559, APP 
L010112,ST008,U00737,2026-02-08 02:35:00,2026-02-08 08:38:00,32.84,8374,MEMBERSHIP
L011933,ST014,U02559,2026-05-15 14:24:00,2026-05-15 14:47:00,13.83,5255,CARD
L006692,ST026,U02287,2026-07-29 07:41:00,2026-07-29 08:21:00,80.95,30761,APP
L008297,ST025,U01284,2026-06-09 19:23:00,2026-06-09 21:56:00,14.05,4103,CARD
L006209,ST004,U01574,2026-04-20 20:23:00,2026-04-20 21:01:00,78.4,25088,APP
L009667,ST007,U02534,2026-01-09 12:04:00,2026-01-09 13:02:00,122.04,39053,MEMBERSHIP
L004393,ST025,U00420,2026-03-12 22:44:00,2026-03-13 03:29:00,24.67,7204,APP
L001789,ST029,U02159,2026-05-28 18:13:00,2026-05-28 22:45:00,37.97,,CARD
L002270,ST007,U02742,20260219100400,2026-02-19 10:54:00,94.4,30208,APP
L007522,ST023,U02339,2026-02-04 01:32:00,2026-02-04 02:11:00,18.55,5936,CARD
L009598,ST017,U01287,2026-01-27 23:13:00,2026-01-28 03:59:00,20.63,6024,APP
L010627,ST001,U00463,2026-07-14 02:26:00,2026-07-14 02:47:00,33.51,12734,MEMBERSHIP
L003981,ST021,U02735,20260630081700,2026-06-30 14:22:00,29.43,8594,APP
L005313,ST036,U00770,2026-02-13 18:08:00,2026-02-13 20:40:00,19.28,5630,APP
L008823,ST004,U00275,2026-06-21 05:21:00,2026-06-21 05:54:00,51.19,16381,MEMBERSHIP
L002898,ST031,U01962,2026-06-16 08:33:00,2026-06-16 09:14:00,57.18,21728,APP
L011850,ST013,U01900,2026-07-08 11:12:00,2026-07-08 11:34:00,52.95,"16,944",CARD
L004334,ST028,U00311,20260419094700,2026-04-19 10:26:00,57.09,18269,MEMBERSHIP
L007668,ST027,U00910,2026-03-03 13:44:00,2026-03-03 17:04:00,19.38,5659,CARD
L009923,ST028,U02782,2026-04-21 17:32:00,2026-04-21 18:11:00,37.73,12074,MEMBERSHIP
L005646,ST029,U00315,2026-06-18 00:16:00,2026-06-18 05:08:00,32.52,9496,CARD
L001871,ST037,U00676,2026-07-25 01:50:00,2026-07-25 02:40:00,79.92,27732,CARD
L008312,ST030,U00436,2026-01-31 14:26:00,2026-01-31 15:18:00,122.64,39245,APP
L010288,ST009,U01636,2026-07-23 20:48:00,2026-07-23 21:29:00,28.74,9973,CARD
L009189,ST012,U01647,2026-06-16 12:39:00,2026-06-16 13:16:00,25.12,8038,MEMBERSHIP
L001382,ST030,U02337,2026-01-18 09:51:00,2026-01-18 10:42:00,129.94,41581,APP
L009196,ST028,U02457,2026-04-26 19:11:00,2026-04-26 19:46:00,50.52,16166,MEMBERSHIP
L005025,ST031,U00616,20260623194200,2026-06-23 20:40:00,84.11,31962,CARD
L008261,ST023,U00662,2026-07-24 14:01:00,2026-07-24 14:25:00,16.41,5251,CARD
L004918,ST009,U01554,2026-06-19 14:54:00,2026-06-19 15:14:00,-,,CARD
L010006,ST005,U01733,2026-01-02 21:15:00,2026-01-02 21:36:00,50.7,16224,APP
L000294,ST035,U02016,20260127193000,2026-01-28 00:09:00,33.93,,MEMBERSHIP
L009673,ST015,U00513,2026-01-28 00:25:00,2026-01-28 00:51:00,47.85,15312,CARD
L004320,ST005,U02377,2026-05-02 15:20:00,2026-05-02 16:06:00,110.02,35206,CARD
L004720,ST025,U02738,2026/01/29 07:55:00,2026-01-29 11:16:00,15.68,4579,MEMBERSHIP
L004274,ST033,U01782,20260623093600,2026-06-23 10:05:00,53.67,17174,APP
L007111,ST007,U00462,2026-01-24 06:18:00,2026-01-24 07:11:00,99.01,-31683,CARD
L005444,ST034,U02149,2026/02/08 16:54:00,2026-02-08 17:35:00,97.1,36898,MEMBERSHIP
L009761,ST010,U00086,2026-03-02 11:15:00,2026-03-02 17:28:00,27.19,7939,MEMBERSHIP
L005801,ST013,U00817,2026-07-16 12:07:00,2026-07-16 12:50:00,111.4,35648,MEMBERSHIP
L003801,ST003,U00814,2026-01-15 05:42:00,2026-01-15 06:05:00,39.26,12563,APP
L011228,ST009,U02795,2026-07-18 19:20:00,2026-07-18 19:56:00,19.92,6912,APP
L005583,ST038,U00646,2026-01-17 11:37:00,2026-01-17 12:18:00,88.17,28214,MEMBERSHIP
L002594,ST033,U00644,2026-02-09 16:14:00,2026-02-09 17:05:00,87.72,28070,CARD
L008664,ST034,U02736,2026-06-09 00:28:00,2026-06-09 01:07:00,116.6,44308,app
L005454,ST018,U01174,2026-02-18 20:29:00,2026-02-19 00:58:00,24.18,,MEMBERSHIP
L011226,ST032,U02677,2026-05-17 11:48:00,2026-05-17 12:42:00,78.81,29948,MEMBERSHIP
L006061,ST002,U02322,2026-04-23 15:26:00,2026-04-23 17:57:00,23.37,6824,APP
L002021,ST006,U02528,2026/03/10 03:58:00,2026-03-10 06:31:00,10.68,-3119,MEMBERSHIP
L009314,ST002,U01376,2026-07-03 10:55:00,2026-07-03 18:09:00,51.85,15140,CARD
L002407,ST022,U00808,2026-03-05 21:11:00,2026-03-05 21:40:00,56.75,19692,MEMBERSHIP
L009187,ST010,U01557,2026-02-02 02:50:00,2026-02-02 05:30:00,15.58,4549,CARD
L004263,ST006,U02559,2026-02-27 01:19:00,2026-02-27 07:49:00,35.96,10500,MEMBERSHIP
L003503,ST007,U02473,2026-05-15 09:39:00,2026-05-15 10:04:00,52.62,16838,CARD
L009993,ST019,U02818,2026-07-17 04:04:00,2026-07-17 04:55:00,127.49,44239,MEMBERSHIP
L006922,ST020,U00034,2026-05-07 01:24:00,2026-05-07 02:18:00,32.07,10262,APP
L006207,ST014,U00672,2026/02/17 09:08:00,2026-02-17 09:51:00,21.69,8242,APP
L004385,ST006,U02363,20260520044700,2026-05-20 08:17:00,18.48,5396,APP
L001991,ST024,U02877,2026-02-27 19:52:00,2026-02-27 20:42:00,108.6,37684,CARD
L005825,ST023,U01332,2026-01-27 01:28:00,2026-01-27 01:54:00,19.37,6198,APP
L007426,ST025,U01926,20260217025900,2026-02-17 05:51:00,12.38,3615,APP
L005092,ST009,U00379,2026-01-08 22:00:00,2026-01-08 22:54:00,37.94,13165,MEMBERSHIP
L000244,ST028,U02044,2026-05-21 05:55:00,2026-05-21 06:28:00,32.73,10474,APP
L008290,ST005,U02547,2026-07-26 09:57:00,2026-07-26 10:25:00,7771.0,24867,Card
L009175,ST012,U02679,2026-06-01 05:04:00,2026-06-01 05:43:00,18.35,5872, APP 
L007027,ST024,U02872,2026-04-07 20:39:00,2026-04-07 20:59:00,57.76,20043,app
L002252,ST037,U00770,2026-02-28 20:03:00,2026-02-28 20:34:00,61.89,21476,APP
L011808,ST002,U00022,2026-06-10 17:08:00,2026-06-10 20:57:00,23.13,6754,CARD
L008036,ST023,U01309,2026/02/20 00:32:00,2026-02-20 01:28:00,30.11,9635,APP
L011023,ST010,U00032,2026-06-12 09:34:00,2026-06-12 15:59:00,28.31,8267,MEMBERSHIP
L000149,ST038,U02772,2026-03-29 23:53:00,2026-03-30 00:14:00,55.29,17693,MEMBERSHIP
L006693,ST005,U02463,2026-05-19 11:10:00,2026-05-19 11:30:00,55.56,17779,MEMBERSHIP
L003034,ST009,U02493,2026-01-24 21:12:00,2026-01-24 21:41:00,,5070,CARD
L005762,ST001,U02009,2026-07-20 10:53:00,2026-07-20 11:37:00,62.71,23830,APP
L005934,ST021,U02537,2026-02-20 01:09:00,2026-02-20 07:57:00,34.34,10027,APP
L003131,ST035,U02454,2026-06-07 21:41:00,2026-06-08 04:09:00,39.69,10121,CARD
L010962,ST001,U00628,2026-05-20 22:00:00,2026-05-20 22:47:00,83.31,31658,CARD
L004380,ST029,U02331,2026/03/24 00:15:00,2026-03-24 06:44:00,63.07,18416,APP
L009201,ST036,U01875,2026-03-09 04:32:00,2026-03-09 12:10:00,71.29,20817,membership
L003301,ST010,U02593,2026/01/18 22:31:00,2026-01-19 00:46:00,12.22,3568,APP
L002552,ST037,U02540,2026-04-15 06:28:00,2026-04-15 07:11:00,84.99,29492,Card
L005883,ST030,U00095,2026-03-12 14:22:00,2026-03-12 15:20:00,141.25,45200,CARD
L010930,ST025,U01028,2026-02-09 19:18:00,2026-02-09 23:43:00,18.81,5493,app
L009261,ST009,U00961,2026-04-21 10:14:00,2026-04-21 10:39:00,16.59,5757,CARD
L009122,ST015,U01022,2026-06-22 12:20:00,2026-06-22 13:05:00,80.18,25658, APP 
L001716,ST012,U02407,2026-07-26 10:42:00,2026-07-26 11:18:00,19.02,6086,APP
L008964,ST007,U02055,2026-02-25 23:26:00,2026-02-26 00:04:00,54.73,17514,APP
L011265,ST023,U01991,2026-03-31 06:48:00,2026-03-31 07:41:00,25.26,8083,APP
L002089,ST040,U02001,2026-07-24 18:38:00,2026-07-24 23:38:00,38.56,11260,CARD
L004422,ST035,U00804,2026-05-12 20:12:00,2026-05-13 02:47:00,47.12,12016,APP
L008890,ST017,U00176,2026-04-26 20:49:00,2026-04-27 01:34:00,21.69,6333,CARD
L010695,ST009,U01540,2026-05-15 07:36:00,2026-05-15 08:15:00,20.55,7131,CARD
L005635,ST006,U00242,2026-07-18 11:51:00,2026-07-18 19:25:00,38.97,11379,APP
L001941,ST027,U02150,20260722171500,2026-07-22 21:14:00,23.36,6821,APP
L001038,ST031,U01342,2026-03-15 07:17:00,2026-03-15 08:05:00,76.5,29070,CARD
L005380,ST004,U02768,20260116142600,2026-01-16 14:52:00,54.14,17325,APP
L005237,ST027,U00709,2026-03-24 17:19:00,2026-03-24 21:56:00,20.72,6050,APP
L000599,ST019,U01986,2026-07-20 14:39:00,2026-07-20 15:19:00,96.91,33628,card
L005079,ST001,U01519,2026-04-07 05:21:00,2026-04-07 06:19:00,83.72,31814,CARD
L007659,ST001,U01420,2026-02-23 00:37:00,2026-02-23 01:29:00,109.82,41732,MEMBERSHIP
L005659,ST001,U02256,2026-01-16 09:28:00,2026-01-16 09:57:00,42.45,16131,CARD
L007904,ST004,U02657,2026-06-26 08:18:00,2026-06-26 08:51:00,64.52,,MEMBERSHIP
L006859,ST016,U02909,2026-03-19 00:00:00,2026-03-19 03:28:00,19.8,5049,APP
L010760,ST001,U02376,2026-04-06 00:34:00,2026-04-06 00:57:00,36.57,13897, APP 
L003236,ST004,U00832,2026-01-20 04:08:00,2026-01-20 05:00:00,88.23,28234,CARD
L010289,ST002,U00744,2026-06-14 21:44:00,2026-06-15 02:43:00,44.99,13137,APP
L005337,ST005,U00456,2026-05-02 17:21:00,2026-05-02 18:07:00,95.74,30637,MEMBERSHIP
L011601,ST021,U00029,2026-01-27 23:16:00,2026-01-28 02:21:00,15.06,4398,CARD
L009128,ST022,U02008,2026/01/18 23:06:00,2026-01-18 23:50:00,72.66,25213,CARD
L009546,ST024,U00632,2026-03-05 07:47:00,2026-03-05 08:07:00,56.4,19571,CARD
L007031,ST030,U00437,2026-07-06 05:30:00,2026-07-06 05:56:00,65.9,21088,card
L007921,ST015,U02306,2026-01-30 12:07:00,2026-01-30 12:58:00,106.54,34093,APP
L009259,ST030,U01722,2026-02-26 11:42:00,2026-02-26 12:13:00,62.66,20051,CARD
L011743,ST023,U02949,2026-02-08 08:27:00,2026-02-08 08:47:00,10.12,3238,MEMBERSHIP
L000652,ST036,U00693,2026/05/30 13:27:00,2026-05-30 19:25:00,43.34,12655,MEMBERSHIP
L011708,ST032,U02589,2026/02/13 16:55:00,2026-02-13 17:48:00,55.83,21215,MEMBERSHIP
L009510,ST011,U02922,2026-04-07 06:08:00,2026-04-07 06:31:00,48.21,15427,CARD
L008028,ST031,U00925,2026/05/28 00:24:00,2026-05-28 01:21:00,99.55,37829,CARD
L009594,ST036,U01581,2026/06/27 03:18:00,2026-06-27 09:18:00,40.18,11733,CARD
L005828,ST001,U01482,20260127054400,2026-01-27 06:19:00,65.41,24856,APP
L010454,ST016,U00129,2026-03-09 09:53:00,2026-03-09 16:21:00,33.74,8604,Card
L000528,ST031,U01776,2026-04-10 16:54:00,2026-04-10 17:17:00,47.84,18179,CARD
L001748,ST008,U02297,2026-06-05 07:07:00,2026-06-05 09:10:00,11.94,3045,membership
L005004,ST015,U00063,2026-03-04 18:36:00,2026-03-04 19:09:00,57.42,18374,APP
L002614,ST024,U02809,20260306054700,2026-03-06 06:14:00,67.34,23367,APP
L007748,ST001,U00307,2026-05-23 12:15:00,2026-05-23 13:01:00,82.9,31502,APP
L010531,ST021,U00075,2026-06-07 13:11:00,2026-06-07 18:07:00,25.4,7417,APP
L006159,ST035,U00839,2026/07/22 22:15:00,2026-07-23 01:13:00,25.38,6472,APP
L006488,ST015,U02611,2026-04-22 04:55:00,2026-04-22 05:38:00,78.63,25162,Card
L001230,ST035,U01518,2026-07-01 01:50:00,2026-07-01 05:36:00,26.36,6722,MEMBERSHIP
L000975,ST002,U00742,2026-06-13 08:43:00,2026-06-13 11:25:00,18.01,5259,Card
L006828,ST016,U01148,20260407055400,2026-04-07 13:24:00,30.51,7780,MEMBERSHIP
L009914,ST036,U00540,2026-02-07 00:43:00,2026-02-07 06:05:00,35.87,"10,474",CARD
L001389,ST004,U00208,2026-02-28 05:08:00,2026-02-28 05:53:00,66.37,21238,MEMBERSHIP
L010516,ST021,U00709,2026-04-06 22:41:00,2026-04-07 06:23:00,41.45,12103,APP
L006002,ST024,U00395,2026-02-03 21:37:00,2026-02-03 22:11:00,92.5,32098,CARD
L001506,ST031,U02786,2026-01-19 16:07:00,2026-01-19 17:04:00,115.68,43958,APP
L008874,ST021,U00108,2026-04-03 00:07:00,2026-04-03 03:43:00,18.47,5393,card
L010046,ST023,U00304,2026-06-11 02:14:00,2026-06-11 03:11:00,40.66,13011,CARD
L000002,ST031,U00648,2026/06/02 23:57:00,2026-06-03 00:18:00,40.66,15451,APP
L001022,ST021,U00846,2026-04-21 05:47:00,2026-04-21 08:54:00,13.25,3869,MEMBERSHIP
L001368,ST016,U01642,2026-01-06 03:06:00,2026-01-06 09:03:00,32.1,8186,CARD
L003957,ST017,U02896,2026/05/23 22:48:00,2026-05-24 04:57:00,36.81,10749,CARD
L011254,ST031,U01192,2026-03-12 05:33:00,2026-03-12 06:31:00,81.25,30875,CARD
L004087,ST032,U00204,2026/01/04 17:57:00,2026-01-04 18:21:00,30.22,11484,MEMBERSHIP
L000603,ST015,U00254,2026-02-19 14:14:00,2026-02-19 15:13:00,88.09,28189,membership
L006746,ST009,U02820,2026/01/07 07:02:00,2026-01-07 08:00:00,29.46,10223,APP
L002345,ST024,U00424,2026-02-17 08:38:00,2026-02-17 09:38:00,137.04,47553,APP
L011324,ST017,U01872,2026-01-06 20:41:00,2026-01-06 23:11:00,9.67,2824,MEMBERSHIP
L004934,ST008,U00807,2026-05-02 16:19:00,2026-05-02 19:07:00,16.51,4210,CARD
L005844,ST025,U01241,2026-02-28 14:25:00,2026-02-28 22:19:00,47.77,13949,CARD
L004331,ST037,U01523,2026-04-01 10:59:00,2026-04-01 11:55:00,81.48,28274,MEMBERSHIP
L001043,ST021,U02091,2026-06-22 05:09:00,2026-06-22 11:16:00,26.12,7627,MEMBERSHIP
L004721,ST039,U01960,2026-07-23 18:12:00,2026-07-23 18:44:00,19.15,6645,CARD
L003002,ST017,U02456,2026-05-04 14:02:00,2026-05-04 19:23:00,30.59,8932,MEMBERSHIP
L006299,ST034,U02125,2026-03-20 16:16:00,2026-03-20 16:59:00,120.24,45691,app
L006572,ST039,U00472,2026-06-26 09:54:00,2026-06-26 10:52:00,28.93,10039,CARD
L010913,ST020,U02158,2026-02-02 05:10:00,2026-02-02 06:00:00,25.28,8090,APP
L000730,ST020,U01334,2026-05-30 09:56:00,2026-05-30 10:17:00,14.33,,APP
L003152,ST026,U02955,2026-06-15 02:08:00,2026-06-15 02:35:00,51.81,19688,APP
L001935,ST035,U01165,2026-07-28 10:38:00,2026-07-28 12:38:00,19.34,4932,APP
L001501,ST038,U01807,2026-02-15 10:08:00,2026-02-15 10:57:00,128.27,41046,MEMBERSHIP
L007932,ST040,U02979,2026-07-01 05:45:00,2026-07-01 10:52:00,39.06,11406,APP
L002102,ST001,U02564,2026-07-28 03:44:00,2026-07-28 04:06:00,35.06,13323,CARD
L005985,ST020,U00576,2026-07-28 03:29:00,2026-07-28 03:51:00,16.48,,MEMBERSHIP
L000787,ST033,U00172,2026-01-15 01:26:00,2026-01-15 02:08:00,83.48,26714,MEMBERSHIP
L001528,ST006,U00869,20260526031200,2026-05-26 09:22:00,25.26,7376,MEMBERSHIP
L002926,ST005,U00207,2026-05-01 15:40:00,2026-05-01 16:00:00,51.33,16426,MEMBERSHIP
L005649,ST036,U02244,2026-07-02 05:10:00,2026-07-02 13:09:00,76.85,22440,APP
L005856,ST033,U01309,2026-06-02 19:03:00,2026-06-02 19:42:00,82.29,,APP
L001246,ST007,U01983,2026-02-07 19:06:00,2026-02-07 19:26:00,33.09,10589,APP
L011407,ST036,U02949,2026-03-06 09:30:00,2026-03-06 15:26:00,51.26,14968,MEMBERSHIP
L001988,ST037,U00997,2026-04-01 02:56:00,2026-04-01 03:16:00,42.3,14678,CARD
L006036,ST024,U01419,2026-05-17 15:48:00,2026-05-17 16:29:00,116.23,40332,CARD
L000529,ST037,U00641,2026-04-03 05:02:00,2026-04-03 05:37:00,66.87,23204,MEMBERSHIP
L009674,ST020,U01458,2026-01-05 11:39:00,2026-01-05 12:23:00,21.12,6758,MEMBERSHIP
L002265,ST025,U01974,2026/03/15 08:08:00,2026-03-15 14:38:00,30.04,8772,CARD
L001559,ST021,U00522,2026-05-30 16:58:00,2026-05-30 22:28:00,22.82,6663,CARD
L006434,ST025,U01337,2026-01-02 03:19:00,2026-01-02 07:39:00,20.29,5925,CARD
L007812,ST025,U01759,2026-06-30 12:39:00,2026-06-30 19:44:00,31.17,9102,CARD
L005717,ST038,U01905,2026-06-05 07:54:00,2026-06-05 08:25:00,58.57,18742,MEMBERSHIP
L008896,ST011,U02882,2026-02-01 06:11:00,2026-02-01 06:42:00,,16256,CARD
L000302,ST034,U02621,2026-02-25 07:01:00,2026-02-25 07:50:00,137.61,52292,CARD
L004486,ST032,U00961,20260414132800,2026-04-14 13:58:00,38.4,14592,CARD
L006189,ST031,U01489,2026-06-23 14:55:00,2026-06-23 15:31:00,75.26,28599,MEMBERSHIP
L000550,ST006,U02128,2026-07-19 23:53:00,2026-07-20 02:42:00,10.97,3203,MEMBERSHIP
L006263,ST007,U01384,2026-02-22 19:57:00,2026-02-22 20:21:00,52.27,16726,MEMBERSHIP
L003459,ST038,U00125,2026-06-09 09:44:00,2026-06-09 10:40:00,150.11,48035,MEMBERSHIP
L001013,ST039,U02109,2026-06-30 23:31:00,2026-07-01 00:17:00,34.17,11857,MEMBERSHIP
L008847,ST020,U00312,2026/06/19 14:21:00,2026-06-19 14:58:00,21.95,7024,CARD
L008753,ST035,U00261,2026-05-21 12:54:00,2026-05-21 19:14:00,60.86,15519,CARD
L002602,ST028,U02774,2026-03-10 11:24:00,2026-03-10 12:04:00,47.49,15197,APP
L004470,ST014,U02699,2026-05-12 21:14:00,2026-05-12 21:55:00,19.76,7509,APP
L011737,ST004,U01590,2026-06-28 20:44:00,2026-06-28 21:07:00,41.54,13293,CARD
L008603,ST002,U00380,2026-02-24 09:17:00,2026-02-24 15:56:00,52.21,15245,MEMBERSHIP
L008748,ST036,U02720,2026-01-31 13:44:00,2026-01-31 19:50:00,54.99,16057,MEMBERSHIP
L002973,ST031,U00621,2026-04-24 15:21:00,2026-04-24 15:54:00,47.07,17887,APP
L011663,ST038,U00200,2026-04-06 13:08:00,2026-04-06 13:31:00,56.6,,CARD
L009814,ST023,U02575,2026-03-17 14:23:00,2026-03-17 15:19:00,37.16,11891,CARD
L009785,ST016,U02963,2026-04-29 12:33:00,2026-04-29 18:52:00,36.13,9213,APP
L002086,ST014,U01453,2026-03-17 14:07:00,2026-03-17 14:32:00,12.75,4845,app
L002253,ST023,U01176,2026-06-20 07:22:00,2026-06-20 08:20:00,29.7,9504,CARD
L004681,ST025,U01014,2026-01-07 17:00:00,2026-01-07 21:58:00,30.13,8798,CARD
L003647,ST030,U00694,2026-05-17 04:16:00,2026-05-17 04:43:00,49.59,15869,MEMBERSHIP
L004317,ST026,U01155,2026-04-24 22:30:00,2026-04-24 23:06:00,78.35,29773,CARD
L001242,ST025,U01598,2026-07-12 09:34:00,2026-07-12 11:59:00,12.97,3787,APP
L005278,ST003,U02842,2026/02/02 08:04:00,2026-02-02 08:47:00,59.73,19114,MEMBERSHIP
L001960,ST025,U00670,2026-04-02 01:31:00,2026-04-02 08:32:00,38.44,11224,MEMBERSHIP
L001050,ST002,U00237,20260213035900,2026-02-13 10:52:00,50.58,14769,APP
L007045,ST034,U01830,2026-05-30 01:41:00,2026-05-30 02:03:00,40.6,15428,card
L001905,ST040,U02489,2026/02/03 16:57:00,2026-02-03 21:27:00,43.33,12652,CARD
L008320,ST036,U00901,2026-07-10 06:10:00,2026-07-10 08:43:00,17.82,5203,CARD
L011274,ST013,U02491,2026-05-13 00:32:00,2026-05-13 01:17:00,86.22,27590,CARD
L002406,ST030,U02431,2026-02-03 15:03:00,2026-02-03 15:40:00,78.19,25021,APP
L007365,ST013,U02160,2026/04/01 00:44:00,2026-04-01 01:39:00,118.19,37821,CARD
L010507,ST036,U02776,2026-05-01 13:21:00,2026-05-01 20:47:00,50.16,,APP
L001151,ST033,U00401,2026-03-26 02:22:00,2026-03-26 03:16:00,111.16,35571,CARD
L000572,ST012,U01536,2026-07-04 21:32:00,2026-07-04 22:29:00,40.01,12803,CARD
L002301,ST030,U00881,2026-03-02 14:44:00,2026-03-02 15:30:00,128.61,,APP
L009817,ST006,U02401,2026/05/05 21:28:00,2026-05-06 05:25:00,45.73,13353,MEMBERSHIP
L000218,ST004,U02304,2026-01-21 19:50:00,2026-01-21 20:44:00,119.19,38141,MEMBERSHIP
L004849,ST019,U02318,2026-07-04 22:57:00,2026-07-04 23:29:00,59.19,20539,MEMBERSHIP
L003983,ST011,U00329,2026-03-11 16:27:00,2026-03-11 17:09:00,71.49,22877,CARD
L004225,ST027,U00640,2026-07-10 18:37:00,2026-07-10 22:02:00,20.49,5983,CARD
L001985,ST039,U02339,2026-07-03 19:50:00,2026-07-03 20:14:00,16.11,5590,APP
L007167,ST018,U02744,20260713135300,2026-07-13 19:21:00,31.07,9072,MEMBERSHIP
L002029,ST002,U00834,2026-06-25 22:37:00,2026-06-26 05:47:00,49.03,14317,MEMBERSHIP
L003417,ST004,U00949,2026-06-25 15:59:00,2026-06-25 16:30:00,59.28,18970,membership
L011281,ST016,U01747,20260607201600,2026-06-07 22:47:00,15.02,3830,MEMBERSHIP
L005689,ST033,U02779,2026-05-17 09:20:00,2026-05-17 09:41:00,44.78,14330,CARD
L006845,ST013,U01965,2026-07-23 08:42:00,2026-07-23 09:12:00,6737.0,21558,MEMBERSHIP
L006566,ST014,U00856,20260329050700,2026-03-29 06:04:00,32.74,12441,CARD
L008455,ST031,U02810,2026-07-06 23:49:00,2026-07-07 00:35:00,74.9,28462,CARD
L004069,ST014,U00368,2026-07-18 10:17:00,2026-07-18 11:08:00,29.59,11244,MEMBERSHIP
L009765,ST036,U00089,20260729095700,2026-07-29 13:04:00,19.52,5700,MEMBERSHIP
L007966,ST024,U01245,2026-04-05 18:03:00,2026-04-05 18:32:00,79.1,27448,CARD
L003289,ST013,U02086,2026/03/14 10:55:00,2026-03-14 11:18:00,67.87,21718,APP
L007331,ST025,U01570,2026-01-18 00:45:00,2026-01-18 04:45:00,20.38,5951,MEMBERSHIP
L010566,ST034,U01012,20260126051700,2026-01-26 06:10:00,154.12,58566,MEMBERSHIP
L003251,ST022,U02863,2026-01-15 00:58:00,2026-01-15 01:47:00,79.85,27708,MEMBERSHIP
L006568,ST037,U00113,2026-07-20 02:21:00,2026-07-20 02:47:00,39.54,13720,MEMBERSHIP
L010733,ST006,U02916,2026-04-13 21:11:00,2026-04-14 05:04:00,48.51,14165,MEMBERSHIP
L002826,ST009,U01686,2026-03-10 06:27:00,2026-03-10 07:00:00,16.83,5840,MEMBERSHIP
L005592,ST015,U02460,2026-04-01 16:47:00,2026-04-01 17:20:00,73.16,23411,MEMBERSHIP
L010585,ST010,U01278,2026-05-11 07:59:00,2026-05-11 11:22:00,19.31,5639,CARD
L007597,ST022,U00382,2026-04-25 08:44:00,2026-04-25 09:31:00,101.64,35269,APP
L004236,ST013,U02311,2026-04-05 19:37:00,2026-04-05 20:32:00,117.19,37501,app
L000804,ST008,U00283,2026/03/15 17:08:00,2026-03-15 21:58:00,28.8,7344,MEMBERSHIP
L007619,ST025,U00141,2026-06-14 19:49:00,2026-06-15 00:33:00,26.74,7808,CARD
L009543,ST038,U01684,2026-04-03 22:27:00,2026-04-03 22:48:00,51.85,16592,APP
L003561,ST031,U01266,2026-01-31 09:11:00,2026-01-31 09:56:00,94.38,35864,APP
L002154,ST005,U01495,2026/04/01 12:00:00,2026-04-01 12:27:00,62.69,20061,CARD
L008279,ST038,U02191,20260727083000,2026-07-27 08:51:00,43.24,13837,APP
L003316,ST012,U00465,2026-03-24 03:18:00,2026-03-24 04:03:00,29.44,9421,CARD
L010888,ST001,U02850,2026-05-07 21:26:00,2026-05-07 22:13:00,70.14,26653,APP
L004014,ST016,U01508,2026-02-12 15:23:00,2026-02-12 19:35:00,25.97,6622,CARD
L010178,ST030,U00853,2026-06-30 15:01:00,2026-06-30 15:40:00,93.84,30029,MEMBERSHIP
L007643,ST030,U02313,2026-02-10 19:11:00,2026-02-10 19:51:00,88.4,28288,APP
L002112,ST004,U02010,2026-02-15 09:12:00,2026-02-15 09:58:00,83.11,26595,CARD
L008287,ST023,U01622,2026-05-04 10:51:00,2026-05-04 11:32:00,23.53,7530,CARD
L006934,ST010,U02789,2026-07-14 20:48:00,2026-07-14 23:29:00,15.09,4406,MEMBERSHIP
L008781,ST038,U01362,2026-07-13 14:40:00,2026-07-13 15:31:00,98.78,,APP
L011619,ST019,U02974,2026-07-17 05:35:00,2026-07-17 06:16:00,93.79,32545,CARD
L000527,ST009,U01670,2026-02-22 11:59:00,2026-02-22 12:26:00,20.04,6954,CARD
L003265,ST032,U02967,2026-02-21 04:51:00,2026-02-21 05:31:00,55.49,21086,MEMBERSHIP
L011806,ST009,U02840,2026-07-08 04:17:00,2026-07-08 04:59:00,20.78,7211,APP
L006601,ST035,U02165,2026/02/08 22:42:00,2026-02-09 05:20:00,53.16,"13,556",CARD
L010703,ST025,U02145,2026/05/23 16:19:00,2026-05-23 21:01:00,29.01,8471,APP
L006402,ST008,U02630,2026-01-30 01:21:00,2026-01-30 06:55:00,21.56,5498,membership
L010768,ST025,U01095,2026-06-04 09:28:00,2026-06-04 16:07:00,36.82,10751,CARD
L011052,ST036,U01087,2026-03-26 06:58:00,2026-03-26 12:19:00,52.34,15283,CARD
L002083,ST031,U01169,2026-01-09 23:24:00,2026-01-10 00:11:00,79.81,30328,APP
L004214,ST029,U00702,2026-04-23 18:46:00,2026-04-23 23:19:00,28.91,8442,APP
L001441,ST024,U00700,2026/07/17 03:27:00,2026-07-17 04:26:00,130.93,45433,APP
L005619,ST015,U02190,2026-04-05 16:14:00,2026-04-05 16:55:00,73.99,23677,APP
L007582,ST001,U00516,2026-03-12 15:30:00,2026-03-12 16:15:00,82.98,31532,MEMBERSHIP
L000357,ST009,U02914,2026-07-13 16:46:00,2026-07-13 17:18:00,,5323,APP
L001552,ST019,U01679,2026-02-23 05:16:00,2026-02-23 05:50:00,92.72,32174,CARD
L007179,ST020,U01969,2026-07-22 18:45:00,2026-07-22 19:13:00,16.72,5350,MEMBERSHIP
L007880,ST013,U01520,2026-01-10 02:50:00,2026-01-10 03:22:00,70.57,22582,APP
L007983,ST034,U02928,2026-01-22 17:38:00,2026-01-22 18:10:00,61.88,23514,APP
L005879,ST036,U00729,2026-03-29 00:52:00,2026-03-29 03:45:00,21.63,6316,MEMBERSHIP
L005320,ST015,U02585,2026-07-08 11:23:00,2026-07-08 12:16:00,81.0,25920,CARD
L010988,ST026,U01137,2026-03-02 19:07:00,2026-03-02 19:27:00,59.66,22671,APP
L011117,ST037,U02776,2026-03-28 23:35:00,2026-03-29 00:07:00,59.33,-20588,CARD
L009658,ST034,U02082,2026-04-25 14:21:00,2026-04-25 15:20:00,128.25,48735,APP
L009867,ST026,U01957,2026-01-30 23:40:00,2026-01-31 00:22:00,84.46,32095,APP
L000511,ST009,U01313,2026-03-14 07:46:00,2026-03-14 08:36:00,31.53,10941,APP
L002851,ST032,U02335,2026-03-03 12:15:00,2026-03-03 12:36:00,26.86,10207,MEMBERSHIP
L003339,ST036,U00201,2026-07-28 22:20:00,2026-07-29 05:38:00,59.75,"17,447",MEMBERSHIP
L006277,ST012,U02771,2026/04/30 01:21:00,2026-04-30 01:44:00,16.54,-5293,APP
L007749,ST023,U02037,2026-02-09 21:45:00,2026-02-09 22:24:00,22.41,7171,CARD
L009192,ST032,U02250,20260413062600,2026-04-13 06:54:00,27.5,,APP
L011858,ST022,U01753,2026-03-05 04:35:00,2026-03-05 05:09:00,73.02,25338,APP
L001456,ST036,U00876,2026-04-30 22:01:00,2026-05-01 04:01:00,42.14,12305,CARD
L010153,ST002,U02596,2026-04-11 01:56:00,2026-04-11 06:19:00,26.93,7864,APP
L006695,ST018,U00442,20260615001900,2026-06-15 06:07:00,27.55,8045,CARD
L001936,ST009,U02843,2026-02-27 11:50:00,2026-02-27 12:49:00,36.29,12593,MEMBERSHIP
L004165,ST018,U01512,2026-04-13 12:49:00,2026-04-13 19:12:00,34.34,10027,CARD
L001197,ST021,U02167,2026/06/30 05:54:00,2026-06-30 12:57:00,30.08,8783,Card
L003761,ST039,U01478,2026-04-25 15:55:00,2026-04-25 16:28:00,19.01,6596,MEMBERSHIP
L009502,ST021,U00843,2026-05-11 16:05:00,2026-05-11 18:48:00,15.06,4398,APP
L003546,ST037,U00784,2026-04-18 04:09:00,2026-04-18 04:50:00,56.43,19581,MEMBERSHIP
L007369,ST023,U00505,2026-03-28 19:11:00,2026-03-28 19:35:00,15.27,4886,MEMBERSHIP
L005752,ST005,U01605,20260311125800,2026-03-11 13:38:00,77.8,24896,CARD
L000598,ST037,U02444,2026-03-29 13:48:00,2026-03-29 14:26:00,62.73,21767,CARD
L004972,ST017,U00936,2026/05/30 08:09:00,2026-05-30 14:19:00,24.42,7131,MEMBERSHIP
L000225,ST017,U00337,2026/01/13 06:15:00,2026-01-13 12:24:00,24.25,7081,APP
L007057,ST024,U01363,2026-02-01 21:02:00,2026-02-01 21:42:00,95.9,33277,APP
L005568,ST036,U00241,2026-05-25 17:11:00,2026-05-25 19:55:00,27.02,7890,APP
L011527,ST037,U01746,2026-04-11 20:58:00,2026-04-11 21:21:00,41.97,14564,CARD
L011965,ST005,U00516,2026-06-22 19:30:00,2026-06-22 19:56:00,50.21,16067,MEMBERSHIP
L000343,ST023,U02056,20260715234700,2026-07-16 00:16:00,19.42,6214,CARD
L010330,ST026,U00603,2026-06-18 04:27:00,2026-06-18 04:02:00,94.99,36096,MEMBERSHIP
L005885,ST007,U02634,2026/01/13 14:59:00,2026-01-13 15:48:00,98.99,31677,CARD
L006533,ST017,U02978,2026-02-12 08:56:00,2026-02-12 11:38:00,15.1,4409,APP
L011948,ST015,U02022,2026-06-06 01:48:00,2026-06-06 02:35:00,72.24,23117,APP
L006474,ST012,U00972,2026-04-14 19:16:00,2026-04-14 19:47:00,15.46,4947,MEMBERSHIP
L010528,ST014,U01575,2026-05-18 21:42:00,2026-05-18 22:17:00,25.51,9694,CARD
L004282,ST035,U02779,2026-07-05 07:37:00,2026-07-05 15:24:00,52.46,13377,CARD
L007701,ST031,U02841,2026-01-10 06:55:00,2026-01-10 07:47:00,80.35,30533, APP 
L008763,ST026,U00137,2026-03-26 03:45:00,2026-03-26 04:08:00,67.56,25673,card
L002772,ST033,U02770,20260302003900,2026-03-02 01:36:00,100.55,32176,CARD
L005539,ST003,U01391,2026-02-26 11:21:00,2026-02-26 11:42:00,44.59,14269,APP
L005256,ST031,U01457,2026/02/19 19:16:00,2026-02-19 19:56:00,85.97,32669,MEMBERSHIP
L007528,ST018,U00734,2026-06-03 11:45:00,2026-06-03 16:57:00,28.97,8459,APP
L010014,ST040,U01266,2026-06-18 04:53:00,2026-06-18 10:13:00,33.5,9782,CARD
L008292,ST022,U01867,2026-07-13 01:34:00,2026-07-13 01:57:00,37.46,12999,membership
L002025,ST032,U01847,2026/07/17 04:45:00,2026-07-17 05:41:00,75.94,28857,MEMBERSHIP
L001026,ST023,U00473,2026-05-21 23:33:00,2026-05-21 23:56:00,13.15,4208,MEMBERSHIP
L001858,ST036,U02583,2026-04-08 07:20:00,2026-04-08 14:37:00,45.23,13207,APP
L007493,ST011,U00137,2026/03/31 00:02:00,2026-03-31 00:30:00,57.68,18458,APP
L004846,ST003,U02858,2026-02-18 09:49:00,2026-02-18 10:10:00,40.05,12816,app
L003797,ST009,U02531,2026-02-03 16:37:00,2026-02-03 17:37:00,43.84,15212,APP
L000224,ST036,U01040,2026-05-30 23:38:00,2026-05-31 04:19:00,39.73,11601,MEMBERSHIP
L001486,ST039,U02413,2026-07-10 03:43:00,2026-07-10 04:40:00,27.87,9671,MEMBERSHIP
L002856,ST021,U02058,2026-02-08 17:08:00,2026-02-09 00:25:00,42.27,12343,MEMBERSHIP
L005453,ST018,U00200,2026-03-16 21:20:00,2026-03-16 23:29:00,12.84,3749,MEMBERSHIP
L003837,ST021,U00344,2026-01-05 16:24:00,2026-01-05 21:33:00,30.06,8778,CARD
L006678,ST031,U01324,2026/06/22 20:22:00,2026-06-22 21:13:00,99.04,37635,APP
L011175,ST017,U02088,20260729133500,2026-07-29 20:54:00,37.06,10822,MEMBERSHIP
L003312,ST007,U01049,2026/04/16 11:19:00,2026-04-16 12:17:00,90.09,28829,APP
L002853,ST012,U00083,2026-01-29 05:38:00,2026-01-29 06:34:00,40.98,13114,CARD
L003397,ST040,U01637,2026-02-25 16:49:00,2026-02-25 19:46:00,20.54,5998,CARD
L009389,ST009,U00709,2026-04-13 04:53:00,2026-04-13 05:23:00,19.36,6718,CARD
L009569,ST015,U02703,2026-02-12 11:51:00,2026-02-12 12:41:00,74.49,23837,CARD
L010660,ST007,U02974,2026/01/12 09:22:00,2026-01-12 09:45:00,49.18,15738,MEMBERSHIP
L000514,ST025,U00667,2026/03/03 18:25:00,2026-03-04 00:35:00,30.15,8804,CARD
L005203,ST014,U01852,2026-01-18 09:12:00,2026-01-18 09:42:00,19.33,7345,MEMBERSHIP
L008796,ST010,U02203,2026-04-13 04:30:00,2026-04-13 08:53:00,25.97,7583,APP
L007135,ST003,U02988,20260409110400,2026-04-09 11:45:00,56.63,18122,MEMBERSHIP
L004421,ST008,U01898,2026-01-12 09:51:00,2026-01-12 16:29:00,26.67,6801,CARD
L002161,ST036,U01114,2026-02-07 05:10:00,2026-02-07 08:05:00,26.71,7799,APP
L001655,ST035,U02377,2026-05-16 15:39:00,2026-05-16 19:30:00,36.62,9338,APP
L005387,ST005,U00701,2026-01-12 07:33:00,2026-01-12 08:26:00,118.23,37834,CARD
L003228,ST022,U01102,2026-06-12 11:44:00,2026-06-12 12:12:00,59.94,20799,MEMBERSHIP
L010392,ST020,U00249,2026/04/29 17:56:00,2026-04-29 18:38:00,30.38,9722,APP
L009645,ST040,U01520,2026-05-04 11:21:00,2026-05-04 13:34:00,15.93,4652,Card
L002227,ST037,U02068,2026-03-16 19:49:00,2026-03-16 20:35:00,95.64,33187,CARD
L001738,ST012,U01578,20260330145000,2026-03-30 15:13:00,14.36,4595,APP
L008234,ST036,U02098,2026-01-09 11:47:00,2026-01-09 15:26:00,26.91,7858,APP
L009833,ST040,U00034,2026-04-30 10:54:00,2026-04-30 16:08:00,34.74,10144,MEMBERSHIP
L003449,ST036,U01677,2026-02-17 17:21:00,2026-02-18 00:05:00,42.04,12276,CARD
L010291,ST004,U00293,2026/06/12 23:56:00,2026-06-13 00:42:00,96.5,30880,app
L005964,ST001,U01958,2026-04-26 15:20:00,2026-04-26 16:10:00,75.2,28576,APP
L001018,ST001,U01672,2026/03/07 16:51:00,2026-03-07 17:15:00,49.37,18761,APP
L008165,ST008,U00032,2026-02-09 04:15:00,2026-02-09 09:39:00,21.36,5447,CARD
L001653,ST015,U01925,2026-02-15 18:20:00,2026-02-15 19:16:00,118.46,37907,MEMBERSHIP
L008601,ST023,U01253,2026-04-04 20:56:00,2026-04-04 21:33:00,17.57,5622,APP
L002821,ST016,U02673,2026-03-17 10:53:00,2026-03-17 18:47:00,42.06,10725,CARD
L003506,ST005,U02966,2026/05/15 11:42:00,2026-05-15 12:36:00,138.34,44269,APP
L000166,ST001,U01191,2026-07-20 00:39:00,2026-07-20 01:21:00,93.26,35439,MEMBERSHIP
L005045,ST032,U00549,2026-06-05 06:32:00,2026-06-05 07:04:00,40.34,15329,APP
L003195,ST031,U00139,20260124162500,2026-01-24 16:49:00,34.42,13080,APP
L006330,ST035,U01137,2026/04/04 01:31:00,2026-04-04 06:02:00,37.95,9677,card
L002351,ST013,U00086,2026-05-09 20:09:00,2026-05-09 20:48:00,93.44,29901,CARD
L001667,ST035,U02179,2026-05-27 10:39:00,2026-05-27 15:51:00,40.86,10419,CARD
L009064,ST013,U01908,2026-07-18 03:55:00,2026-07-18 04:24:00,85.92,27494,CARD
L002293,ST035,U00829,2026-04-01 13:04:00,2026-04-01 20:34:00,63.83,16277,CARD
L009121,ST033,U02551,2026-03-11 23:55:00,2026-03-12 00:42:00,104.18,33338,APP
L004755,ST038,U01893,2026-01-04 23:43:00,2026-01-05 00:03:00,52.79,16893,CARD
L006204,ST001,U01368,20260314211200,2026-03-14 21:50:00,62.74,23841,card
L009574,ST033,U01218,2026/03/14 01:31:00,2026-03-14 02:02:00,48.26,15443,MEMBERSHIP
L010475,ST025,U01557,2026-03-05 07:34:00,2026-03-05 14:37:00,43.74,12772,CARD
L002331,ST031,U00478,2026-01-04 09:15:00,2026-01-04 09:49:00,47.76,,CARD
L009799,ST011,U02308,2026-06-25 14:05:00,2026-06-25 14:53:00,76.27,24406,MEMBERSHIP
L007516,ST009,U02238,2026-04-09 08:29:00,2026-04-09 09:06:00,23.3,8085,MEMBERSHIP
L010706,ST024,U01450,2026-04-19 23:55:00,2026-04-20 00:32:00,78.54,27253,MEMBERSHIP
L004573,ST009,U02600,2026-02-06 01:48:00,2026-02-06 02:23:00,25.81,8956,CARD
L003317,ST036,U00577,2026-05-18 04:50:00,2026-05-18 07:25:00,24.99,7297,MEMBERSHIP
L005463,ST002,U00807,2026-05-06 10:46:00,2026-05-06 15:45:00,37.13,10842,CARD
L010593,ST031,U00249,2026-01-12 16:26:00,2026-01-12 16:48:00,43.64,16583,CARD
L001153,ST035,U00517,2026-07-20 22:38:00,2026-07-21 06:37:00,50.92,12985,CARD
L004447,ST021,U01714,2026-07-24 05:08:00,2026-07-24 11:34:00,32.18,,CARD
L008364,ST036,U02965,2026-04-24 16:51:00,2026-04-25 00:30:00,66.15,19316,membership
L009315,ST004,U01457,2026-04-30 03:21:00,2026-04-30 04:18:00,124.03,39690,card
L000631,ST023,U01255,20260601234000,2026-06-02 00:04:00,11.35,3632,APP
L004799,ST022,U00509,2026-03-17 01:42:00,2026-03-17 02:29:00,90.3,31334,APP
L007364,ST019,U02933,2026-04-27 23:04:00,2026-04-27 23:43:00,102.37,35522,MEMBERSHIP
L010756,ST012,U01516,2026-05-13 15:55:00,2026-05-13 16:24:00,15.16,4851,APP
L007578,ST006,U00481,2026-01-01 10:47:00,2026-01-01 17:26:00,36.05,,APP
L008532,ST005,U01077,2026-01-19 12:07:00,2026-01-19 13:07:00,129.32,41382,APP
L010770,ST009,U01741,2026/06/14 12:32:00,2026-06-14 13:29:00,30.45,10566,CARD
L001931,ST029,U01341,2026-07-08 22:29:00,2026-07-09 01:33:00,24.13,7046,membership
L002471,ST032,U01743,2026-01-24 20:34:00,2026-01-24 20:56:00,29.54,11225,MEMBERSHIP
L007285,ST012,U00571,2026/02/23 22:42:00,2026-02-23 23:35:00,30.91,9891,CARD
L004747,ST019,U00239,2026-07-12 23:32:00,2026-07-13 00:06:00,96.6,33520,APP
L005167,ST006,U00572,2026-05-29 02:03:00,2026-05-29 09:50:00,42.4,12381,MEMBERSHIP
L006215,ST019,U00981,2026-07-05 22:11:00,2026-07-05 22:46:00,74.66,25907,MEMBERSHIP
L001950,ST001,U01643,2026-04-27 05:32:00,2026-04-27 06:28:00,123.36,46877,APP
L007330,ST017,U00928,20260718054500,2026-07-18 09:02:00,18.48,5396,CARD
L007630,ST023,U00794,2026-06-26 08:35:00,2026-06-26 09:24:00,24.02,7686,APP
L007936,ST002,U01022,2026-02-07 21:54:00,2026-02-08 03:34:00,38.15,11140,APP
L010467,ST030,U00941,2026-07-11 04:54:00,2026-07-11 05:50:00,162.13,51882,APP
L002531,ST021,U02358,2026-06-21 03:42:00,2026-06-21 06:40:00,12.61,3682,APP
L004553,ST036,U00284,2026-01-14 20:26:00,2026-01-15 00:22:00,24.51,7157, APP 
L003464,ST017,U01832,2026-05-06 01:43:00,2026-05-06 07:44:00,33.14,9677,APP
L000995,ST024,U00686,2026/05/13 17:56:00,2026-05-13 18:55:00,148.7,,APP
L010040,ST021,U00512,2026/01/30 14:21:00,2026-01-30 19:39:00,25.83,7542,APP
L004483,ST038,U01072,2026-04-01 07:12:00,2026-04-01 07:48:00,88.68,28378,MEMBERSHIP
L001683,ST034,U00942,2026-01-16 07:12:00,2026-01-16 07:37:00,72.24,27451,CARD
L007686,ST017,U02471,2026-03-16 09:21:00,2026-03-16 12:10:00,11.52,,MEMBERSHIP
L009332,ST011,U02117,2026-02-24 00:52:00,2026-02-24 01:25:00,48.26,15443,MEMBERSHIP
L002587,ST023,U00565,2026-06-29 07:54:00,2026-06-29 08:45:00,32.07,10262,APP
L008359,ST031,U00683,2026-03-03 07:36:00,2026-03-03 08:23:00,92.57,35177,APP
L003894,ST034,U01908,2026-03-31 12:54:00,2026-03-31 13:26:00,95.88,"36,434",MEMBERSHIP
L011734,ST005,U00598,2026-03-03 15:11:00,2026-03-03 15:48:00,94.41,30211,CARD
L009515,ST014,U02319,2026/06/11 19:20:00,2026-06-11 20:10:00,30.28,11506, APP 
L006996,ST002,U02236,2026-04-15 08:03:00,2026-04-15 12:23:00,28.06,8194,APP
L008173,ST024,U00165,2026-04-13 11:44:00,2026-04-13 12:10:00,53.81,18672,APP
L005981,ST024,U01283,2026-07-02 03:19:00,2026-07-02 03:39:00,45.02,15622,CARD
L011699,ST024,U01148,2026-02-22 06:25:00,2026-02-22 06:45:00,56.11,19470, APP 
L008509,ST003,U01765,2026-04-28 06:25:00,2026-04-28 06:51:00,43.68,13978,app
L010262,ST022,U01611,2026-01-02 05:27:00,2026-01-02 05:48:00,39.99,13877,MEMBERSHIP
L006446,ST003,U01201,2026/02/17 05:45:00,2026-02-17 06:23:00,63.65,20368,Card
L009985,ST015,U00722,2026-05-14 00:34:00,2026-05-14 01:13:00,86.82,27782,MEMBERSHIP
L004701,ST035,U02985,2026-03-02 13:26:00,2026-03-02 16:23:00,21.87,5577,MEMBERSHIP
L001282,ST013,U01726,2026/06/23 12:44:00,2026-06-23 13:19:00,104.94,33581,MEMBERSHIP
L000122,ST018,U01301,2026-06-01 02:52:00,2026-06-01 06:17:00,20.3,5928,MEMBERSHIP
L009719,ST023,U02579,2026/02/26 03:41:00,2026-02-26 04:21:00,20.99,6717,APP
L000338,ST011,U02723,2026-04-17 01:43:00,2026-04-17 02:24:00,86.13,27562,APP
L007500,ST002,U02572,20260601211500,2026-06-02 02:39:00,33.47,9773,MEMBERSHIP
L005558,ST032,U01877,2026-07-02 09:25:00,2026-07-02 10:20:00,71.26,27079,Card
L007138,ST027,U01291,2026-07-24 14:03:00,2026-07-24 20:17:00,30.36,8865,APP
L006585,ST040,U02331,2026-04-12 03:38:00,2026-04-12 09:04:00,43.81,12793,APP
L010105,ST011,U01744,2026-02-18 05:50:00,2026-02-18 06:17:00,54.28,17370,CARD
L006691,ST029,U02739,2026/01/07 05:52:00,2026-01-07 13:01:00,55.36,16165,APP
L006396,ST015,U00410,2026-05-28 04:39:00,2026-05-28 05:38:00,101.36,32435,CARD
L005485,ST032,U01358,2026-07-23 17:17:00,2026-07-23 18:17:00,55.08,20930,APP
L003643,ST019,U00670,2026-04-05 06:51:00,2026-04-05 07:42:00,121.79,"42,261", APP 
L005604,ST003,U01065,2026-01-03 03:26:00,2026-01-03 03:46:00,38.24,,APP
L006095,ST023,U01715,2026/03/30 06:13:00,2026-03-30 06:38:00,14.61,4675,CARD
L008926,ST017,U00501,2026-03-12 17:44:00,2026-03-12 21:54:00,,6605,CARD
L009370,ST040,U00091,2026-03-08 05:54:00,2026-03-08 09:01:00,22.83,,MEMBERSHIP
L009491,ST007,U01466,2026-06-09 23:08:00,2026-06-09 23:40:00,60.95,19504, APP 
L011588,ST034,U02246,2026-07-18 20:32:00,2026-07-18 20:53:00,50.01,19004, APP 
L007038,ST001,U01707,2026-06-01 17:39:00,2026-06-01 18:02:00,36.69,13942,MEMBERSHIP
L008275,ST034,U00534,2026-04-11 19:30:00,2026-04-11 19:57:00,65.42,24860,CARD
L004118,ST027,U02779,2026/07/26 00:36:00,2026-07-26 02:38:00,8.91,2602,MEMBERSHIP
L001704,ST016,U02042,2026-06-22 07:07:00,2026-06-22 09:46:00,13.03,3323,membership
L007140,ST022,U00857,2026/01/12 15:49:00,2026-01-12 16:25:00,71.94,24963,Card
L004472,ST024,U00531,2026-05-10 14:38:00,2026-05-10 15:28:00,99.6,34561,CARD
L009946,ST013,U00344,2026-01-16 23:57:00,2026-01-17 00:40:00,89.5,28640,CARD
L010009,ST039,U01273,2026-06-13 11:32:00,2026-06-13 11:52:00,14.46,5018,app
L002518,ST030,U01903,2026-03-31 09:57:00,2026-03-31 10:44:00,110.44,35341,MEMBERSHIP
L006540,ST033,U00760,2026-07-17 12:06:00,2026-07-17 12:55:00,83.2,26624,CARD
L008347,ST012,U02080,2026-05-09 19:35:00,2026-05-09 20:16:00,29.84,9549,MEMBERSHIP
L003840,ST001,U02082,2026-07-01 03:01:00,2026-07-01 03:55:00,89.36,33957,APP
L011425,ST029,U00611,2026-02-17 03:58:00,2026-02-17 09:25:00,42.34,12363,APP
L004128,ST004,U00714,2026-06-23 05:24:00,2026-06-23 06:11:00,99.05,31696,membership
L010780,ST040,U00057,20260721023100,2026-07-21 07:42:00,38.66,11289,MEMBERSHIP
L009098,ST028,U00391,2026-06-27 05:25:00,2026-06-27 06:09:00,52.8,16896,APP
L002169,ST010,U02226,2026-03-15 02:29:00,2026-03-15 10:05:00,44.31,12939,MEMBERSHIP
L002985,ST012,U02961,2026-03-18 09:21:00,2026-03-18 10:07:00,21.41,6851,CARD
L009710,ST032,U02077,2026-05-09 22:35:00,2026-05-09 23:35:00,73.8,28044,APP
L006772,ST008,U00814,2026-05-20 13:48:00,2026-05-20 19:50:00,35.51,9055,MEMBERSHIP
L001324,ST033,U01395,2026-06-28 13:32:00,2026-06-28 14:18:00,79.6,25472,MEMBERSHIP
L006411,ST020,U02378,2026-07-07 23:43:00,2026-07-08 00:19:00,21.16,6771,APP
L007796,ST024,U01799,2026-04-21 02:22:00,2026-04-21 03:03:00,83.39,,APP
L008204,ST007,U00672,2026/02/08 03:16:00,2026-02-08 03:53:00,74.92,23974,MEMBERSHIP
L001096,ST019,U01455,2026/01/28 23:46:00,2026-01-29 00:25:00,,36320,MEMBERSHIP
L006214,ST040,U02706,2026-01-11 13:28:00,2026-01-11 17:42:00,34.37,10036,APP
L010149,ST034,U00603,2026-02-17 05:47:00,2026-02-17 06:20:00,87.85,33383,CARD
L009303,ST034,U00934,20260103224500,2026-01-03 23:19:00,69.4,,APP
L011670,ST026,U02646,2026-02-11 03:13:00,2026-02-11 03:53:00,87.88,33394,MEMBERSHIP
L000558,ST017,U02961,2026-06-18 00:00:00,2026-06-18 07:25:00,33.24,9706,CARD
L009989,ST021,U00404,2026-07-20 23:58:00,2026-07-21 07:44:00,38.73,11309,CARD
L005034,ST033,U00584,2026-01-24 14:30:00,2026-01-24 15:08:00,74.61,23875, APP 
L008978,ST019,U01967,2026-06-04 13:43:00,2026-06-04 14:13:00,61.89,21476,CARD
L002663,ST001,U00341,2026/05/30 21:26:00,2026-05-30 21:48:00,30.83,11715,MEMBERSHIP
L003545,ST038,U01163,2026/03/08 01:41:00,2026-03-08 02:35:00,139.67,44694,APP
L007004,ST028,U01418,2026/01/30 20:37:00,2026-01-30 21:14:00,34.09,10909,APP
L011083,ST027,U00080,2026-07-27 04:52:00,2026-07-27 08:40:00,18.38,5367,APP
L002630,ST026,U00719,2026-06-05 12:25:00,2026-06-05 12:53:00,58.88,22374,CARD
L006383,ST032,U00038,2026-04-16 21:58:00,2026-04-16 22:52:00,74.41,28276,MEMBERSHIP
L011561,ST025,U01164,2026-06-23 09:43:00,2026-06-23 13:13:00,18.21,5317,CARD
L011963,ST037,U01177,2026-03-25 06:05:00,2026-03-25 06:36:00,68.47,23759,CARD
L009680,ST015,U01574,2026/01/19 06:59:00,2026-01-19 07:19:00,41.85,13392,CARD
L002404,ST017,U02131,2026-02-08 03:10:00,2026-02-08 07:53:00,19.09,5574,MEMBERSHIP
L008910,ST020,U02565,2026-02-24 07:04:00,2026-02-24 07:46:00,20.98,6714,CARD
L007494,ST035,U02795,2026-03-28 13:47:00,2026-03-28 17:03:00,19.95,5087,MEMBERSHIP
L010783,ST013,U02533,2026-04-04 10:38:00,2026-04-04 11:13:00,102.26,32723,MEMBERSHIP
L004230,ST026,U02296,2026-03-19 21:41:00,2026-03-19 22:21:00,102.5,38950,CARD
L011155,ST023,U00806,2026-04-26 22:09:00,2026-04-26 22:44:00,24.92,7974,MEMBERSHIP
L003262,ST032,U00651,2026-03-28 18:58:00,2026-03-28 19:36:00,,15367,CARD
L005598,ST025,U00034,2026-03-12 10:01:00,2026-03-12 12:36:00,14.03,,APP
L000974,ST019,U02039,2026-07-16 07:54:00,2026-07-16 08:20:00,76.76,26636,CARD
L003811,ST014,U01175,2026-02-09 07:08:00,2026-02-09 07:59:00,35.45,13471,APP
L007151,ST016,U02512,2026-06-27 13:43:00,2026-06-27 20:42:00,42.86,10929,CARD
L008898,ST029,U02093,20260323201600,2026-03-24 01:19:00,38.61,11274,card
L011779,ST013,U01267,2026-06-20 06:41:00,2026-06-20 07:15:00,80.05,25616,MEMBERSHIP
L000052,ST026,U00036,2026-02-10 03:42:00,2026-02-10 04:34:00,122.0,46360,card
L011717,ST011,U00448,2026-05-23 20:02:00,2026-05-23 20:39:00,59.24,18957,APP
L005324,ST015,U01298,2026-04-14 10:42:00,2026-04-14 11:35:00,96.92,31014,MEMBERSHIP
L002900,ST034,U01737,2026/05/16 14:24:00,2026-05-16 15:22:00,149.33,"56,745",MEMBERSHIP
L006816,ST027,U01387,2026-04-06 01:19:00,2026-04-06 06:01:00,20.09,5866,CARD
L002245,ST007,U01058,20260505144300,2026-05-05 15:34:00,103.07,32982,CARD
L005770,ST006,U00696,2026-01-02 23:01:00,2026-01-03 06:43:00,32.17,9394,MEMBERSHIP
L003218,ST033,U02201,2026-07-28 11:49:00,2026-07-28 12:49:00,125.77,40246,CARD
L008715,ST029,U02142,2026-05-06 13:31:00,2026-05-06 16:49:00,30.71,8967, APP 
L005156,ST013,U02199,2026-06-25 19:14:00,2026-06-25 19:36:00,42.46,13587,CARD
L007676,ST037,U01998,2026-02-06 04:27:00,2026-02-06 05:25:00,89.14,30932,MEMBERSHIP
L009063,ST002,U02405,2026-05-12 07:42:00,2026-05-12 11:17:00,31.9,9315,MEMBERSHIP
L000635,ST036,U00475,2026-05-30 15:28:00,2026-05-30 23:26:00,59.93,17500,CARD
L010893,ST005,U02639,2026-07-13 03:44:00,2026-07-13 04:10:00,68.67,21974,MEMBERSHIP
L000935,ST005,U01454,2026-03-14 02:42:00,2026-03-14 03:12:00,74.75,23920,APP
L002214,ST023,U02257,2026-06-19 18:56:00,2026-06-19 19:24:00,14.73,4714,APP
L005957,ST005,U00283,2026/04/07 19:57:00,2026-04-07 20:42:00,86.32,27622,CARD
L010237,ST032,U00264,2026/01/23 07:26:00,2026-01-23 08:23:00,80.77,,MEMBERSHIP
L005994,ST033,U01702,20260621092100,2026-06-21 09:44:00,4067.0,13014,APP
L003165,ST007,U02501,2026-06-06 20:46:00,2026-06-06 21:26:00,87.67,28054,CARD
L007985,ST032,U01388,2026-02-07 13:54:00,2026-02-07 14:37:00,63.72,24214,CARD
L010765,ST013,U02332,2026/07/06 11:51:00,2026-07-06 12:34:00,118.89,38045,APP
L008526,ST020,U01804,2026-06-17 21:20:00,2026-06-17 22:08:00,31.46,10067,APP
L007036,ST002,U01052,2026-04-26 16:05:00,2026-04-26 18:37:00,20.95,6117,APP
L006495,ST034,U00087,2026-01-09 10:13:00,2026-01-09 10:45:00,91.58,34800,MEMBERSHIP
L002643,ST006,U00525,2026-06-11 06:56:00,2026-06-11 09:03:00,10.4,3037,APP
L001427,ST030,U01175,2026-02-04 07:52:00,2026-02-04 08:21:00,81.67,26134,APP
L002693,ST015,U00171,2026-02-04 02:43:00,2026-02-04 03:41:00,9041.0,,APP
L010537,ST035,U02975,2026-04-04 13:45:00,2026-04-04 17:49:00,33.0,8415,MEMBERSHIP
L011204,ST013,U02028,20260418234500,2026-04-19 00:44:00,136.07,43542,MEMBERSHIP
L004038,ST036,U00774,2026-04-03 10:55:00,2026-04-03 13:27:00,18.73,5469,MEMBERSHIP
L010671,ST027,U02316,2026-05-22 06:47:00,2026-05-22 11:50:00,28.08,8199,MEMBERSHIP
L000282,ST040,U02887,2026/04/09 13:11:00,2026-04-09 19:08:00,38.73,11309,CARD
L008402,ST017,U01995,2026-03-27 07:28:00,2026-03-27 13:43:00,31.28,9134,APP
L003199,ST035,U02946,2026-03-02 03:17:00,2026-03-02 06:17:00,22.43,5720,MEMBERSHIP
L000008,ST032,U00718,20260525232800,2026-05-26 00:08:00,51.42,,MEMBERSHIP
L008301,ST005,U00632,2026-05-01 07:16:00,2026-05-01 08:03:00,96.89,31005,MEMBERSHIP
L011179,ST014,U00992,2026-04-04 05:17:00,2026-04-04 05:45:00,19.24,7311,CARD
L005041,ST016,U00548,2026-01-22 10:18:00,2026-01-22 13:35:00,19.81,5052,CARD
L000851,ST017,U02456,2026-01-15 14:17:00,2026-01-15 17:33:00,13.33,3892,CARD
L005800,ST040,U01966,2026-05-07 23:30:00,2026-05-08 03:14:00,27.33,7980,MEMBERSHIP
L004416,ST004,U02997,2026-01-20 08:42:00,2026-01-20 09:20:00,79.14,25325,APP
L008308,ST028,U02103,2026-07-16 18:16:00,2026-07-16 18:42:00,29.09,9309,MEMBERSHIP
L001239,ST015,U02782,2026-02-20 02:01:00,2026-02-20 02:35:00,60.46,19347,app
L002536,ST024,U02051,2026-06-26 15:37:00,2026-06-26 16:36:00,174.54,60565,CARD
L007147,ST007,U02024,2026-05-17 10:53:00,2026-05-17 11:42:00,94.6,30272,MEMBERSHIP
L008939,ST025,U02537,2026-07-23 11:37:00,2026-07-23 18:50:00,37.06,10822,MEMBERSHIP
L011814,ST039,U01009,2026-07-14 07:27:00,2026-07-14 08:09:00,20.63,7159,MEMBERSHIP
L001887,ST039,U02049,2026-02-05 20:20:00,2026-02-05 20:47:00,N/A,4844,CARD
L011906,ST023,U02579,2026/04/27 23:35:00,2026-04-28 00:03:00,13.44,4301,CARD
L002330,ST037,U00034,2026-03-16 18:55:00,2026-03-16 19:51:00,94.15,32670,MEMBERSHIP
L008525,ST038,U00558,2026-01-10 12:30:00,2026-01-10 13:22:00,119.19,38141,APP
L006964,ST028,U02888,2026-07-13 09:01:00,2026-07-13 09:33:00,34.3,,APP
L006640,ST011,U00707,2026/01/09 14:27:00,2026-01-09 15:14:00,77.97,24950,MEMBERSHIP
L010261,ST020,U02474,2026-02-13 07:42:00,2026-02-13 08:13:00,14.66,4691,CARD
L007707,ST016,U02511,20260217133000,2026-02-17 16:16:00,12.21,,CARD
L010053,ST022,U00878,2026/05/17 16:19:00,2026-05-17 17:03:00,85.99,29839,app
L000487,ST028,U01392,20260203191600,2026-02-03 19:46:00,36.56,11699,CARD
L003568,ST019,U01300,2026-02-16 18:39:00,2026-02-16 19:21:00,113.74,39468,APP
L006117,ST015,U00507,2026-03-06 04:04:00,2026-03-06 04:58:00,110.75,35440,APP
L010067,ST035,U00574,2026/03/17 01:40:00,2026-03-17 07:54:00,44.13,11253,MEMBERSHIP
L004099,ST034,U00081,2026/01/29 12:59:00,2026-01-29 13:47:00,127.21,48340,Card
L009671,ST008,U01472,2026-06-19 02:46:00,2026-06-19 07:37:00,25.46,6492,CARD
L011508,ST005,U00088,2026-05-14 01:49:00,2026-05-14 02:11:00,56.12,17958,CARD
L000382,ST003,U00156,20260520232400,2026-05-21 00:13:00,107.91,,APP
L000332,ST040,U01752,2026-06-11 10:45:00,2026-06-11 12:57:00,21.35,6234,CARD
L011218,ST005,U02207,2026-07-28 06:52:00,2026-07-28 07:35:00,101.67,32534,APP
L006301,ST028,U02995,2026/06/11 19:57:00,2026-06-11 20:43:00,62.81,20099,MEMBERSHIP
L005754,ST026,U00544,2026-02-10 23:33:00,2026-02-11 00:06:00,78.02,29648,APP
L010634,ST028,U00828,2026-01-07 06:05:00,2026-01-07 06:32:00,27.79,8893,APP
L005141,ST018,U02576,2026-07-08 11:46:00,2026-07-08 15:51:00,22.06,6442,APP
L000120,ST040,U01562,2026-01-18 04:54:00,2026-01-18 09:37:00,42.29,12349,APP
L004256,ST040,U00824,2026-06-10 18:03:00,2026-06-10 21:26:00,23.14,6757,APP
L006931,ST026,U00581,2026-02-07 06:17:00,2026-02-07 06:52:00,81.79,31080,app
L002895,ST003,U01959,2026-02-21 01:18:00,2026-02-21 01:41:00,45.01,14403,APP
L001464,ST011,U01832,2026-05-14 01:46:00,2026-05-14 02:14:00,55.54,17773,APP
L001033,ST013,U02996,2026-05-19 14:36:00,2026-05-19 14:59:00,45.31,14499,APP
L003142,ST037,U02954,2026-04-11 10:44:00,2026-04-11 11:16:00,69.09,,CARD
L011174,ST021,U01448,2026-07-12 05:15:00,2026-07-12 08:10:00,18.14,5297, APP 
L008429,ST002,U01299,2026/07/28 10:04:00,2026-07-28 16:38:00,55.03,,MEMBERSHIP
L006192,ST034,U02154,2026-01-10 19:29:00,2026-01-10 20:19:00,N/A,43955,MEMBERSHIP
L010187,ST021,U01445,2026/02/25 03:29:00,2026-02-25 09:55:00,30.52,8912,APP
L001042,ST025,U01433,20260315144900,2026-03-15 19:27:00,20.51,5989,MEMBERSHIP
L005297,ST005,U01051,2026/02/25 17:05:00,2026-02-25 17:46:00,109.84,35149,MEMBERSHIP
L006592,ST022,U02693,20260718160300,2026-07-18 16:58:00,119.9,41605,CARD
L000720,ST039,U02929,2026-07-21 15:40:00,2026-07-21 16:19:00,23.48,8148,MEMBERSHIP
L009507,ST027,U02410,2026-04-12 16:35:00,2026-04-12 19:58:00,18.66,5449,MEMBERSHIP
L011114,ST019,U00945,2026-06-06 22:50:00,2026-06-06 23:36:00,111.92,38836,CARD
L001710,ST004,U00120,2026/01/18 07:58:00,2026-01-18 08:39:00,74.97,23990,CARD
L006265,ST040,U02472,2026-03-30 01:53:00,2026-03-30 08:59:00,67.75,19783,MEMBERSHIP
L006530,ST010,U00288,2026-02-04 12:22:00,2026-02-04 16:26:00,22.11,6456,card
L010790,ST029,U00582,2026-03-23 21:02:00,2026-03-24 04:58:00,66.67,19468,CARD
L007592,ST008,U02079,2026-05-06 21:39:00,2026-05-06 23:55:00,11.52,2938,app
L006405,ST009,U01989,2026-06-02 02:45:00,2026-06-02 03:09:00,16.91,5868,CARD
L000147,ST037,U01478,2026/07/21 15:58:00,2026-07-21 16:41:00,80.23,27840,MEMBERSHIP
L001989,ST023,U00404,2026-07-26 17:23:00,2026-07-26 17:57:00,22.87,7318,MEMBERSHIP
L010509,ST018,U02065,2026-03-25 07:38:00,2026-03-25 14:55:00,43.18,12609,MEMBERSHIP
L010439,ST022,U00635,2026-04-23 18:22:00,2026-04-23 19:11:00,92.45,32080,CARD
L011574,ST011,U02928,2026-03-19 20:35:00,2026-03-19 21:02:00,40.76,13043,MEMBERSHIP
L008737,ST031,U00956,2026-03-14 07:34:00,2026-03-14 08:08:00,56.31,21398,CARD
L003787,ST022,U01515,2026-01-15 06:13:00,2026-01-15 06:34:00,39.41,13675,CARD
L001085,ST017,U01556,2026-04-28 14:51:00,2026-04-28 14:39:00,24.94,7282,CARD
L005322,ST004,U01989,20260206003100,2026-02-06 01:11:00,67.52,21606,MEMBERSHIP
L006758,ST037,U02327,2026-06-19 03:22:00,2026-06-19 04:13:00,107.8,37407,MEMBERSHIP
L010713,ST033,U00133,2026-02-14 03:42:00,2026-02-14 04:22:00,57.62,18438,CARD
L001968,ST038,U01368,2026-06-21 10:39:00,2026-06-21 11:10:00,70.32,22502,APP
L006478,ST023,U02015,20260215011600,2026-02-15 01:47:00,14.38,4602,APP
L005469,ST029,U02740,2026-05-24 06:13:00,2026-05-24 10:10:00,29.81,8705,CARD
L003305,ST023,U01863,2026-03-28 14:07:00,2026-03-28 14:58:00,32.17,10294,MEMBERSHIP
L011241,ST033,U02983,2026-06-27 23:13:00,2026-06-28 00:09:00,79.17,25334,CARD
L001845,ST034,U02622,20260512233200,2026-05-13 00:21:00,107.22,40744,APP
L008158,ST011,U02058,2026/07/14 11:56:00,2026-07-14 12:26:00,42.95,13744,MEMBERSHIP
L002794,ST036,U00405,2026-05-14 16:09:00,2026-05-14 20:42:00,28.82,8415,APP
L001763,ST023,U01397,2026-02-17 19:03:00,2026-02-17 19:23:00,14.87,4758,CARD
L007870,ST040,U00012,2026-07-26 00:17:00,2026-07-26 05:50:00,47.07,13744,CARD
L000816,ST028,U00627,2026-06-12 23:59:00,2026-06-13 00:26:00,35.51,11363,APP
L003124,ST037,U02098,2026-05-09 09:06:00,2026-05-09 09:31:00,35.52,12325,MEMBERSHIP
L005048,ST038,U01884,2026-05-14 11:43:00,2026-05-14 12:22:00,81.33,26026,APP
L010661,ST021,U02521,2026-02-17 16:37:00,2026-02-17 21:43:00,29.65,8658,CARD
L008678,ST010,U00450,2026-06-27 00:16:00,2026-06-27 03:08:00,12.73,3717,APP
L003550,ST028,U01860,2026-05-09 04:13:00,2026-05-09 05:05:00,77.35,24752,CARD
L005643,ST023,U00878,2026-05-05 11:17:00,2026-05-05 11:52:00,26.2,8384,APP
L011722,ST012,U01253,2026-01-13 04:34:00,2026-01-13 05:27:00,38.94,12461,CARD
L003088,ST020,U01777,2026-04-04 06:25:00,2026-04-04 07:20:00,38.95,12464,CARD
L004615,ST025,U00138,2026-02-17 20:56:00,2026-02-18 01:46:00,22.82,6663,MEMBERSHIP
L011220,ST026,U00962,2026-05-12 05:46:00,2026-05-12 06:19:00,-,37092,card
L000183,ST040,U01771,2026-07-12 08:32:00,2026-07-12 12:06:00,30.22,8824,MEMBERSHIP
L008291,ST027,U02107,20260608055100,2026-06-08 13:31:00,38.99,-11385,CARD
L003048,ST027,U02329,2026-06-13 04:45:00,2026-06-13 08:48:00,21.56,6296,CARD
L007810,ST007,U00779,2026/01/11 08:55:00,2026-01-11 09:39:00,87.17,27894,MEMBERSHIP
L006981,ST026,U02705,2026/04/19 19:05:00,2026-04-19 19:46:00,85.37,32441,MEMBERSHIP
L005144,ST036,U00952,2026/05/10 09:08:00,2026-05-10 15:33:00,58.4,17053,MEMBERSHIP
L010222,ST030,U02902,2026-06-15 12:43:00,2026-06-15 13:08:00,54.1,17312,APP
L008348,ST029,U02646,2026-01-21 15:56:00,2026-01-21 19:33:00,35.28,10302,MEMBERSHIP
L004665,ST021,U00759,2026-03-22 02:36:00,2026-03-22 04:43:00,12.84,3749,CARD
L010431,ST003,U01371,2026-05-22 20:18:00,2026-05-22 20:39:00,34.97,11190,Card
L004253,ST032,U00282,2026-06-15 09:24:00,2026-06-15 10:00:00,36.35,13813,MEMBERSHIP
L009458,ST004,U02397,2026-07-13 05:35:00,2026-07-13 06:08:00,73.02,23366,CARD
L007850,ST040,U01503,2026-05-02 09:22:00,2026-05-02 15:14:00,57.33,16740,CARD
L006608,ST020,U02213,2026-05-24 12:53:00,2026-05-24 13:47:00,39.52,12646,CARD
L011700,ST022,U01486,2026-05-03 22:06:00,2026-05-03 23:06:00,86.79,30116,MEMBERSHIP
L001075,ST014,U00603,2026-04-15 18:52:00,2026-04-15 19:46:00,32.5,12350,CARD
L003961,ST029,U02398,20260521182700,2026-05-22 01:21:00,53.68,15675,APP
L003782,ST040,U01193,2026-05-07 21:21:00,2026-05-08 02:43:00,33.84,,APP
L004961,ST023,U00454,2026-03-07 19:53:00,2026-03-07 20:30:00,20.92,6694,APP
L006459,ST002,U02491,2026/04/15 02:52:00,2026-04-15 05:18:00,16.26,4748,CARD
L007245,ST018,U01213,2026-02-28 13:55:00,2026-02-28 16:32:00,14.67,,CARD
L001874,ST040,U00605,2026-06-05 20:44:00,2026-06-05 23:12:00,16.18,4725,APP
L006329,ST014,U01903,2026-04-04 12:06:00,2026-04-04 12:54:00,23.97,9109,MEMBERSHIP
L004549,ST017,U00079,2026-07-16 21:29:00,2026-07-17 04:27:00,32.87,9598,MEMBERSHIP
L007283,ST037,U01662,2026-06-09 19:58:00,2026-06-09 20:57:00,85.26,29585,Card
L000273,ST002,U02949,2026/06/29 03:23:00,2026-06-29 08:28:00,48.01,,MEMBERSHIP
L011049,ST001,U00579,2026/07/23 17:59:00,2026-07-23 18:48:00,93.93,35693,APP
L002624,ST012,U00117,2026/02/05 19:53:00,2026-02-05 20:31:00,27.09,8669,APP
L004624,ST024,U00337,2026-06-08 21:13:00,2026-06-08 22:09:00,118.24,41029,CARD
L009663,ST023,U02802,2026-03-30 21:18:00,2026-03-30 22:08:00,34.86,11155,MEMBERSHIP
L007924,ST040,U02070,20260215024600,2026-02-15 08:48:00,48.7,14220,CARD
L010737,ST001,U00388,2026-04-02 03:13:00,2026-04-02 03:45:00,46.0,17480,APP
L005490,ST034,U01652,2026-03-23 00:32:00,2026-03-23 01:03:00,75.65,28747,CARD
L001442,ST032,U01359,2026-07-24 14:53:00,2026-07-24 15:32:00,52.28,19866,CARD
L007786,ST038,U02025,2026/05/31 00:33:00,2026-05-31 01:30:00,134.21,42947,APP
L001412,ST006,U01238,2026-05-01 07:05:00,2026-05-01 12:51:00,34.03,9937,APP
L004981,ST010,U00789,2026-06-23 17:39:00,2026-06-24 01:04:00,29.12,8503,APP
L008551,ST021,U00849,2026-07-24 04:17:00,2026-07-24 06:29:00,13.57,3962,APP
L009461,ST029,U02085,2026-02-23 10:23:00,2026-02-23 14:12:00,26.66,7785,APP
L006436,ST025,U02003,20260502170900,2026-05-02 19:19:00,11.87,3466,APP
L002077,ST035,U00367,2026-04-27 11:40:00,2026-04-27 19:21:00,72.19,18408,MEMBERSHIP
L009820,ST015,U01868,2026-03-30 13:55:00,2026-03-30 14:28:00,67.76,21683,APP
L000087,ST013,U00920,2026-02-10 08:10:00,2026-02-10 08:35:00,65.53,20970,CARD
L003160,ST015,U01322,2026-01-10 16:25:00,2026-01-10 17:24:00,128.13,41002,APP
L003338,ST018,U00136,2026-03-25 01:40:00,2026-03-25 06:46:00,24.78,7236,MEMBERSHIP
L000273,ST002,U02949,2026-06-29 03:23:00,2026-06-29 08:28:00,48.01,,MEMBERSHIP
L003701,ST015,U00870,20260109205700,2026-01-09 21:27:00,63.8,,APP
L007721,ST009,U00973,2026-02-24 10:13:00,2026-02-24 11:11:00,29.17,10122,CARD
L010239,ST017,U02727,2026-06-07 22:50:00,2026-06-08 03:27:00,19.23,5615,APP
L003853,ST017,U02812,2026-04-11 20:05:00,2026-04-12 03:04:00,30.03,8769,MEMBERSHIP
L009853,ST014,U00849,2026-01-17 10:49:00,2026-01-17 11:41:00,23.93,-9093,APP
L006997,ST040,U02000,2026/05/19 16:04:00,2026-05-19 22:41:00,48.95,14293,APP
L010150,ST034,U01176,2026-03-26 05:36:00,2026-03-26 06:00:00,65.02,24708,MEMBERSHIP
L001115,ST034,U00429,2026-07-13 08:21:00,2026-07-13 08:49:00,N/A,28565,APP
L007214,ST032,U02206,2026-01-23 15:15:00,2026-01-23 15:41:00,29.27,11123,CARD
L004735,ST014,U00776,2026-04-17 19:07:00,2026-04-17 19:54:00,23.85,9063,APP
L004763,ST035,U02358,2026-04-08 00:17:00,2026-04-08 05:59:00,41.8,10659,APP
L009144,ST012,U00486,2026-05-09 12:16:00,2026-05-09 12:39:00,11.79,3773,CARD
L000163,ST033,U02833,2026/01/25 20:24:00,2026-01-25 20:45:00,35.6,11392,MEMBERSHIP
L000914,ST019,U01859,2026-04-11 07:21:00,2026-04-11 08:19:00,N/A,53962,MEMBERSHIP
L003137,ST014,U00095,2026-03-06 15:54:00,2026-03-06 16:51:00,27.9,10602,APP
L002076,ST013,U02517,2026-03-19 23:00:00,2026-03-19 23:28:00,65.6,20992,CARD
L003978,ST008,U01249,2026-04-29 22:33:00,2026-04-30 04:03:00,32.57,8305, APP 
L004215,ST038,U01492,2026-03-24 09:10:00,2026-03-24 09:51:00,79.69,25501,CARD
L003582,ST013,U02546,2026-02-22 03:57:00,2026-02-22 04:38:00,112.53,36010,CARD
L005140,ST032,U01427,2026-03-20 10:07:00,2026-03-20 10:42:00,44.41,16876,CARD
L009661,ST024,U02363,2026-06-08 19:32:00,2026-06-08 20:28:00,145.84,50606,MEMBERSHIP
L000168,ST035,U00426,2026-01-07 15:05:00,2026-01-07 20:22:00,42.13,10743,MEMBERSHIP
L009177,ST016,U00828,2026-01-21 06:46:00,2026-01-21 09:31:00,16.39,4179,MEMBERSHIP
L002738,ST001,U01490,2026-02-10 05:40:00,2026-02-10 06:23:00,93.31,35458,MEMBERSHIP
L009179,ST016,U01365,2026-03-09 06:24:00,2026-03-09 12:51:00,40.51,10330,APP
L000538,ST036,U00259,2026/07/27 20:26:00,2026-07-28 01:20:00,40.44,11808,APP
L004237,ST039,U01266,20260529182000,2026-05-29 18:40:00,13.12,4553,CARD
L007508,ST006,U01296,2026-01-01 09:27:00,2026-01-01 16:53:00,39.81,11625,CARD
L003497,ST031,U00305,2026-01-17 18:52:00,2026-01-17 19:51:00,110.13,41849,MEMBERSHIP
L009453,ST011,U02187,2026-04-13 12:04:00,2026-04-13 12:52:00,69.62,22278,APP
L005872,ST008,U01458,20260416091000,2026-04-16 11:43:00,13.39,3414,CARD
L000054,ST035,U02338,20260320125300,2026-03-20 17:22:00,34.21,8724,CARD
L005835,ST023,U02681,2026-05-28 14:03:00,2026-05-28 14:56:00,36.92,11814,CARD
L000330,ST037,U01575,2026-07-27 15:10:00,2026-07-27 15:50:00,79.87,27715,MEMBERSHIP
L008770,ST039,U01810,2026/03/17 15:23:00,2026-03-17 15:51:00,20.77,7207,MEMBERSHIP
L005113,ST001,U00631,2026-02-20 11:05:00,2026-02-20 11:30:00,51.7,19646,APP
L008572,ST002,U00120,2026-04-28 15:35:00,2026-04-28 23:27:00,55.47,16197,APP
L008705,ST030,U01513,20260502221000,2026-05-02 22:41:00,61.04,19533,MEMBERSHIP
L006078,ST038,U00541,20260509155300,2026-05-09 16:52:00,124.62,39878,APP
L000828,ST018,U00220,2026-01-04 02:37:00,2026-01-04 08:19:00,23.27,6795,MEMBERSHIP
L006814,ST005,U00614,2026-05-11 20:03:00,2026-05-11 20:42:00,99.48,31834,MEMBERSHIP
L006556,ST026,U00022,2026-07-18 12:42:00,2026-07-18 13:19:00,,26691,MEMBERSHIP
L008611,ST037,U00192,2026-05-20 07:42:00,2026-05-20 08:20:00,66.54,23089,APP
L002436,ST017,U00379,2026-03-09 02:19:00,2026-03-09 05:18:00,15.43,,APP
L003205,ST036,U01117,2026-07-13 02:48:00,2026-07-13 06:42:00,29.69,8669,APP
L008912,ST028,U01384,2026-06-28 17:52:00,2026-06-28 18:26:00,33.74,10797,APP
L007731,ST028,U00759,2026-04-11 09:07:00,2026-04-11 09:28:00,25.55,8176,APP
L004129,ST035,U01081,2026-04-23 22:56:00,2026-04-24 02:36:00,32.85,8377,MEMBERSHIP
L011647,ST035,U00025,2026-03-12 01:56:00,2026-03-12 06:13:00,31.32,7987,CARD
L010383,ST027,U00442,2026-03-21 02:18:00,2026-03-21 05:53:00,13.88,4053,APP
L004125,ST011,U00418,2026-06-30 21:51:00,2026-06-30 22:18:00,49.4,15808,MEMBERSHIP
L009584,ST015,U02967,2026-03-29 22:10:00,2026-03-29 23:07:00,114.69,,MEMBERSHIP
L000223,ST020,U01682,2026-05-04 18:58:00,2026-05-04 19:36:00,19.83,6346,CARD
L008078,ST003,U02767,2026-06-10 07:34:00,2026-06-10 07:56:00,35.4,11328,APP
L000683,ST039,U00910,2026-01-28 11:18:00,2026-01-28 11:45:00,13.82,4796,APP
L006966,ST004,U02114,2026-06-02 05:44:00,2026-06-02 06:23:00,55.15,17648,APP
L010185,ST005,U01206,20260509201000,2026-05-09 20:31:00,59.98,19194,MEMBERSHIP
L008972,ST024,U01185,2026-07-12 01:59:00,2026-07-12 02:27:00,69.16,23999,APP
L009213,ST007,U00878,2026-07-02 22:59:00,2026-07-02 23:33:00,49.92,15974,APP
L006702,ST033,U02451,20260709151100,2026-07-09 15:49:00,74.06,23699,APP
L011234,ST027,U02818,2026-07-24 22:10:00,2026-07-25 00:18:00,10.5,3066,CARD
L003696,ST004,U01178,2026-04-28 11:15:00,2026-04-28 11:50:00,51.14,16365,APP
L005904,ST013,U01808,2026/05/26 22:54:00,2026-05-26 23:39:00,133.48,42714,CARD
L001615,ST004,U00033,2026-02-05 11:05:00,2026-02-05 11:49:00,85.74,27437,APP
L011018,ST039,U01700,20260211002400,2026-02-11 01:14:00,34.56,11992,CARD
L009909,ST005,U02376,2026-07-25 19:47:00,2026-07-25 20:18:00,59.11,18915,APP
L009698,ST005,U02470,2026/07/13 02:11:00,2026-07-13 02:58:00,130.05,41616,CARD
L007155,ST003,U02099,2026-03-21 06:54:00,2026-03-21 07:53:00,81.74,26157,CARD
L007923,ST026,U02041,2026-02-09 20:41:00,2026-02-09 21:23:00,109.64,41663,MEMBERSHIP
L008161,ST016,U01202,2026-02-27 03:42:00,2026-02-27 10:41:00,37.85,9652,APP
L007928,ST008,U00767,2026-03-22 07:55:00,2026-03-22 13:37:00,34.27,8739,MEMBERSHIP
L005432,ST029,U01570,2026-02-25 13:15:00,2026-02-25 17:38:00,30.78,8988,CARD
L011563,ST038,U01590,2026-01-04 03:12:00,2026-01-04 03:34:00,48.66,15571,CARD
L011835,ST036,U00068,2026-06-03 17:22:00,2026-06-04 00:08:00,47.91,13990,membership
L007435,ST029,U01341,2026-06-18 07:55:00,2026-06-18 10:34:00,25.01,7303,MEMBERSHIP
L004868,ST029,U00130,2026-01-20 03:20:00,2026-01-20 10:41:00,64.05,18703,CARD
L002626,ST018,U02644,2026/07/18 09:24:00,2026-07-18 11:48:00,12.03,3513,MEMBERSHIP
L010282,ST014,U02024,2026/06/14 20:34:00,2026-06-14 21:33:00,40.13,15249,APP
L003638,ST012,U01582,2026-01-23 03:04:00,2026-01-23 03:25:00,14.44,4621,MEMBERSHIP
L009194,ST040,U02304,2026-01-27 18:53:00,2026-01-27 22:58:00,25.63,7484,MEMBERSHIP
L003329,ST018,U01637,2026-03-18 10:01:00,2026-03-18 13:47:00,19.22,5612,membership
L001696,ST039,U02397,2026-07-21 00:56:00,2026-07-21 01:30:00,24.25,8415,CARD
L002230,ST012,U00346,2026-04-16 02:09:00,2026-04-16 02:54:00,25.21,8067,CARD
L008311,ST019,U01746,2026/05/05 08:06:00,2026-05-05 08:31:00,72.95,25314,MEMBERSHIP
L010637,ST004,U01332,2026-02-11 07:44:00,2026-02-11 08:25:00,59.39,19005,MEMBERSHIP
L003306,ST025,U02112,2026/07/07 20:38:00,2026-07-08 01:46:00,21.28,6214,MEMBERSHIP
L010147,ST031,U00175,20260126223400,2026-01-26 23:22:00,102.1,38798,APP
L009380,ST016,U01817,2026-05-28 15:37:00,2026-05-28 23:37:00,46.82,11939,CARD
L005360,ST036,U00532,2026-05-23 20:37:00,2026-05-24 02:44:00,46.59,13604,MEMBERSHIP
L009403,ST006,U00753,2026-05-17 09:42:00,2026-05-17 11:50:00,8.94,2610,APP
L008908,ST037,U01144,2026-04-30 05:36:00,2026-04-30 06:08:00,49.53,17187,CARD
L002162,ST006,U00146,2026-06-20 16:10:00,2026-06-20 19:54:00,17.56,5128,card
L001297,ST001,U02828,2026-01-18 02:55:00,2026-01-18 03:16:00,36.32,13802,membership
L010298,ST006,U01565,20260307160200,2026-03-07 23:50:00,39.37,11496,APP
L006843,ST006,U02541,2026-05-11 09:54:00,2026-05-11 15:25:00,28.53,8331,APP
L006854,ST012,U00329,2026-06-16 05:29:00,2026-06-16 06:13:00,20.38,6522,CARD
L003618,ST030,U00776,2026-01-17 03:15:00,2026-01-17 03:39:00,71.12,22758,CARD
L010754,ST024,U00743,2026-04-18 06:07:00,2026-04-18 06:35:00,61.25,21254,MEMBERSHIP
L011555,ST036,U02445,2026-07-18 15:08:00,2026-07-18 20:38:00,35.73,10433,CARD
L008225,ST006,U01689,2026-04-27 07:41:00,2026-04-27 15:34:00,32.08,9367,MEMBERSHIP
L011525,ST039,U00211,2026-03-21 16:47:00,2026-03-21 17:42:00,37.11,12877,APP
L006664,ST004,U02758,2026-06-05 08:40:00,2026-06-05 09:02:00,38.59,12349,APP
L005276,ST040,U00522,2026-06-18 07:17:00,2026-06-18 11:40:00,31.85,,CARD
L006931,ST026,U00581,2026-02-07 06:17:00,2026-02-07 06:52:00,81.79,31080,app
L011690,ST029,U00746,2026-03-18 08:12:00,2026-03-18 12:53:00,34.27,10007,MEMBERSHIP
L000309,ST032,U02508,2026/06/17 03:31:00,2026-06-17 03:58:00,30.47,11579,MEMBERSHIP
L010331,ST017,U02044,2026-03-25 12:51:00,2026-03-25 20:29:00,43.25,12629,MEMBERSHIP
L000917,ST002,U02819,2026-05-15 10:14:00,2026-05-15 16:02:00,35.18,10273,MEMBERSHIP
L006749,ST002,U02301,2026-05-01 10:46:00,2026-05-01 13:02:00,20.12,5875,MEMBERSHIP
L010161,ST018,U01999,2026/03/07 22:02:00,2026-03-08 01:20:00,16.71,4879,MEMBERSHIP
L008100,ST028,U01697,2026/05/23 07:10:00,2026-05-23 07:51:00,46.87,14998,CARD
L002998,ST017,U01159,2026-02-18 18:21:00,2026-02-18 22:45:00,22.61,6602,MEMBERSHIP
L003004,ST001,U02221,2026-07-25 16:23:00,2026-07-25 16:48:00,45.1,17138,APP
L007469,ST017,U02059,2026/04/12 04:12:00,2026-04-12 09:23:00,31.62,9233,MEMBERSHIP
L002179,ST024,U02042,20260621131500,2026-06-21 13:54:00,90.32,31341,MEMBERSHIP
L011904,ST017,U02444,2026-02-18 12:59:00,2026-02-18 15:35:00,13.12,3831,APP
L002892,ST031,U00595,2026-06-02 03:26:00,2026-06-02 04:09:00,74.21,28200,MEMBERSHIP
L000920,ST035,U01167,2026-05-21 23:09:00,2026-05-22 04:45:00,52.02,13265,APP
L006054,ST006,U00571,2026-04-11 03:23:00,2026-04-11 09:12:00,27.97,8167,APP
L011856,ST010,U02569,2026-03-21 09:02:00,2026-03-21 15:45:00,38.24,11166,MEMBERSHIP
L007868,ST018,U02833,2026-04-05 15:26:00,2026-04-05 22:56:00,33.18,9689,CARD
L004907,ST032,U00728,2026-04-14 02:40:00,2026-04-14 03:22:00,61.56,23393,CARD
L009754,ST037,U00980,2026-07-20 19:56:00,2026-07-20 20:37:00,86.68,30078,CARD
L010899,ST020,U02720,2026-01-20 15:54:00,2026-01-20 16:53:00,37.76,,CARD
L005181,ST001,U02240,2026-06-04 22:21:00,2026-06-04 22:41:00,33.29,12650,CARD
L008882,ST015,U02015,2026-05-24 10:11:00,2026-05-24 10:43:00,52.37,16758,CARD
L002817,ST034,U01060,2026-02-23 23:56:00,2026-02-24 00:29:00,69.59,26444,MEMBERSHIP
L003093,ST024,U00832,2026-06-23 21:28:00,2026-06-23 22:22:00,128.3,44520,card
L011375,ST034,U00615,2026-01-21 08:45:00,2026-01-21 09:43:00,146.69,55742,Card
L011136,ST005,U01195,2026-02-20 06:40:00,2026-02-20 07:16:00,82.66,,APP
L001775,ST023,U00215,2026-02-27 19:07:00,2026-02-27 19:33:00,12.6,4032,APP
L006562,ST033,U01463,2026-04-13 08:20:00,2026-04-13 08:40:00,43.98,14074,MEMBERSHIP
L008888,ST026,U01729,2026-06-15 06:47:00,2026-06-15 07:15:00,83.63,31779,CARD
L005194,ST004,U00323,2026-07-11 09:37:00,2026-07-11 10:30:00,103.07,32982,CARD
L000201,ST033,U02056,2026-02-01 22:28:00,2026-02-01 23:15:00,98.32,31462,APP
L001160,ST033,U01323,2026-06-22 05:03:00,2026-06-22 05:53:00,88.43,28298,APP
L005678,ST017,U01569,2026-04-19 02:23:00,2026-04-19 01:52:00,47.42,13847,CARD
L011003,ST009,U01576,2026-01-20 02:48:00,2026-01-20 03:40:00,28.6,9924,CARD
L011340,ST021,U02645,2026-01-16 14:42:00,2026-01-16 22:08:00,32.71,9551,APP
L007572,ST006,U02743,2026-06-02 12:33:00,2026-06-02 17:45:00,32.32,9437,APP
L000188,ST004,U01056,2026-06-09 13:51:00,2026-06-09 14:45:00,107.47,34390,APP
L000303,ST005,U00902,2026-02-26 07:09:00,2026-02-26 08:05:00,114.42,36614,APP
L001466,ST029,U02497,2026/07/20 02:52:00,2026-07-20 10:47:00,60.08,17543,APP
L000105,ST007,U02294,2026-06-01 16:03:00,2026-06-01 16:38:00,63.25,20240,CARD
L011272,ST022,U02486,2026-05-01 15:31:00,2026-05-01 16:02:00,69.71,24189,Card
L005277,ST010,U02115,2026-03-25 07:19:00,2026-03-25 12:37:00,25.41,7420,APP
L010567,ST003,U00501,2026-03-19 08:24:00,2026-03-19 09:12:00,105.44,33741,MEMBERSHIP
L006671,ST023,U00790,2026-07-06 22:04:00,2026-07-06 22:42:00,27.41,8771,APP
L004240,ST011,U00624,2026-01-01 01:25:00,2026-01-01 02:12:00,67.71,21667,APP
L003045,ST006,U00507,20260709015700,2026-07-09 05:08:00,12.57,3670,CARD
L001972,ST019,U00605,2026-02-11 23:34:00,2026-02-12 00:23:00,99.0,34353,MEMBERSHIP
L003531,ST031,U00550,2026-02-21 11:08:00,2026-02-21 12:06:00,91.06,34603,MEMBERSHIP
L001957,ST029,U02933,2026-02-22 23:14:00,2026-02-23 01:27:00,17.02,4970,CARD
L008094,ST008,U02983,2026-07-06 19:59:00,2026-07-07 01:55:00,28.1,7166,CARD
L003668,ST011,U01597,20260714212900,2026-07-14 22:22:00,97.78,31290,APP
L003921,ST026,U02265,2026-06-04 00:04:00,2026-06-04 00:36:00,63.92,24290,APP
L000656,ST024,U02037,2026-02-16 10:38:00,2026-02-16 10:58:00,41.79,14501,MEMBERSHIP
L000532,ST004,U02427,2026-03-07 20:51:00,2026-03-07 21:31:00,,26243,APP
L006538,ST005,U02160,2026-02-07 08:38:00,2026-02-07 09:27:00,141.75,45360,MEMBERSHIP
L007655,ST005,U02755,2026-07-22 04:19:00,2026-07-22 05:16:00,137.06,43859,APP
L006522,ST015,U02078,2026-01-31 13:20:00,2026-01-31 13:43:00,39.52,12646,MEMBERSHIP
L001764,ST020,U02674,2026-06-28 14:48:00,2026-06-28 15:36:00,33.53,10730,app
L008821,ST035,U01242,2026-03-01 14:44:00,2026-03-01 18:53:00,34.75,8861,CARD
L010297,ST032,U00733,2026-06-29 01:17:00,2026-06-29 02:08:00,75.99,28876,CARD
L003906,ST002,U01309,2026-02-12 17:03:00,2026-02-13 00:26:00,68.51,20005,CARD
L001897,ST007,U00816,2026-03-29 15:16:00,2026-03-29 15:45:00,56.59,18109,CARD
L010689,ST034,U01557,2026-02-14 23:23:00,2026-02-14 23:54:00,69.84,26539,APP
L003759,ST030,U02402,2026-02-22 09:34:00,2026-02-22 10:24:00,92.94,29741,CARD
L006014,ST026,U01712,2026-03-02 07:43:00,2026-03-02 08:31:00,95.61,36332,MEMBERSHIP
L002822,ST013,U00071,2026-06-23 04:12:00,2026-06-23 04:54:00,112.51,36003,MEMBERSHIP
L010994,ST005,U01095,2026-01-04 12:02:00,2026-01-04 12:24:00,43.47,13910,membership
L008273,ST035,U01166,2026-02-06 23:36:00,2026-02-07 05:52:00,40.56,10343,MEMBERSHIP
L002198,ST005,U00811,2026/03/04 03:54:00,2026-03-04 04:23:00,57.71,18467,APP
L010175,ST030,U01882,2026-06-01 16:11:00,2026-06-01 16:55:00,131.82,42182,MEMBERSHIP
L009589,ST035,U02949,2026-06-24 06:57:00,2026-06-24 12:12:00,36.04,9190,APP
L001711,ST036,U01977,2026-05-05 13:51:00,2026-05-05 18:46:00,46.62,13613,APP
L011608,ST040,U00809,2026-01-05 15:44:00,2026-01-05 22:27:00,52.25,15257,MEMBERSHIP
L006517,ST025,U01380,2026/03/21 18:15:00,2026-03-22 00:21:00,35.81,10457,APP
L007241,ST036,U02075,2026-06-05 12:51:00,2026-06-05 16:46:00,27.26,7960,APP
L000963,ST038,U00102,2026-05-21 16:51:00,2026-05-21 17:25:00,94.12,30118,CARD
L007854,ST032,U00881,2026-05-23 19:40:00,2026-05-23 20:23:00,45.04,17115,CARD
L007415,ST011,U00442,2026-06-12 07:05:00,2026-06-12 07:32:00,42.92,13734,APP
L008673,ST040,U02172,2026-02-16 14:44:00,2026-02-16 18:38:00,31.42,9175, APP 
L008187,ST029,U01471,20260618183700,2026-06-18 23:18:00,32.48,9484,MEMBERSHIP
L000880,ST025,U00716,2026-06-22 03:21:00,2026-06-22 09:12:00,32.5,9490,CARD
L011998,ST027,U02856,2026-02-16 06:16:00,2026-02-16 12:43:00,28.67,8372,CARD
L002664,ST040,U01343,2026-07-29 10:08:00,2026-07-29 13:59:00,32.59,9516,MEMBERSHIP
L010387,ST004,U01775,2026/01/07 13:39:00,2026-01-07 14:10:00,49.64,15885,CARD
L002064,ST034,U00830,2026-02-04 18:34:00,2026-02-04 18:55:00,51.35,19513,APP
L004033,ST035,U01355,2026-05-17 23:59:00,2026-05-18 04:51:00,34.42,8777,CARD
L005132,ST025,U02352,2026-05-31 21:32:00,2026-06-01 02:02:00,24.2,,MEMBERSHIP
L002421,ST012,U00571,2026/05/10 08:50:00,2026-05-10 09:15:00,18.28,5850,membership
L009816,ST031,U00755,2026-05-17 17:48:00,2026-05-17 18:42:00,87.88,33394,CARD
L004582,ST019,U00188,2026-06-13 21:28:00,2026-06-13 22:13:00,124.42,43174,MEMBERSHIP
L001601,ST020,U01717,2026-07-10 07:36:00,2026-07-10 08:34:00,40.42,12934,CARD
L005177,ST017,U00952,2026-06-09 03:31:00,2026-06-09 09:18:00,36.14,10553,APP
L007672,ST016,U00153,2026-01-25 04:39:00,2026-01-25 10:35:00,34.2,8721,MEMBERSHIP
L004378,ST011,U01392,2026-05-29 02:21:00,2026-05-29 02:52:00,69.64,22285,APP
L003334,ST031,U01433,2026-05-19 07:11:00,2026-05-19 07:38:00,41.37,15721,CARD
L005447,ST008,U00422,2026-02-01 09:13:00,2026-02-01 13:45:00,27.45,7000,MEMBERSHIP
L006937,ST027,U01306,2026-05-27 21:07:00,2026-05-28 04:54:00,33.58,9805,CARD
L010614,ST037,U01037,2026-01-17 02:54:00,2026-01-17 03:16:00,48.0,16656,MEMBERSHIP
L008142,ST009,U01379,20260630223900,2026-06-30 23:13:00,17.87,6201,APP
L003977,ST020,U02848,2026/06/09 03:13:00,2026-06-09 03:38:00,18.59,5949,MEMBERSHIP
L000355,ST017,U00151,2026-04-07 04:04:00,2026-04-07 07:27:00,13.59,3968,CARD
L000588,ST029,U00365,2026-02-28 20:55:00,2026-03-01 03:45:00,46.46,13566,MEMBERSHIP
L008356,ST006,U02897,2026-04-30 00:27:00,2026-04-30 03:07:00,16.28,4754,CARD
L002932,ST006,U01157,2026/03/05 20:54:00,2026-03-05 23:01:00,12.56,3668,MEMBERSHIP
L003358,ST008,U01503,2026-07-14 10:38:00,2026-07-14 17:24:00,N/A,6865,APP
L002590,ST026,U01105,20260331155300,2026-03-31 16:53:00,175.95,66861,APP
L005938,ST001,U02758,2026-03-29 09:23:00,2026-03-29 09:50:00,38.73,14717,CARD
L008357,ST013,U00384,2026-06-20 12:51:00,2026-06-20 13:18:00,56.57,18102,CARD
L001882,ST036,U00602,2026-01-07 23:30:00,2026-01-08 03:25:00,34.56,10092,APP
L009506,ST021,U02132,2026-02-12 00:18:00,2026-02-12 08:04:00,33.17,9686,MEMBERSHIP
L000430,ST008,U01335,20260701063100,2026-07-01 11:05:00,24.97,6367,CARD
L009769,ST037,U01881,2026-07-04 18:36:00,2026-07-04 19:01:00,36.79,12766,CARD
L007056,ST001,U02113,2026-02-17 17:31:00,2026-02-17 18:10:00,55.06,20923,CARD
L000212,ST019,U01392,2026-03-14 01:24:00,2026-03-14 02:05:00,106.34,36900,APP
L010823,ST010,U02579,2026-07-14 04:55:00,2026-07-14 12:24:00,39.31,11479,MEMBERSHIP
L000748,ST039,U00548,20260329060300,2026-03-29 06:44:00,27.53,9553,APP
L009635,ST023,U00754,2026-07-16 09:41:00,2026-07-16 10:01:00,9.36,2995,app
L003569,ST038,U02200,2026-06-28 06:47:00,2026-06-28 07:15:00,79.91,25571,CARD
L006258,ST023,U02559,20260112162600,2026-01-12 16:58:00,16.71,5347,MEMBERSHIP
L002802,ST022,U02848,2026/01/11 20:09:00,2026-01-11 20:55:00,69.57,24141,APP
L005524,ST025,U01834,2026-02-23 06:05:00,2026-02-23 13:51:00,32.35,9446,MEMBERSHIP
L011767,ST006,U01261,2026-05-14 06:24:00,2026-05-14 13:38:00,34.71,10135,MEMBERSHIP
L009921,ST023,U02640,2026/07/08 00:20:00,2026-07-08 01:10:00,23.57,7542,APP
L004258,ST004,U01797,2026-05-25 04:54:00,2026-05-25 05:30:00,56.76,18163,CARD
L010709,ST023,U01046,2026-07-29 02:42:00,2026-07-29 03:37:00,31.87,10198,MEMBERSHIP
L009428,ST006,U01424,2026-06-17 03:12:00,2026-06-17 08:09:00,27.19,7939,APP
L010226,ST001,U02027,2026/07/21 00:46:00,2026-07-21 01:38:00,99.86,37947,MEMBERSHIP
L011404,ST010,U02853,2026-05-03 03:17:00,2026-05-03 10:51:00,30.66,8953,CARD
L005667,ST015,U02240,2026-06-18 04:43:00,2026-06-18 05:36:00,90.47,,MEMBERSHIP
L008181,ST001,U01777,2026-03-22 12:11:00,2026-03-22 13:02:00,88.76,33729,MEMBERSHIP
L001125,ST007,U01879,2026-05-15 13:14:00,2026-05-15 14:07:00,99.31,31779,APP
L002134,ST021,U01318,2026-07-23 05:28:00,2026-07-23 08:02:00,14.8,4322,CARD
L001591,ST024,U02693,2026/04/30 19:04:00,2026-04-30 19:34:00,75.9,26337,APP
L005487,ST021,U00547,2026-04-21 13:22:00,2026-04-21 19:46:00,36.56,10676,MEMBERSHIP
L010644,ST040,U01487,2026/03/21 13:28:00,2026-03-21 19:16:00,47.97,14007,APP
L002068,ST030,U00199,2026/04/09 13:55:00,2026-04-09 14:43:00,128.15,41008,Card
L006977,ST035,U02154,2026/02/20 23:21:00,2026-02-21 06:06:00,44.96,11465,MEMBERSHIP
L004127,ST014,U00928,2026/03/27 00:22:00,2026-03-27 01:11:00,33.19,12612,APP
L000426,ST008,U02095,2026-07-19 20:30:00,2026-07-20 03:26:00,42.3,"10,786",MEMBERSHIP
L003915,ST007,U00172,2026-02-18 11:42:00,2026-02-18 12:35:00,84.0,26880,APP
L004101,ST039,U02072,2026-07-26 16:36:00,2026-07-26 17:10:00,16.27,5646,MEMBERSHIP
L011384,ST038,U00756,2026/06/25 00:11:00,2026-06-25 01:06:00,,49459,MEMBERSHIP
L001536,ST012,U00565,2026-01-14 23:09:00,2026-01-15 00:03:00,37.97,12150,APP
L004773,ST033,U01893,2026-04-18 23:07:00,2026-04-18 23:47:00,69.72,22310,MEMBERSHIP
L007257,ST035,U00384,2026-01-15 18:40:00,2026-01-15 21:10:00,18.17,4633,MEMBERSHIP
L004557,ST019,U00743,20260508071500,2026-05-08 07:49:00,88.05,30553,CARD
L011115,ST028,U01842,2026-04-25 16:57:00,2026-04-25 17:39:00,61.51,19683,APP
L006414,ST038,U01847,2026-06-13 00:03:00,2026-06-13 00:31:00,58.65,18768,APP
L002028,ST011,U02243,2026-02-11 20:28:00,2026-02-11 21:01:00,71.01,,Card
L005497,ST005,U02356,2026-07-11 00:50:00,2026-07-11 01:14:00,53.3,17056,MEMBERSHIP
L001892,ST040,U02596,20260504204200,2026-05-05 04:14:00,64.23,18755,MEMBERSHIP
L003016,ST040,U02641,2026-03-13 13:00:00,2026-03-13 17:24:00,30.16,8807,MEMBERSHIP
L003434,ST010,U01323,20260516101000,2026-05-16 16:37:00,35.84,10465,MEMBERSHIP
L003813,ST031,U00638,2026-01-12 09:10:00,2026-01-12 10:08:00,83.17,31605,MEMBERSHIP
L003556,ST038,U01007,2026-04-05 22:21:00,2026-04-05 22:55:00,69.34,22189,CARD
L000613,ST036,U02152,2026/04/29 01:25:00,2026-04-29 03:30:00,14.77,4313,CARD
L003013,ST024,U00428,2026-05-18 23:50:00,2026-05-19 00:13:00,62.77,"21,781",APP
L003284,ST033,U01355,2026-05-08 21:19:00,2026-05-08 22:09:00,92.87,29718,CARD
L001800,ST030,U01839,2026-06-08 11:44:00,2026-06-08 12:30:00,129.91,41571,MEMBERSHIP
L002403,ST017,U01969,2026-06-23 13:06:00,2026-06-23 19:16:00,35.49,"10,363",APP
L004889,ST019,U02829,2026/06/27 11:30:00,2026-06-27 12:27:00,138.68,48122,CARD
L004149,ST021,U00610,2026-07-04 22:18:00,2026-07-05 01:53:00,13.85,4044,CARD
L004077,ST016,U00062,2026-04-02 15:47:00,2026-04-02 23:35:00,35.18,8971,APP
L008757,ST029,U01015,2026-01-08 14:48:00,2026-01-08 22:00:00,53.92,15745,CARD
L000232,ST015,U02246,2026-07-01 20:38:00,2026-07-01 21:08:00,52.63,16842,CARD
L002701,ST007,U00067,2026-03-01 00:06:00,2026-03-01 01:02:00,81.39,26045,MEMBERSHIP
L011426,ST017,U01215,2026-04-02 20:59:00,2026-04-03 00:36:00,20.21,5901,CARD
L009441,ST020,U01697,2026-04-21 20:07:00,2026-04-21 20:48:00,,,MEMBERSHIP
L004224,ST004,U02842,2026-04-04 16:30:00,2026-04-04 17:30:00,104.26,33363,MEMBERSHIP
L008766,ST016,U01818,20260705160200,2026-07-05 18:31:00,12.57,3205,CARD
L003395,ST026,U00320,2026-07-19 02:27:00,2026-07-19 03:09:00,97.2,36936,MEMBERSHIP
L006233,ST004,U02613,2026-01-03 23:47:00,2026-01-04 00:31:00,84.43,27018,MEMBERSHIP
L005327,ST038,U01450,2026-01-24 01:15:00,2026-01-24 02:06:00,151.2,48384,CARD
L002870,ST040,U02701,2026/03/03 13:15:00,2026-03-03 12:53:00,54.6,15943,Card
L002633,ST004,U00352,2026/06/13 07:50:00,2026-06-13 08:29:00,74.02,23686,app
L008986,ST038,U00758,20260301063800,2026-03-01 07:25:00,136.64,"43,725",APP
L002108,ST026,U00519,2026/05/24 14:17:00,2026-05-24 15:05:00,106.68,40538,MEMBERSHIP
L008377,ST019,U00826,2026-01-09 13:21:00,2026-01-09 13:10:00,-,45572,MEMBERSHIP
L011918,ST013,U01489,2026-03-08 18:29:00,2026-03-08 18:53:00,59.01,18883,MEMBERSHIP
L007129,ST008,U00457,2026-02-19 19:25:00,2026-02-20 00:10:00,19.58,4993,MEMBERSHIP
L005600,ST017,U00772,2026-01-01 13:51:00,2026-01-01 18:31:00,27.68,8083,app
L001187,ST030,U02678,2026-04-24 00:44:00,2026-04-24 01:33:00,118.91,38051,MEMBERSHIP
L010130,ST039,U00747,2026-06-12 04:35:00,2026-06-12 05:26:00,36.5,12666,CARD
L003535,ST032,U01536,2026-03-23 19:53:00,2026-03-23 20:34:00,46.8,17784,MEMBERSHIP
L006356,ST008,U00374,2026-03-10 20:49:00,2026-03-11 00:02:00,15.37,3919,APP
L004680,ST016,U01149,20260331102600,2026-03-31 12:43:00,13.4,3417,CARD
L006606,ST039,U02085,2026-04-13 14:14:00,2026-04-13 14:57:00,20.07,6964,CARD
L008577,ST022,U02843,2026/03/06 16:37:00,2026-03-06 17:10:00,57.59,19984,CARD
L002948,ST014,U00242,2026-02-18 10:06:00,2026-02-18 11:01:00,28.72,10914,CARD
L001670,ST018,U00417,2026-07-22 16:00:00,2026-07-22 23:35:00,35.11,10252,APP
L008117,ST004,U01634,20260414033400,2026-04-14 04:03:00,62.12,,MEMBERSHIP
L010334,ST007,U02726,2026-02-11 14:08:00,2026-02-11 14:51:00,75.25,24080,CARD
L008791,ST018,U00933,2026-03-22 03:35:00,2026-03-22 05:35:00,10.22,2984,CARD
L001611,ST016,U02542,2026-04-15 07:23:00,2026-04-15 09:41:00,13.53,3450,Card
L006104,ST008,U00576,2026-05-19 09:16:00,2026-05-19 16:56:00,41.78,10654,APP
L009567,ST018,U02614,2026-03-16 14:53:00,2026-03-16 20:49:00,32.97,,MEMBERSHIP
L010420,ST999,U00126,2026-05-12 10:24:00,2026-05-12 11:15:00,38.01,12163,APP
L000751,ST033,U02624,20260423110200,2026-04-23 11:26:00,52.78,16890,MEMBERSHIP
L001682,ST011,U00143,2026-04-15 23:48:00,2026-04-16 00:12:00,37.72,12070,CARD
L004841,ST038,U02499,2026-07-25 09:07:00,2026-07-25 10:00:00,104.03,33290,APP
L006119,ST025,U01508,2026-06-22 15:01:00,2026-06-22 19:54:00,29.66,8661,APP
L011191,ST007,U01810,2026-03-04 10:15:00,2026-03-04 10:41:00,55.11,17635,CARD
L007466,ST033,U00655,2026/02/10 19:38:00,2026-02-10 20:08:00,42.21,13507,MEMBERSHIP
L002726,ST027,U01082,2026-02-05 03:40:00,2026-02-05 07:45:00,21.89,6392,APP
L005403,ST003,U00707,2026/01/11 23:19:00,2026-01-12 00:06:00,88.8,28416,APP
L009942,ST003,U01994,2026/03/06 03:17:00,2026-03-06 04:15:00,104.89,33565,APP
L003529,ST038,U00762,2026-01-21 11:30:00,2026-01-21 11:53:00,46.8,14976,Card
L009705,ST037,U00889,2026-01-01 19:53:00,2026-01-01 20:22:00,57.3,19883,MEMBERSHIP
L004401,ST040,U02363,2026-01-30 11:28:00,2026-01-30 19:13:00,57.76,16866,CARD
L004268,ST034,U00659,2026-02-05 21:24:00,2026-02-05 22:11:00,107.01,40664,MEMBERSHIP
L000039,ST001,U02782,2026-02-12 17:12:00,2026-02-12 17:37:00,42.36,16097,MEMBERSHIP
L000698,ST032,U01556,2026-06-05 13:45:00,2026-06-05 14:20:00,43.11,16382,CARD
L009348,ST012,U02942,2026-04-16 12:16:00,2026-04-16 13:11:00,30.68,9818,APP
L008185,ST014,U00401,2026-07-02 15:55:00,2026-07-02 16:30:00,18.98,7212,MEMBERSHIP
L011763,ST021,U02028,2026/03/25 14:42:00,2026-03-25 20:30:00,27.64,8071,APP
L011719,ST003,U01762,2026-07-16 15:22:00,2026-07-16 15:45:00,46.21,14787,MEMBERSHIP
L001433,ST023,U00918,2026-06-16 00:26:00,2026-06-16 01:20:00,25.98,,APP
L011697,ST026,U00221,2026/03/27 15:39:00,2026-03-27 16:34:00,162.44,61727,MEMBERSHIP
L001284,ST003,U02029,2026/04/14 00:13:00,2026-04-14 00:44:00,60.75,19440,MEMBERSHIP
L009604,ST007,U01158,2026-04-10 20:40:00,2026-04-10 21:10:00,48.41,15491,MEMBERSHIP
L010869,ST035,U00486,2026-03-05 14:15:00,2026-03-05 18:07:00,37.52,9568,CARD
L003060,ST039,U00893,2026-03-17 14:23:00,2026-03-17 15:11:00,24.66,,APP
L011373,ST015,U01513,2026-01-30 09:13:00,2026-01-30 09:44:00,65.72,21030,MEMBERSHIP
L006290,ST016,U00473,2026-07-23 20:50:00,2026-07-23 23:37:00,11.67,2976,MEMBERSHIP
L009111,ST009,U00422,2026-06-20 09:47:00,2026-06-20 10:26:00,19.74,6850,CARD
L010358,ST011,U02049,20260610103800,2026-06-10 11:08:00,,21565,APP
L011817,ST016,U02711,2026-05-11 07:09:00,2026-05-11 13:08:00,32.69,8336,MEMBERSHIP
L007274,ST017,U02812,20260604230500,2026-06-05 05:00:00,28.06,8194,MEMBERSHIP
L008901,ST016,U00287,2026-02-17 21:42:00,2026-02-18 01:25:00,18.21,4644,APP
L010091,ST013,U02647,2026-02-13 22:39:00,2026-02-13 23:18:00,80.13,25642,APP
L008884,ST030,U01756,20260621035200,2026-06-21 04:34:00,95.92,30694,CARD
L004309,ST033,U01983,2026-01-27 19:52:00,2026-01-27 20:26:00,75.16,24051,CARD
L010806,ST002,U01350,2026/03/19 15:54:00,2026-03-19 19:49:00,27.25,7957,MEMBERSHIP
L001322,ST009,U02831,2026-05-19 07:33:00,2026-05-19 08:24:00,27.76,9633,MEMBERSHIP
L003456,ST012,U01772,2026-02-03 05:00:00,2026-02-03 05:32:00,14.83,4746,membership
L007906,ST005,U01134,2026-05-18 02:08:00,2026-05-18 02:50:00,120.12,38438,CARD
L000284,ST019,U02039,2026-03-17 21:09:00,2026-03-17 21:52:00,93.56,32465,APP
L009055,ST033,U00136,20260504073100,2026-05-04 08:02:00,58.7,18784,MEMBERSHIP
L000972,ST028,U00472,2026-01-18 12:39:00,2026-01-18 13:19:00,52.02,16646,APP
L006947,ST007,U01969,2026-05-13 23:45:00,2026-05-14 00:12:00,44.03,14090,MEMBERSHIP
L005001,ST002,U02293,2026-01-25 18:34:00,2026-01-26 00:48:00,41.5,12118,APP
L005498,ST033,U02062,2026-01-21 10:17:00,2026-01-21 11:02:00,85.97,27510,APP
L001173,ST028,U02583,2026-04-25 18:00:00,2026-04-25 18:45:00,43.28,13850,MEMBERSHIP
L005769,ST003,U00756,2026-06-19 01:58:00,2026-06-19 02:56:00,103.79,33213,CARD
L001292,ST017,U01170,2026-07-06 08:54:00,2026-07-06 15:45:00,28.02,8182,CARD
L005383,ST015,U01106,2026-04-26 03:11:00,2026-04-26 04:05:00,81.17,25974,APP
L007207,ST001,U01389,2026/07/06 06:14:00,2026-07-06 06:47:00,60.26,22899,CARD
L011299,ST012,U02302,2026-04-09 22:56:00,2026-04-09 23:38:00,28.58,9146,MEMBERSHIP
L004287,ST035,U01270,2026-04-20 00:11:00,2026-04-20 06:42:00,59.63,15206,APP
L000544,ST026,U02056,20260121114500,2026-01-21 12:11:00,63.59,24164,MEMBERSHIP
L002433,ST024,U02215,2026-05-28 05:28:00,2026-05-28 06:21:00,142.98,49614,APP
L011463,ST018,U02673,2026-05-18 11:02:00,2026-05-18 14:14:00,15.41,4500,MEMBERSHIP
L005796,ST010,U02884,2026-02-04 11:10:00,2026-02-04 15:19:00,23.05,6731,APP
L001518,ST016,U01319,2026/05/04 09:12:00,2026-05-04 14:57:00,24.84,6334,card
L004817,ST004,U01792,2026-06-07 20:25:00,2026-06-07 20:49:00,50.75,16240,MEMBERSHIP
L000443,ST003,U00199,2026-05-07 03:53:00,2026-05-07 04:43:00,102.46,32787,APP
L000771,ST025,U02359,2026-07-02 20:00:00,2026-07-03 00:56:00,30.13,8798,CARD
L010728,ST003,U02395,20260621142100,2026-06-21 14:57:00,66.26,21203,APP
L007767,ST016,U01726,20260327022200,2026-03-27 06:02:00,22.38,5707,CARD
L011905,ST021,U02364,2026-04-08 09:22:00,2026-04-08 14:57:00,31.43,9178,CARD
L003112,ST016,U00818,2026-06-18 18:55:00,2026-06-19 01:46:00,36.79,9381,APP
L002171,ST012,U01964,2026-07-25 09:16:00,2026-07-25 09:45:00,16.49,5277,CARD
L011766,ST040,U01674,2026/01/10 10:23:00,2026-01-10 17:18:00,43.19,12611, APP 
L004651,ST021,U01007,2026-05-19 16:26:00,2026-05-19 20:25:00,23.01,6719,MEMBERSHIP
L002621,ST024,U02064,2026-02-17 04:43:00,2026-02-17 05:32:00,120.75,41900,CARD
L006960,ST033,U00383,2026-01-16 07:49:00,2026-01-16 08:26:00,61.26,19603,CARD
L001112,ST012,U01606,20260503183400,2026-05-03 18:57:00,12.29,"3,933",CARD
L000540,ST007,U02980,2026-03-14 14:24:00,2026-03-14 15:11:00,85.57,27382,Card
L008917,ST004,U01354,2026-02-12 16:21:00,2026-02-12 17:03:00,60.02,19206,MEMBERSHIP
L002497,ST032,U02444,2026-07-07 04:09:00,2026-07-07 04:47:00,36.68,13938,APP
L003942,ST040,U01995,2026-06-12 19:36:00,2026-06-13 01:13:00,55.16,16107,MEMBERSHIP
L002241,ST022,U01669,2026-07-16 10:43:00,2026-07-16 11:41:00,89.23,30963,APP
L002846,ST020,U00066,2026-03-24 07:56:00,2026-03-24 08:38:00,20.59,6589,APP
L007709,ST026,U01338,2026-03-24 15:44:00,2026-03-24 16:11:00,50.24,19091,CARD
L006082,ST033,U00799,2026/03/28 12:20:00,2026-03-28 12:42:00,45.57,14582,MEMBERSHIP
L009979,ST024,U01152,2026-06-19 00:39:00,2026-06-19 01:07:00,61.54,21354,APP
L005712,ST030,U01447,2026-06-19 08:07:00,2026-06-19 09:04:00,127.06,40659,CARD
L001035,ST008,U02417,2026-06-21 01:51:00,2026-06-21 04:20:00,11.16,2846,APP
L009028,ST026,U00555,2026-01-06 10:31:00,2026-01-06 11:24:00,150.44,57167,APP
L004942,ST010,U01286,2026-01-10 04:45:00,2026-01-10 07:55:00,19.64,5735,APP
L010315,ST010,U02810,2026-01-02 00:52:00,2026-01-02 05:31:00,19.43,5674,MEMBERSHIP
L010700,ST017,U01913,2026-03-11 13:39:00,2026-03-11 21:35:00,41.68,12171, APP 
L009847,ST031,U01992,2026-06-08 23:14:00,2026-06-08 23:34:00,38.16,14501,MEMBERSHIP
L010940,ST001,U01008,2026-05-17 15:04:00,2026-05-17 15:35:00,57.61,21892,APP
L000624,ST020,U00991,20260119045100,2026-01-19 05:50:00,31.63,10122, APP 
L000408,ST024,U00419,2026-04-25 14:43:00,2026-04-25 15:19:00,99.62,34568,MEMBERSHIP
L009325,ST017,U02962,2026-02-26 12:18:00,2026-02-26 17:46:00,27.76,8106,CARD
L001573,ST035,U00139,2026-02-09 16:41:00,2026-02-09 19:51:00,30.19,7698,APP
L001925,ST006,U01492,2026-05-22 00:46:00,2026-05-22 08:11:00,40.79,11911,MEMBERSHIP
L009439,ST006,U01082,2026-01-14 17:46:00,2026-01-14 22:22:00,23.73,6929,CARD
L006627,ST037,U01098,2026-04-16 13:08:00,2026-04-16 13:30:00,30.45,10566,MEMBERSHIP
L004260,ST016,U01385,2026-03-17 02:03:00,2026-03-17 06:38:00,28.62,7298,APP
L003862,ST028,U01274,2026-06-13 19:45:00,2026-06-13 20:35:00,57.37,18358,MEMBERSHIP
L010256,ST018,U01669,2026-01-03 14:57:00,2026-01-03 20:15:00,2783.0,8126,CARD
L005550,ST003,U02296,2026-05-19 15:17:00,2026-05-19 15:53:00,53.07,16982,APP
L009061,ST037,U02069,2026-05-08 19:40:00,2026-05-08 20:29:00,81.04,28121,APP
L006293,ST029,U01913,2026-06-10 23:29:00,2026-06-11 06:59:00,,16615,CARD
L002278,ST033,U01017,2026-02-07 04:58:00,2026-02-07 05:51:00,118.08,37786,MEMBERSHIP
L001803,ST016,U00214,2026/03/02 21:16:00,2026-03-03 04:50:00,36.76,9374,app
L001962,ST004,U02251,2026-05-18 07:07:00,2026-05-18 07:50:00,79.18,25338,APP
L005840,ST023,U01873,2026-05-05 00:16:00,2026-05-05 00:47:00,14.55,4656,card
L001708,ST013,U01061,2026-02-12 16:11:00,2026-02-12 17:00:00,125.0,40000,APP
L009988,ST026,U00273,2026-06-11 21:59:00,2026-06-11 22:47:00,115.26,43799,CARD
L006184,ST009,U01777,2026-04-28 21:17:00,2026-04-28 22:01:00,,8057,APP
L000607,ST004,U02734,20260223025800,2026-02-23 03:51:00,92.13,29482,MEMBERSHIP
L001565,ST035,U02164,2026-01-29 06:15:00,2026-01-29 09:45:00,23.94,6105,CARD
L010786,ST020,U01762,2026-06-07 19:27:00,2026-06-07 20:11:00,23.47,7510,CARD
L004565,ST004,U02846,20260606190600,2026-06-06 19:48:00,87.64,28045,CARD
L009158,ST026,U01261,2026-04-30 13:08:00,2026-04-30 13:55:00,140.84,53519,MEMBERSHIP
L006328,ST017,U02511,2026/05/28 22:16:00,2026-05-29 03:03:00,29.7,8672,APP
L001092,ST024,U00603,2026-07-11 09:46:00,2026-07-11 10:27:00,110.78,38441,CARD
L010944,ST010,U02258,2026/04/16 03:30:00,2026-04-16 10:21:00,34.79,10159,CARD
L008162,ST037,U00274,2026-01-18 02:45:00,2026-01-18 03:10:00,56.22,19508,CARD
L005672,ST037,U00489,20260413094100,2026-04-13 10:30:00,96.26,33402,APP
L000998,ST021,U02799,2026-06-12 01:30:00,2026-06-12 04:47:00,17.79,5195,CARD
L000189,ST013,U02155,2026-05-06 00:40:00,2026-05-06 01:25:00,86.78,27770,CARD
L009317,ST012,U00794,2026-01-14 13:30:00,2026-01-14 13:58:00,15.54,4973,APP
L000156,ST019,U01811,2026/07/02 18:47:00,2026-07-02 19:21:00,69.21,24016,membership
L004800,ST018,U02246,20260706214200,2026-07-07 02:54:00,27.22,7948,APP
L011089,ST025,U00689,2026-06-21 01:54:00,2026-06-21 05:39:00,20.14,5881,APP
L011803,ST022,U00234,2026-07-08 13:31:00,2026-07-08 13:59:00,61.59,21372,CARD
L001134,ST039,U02812,2026-03-16 20:55:00,2026-03-16 21:35:00,29.32,10174,CARD
L004627,ST017,U01885,2026-02-18 21:49:00,2026-02-19 03:46:00,30.88,9017,MEMBERSHIP
L010000,ST033,U01901,2026-03-30 05:27:00,2026-03-30 06:23:00,85.44,27341,APP
L004348,ST024,U02609,2026-02-12 00:42:00,2026-02-12 01:34:00,143.98,49961,APP
L010505,ST026,U01835,20260603002400,2026-06-03 00:52:00,73.37,27881,MEMBERSHIP
L003776,ST022,U00481,2026-02-03 03:08:00,2026-02-03 03:39:00,58.58,20327,MEMBERSHIP
L005182,ST029,U01237,2026-05-02 16:58:00,2026-05-02 20:29:00,31.48,9192,CARD
L010613,ST037,U01140,2026-04-10 11:41:00,2026-04-10 12:34:00,77.0,26719,APP
L008628,ST019,U01754,20260420020500,2026-04-20 02:35:00,61.17,21226,APP
L009556,ST029,U00126,2026-07-18 10:04:00,2026-07-18 12:36:00,20.91,6106,MEMBERSHIP
L002933,ST030,U02594,2026-07-03 15:38:00,2026-07-03 16:05:00,60.68,19418,CARD
L005187,ST039,U01454,2026-06-05 21:03:00,2026-06-05 21:49:00,21.11,7325,MEMBERSHIP
L000600,ST029,U01632,2026/01/31 23:42:00,2026-02-01 05:18:00,48.47,14153,CARD
L009969,ST030,U00715,2026-01-01 22:04:00,2026-01-01 23:01:00,151.68,48538,MEMBERSHIP
L011311,ST001,U02194,2026-07-17 10:35:00,2026-07-17 11:28:00,101.56,38593,CARD
L008537,ST012,U02188,2026-05-19 10:20:00,2026-05-19 10:47:00,14.1,4512,MEMBERSHIP
L006056,ST034,U01441,2026-02-13 08:58:00,2026-02-13 09:21:00,63.22,24024,MEMBERSHIP
L010658,ST036,U00814,2026-07-03 14:34:00,2026-07-03 21:39:00,64.83,18930,CARD
L008578,ST005,U02664,2026-03-20 05:48:00,2026-03-20 06:24:00,72.34,23149,Card
L007237,ST034,U02900,2026-04-22 08:00:00,2026-04-22 08:43:00,107.03,40671,CARD
L001031,ST008,U00918,2026-04-28 19:27:00,2026-04-28 23:11:00,19.26,4911,APP
L007335,ST002,U00721,2026/06/18 05:21:00,2026-06-18 09:56:00,41.31,12063,CARD
L005623,ST039,U00839,2026-03-27 12:54:00,2026-03-27 13:27:00,22.33,7749,card
L005404,ST009,U01000,2026-02-21 15:18:00,2026-02-21 15:45:00,18.05,6263,CARD
L004902,ST009,U01786,20260611092200,2026-06-11 10:18:00,30.14,10459,MEMBERSHIP
L005977,ST018,U02356,2026-04-24 19:45:00,2026-04-25 00:42:00,30.07,8780,APP
L000872,ST005,U01662,2026-03-04 17:01:00,2026-03-04 17:56:00,124.35,39792,MEMBERSHIP
L010894,ST013,U00423,2026-07-24 05:54:00,2026-07-24 06:47:00,117.49,37597,APP
L002742,ST023,U01427,20260306004200,2026-03-06 01:06:00,15.05,4816,MEMBERSHIP
L003210,ST037,U01452,2026-02-18 11:15:00,2026-02-18 12:04:00,89.84,31174,CARD
L005197,ST001,U02328,2026-04-15 03:02:00,2026-04-15 03:28:00,51.07,-19407,CARD
L009961,ST024,U00307,2026-04-09 10:16:00,2026-04-09 10:52:00,89.17,30942,MEMBERSHIP
L005419,ST018,U00600,2026-01-08 08:17:00,2026-01-08 07:39:00,29.72,8678,MEMBERSHIP
L003196,ST025,U01037,2026-06-15 01:29:00,2026-06-15 04:03:00,11.19,3267,APP
L003578,ST039,U01742,20260518164200,2026-05-18 17:33:00,24.04,8342,MEMBERSHIP
L009258,ST026,U02936,2026-02-10 20:17:00,2026-02-10 21:15:00,118.34,,CARD
L011388,ST013,U01715,2026-03-19 05:14:00,2026-03-19 05:49:00,98.56,31539,card
L007615,ST038,U01854,2026-02-12 23:25:00,2026-02-13 00:01:00,92.21,29507,MEMBERSHIP
L010133,ST004,U01284,2026-05-22 17:37:00,2026-05-22 18:07:00,51.99,16637,APP
L001714,ST010,U01102,2026-06-08 19:05:00,2026-06-09 02:52:00,35.25,10293,MEMBERSHIP
L008284,ST023,U01265,2026-02-02 06:24:00,2026-02-02 06:44:00,13.29,4253,APP
L003297,ST020,U01343,2026-04-26 04:33:00,2026-04-26 05:30:00,41.09,13149,MEMBERSHIP
L002706,ST027,U00842,2026-01-16 02:18:00,2026-01-16 09:12:00,35.5,10366,MEMBERSHIP
L000595,ST029,U00987,2026-07-21 09:07:00,2026-07-21 15:59:00,66.34,19371,MEMBERSHIP
L006988,ST020,U00932,2026/03/08 09:33:00,2026-03-08 10:10:00,24.86,7955,APP
L009626,ST037,U01309,2026-01-06 17:58:00,2026-01-06 18:39:00,58.01,20129,APP
L003501,ST016,U00083,2026-05-17 16:53:00,2026-05-17 22:49:00,33.94,8655,APP
L007520,ST031,U01573,2026-06-09 03:12:00,2026-06-09 04:04:00,73.77,28033,MEMBERSHIP
L010563,ST006,U00513,2026/06/27 06:19:00,2026-06-27 10:35:00,20.87,6094,CARD
L000422,ST999,U01440,2026-06-27 12:54:00,2026-06-27 16:04:00,25.66,6543,APP
L005218,ST022,U00026,2026/02/27 14:22:00,2026-02-27 15:05:00,93.08,32299,APP
L010864,ST040,U01414,2026-01-20 19:19:00,2026-01-21 01:48:00,60.37,17628,CARD
L001635,ST010,U02742,20260213080900,2026-02-13 14:27:00,26.83,7834,MEMBERSHIP
L003832,ST035,U00865,2026-03-03 22:04:00,2026-03-04 00:09:00,17.39,4434,MEMBERSHIP
L002748,ST008,U02108,2026-07-03 21:08:00,2026-07-04 03:49:00,38.02,9695,Card
L008710,ST012,U02961,2026-07-07 16:35:00,2026-07-07 17:34:00,43.46,13907,MEMBERSHIP
L010400,ST028,U02838,2026-05-21 10:02:00,2026-05-21 10:49:00,68.08,21786,CARD
L007201,ST030,U02199,2026-05-15 02:23:00,2026-05-15 03:09:00,111.1,35552,CARD
L003533,ST036,U00938,2026-01-14 08:01:00,2026-01-14 15:11:00,68.42,19979,Card
L000061,ST003,U01142,2026-01-16 05:32:00,2026-01-16 06:13:00,70.42,22534,CARD
L009150,ST023,U00159,2026-01-21 16:27:00,2026-01-21 16:55:00,15.03,4810,APP
L011805,ST033,U02550,2026/05/30 10:22:00,2026-05-30 10:55:00,53.71,17187,CARD
L001706,ST024,U00465,2026-07-07 16:32:00,2026-07-07 17:02:00,68.58,23797,CARD
L006314,ST016,U00773,2026-04-21 12:58:00,2026-04-21 15:31:00,12.74,3249,APP
L007791,ST028,U00696,2026-03-14 17:15:00,2026-03-14 18:13:00,76.09,24349,APP
L009008,ST026,U02781,2026-02-24 16:11:00,2026-02-24 16:32:00,48.85,18563,CARD
L002242,ST015,U01262,2026-04-26 09:48:00,2026-04-26 08:39:00,90.69,29021,APP
L004042,ST028,U02644,2026-06-11 12:02:00,2026-06-11 12:27:00,36.44,11661,APP
L009616,ST036,U00300,2026-05-23 02:39:00,2026-05-23 08:34:00,57.11,16676,APP
L011160,ST007,U01360,2026-03-25 05:48:00,2026-03-25 06:39:00,97.87,31318,APP
L006155,ST040,U02759,2026-07-19 04:30:00,2026-07-19 06:50:00,21.88,6389,APP
L003241,ST023,U01622,2026-03-17 16:02:00,2026-03-17 16:44:00,29.24,9357,APP
L011453,ST008,U01682,2026-03-30 20:37:00,2026-03-30 23:27:00,15.19,"3,873",APP
L002670,ST025,U00612,2026-02-03 13:23:00,2026-02-03 18:52:00,,8118,MEMBERSHIP
L011096,ST028,U00982,2026-01-03 17:04:00,2026-01-03 18:02:00,,21782,APP
L005830,ST023,U01945,2026/06/21 16:50:00,2026-06-21 17:31:00,24.05,7696,MEMBERSHIP
L009417,ST035,U00817,2026-05-24 06:42:00,2026-05-24 14:20:00,57.81,14742,CARD
L005424,ST004,U01364,2026/01/29 06:19:00,2026-01-29 07:10:00,82.83,26506,APP
L001423,ST037,U00903,2026/04/19 08:47:00,2026-04-19 09:46:00,87.3,30293,MEMBERSHIP
L003303,ST001,U00738,2026-05-06 16:59:00,2026-05-06 17:39:00,62.81,23868,MEMBERSHIP
L006949,ST004,U02643,2026-04-22 05:50:00,2026-04-22 06:36:00,82.75,26480,MEMBERSHIP
L003834,ST020,U00402,2026-07-12 16:57:00,2026-07-12 17:19:00,12.59,4029,APP
L006422,ST009,U02846,2026-05-18 09:31:00,2026-05-18 10:10:00,20.87,7242,CARD
L011309,ST009,U01357,2026-02-12 23:44:00,2026-02-13 00:29:00,20.95,7270,membership
L009039,ST001,U00822,2026-06-21 21:54:00,2026-06-21 22:31:00,68.23,25927,Card
L010682,ST031,U02780,2026/05/25 20:59:00,2026-05-25 21:22:00,43.66,16591,MEMBERSHIP
L000374,ST040,U00685,2026-07-02 10:50:00,2026-07-02 13:35:00,23.33,6812,CARD
L004639,ST019,U01460,2026-02-06 06:22:00,2026-02-06 06:56:00,100.92,35019,MEMBERSHIP
L007058,ST003,U00563,2026/01/02 02:04:00,2026-01-02 02:55:00,92.94,29741,CARD
L011020,ST034,U02509,2026/05/22 23:38:00,2026-05-23 00:04:00,71.98,27352,APP
L002302,ST026,U00063,2026-04-17 01:42:00,2026-04-17 02:14:00,81.06,30803,CARD
L001744,ST016,U01433,2026-01-14 12:29:00,2026-01-14 16:49:00,21.56,5498,CARD
L011592,ST039,U01972,2026-02-12 15:17:00,2026-02-12 15:39:00,11.75,4077,MEMBERSHIP
L003090,ST026,U00948,2026/02/27 11:43:00,2026-02-27 12:41:00,128.83,48955,MEMBERSHIP
L006912,ST020,U01483,2026/07/15 20:49:00,2026-07-15 21:36:00,27.57,8822,APP
L005629,ST015,U00658,2026-02-14 21:31:00,2026-02-14 22:00:00,60.99,19517,APP
L005082,ST011,U00485,2026/01/03 06:12:00,2026-01-03 06:38:00,40.39,12925,MEMBERSHIP
L011999,ST033,U01553,2026-06-19 11:03:00,2026-06-19 11:53:00,84.69,27101,MEMBERSHIP
L010148,ST028,U01557,2026-05-11 01:32:00,2026-05-11 02:03:00,37.38,,MEMBERSHIP
L007094,ST033,U01738,2026-03-11 08:08:00,2026-03-11 08:59:00,70.68,22618,APP
L004570,ST030,U01198,2026-04-21 21:01:00,2026-04-21 21:36:00,68.81,22019,MEMBERSHIP
L002691,ST016,U01548,2026-03-01 23:12:00,2026-03-02 07:02:00,32.82,8369,app
L009252,ST028,U02768,2026-05-31 15:55:00,2026-05-31 16:55:00,56.28,18010,CARD
L002374,ST039,U02319,2026-04-11 15:12:00,2026-04-11 15:51:00,24.41,8470,CARD
L000066,ST001,U02777,2026-07-27 22:18:00,2026-07-27 23:07:00,92.72,35234,CARD
L008485,ST028,U01566,2026-02-20 17:24:00,2026-02-20 18:11:00,46.81,14979,APP
L008834,ST006,U00844,2026-05-16 09:03:00,2026-05-16 12:43:00,20.08,5863,APP
L002860,ST023,U01900,2026-04-20 07:12:00,2026-04-20 07:34:00,12.81,4099,APP
L001955,ST015,U01827,2026-03-26 16:39:00,2026-03-26 17:07:00,48.32,15462,APP
L000152,ST018,U02450,2026-05-30 21:57:00,2026-05-31 01:57:00,15.87,4634,CARD
L002492,ST035,U00830,2026-06-24 20:05:00,2026-06-24 22:39:00,19.16,4886,MEMBERSHIP
L004500,ST010,U00376,2026-01-17 19:04:00,2026-01-18 02:30:00,30.25,8833,CARD
L002577,ST035,U01354,20260316085700,2026-03-16 11:47:00,26.06,6645,MEMBERSHIP
L003246,ST023,U00038,2026/02/04 00:35:00,2026-02-04 01:05:00,15.04,4813,CARD
L008095,ST023,U02870,2026/07/17 08:52:00,2026-07-17 09:32:00,22.47,,card
L009682,ST033,U02155,2026-06-21 17:23:00,2026-06-21 18:06:00,78.58,25146,CARD
L008852,ST006,U01456,2026-07-25 23:01:00,2026-07-26 03:14:00,-,4885,APP
L010333,ST037,U02066,2026-01-31 18:54:00,2026-01-31 19:18:00,42.2,14643,MEMBERSHIP
L005384,ST032,U00494,2026-06-19 12:44:00,2026-06-19 13:19:00,44.15,16777,CARD
L010448,ST023,U00718,2026-04-30 03:35:00,2026-04-30 04:28:00,34.79,11133,APP
L009423,ST034,U01327,2026-07-16 10:59:00,2026-07-16 11:19:00,43.99,16716,APP
L001641,ST024,U00296,2026-04-04 14:47:00,2026-04-04 15:14:00,79.45,27569,MEMBERSHIP
L009402,ST010,U02132,2026-06-10 11:18:00,2026-06-10 16:23:00,-,8045,APP
L009895,ST009,U00599,2026/01/26 09:44:00,2026-01-26 10:05:00,10.61,,CARD
L002807,ST005,U00496,2026-06-03 07:54:00,2026-06-03 08:22:00,81.96,26227,MEMBERSHIP
L008090,ST001,U00041,2026-04-09 08:13:00,2026-04-09 09:00:00,103.98,39512,CARD
L004491,ST033,U01994,2026-06-08 22:15:00,2026-06-08 22:41:00,41.02,13126,MEMBERSHIP
L010849,ST031,U00564,2026-04-29 15:29:00,2026-04-29 16:13:00,73.36,27877,CARD
L006386,ST010,U02590,2026-03-29 03:47:00,2026-03-29 09:09:00,26.1,7621,APP
L002133,ST029,U01861,2026/04/19 08:53:00,2026-04-19 16:49:00,48.13,,CARD
L007706,ST038,U01704,2026-03-13 23:18:00,2026-03-14 00:17:00,120.0,38400,APP
L009367,ST032,U00941,2026-01-16 12:09:00,2026-01-16 12:44:00,38.29,14550,APP
L005915,ST008,U01391,2026-04-28 23:01:00,2026-04-29 01:15:00,,2810,APP
L005470,ST024,U00425,20260717222800,2026-07-17 23:07:00,100.61,34912,MEMBERSHIP
L011389,ST023,U01015,2026-01-10 12:01:00,2026-01-10 12:34:00,20.66,6611,CARD
L004571,ST023,U01409,2026-04-07 00:54:00,2026-04-07 01:21:00,14.43,4618,MEMBERSHIP
L007448,ST014,U00208,2026/06/08 20:37:00,2026-06-08 21:00:00,12.08,4590,card
L007123,ST002,U02681,2026-01-08 10:30:00,2026-01-08 17:40:00,65.83,19222,APP
L009466,ST037,U02660,2026-06-07 13:59:00,2026-06-07 14:46:00,69.46,24103,CARD
L000258,ST010,U00676,2026-07-10 02:44:00,2026-07-10 07:19:00,17.76,5186,APP
L010757,ST033,U02966,2026/04/17 23:14:00,2026-04-18 00:10:00,82.17,26294,CARD
L009666,ST010,U01950,2026-03-13 03:54:00,2026-03-13 11:30:00,34.2,9986,membership
L009075,ST012,U00846,2026-06-18 10:25:00,2026-06-18 10:52:00,14.65,4688,APP
L003319,ST040,U01575,2026-03-18 06:13:00,2026-03-18 11:03:00,30.03,8769,CARD
L001640,ST033,U00835,2026-05-30 13:38:00,2026-05-30 14:02:00,39.54,12653,APP
L011417,ST007,U02810,2026/05/05 16:53:00,2026-05-05 17:18:00,49.89,15965,app
L006543,ST013,U00828,20260422060100,2026-04-22 06:51:00,102.78,32890,MEMBERSHIP
L005764,ST028,U01643,2026-07-10 00:00:00,2026-07-10 00:51:00,67.59,21629,APP
L010825,ST033,U00297,2026-03-02 17:42:00,2026-03-02 18:28:00,88.55,28336,APP
L006576,ST040,U01292,2026-04-19 22:09:00,2026-04-20 03:03:00,42.95,12541,APP
L007521,ST029,U00118,2026-06-17 09:46:00,2026-06-17 14:34:00,45.48,13280,MEMBERSHIP
L000226,ST037,U00112,2026/03/17 18:43:00,2026-03-17 19:35:00,114.19,39624,APP
L004303,ST026,U02836,2026-05-17 14:01:00,2026-05-17 14:33:00,87.84,33379,APP
L009735,ST008,U01163,2026-01-28 14:54:00,2026-01-28 19:03:00,21.49,5480,CARD
L007598,ST008,U00010,2026-03-11 22:40:00,2026-03-12 04:39:00,29.07,7413,MEMBERSHIP
L010975,ST007,U00412,2026-02-11 21:26:00,2026-02-11 22:15:00,75.25,24080,MEMBERSHIP
L004335,ST004,U00329,2026/03/29 20:09:00,2026-03-29 20:43:00,63.27,20246,MEMBERSHIP
L000937,ST031,U02287,2026-06-08 02:55:00,2026-06-08 03:46:00,112.53,42761,MEMBERSHIP
L008430,ST027,U01515,2026-04-23 18:38:00,2026-04-23 21:56:00,19.73,5761,MEMBERSHIP
L011666,ST018,U00766,2026-02-18 21:58:00,2026-02-19 05:27:00,4466.0,13041,MEMBERSHIP
L001279,ST015,U02866,2026-01-16 06:28:00,2026-01-16 07:16:00,97.4,31168,MEMBERSHIP
L003120,ST025,U00928,2026-03-23 23:17:00,2026-03-24 06:07:00,37.11,10836, APP 
L000058,ST023,U00455,2026-06-27 06:07:00,2026-06-27 06:30:00,13.68,4378,MEMBERSHIP
L003281,ST037,U02175,2026-05-13 09:29:00,2026-05-13 10:17:00,82.26,28544,APP
L007326,ST025,U01363,2026/06/22 03:35:00,2026-06-22 08:56:00,28.5,8322,CARD
L000231,ST007,U02304,2026-04-18 07:01:00,2026-04-18 07:23:00,38.76,12403,CARD
L006449,ST008,U01503,2026-02-28 04:42:00,2026-02-28 08:25:00,19.63,5006,APP
L009655,ST011,U00041,2026-04-23 08:26:00,2026-04-23 09:21:00,91.52,29286,app
L009357,ST036,U02379,2026-03-17 04:15:00,2026-03-17 11:51:00,70.38,20551,CARD
L005684,ST900,U01012,2026/01/18 22:40:00,2026-01-18 23:30:00,83.37,26678,APP
L009291,ST012,U02674,2026-04-23 20:04:00,2026-04-23 20:24:00,1491.0,4771,APP
L001028,ST031,U00055,2026-06-01 15:28:00,2026-06-01 16:25:00,107.45,40831,CARD
L008620,ST011,U02319,2026-03-28 22:33:00,2026-03-28 23:18:00,84.22,26950,APP
L008416,ST023,U01952,2026-06-18 21:55:00,2026-06-18 22:28:00,17.24,-5517,APP
L009760,ST011,U01355,2026-02-09 11:44:00,2026-02-09 12:14:00,45.28,14490,CARD
L007018,ST010,U01886,2026-04-30 14:16:00,2026-04-30 17:46:00,13.56,3960,APP
L003847,ST030,U02654,2026-02-12 09:12:00,2026-02-12 10:11:00,-,-54368,CARD
L002543,ST009,U00630,2026-03-27 15:31:00,2026-03-27 15:55:00,13.27,4605,CARD
L003992,ST022,U00653,2026-05-02 04:29:00,2026-05-02 05:17:00,69.33,24058,CARD
L000109,ST014,U00494,2026-06-01 10:50:00,2026-06-01 11:50:00,37.63,14299, APP 
L003269,ST029,U01238,2026/05/21 13:39:00,2026-05-21 19:12:00,37.5,10950,membership
L002499,ST003,U02627,2026-05-11 20:24:00,2026-05-11 21:08:00,87.92,28134,MEMBERSHIP
L010329,ST033,U00420,2026-01-23 22:56:00,2026-01-23 23:49:00,89.5,28640,CARD
L000665,ST029,U01229,2026-01-28 16:19:00,2026-01-28 23:45:00,61.68,18011,APP
L009537,ST036,U02008,2026-03-05 15:42:00,2026-03-05 20:11:00,30.69,8961,CARD
L006494,ST029,U02796,2026-01-15 14:35:00,2026-01-15 17:34:00,21.99,6421,MEMBERSHIP
L000270,ST003,U00237,2026/05/26 11:32:00,2026-05-26 12:30:00,100.49,32157,APP
L001088,ST010,U01945,2026-07-09 23:34:00,2026-07-10 01:50:00,13.09,3822,CARD
L001154,ST036,U00482,2026-03-12 23:04:00,2026-03-13 06:22:00,49.62,14489,APP
L000248,ST017,U01692,2026-02-13 04:59:00,2026-02-13 11:22:00,24.76,7230,CARD
L011479,ST006,U01682,2026-05-27 04:46:00,2026-05-27 11:52:00,33.19,9691,APP
L007149,ST021,U02002,2026-02-19 06:27:00,2026-02-19 09:28:00,17.4,5081,CARD
L005209,ST012,U02492,2026-02-27 23:22:00,2026-02-27 23:44:00,16.19,5181,CARD
L003963,ST025,U00373,2026-02-04 15:46:00,2026-02-04 22:26:00,27.4,8001,MEMBERSHIP
L003805,ST008,U02893,2026/04/09 06:31:00,2026-04-09 14:24:00,33.65,8581,APP
L010033,ST033,U00032,2026/06/09 20:09:00,2026-06-09 20:52:00,74.68,23898,MEMBERSHIP
L000393,ST009,U00250,2026/01/13 01:30:00,2026-01-13 02:20:00,36.35,,APP
L000782,ST039,U02425,2026/05/15 14:05:00,2026-05-15 15:01:00,30.72,10660,MEMBERSHIP
L007194,ST014,U01682,2026-03-03 00:47:00,2026-03-03 01:07:00,12.06,4583,CARD
L006946,ST037,U02866,2026-03-15 20:39:00,2026-03-15 21:29:00,104.61,36300,MEMBERSHIP
L005194,ST004,U00323,2026-07-11 09:37:00,2026-07-11 10:30:00,103.07,32982,CARD
L011759,ST022,U00207,2026-07-17 20:00:00,2026-07-17 20:49:00,98.58,34207,CARD
L001451,ST003,U02226,2026/06/20 05:43:00,2026-06-20 06:09:00,49.3,15776,CARD
L006523,ST040,U00920,2026-01-11 12:39:00,2026-01-11 17:38:00,38.65,11286,CARD
L001276,ST006,U01047,2026-02-24 11:51:00,2026-02-24 15:08:00,13.84,4041,APP
L004807,ST027,U01944,2026-04-20 06:30:00,2026-04-20 10:35:00,16.38,4783,APP
L001679,ST038,U01625,2026-04-25 20:24:00,2026-04-25 21:13:00,134.9,,APP
L000531,ST035,U02974,2026-07-06 23:03:00,2026-07-07 05:44:00,53.3,13592,MEMBERSHIP
L000043,ST019,U02721,20260223151200,2026-02-23 16:07:00,162.05,56231,APP
L002805,ST023,U00928,2026-02-03 03:24:00,2026-02-03 04:19:00,25.21,8067,CARD
L004403,ST038,U00603,2026-06-21 18:57:00,2026-06-21 19:19:00,64.27,20566,Card
L010991,ST016,U02687,2026-04-08 06:50:00,2026-04-08 12:19:00,26.77,6826,CARD
L006216,ST008,U00922,2026-01-25 23:35:00,2026-01-26 06:58:00,42.67,10881,CARD
L003018,ST035,U02100,20260714165700,2026-07-15 00:29:00,68.14,17376,membership
L008699,ST009,U01032,2026-04-26 21:55:00,2026-04-26 22:53:00,35.51,12322,CARD
L002469,ST001,U00763,20260605123800,2026-06-05 13:02:00,33.67,12795,APP
L005976,ST013,U02399,2026-06-12 04:42:00,2026-06-12 02:50:00,-,33034,CARD
L003873,ST038,U00622,2026-06-29 20:07:00,2026-06-29 20:27:00,53.15,17008,CARD
L007625,ST001,U00797,2026-04-17 18:55:00,2026-04-17 19:27:00,46.91,,MEMBERSHIP
L005149,ST004,U02450,2026-04-11 22:21:00,2026-04-11 23:11:00,92.82,29702,MEMBERSHIP
L011504,ST037,U00925,2026-04-06 06:48:00,2026-04-06 07:12:00,35.63,12364,Card
L006417,ST038,U02203,2026-05-09 16:10:00,2026-05-09 16:31:00,38.91,12451,MEMBERSHIP
L011834,ST028,U00959,2026-06-09 13:52:00,2026-06-09 14:26:00,42.8,13696,MEMBERSHIP
L008575,ST019,U00351,2026/07/13 01:02:00,2026-07-13 02:00:00,143.21,,APP
L001437,ST016,U02295,20260512025000,2026-05-12 09:56:00,33.06,8430, APP 
L008343,ST017,U00208,2026-01-11 05:53:00,2026-01-11 12:13:00,32.33,9440, APP 
L010648,ST028,U02581,20260222003500,2026-02-22 01:03:00,30.6,9792,CARD
L011664,ST003,U00782,2026-06-02 19:04:00,2026-06-02 19:54:00,101.03,32330,MEMBERSHIP
L010808,ST034,U01934,2026-02-05 15:29:00,2026-02-05 16:03:00,96.14,36533,MEMBERSHIP
L005456,ST007,U02955,2026/01/08 13:05:00,2026-01-08 13:54:00,83.41,26691,MEMBERSHIP
L003706,ST037,U00877,2026-01-16 21:50:00,2026-01-16 22:11:00,42.91,14890,MEMBERSHIP
L009553,ST017,U00029,2026-05-04 21:53:00,2026-05-05 00:54:00,14.65,4278,membership
L004917,ST014,U00312,20260412054000,2026-04-12 06:37:00,31.55,11989,MEMBERSHIP
L000111,ST022,U02994,2026-03-26 12:09:00,2026-03-26 13:07:00,129.65,44989,MEMBERSHIP
L011314,ST034,U01239,2026-02-03 05:30:00,2026-02-03 06:08:00,75.44,28667,MEMBERSHIP
L005709,ST038,U01816,2026-06-05 03:14:00,2026-06-05 03:48:00,72.57,23222,MEMBERSHIP
L007608,ST015,U02334,2026-07-11 21:05:00,2026-07-11 22:05:00,133.45,42704,MEMBERSHIP
L001625,ST026,U01296,2026-05-24 16:18:00,2026-05-24 16:54:00,79.13,30069,APP
L002219,ST020,U00992,2026-03-13 22:22:00,2026-03-13 23:10:00,24.12,7718,CARD
L009161,ST006,U01687,2026-03-11 23:04:00,2026-03-12 04:05:00,23.35,6818,APP
L003495,ST004,U00203,2026-07-09 15:20:00,2026-07-09 16:07:00,78.42,25094,APP
L010884,ST008,U02429,2026-04-24 21:22:00,2026-04-25 04:34:00,37.25,9499,MEMBERSHIP
L011307,ST034,U01601,20260415210600,2026-04-15 22:05:00,157.01,59664,CARD
L001378,ST007,U00441,2026-01-29 04:00:00,2026-01-29 04:38:00,64.87,20758,CARD
L001626,ST001,U00223,2026-04-21 06:39:00,2026-04-21 07:25:00,83.79,31840,APP
L011792,ST010,U00563,2026-01-21 17:13:00,2026-01-21 23:47:00,40.46,11814,CARD
L000954,ST023,U01219,2026-01-30 19:49:00,2026-01-30 20:47:00,39.62,12678,MEMBERSHIP
L006827,ST022,U00438,2026-03-15 17:46:00,2026-03-15 18:06:00,35.8,12423,card
L002249,ST020,U02451,2026-04-28 05:05:00,2026-04-28 06:03:00,27.46,8787,CARD
L009986,ST036,U02723,2026-03-01 22:27:00,2026-03-02 02:28:00,28.45,,CARD
L003632,ST037,U02187,2026-05-21 17:00:00,2026-05-21 17:25:00,52.09,18075,APP
L002629,ST004,U01564,2026-07-21 21:13:00,2026-07-21 21:43:00,59.71,19107,MEMBERSHIP
L000735,ST037,U00173,2026-03-21 05:58:00,2026-03-21 06:48:00,102.2,35463,MEMBERSHIP
L003288,ST011,U02762,20260130165200,2026-01-30 17:41:00,109.39,35005,MEMBERSHIP
L010839,ST034,U00633,2026-05-10 20:56:00,2026-05-10 21:38:00,122.22,46444,APP
L007049,ST023,U01392,2026-01-15 20:16:00,2026-01-15 21:08:00,35.06,11219,APP
L006544,ST017,U01499,2026-07-12 09:46:00,2026-07-12 15:22:00,32.36,9449,APP
L003000,ST033,U02253,2026-06-11 11:59:00,2026-06-11 12:20:00,30.91,9891,CARD
L008302,ST026,U02523,2026-01-05 15:48:00,2026-01-05 16:16:00,72.08,,CARD
L005105,ST015,U02521,2026-06-11 08:17:00,2026-06-11 08:58:00,80.16,25651,APP
L003537,ST019,U00730,2026-01-01 23:37:00,2026-01-02 00:12:00,100.38,34832,MEMBERSHIP
L008768,ST001,U00629,2026-01-11 05:29:00,2026-01-11 06:07:00,85.46,32475,MEMBERSHIP
L005189,ST013,U01397,2026/01/23 01:59:00,2026-01-23 02:54:00,131.78,42170,CARD
L003972,ST003,U02640,2026-04-18 04:11:00,2026-04-18 04:52:00,89.5,28640,CARD
L005300,ST008,U00472,2026-02-28 08:17:00,2026-02-28 10:46:00,14.76,3764,APP
L007610,ST033,U01231,2026-03-26 04:33:00,2026-03-26 04:59:00,46.55,14896,APP
L004504,ST005,U00677,2026-01-16 21:48:00,2026-01-16 22:31:00,122.63,39242,APP
L006354,ST022,U01383,2026-01-22 16:08:00,2026-01-22 17:03:00,77.18,26781,CARD
L001103,ST001,U01859,2026-01-10 17:32:00,2026-01-10 18:21:00,89.42,33980,CARD
L001509,ST027,U00754,2026-01-15 15:19:00,2026-01-15 17:33:00,13.91,4062, APP 
L002698,ST020,U01692,2026-06-19 10:44:00,2026-06-19 11:39:00,36.76,11763,APP
L005433,ST001,U02288,2026-01-06 14:16:00,2026-01-06 14:53:00,58.03,22051,APP
L008399,ST011,U02625,2026-03-16 03:59:00,2026-03-16 04:29:00,56.67,18134,MEMBERSHIP
L007555,ST018,U02349,2026-07-19 19:08:00,2026-07-19 23:52:00,25.6,7475,CARD
L002414,ST019,U02003,20260703045300,2026-07-03 05:40:00,104.12,36130,APP
L008669,ST015,U00496,2026-05-14 09:48:00,2026-05-14 10:39:00,73.19,23421,APP
L006466,ST021,U01755,2026-01-07 12:31:00,2026-01-07 16:52:00,22.67,6620,APP
L002796,ST023,U00581,2026/01/17 14:41:00,2026-01-17 15:13:00,18.69,5981, APP 
L003755,ST015,U00141,2026/05/28 23:43:00,2026-05-29 00:36:00,90.92,29094,APP
L003483,ST032,U01174,2026/07/06 03:12:00,2026-07-06 03:42:00,33.9,12882,CARD
L004990,ST017,U01048,2026-01-30 14:18:00,2026-01-30 22:14:00,44.93,13120,CARD
L007091,ST040,U01458,2026/01/11 11:59:00,2026-01-11 14:08:00,16.36,4777,MEMBERSHIP
L010600,ST025,U01332,2026-02-26 06:07:00,2026-02-26 09:55:00,19.74,5764,APP
L010954,ST007,U00943,2026-02-22 10:44:00,2026-02-22 11:21:00,62.93,20138,APP
L008561,ST007,U01572,20260718085800,2026-07-18 09:39:00,60.99,19517,CARD
L004338,ST023,U01158,2026-03-01 03:52:00,2026-03-01 04:34:00,28.89,9245,CARD
L010751,ST006,U02720,2026-03-25 13:00:00,2026-03-25 19:45:00,41.93,12244,MEMBERSHIP
L004499,ST021,U00215,2026/03/28 01:15:00,2026-03-28 04:18:00,13.02,3802,MEMBERSHIP
L005165,ST026,U02813,20260416074800,2026-04-16 08:38:00,122.46,46535,APP
L006439,ST030,U02137,2026/04/11 04:40:00,2026-04-11 05:03:00,67.26,21523,CARD
L001939,ST031,U02868,2026-02-14 06:37:00,2026-02-14 07:14:00,72.76,27649,MEMBERSHIP
L006969,ST009,U02590,2026-01-05 10:39:00,2026-01-05 11:37:00,29.7,10306,MEMBERSHIP
L001877,ST004,U00639,2026-02-01 09:11:00,2026-02-01 09:52:00,82.87,26518,MEMBERSHIP
L001308,ST004,U00893,2026-05-07 22:28:00,2026-05-07 22:58:00,61.78,19770,APP
L010564,ST032,U01551,2026-04-10 20:46:00,2026-04-10 21:17:00,34.2,12996,MEMBERSHIP
L006635,ST022,U01547,2026/03/28 11:13:00,2026-03-28 11:35:00,38.91,13502,CARD
L008477,ST032,U00326,2026-07-20 02:59:00,2026-07-20 03:37:00,52.44,19927,MEMBERSHIP
L006205,ST039,U02350,2026-01-22 12:02:00,2026-01-22 11:00:00,20.98,7280,MEMBERSHIP
L003055,ST020,U02046,2026-04-12 09:22:00,2026-04-12 10:02:00,29.07,9302,APP
L010189,ST009,U02258,2026-01-17 16:52:00,2026-01-17 17:39:00,28.38,9848,CARD
L001521,ST012,U01131,2026-05-21 19:27:00,2026-05-21 20:07:00,22.07,7062,APP
L002865,ST003,U01924,2026-01-16 23:42:00,2026-01-17 00:42:00,113.95,36464,APP
L003264,ST031,U02362,2026-02-07 19:25:00,2026-02-07 20:11:00,68.33,25965,CARD
L001159,ST009,U00141,2026-03-03 20:50:00,2026-03-03 21:32:00,21.29,7388,CARD
L009065,ST030,U00035,2026/03/23 03:59:00,2026-03-23 04:37:00,97.38,31162,MEMBERSHIP
L005522,ST002,U00653,2026-06-27 15:23:00,2026-06-27 20:54:00,44.77,13073,MEMBERSHIP
L006161,ST029,U00363,2026/01/03 17:20:00,2026-01-03 22:06:00,33.89,9896,MEMBERSHIP
L010890,ST039,U02254,2026-01-20 21:13:00,2026-01-20 22:05:00,34.24,11881,card
L008265,ST030,U00070,2026/01/06 01:14:00,2026-01-06 02:14:00,117.53,37610,CARD
L005590,ST019,U01836,2026/06/30 01:37:00,2026-06-30 02:25:00,127.75,44329,MEMBERSHIP
L004691,ST023,U01067,2026-03-02 09:52:00,2026-03-02 10:22:00,15.28,4890,MEMBERSHIP
L001852,ST032,U01570,2026-04-22 01:43:00,2026-04-22 02:07:00,N/A,10290,CARD
L004910,ST005,U01644,20260126101400,2026-01-26 10:54:00,86.96,27827,CARD
L004375,ST008,U01507,2026-06-06 23:20:00,2026-06-07 02:43:00,14.72,3754,CARD
L005747,ST016,U00408,2026-01-27 06:17:00,2026-01-27 10:58:00,19.02,4850,CARD
L007050,ST012,U01643,20260502174200,2026-05-02 18:41:00,35.64,11405,CARD
L010763,ST005,U02684,2026-01-17 09:56:00,2026-01-17 10:55:00,115.64,37005,CARD
L006412,ST025,U00446,2026-05-04 16:31:00,2026-05-04 23:03:00,26.98,7878,APP
L009587,ST017,U00386,2026-05-18 09:31:00,2026-05-18 15:09:00,28.3,8264,APP
L011740,ST006,U02214,2026-07-23 10:00:00,2026-07-23 15:53:00,25.39,7414,MEMBERSHIP
L010677,ST014,U01631,20260322174500,2026-03-22 18:29:00,24.53,9321,MEMBERSHIP
L005877,ST004,U01538,2026-04-16 00:52:00,2026-04-16 01:15:00,47.82,15302,APP
L000842,ST031,U01309,2026-05-19 23:41:00,2026-05-20 00:18:00,69.4,26372,CARD
L008073,ST018,U01255,20260104160300,2026-01-04 19:57:00,24.32,7101,CARD
L008513,ST035,U00019,2026-04-26 08:19:00,2026-04-26 15:13:00,64.17,16363,APP
L004228,ST002,U00887,2026-03-23 08:53:00,2026-03-23 12:21:00,31.49,"9,195",APP
L005748,ST008,U01610,2026-03-30 23:50:00,2026-03-31 04:35:00,21.8,5559,MEMBERSHIP
L001816,ST032,U00709,20260113194500,2026-01-13 20:35:00,74.95,28481,card
L006050,ST040,U02557,2026/05/06 19:21:00,2026-05-07 02:28:00,47.97,14007, APP 
L006846,ST017,U01661,2026-05-07 06:27:00,2026-05-07 09:47:00,13.15,,CARD
L001048,ST036,U02837,2026-02-21 14:21:00,2026-02-21 17:34:00,21.07,6152,APP
L001169,ST018,U00268,2026-07-29 21:34:00,2026-07-30 05:23:00,33.44,9764,APP
L007988,ST020,U02557,2026-02-08 03:57:00,2026-02-08 03:41:00,16.47,5270,MEMBERSHIP
L003432,ST020,U02926,2026-02-14 06:44:00,2026-02-14 07:36:00,35.09,11229,CARD
L004728,ST031,U02327,2026-03-08 02:27:00,2026-03-08 03:05:00,69.13,26269,MEMBERSHIP
L000719,ST006,U00730,2026/02/07 15:18:00,2026-02-07 20:39:00,24.0,7008,CARD
L004630,ST025,U01767,2026-06-11 09:44:00,2026-06-11 14:32:00,24.22,7072,APP
L007514,ST033,U00573,2026/03/22 20:59:00,2026-03-22 21:29:00,51.67,16534,MEMBERSHIP
L009684,ST026,U01333,2026-04-23 12:56:00,2026-04-23 13:41:00,119.49,45406,APP
L008154,ST034,U01291,2026-03-27 05:50:00,2026-03-27 06:31:00,80.73,30677,CARD
L011273,ST026,U02731,2026-06-03 08:20:00,2026-06-03 09:04:00,117.69,44722,CARD
L006697,ST024,U01951,2026-02-21 18:25:00,2026-02-21 19:01:00,83.43,28950,CARD
L003750,ST019,U00273,2026-02-02 08:32:00,2026-02-02 09:02:00,59.29,20574,CARD
L004995,ST023,U01222,2026-01-19 11:33:00,2026-01-19 12:02:00,18.86,6035,MEMBERSHIP
L004193,ST019,U01872,2026-06-09 03:47:00,2026-06-09 04:36:00,122.53,42518,CARD
L007076,ST030,U02185,2026/07/08 07:00:00,2026-07-08 07:54:00,106.71,34147,MEMBERSHIP
L000265,ST029,U02783,2026-02-11 14:05:00,2026-02-11 19:28:00,33.58,9805,APP
L010974,ST011,U01553,2026-02-11 07:35:00,2026-02-11 07:58:00,42.81,13699,MEMBERSHIP
L006399,ST017,U02003,2026-02-09 21:54:00,2026-02-10 05:25:00,37.24,10874,CARD
L010950,ST035,U01939,2026-02-03 05:07:00,2026-02-03 07:15:00,13.62,3473,CARD
L004346,ST016,U02012,20260115121300,2026-01-15 18:19:00,24.56,6263,MEMBERSHIP
L006110,ST006,U01040,2026-01-19 02:53:00,2026-01-19 05:43:00,,5081,MEMBERSHIP
L007635,ST019,U00256,20260604214700,2026-06-04 22:39:00,136.88,47497,MEMBERSHIP
L011915,ST004,U01545,2026/03/28 20:35:00,2026-03-28 21:11:00,78.46,25107,CARD
L009080,ST020,U02523,2026-02-14 05:22:00,2026-02-14 05:42:00,9.48,3034,MEMBERSHIP
L009143,ST001,U01821,2026-06-08 12:21:00,2026-06-08 12:45:00,50.46,19175,CARD
L007287,ST035,U02519,2026-03-29 19:25:00,2026-03-29 22:13:00,23.32,5947,MEMBERSHIP
L010611,ST015,U02145,2026-05-02 15:51:00,2026-05-02 16:47:00,86.74,27757,APP
L004808,ST031,U00792,2026/06/25 20:08:00,2026-06-25 20:52:00,80.42,30560,CARD
L006847,ST011,U00737,2026-02-10 04:59:00,2026-02-10 05:29:00,57.09,18269,CARD
L006242,ST016,U00479,2026-04-23 10:27:00,2026-04-23 16:58:00,29.94,7635,APP
L010489,ST001,U02146,2026-03-08 09:03:00,2026-03-08 09:54:00,89.46,33995,APP
L011857,ST038,U00722,20260618195200,2026-06-18 20:29:00,83.87,26838,MEMBERSHIP
L002568,ST036,U02210,2026-03-23 04:42:00,2026-03-23 11:23:00,61.22,17876,MEMBERSHIP
L004436,ST019,U02618,2026-03-11 20:02:00,2026-03-11 20:27:00,57.26,19869,MEMBERSHIP
L000713,ST034,U02407,2026-04-05 13:56:00,2026-04-05 13:36:00,138.97,52809,MEMBERSHIP
L008496,ST038,U01248,2026-05-01 09:02:00,2026-05-01 09:24:00,44.45,14224,CARD
L000506,ST037,U02821,2026/07/09 08:04:00,2026-07-09 08:45:00,79.79,27687,CARD
L001492,ST030,U00616,2026-07-17 23:39:00,2026-07-18 00:10:00,92.55,29616,CARD
L003782,ST040,U01193,2026-05-07 21:21:00,2026-05-08 02:43:00,33.84,,APP
L006471,ST036,U01785,2026/04/01 18:39:00,2026-04-01 21:06:00,23.01,6719,CARD
L000457,ST020,U00415,2026-02-16 06:14:00,2026-02-16 06:37:00,15.36,4915,CARD
L010568,ST033,U01143,2026-03-02 15:42:00,2026-03-02 16:17:00,66.36,,CARD
L009580,ST027,U02058,2026-03-14 04:12:00,2026-03-14 12:00:00,32.93,9616,CARD
L005589,ST029,U00543,2026-03-14 00:08:00,2026-03-14 06:52:00,41.03,11981,CARD
L011776,ST014,U00511,2026-03-21 09:05:00,2026-03-21 09:59:00,N/A,"13,114",APP
L009455,ST020,U00780,2026-04-16 09:32:00,2026-04-16 09:54:00,11.77,3766,APP
L002216,ST038,U01903,2026-02-28 02:32:00,2026-02-28 03:06:00,72.53,23210,MEMBERSHIP
L010081,ST032,U01454,2026-06-01 04:17:00,2026-06-01 04:40:00,25.02,9508,CARD
L001446,ST019,U00095,2026-04-18 19:38:00,2026-04-18 20:25:00,139.13,48278,CARD
L009641,ST016,U02182,2026-01-12 16:30:00,2026-01-12 22:21:00,31.57,,CARD
L008861,ST019,U00302,20260311143200,2026-03-11 15:20:00,130.82,45395,MEMBERSHIP
L007523,ST013,U00832,20260103223000,2026-01-03 23:03:00,95.33,"30,506",MEMBERSHIP
L005374,ST032,U00239,2026/02/15 05:05:00,2026-02-15 05:25:00,21.7,8246,APP
L008102,ST033,U00096,2026-03-17 03:23:00,2026-03-17 04:15:00,80.52,25766,app
L008395,ST012,U00667,20260417084300,2026-04-17 09:15:00,18.46,5907,MEMBERSHIP
L009734,ST018,U02380,2026-07-12 10:35:00,2026-07-12 13:12:00,11.18,3265,MEMBERSHIP
L008945,ST024,U01543,2026/03/14 23:48:00,2026-03-15 00:31:00,91.53,31761,APP
L000215,ST023,U00628,20260705203400,2026-07-05 21:00:00,15.89,5085,APP
L005393,ST035,U02570,2026-01-03 06:59:00,2026-01-03 13:49:00,42.24,10771,CARD
L002196,ST028,U02687,2026-05-06 17:49:00,2026-05-06 18:20:00,30.19,9661,CARD
L011391,ST006,U02523,2026-05-02 17:17:00,2026-05-02 21:36:00,22.85,6672,MEMBERSHIP
L011084,ST023,U00609,2026-02-03 06:49:00,2026-02-03 07:21:00,16.14,5165,CARD
L005798,ST040,U00894,2026-04-28 06:34:00,2026-04-28 13:54:00,69.93,20420,MEMBERSHIP
L011894,ST037,U01379,2026-03-05 11:01:00,2026-03-05 11:27:00,39.43,13682,APP
L011591,ST001,U02463,2026-05-04 14:02:00,2026-05-04 14:55:00,107.0,40660,APP
L004441,ST010,U00320,2026-04-29 04:15:00,2026-04-29 12:01:00,34.51,10077,MEMBERSHIP
L000677,ST035,U02750,2026-04-04 12:52:00,2026-04-04 16:37:00,33.8,8619,APP
L010321,ST011,U01629,2026/03/30 21:13:00,2026-03-30 21:45:00,53.4,,MEMBERSHIP
L003845,ST004,U01440,2026-01-02 09:13:00,2026-01-02 10:09:00,77.43,24778,APP
L011541,ST029,U02333,20260708211100,2026-07-08 23:12:00,19.64,5735,MEMBERSHIP
L004485,ST001,U01341,2026-01-03 10:10:00,2026-01-03 10:53:00,85.66,32551,APP
L004448,ST018,U02582,2026/03/19 16:54:00,2026-03-19 19:37:00,12.51,3653,APP
L011838,ST038,U02739,2026/05/12 08:51:00,2026-05-12 09:20:00,74.05,23696,MEMBERSHIP
L000048,ST015,U00629,2026-06-22 10:35:00,2026-06-22 11:27:00,106.87,34198,APP
L004121,ST039,U00646,2026-04-10 11:44:00,2026-04-10 12:25:00,21.27,7381,APP
L002238,ST025,U00825,2026-04-14 07:47:00,2026-04-14 10:26:00,13.31,3887,APP
L002290,ST012,U01398,2026-02-03 05:33:00,2026-02-03 06:32:00,28.39,9085,MEMBERSHIP
L002785,ST017,U02190,2026-05-27 01:27:00,2026-05-27 05:52:00,19.38,5659,MEMBERSHIP
L006418,ST039,U01078,2026-07-13 06:38:00,2026-07-13 07:11:00,22.79,7908,APP
L010228,ST005,U01767,2026-03-03 17:16:00,2026-03-03 17:52:00,107.19,34301,MEMBERSHIP
L006550,ST012,U01843,2026-01-11 11:17:00,2026-01-11 12:16:00,33.69,10781,MEMBERSHIP
L004144,ST008,U01408,2026-01-16 05:51:00,2026-01-16 08:50:00,12.54,3198,MEMBERSHIP
L003470,ST013,U00657,2026-02-10 17:01:00,2026-02-10 17:57:00,151.75,48560,MEMBERSHIP
L005315,ST012,U02913,2026/07/20 20:36:00,2026-07-20 21:18:00,30.45,9744,APP
L005576,ST005,U00725,2026-04-18 10:40:00,2026-04-18 11:23:00,87.7,28064,CARD
L007440,ST024,U00043,2026-07-06 18:50:00,2026-07-06 19:43:00,109.75,38083,MEMBERSHIP
L003633,ST005,U01390,2026-02-22 16:43:00,2026-02-22 17:27:00,90.38,28922,CARD
L008905,ST028,U02667,2026-01-06 23:06:00,2026-01-06 23:44:00,55.9,17888,MEMBERSHIP
L009339,ST025,U02339,2026-04-08 01:22:00,2026-04-08 07:17:00,27.75,8103,MEMBERSHIP
L002728,ST028,U02801,2026-06-28 22:36:00,2026-06-28 23:01:00,32.87,10518,MEMBERSHIP
L003183,ST020,U01500,2026-03-24 03:34:00,2026-03-24 04:14:00,28.29,9053,MEMBERSHIP
L004999,ST025,U00809,2026-06-28 05:26:00,2026-06-28 11:38:00,28.26,8252,CARD
L000038,ST038,U00673,2026-01-24 23:39:00,2026-01-25 00:09:00,80.33,25706,app
L000388,ST018,U01283,2026-02-13 11:49:00,2026-02-13 18:45:00,38.02,11102,CARD
L010901,ST025,U00298,2026/02/21 12:52:00,2026-02-21 19:15:00,28.62,8357,card
L002002,ST001,U02137,2026-02-27 11:01:00,2026-02-27 12:01:00,90.54,34405,CARD
L000526,ST036,U01964,2026-04-18 20:04:00,2026-04-19 00:21:00,38.73,11309,MEMBERSHIP
L008135,ST038,U01654,2026-01-21 04:51:00,2026-01-21 05:16:00,59.72,,MEMBERSHIP
L008558,ST016,U01889,2026-01-21 01:00:00,2026-01-21 06:10:00,31.56,8048,MEMBERSHIP
L006257,ST007,U01639,2026-04-29 11:06:00,2026-04-29 11:45:00,53.94,17261,MEMBERSHIP
L011427,ST027,U01343,20260322231000,2026-03-23 04:47:00,29.73,8681,APP
L004419,ST028,U02745,2026-05-18 17:04:00,2026-05-18 17:43:00,47.23,15114,CARD
L006616,ST033,U02641,20260404195200,2026-04-04 20:50:00,84.17,26934,MEMBERSHIP
L003586,ST024,U02050,2026-03-06 05:45:00,2026-03-06 06:21:00,96.63,33531,CARD
L001799,ST037,U00019,2026-05-08 01:22:00,2026-05-08 02:00:00,74.11,25716,MEMBERSHIP
L001354,ST005,U02599,2026-01-21 20:48:00,2026-01-21 21:27:00,96.76,30963,APP
L002657,ST005,U00633,2026-01-29 00:41:00,2026-01-29 01:09:00,60.78,19450,APP
L002571,ST037,U00861,2026-04-07 02:29:00,2026-04-07 03:24:00,79.56,27607,Card
L001855,ST011,U01872,2026-05-30 07:10:00,2026-05-30 08:10:00,125.01,40003,MEMBERSHIP
L003793,ST007,U00272,2026-03-06 07:46:00,2026-03-06 08:13:00,59.17,18934,Card
L011890,ST038,U01382,2026-01-16 18:15:00,2026-01-16 19:14:00,146.74,46957,APP
L005130,ST028,U00435,2026-05-04 09:14:00,2026-05-04 10:12:00,58.88,18842,MEMBERSHIP
L007064,ST027,U01900,2026-02-09 03:30:00,2026-02-09 09:03:00,33.64,9823,MEMBERSHIP
L006287,ST001,U02301,20260430000500,2026-04-30 00:33:00,50.83,19315,APP
L011727,ST019,U02178,2026-06-19 19:31:00,2026-06-19 20:20:00,,43590,MEMBERSHIP
L001142,ST014,U00390,2026-02-27 11:45:00,2026-02-27 12:32:00,23.34,8869,APP
L004532,ST001,U01999,2026/05/01 19:16:00,2026-05-01 19:55:00,77.78,29556,CARD
L011048,ST034,U00852,2026-05-06 09:37:00,2026-05-06 10:12:00,80.8,30704,MEMBERSHIP
L000865,ST009,U02994,2026-04-19 07:52:00,2026-04-19 08:33:00,20.46,7100,CARD
L009775,ST037,U00307,20260110212200,2026-01-10 21:57:00,73.4,25470,MEMBERSHIP
L011377,ST018,U01904,2026-03-07 13:43:00,2026-03-07 17:11:00,21.72,6342,MEMBERSHIP
L001894,ST025,U02889,2026-06-11 19:37:00,2026-06-11 22:58:00,17.96,5244,MEMBERSHIP
L002366,ST035,U00973,2026-05-06 11:12:00,2026-05-06 14:48:00,29.83,7607,APP
L005516,ST036,U02439,2026-02-08 10:16:00,2026-02-08 15:32:00,34.24,9998,APP
L005292,ST007,U01012,2026-04-24 14:43:00,2026-04-24 15:11:00,46.97,15030,card
L004027,ST040,U00625,2026-03-08 06:52:00,2026-03-08 13:27:00,53.04,15488,MEMBERSHIP
L003502,ST010,U00943,2026/05/15 01:45:00,2026-05-15 09:32:00,39.25,11461,CARD
L000824,ST009,U00067,2026-06-04 20:09:00,2026-06-04 20:29:00,12.89,4473,MEMBERSHIP
L000900,ST024,U00978,2026-04-11 22:08:00,2026-04-11 22:51:00,111.07,38541,CARD
L010692,ST035,U01440,2026/06/11 04:26:00,2026-06-11 09:59:00,52.82,13469,CARD
L007664,ST028,U02407,2026-07-26 05:28:00,2026-07-26 06:03:00,52.08,16666,APP
L003680,ST023,U01222,2026-07-24 18:05:00,2026-07-24 18:35:00,18.68,5978,APP
L008536,ST039,U00603,2026-04-15 13:30:00,2026-04-15 14:26:00,31.57,10955,MEMBERSHIP
L000396,ST023,U00707,2026-02-07 19:29:00,2026-02-07 20:16:00,2574.0,8237,card
L008962,ST012,U02148,2026-02-09 06:51:00,2026-02-09 07:51:00,41.61,13315,APP
L009741,ST025,U00695,2026-02-26 01:41:00,2026-02-26 09:40:00,45.83,,APP
L000472,ST034,U02467,2026-05-30 07:55:00,2026-05-30 08:51:00,151.87,57711,CARD
L002713,ST026,U00455,2026-06-01 17:41:00,2026-06-01 18:32:00,13354.0,50745,MEMBERSHIP
L011024,ST028,U01469,2026-04-08 14:48:00,2026-04-08 15:17:00,31.2,9984,APP
L001448,ST012,U01428,2026-07-03 16:48:00,2026-07-03 17:09:00,12.05,3856,MEMBERSHIP
L006714,ST020,U02654,2026-01-18 10:53:00,2026-01-18 11:22:00,18.07,5782,MEMBERSHIP
L002836,ST016,U00388,2026-07-24 23:13:00,2026-07-25 03:31:00,25.35,6464,CARD
L001271,ST030,U00476,2026-01-15 03:25:00,2026-01-15 04:04:00,100.9,32288,CARD
L008776,ST040,U02697,2026-06-30 15:37:00,2026-06-30 17:37:00,16.68,4871,CARD
L007391,ST023,U01090,20260101031500,2026-01-01 03:59:00,31.13,9962,APP
L011490,ST036,U01814,2026-01-18 20:19:00,2026-01-18 23:43:00,28.02,8182,CARD
L001755,ST027,U00915,2026/04/10 13:01:00,2026-04-10 18:17:00,30.05,8775,CARD
L008130,ST021,U01990,2026-01-19 06:18:00,2026-01-19 13:51:00,42.84,12509,MEMBERSHIP
L007200,ST022,U02537,2026-04-06 02:10:00,2026-04-06 03:02:00,97.71,-33905,MEMBERSHIP
L001535,ST039,U00742,2026-06-16 23:59:00,2026-06-17 00:37:00,24.75,8588,CARD
L007327,ST039,U02201,2026-05-09 06:30:00,2026-05-09 07:08:00,21.04,"7,301",CARD
L001140,ST003,U02197,2026-02-17 15:20:00,2026-02-17 16:15:00,93.2,29824,MEMBERSHIP
L010362,ST010,U01697,20260309034000,2026-03-09 10:25:00,40.06,11698,APP
L011615,ST012,U01595,2026-05-01 01:43:00,2026-05-01 02:39:00,39.5,12640,APP
L010012,ST019,U02727,2026-05-22 10:18:00,2026-05-22 10:47:00,70.92,24609,CARD
L011943,ST012,U02440,2026-04-17 15:44:00,2026-04-17 16:21:00,17.15,5488,CARD
L001377,ST029,U02510,2026-03-11 00:36:00,2026-03-11 06:17:00,37.36,10909,app
L008355,ST015,U00872,2026/02/05 05:52:00,2026-02-05 06:51:00,121.02,38726,MEMBERSHIP
L004967,ST017,U01404,2026-04-22 21:26:00,2026-04-23 04:47:00,35.83,10462,APP
L002746,ST016,U02422,2026-03-04 17:27:00,2026-03-04 21:37:00,19.97,5092,APP
L003908,ST006,U00174,2026-03-01 13:13:00,2026-03-01 16:10:00,12.33,3600,CARD
L002247,ST025,U00422,2026-06-26 05:54:00,2026-06-26 11:09:00,32.24,9414,CARD
L002875,ST007,U01599,2026-06-11 10:30:00,2026-06-11 10:57:00,41.3,13216,MEMBERSHIP
L009877,ST037,U00628,2026-06-29 10:26:00,2026-06-29 11:19:00,83.06,28822,card
L002041,ST036,U01067,2026-07-22 01:24:00,2026-07-22 06:03:00,41.38,12083,Card
L005611,ST004,U01378,2026/07/25 03:49:00,2026-07-25 04:13:00,38.75,12400,APP
L003189,ST019,U01440,2026-07-19 01:13:00,2026-07-19 01:39:00,76.51,26549,APP
L011758,ST032,U02832,2026-04-25 08:08:00,2026-04-25 08:36:00,38.83,14755,APP
L004546,ST031,U02402,2026-07-04 15:27:00,2026-07-04 15:53:00,54.7,20786,CARD
L008565,ST004,U02140,2026-05-12 22:14:00,2026-05-12 22:43:00,54.34,17389,MEMBERSHIP
L005535,ST010,U00848,2026-06-11 12:43:00,2026-06-11 19:32:00,33.27,9715,APP
L010828,ST019,U00961,2026-03-01 18:11:00,2026-03-01 18:55:00,98.88,34311,APP
L002170,ST002,U01782,2026/03/19 18:02:00,2026-03-19 20:37:00,21.99,6421,MEMBERSHIP
L003022,ST029,U01234,2026-04-15 00:52:00,2026-04-15 08:26:00,49.15,14352,APP
L009169,ST017,U02195,2026-01-21 02:56:00,2026-01-21 07:32:00,25.2,7358,APP
L007252,ST019,U02549,20260703095500,2026-07-03 10:18:00,51.25,17784,CARD
L000504,ST006,U02185,2026-07-11 10:28:00,2026-07-11 13:27:00,18.3,5344,CARD
L006785,ST039,U02356,2026-05-11 05:20:00,2026-05-11 05:57:00,22.81,7915,APP
L002800,ST007,U02740,2026-02-22 13:49:00,2026-02-22 14:37:00,96.1,30752,APP
L006675,ST004,U00966,2026-03-01 17:09:00,2026-03-01 18:00:00,107.03,34250,CARD
L000285,ST012,U00370,20260128101000,2026-01-28 10:37:00,16.24,5197,CARD
L000158,ST025,U01016,2026-06-06 23:13:00,2026-06-07 06:08:00,37.52,10956,APP
L011251,ST038,U00933,2026-01-07 04:32:00,2026-01-07 05:02:00,58.61,18755,CARD
L004946,ST018,U02098,20260330064300,2026-03-30 12:07:00,26.32,7685,APP
L010123,ST014,U00357,2026-06-11 14:47:00,2026-06-11 15:44:00,27.59,10484,CARD
L007974,ST005,U02096,2026-06-23 02:30:00,2026-06-23 03:28:00,128.87,41238,CARD
L001309,ST037,U02013,20260221025300,2026-02-21 03:40:00,94.14,32667,MEMBERSHIP
L007830,ST003,U02337,2026-01-08 21:12:00,2026-01-08 21:44:00,59.02,18886,CARD
L002511,ST014,U01205,2026-04-06 19:42:00,2026-04-06 20:11:00,19.36,7357,MEMBERSHIP
L000736,ST034,U01467,2026/04/15 02:42:00,2026-04-15 03:26:00,93.23,35427,CARD
L002487,ST020,U00499,2026-04-04 03:55:00,2026-04-04 04:20:00,12.75,4080,MEMBERSHIP
L006597,ST027,U00646,2026-05-30 17:54:00,2026-05-30 21:00:00,13.78,4024,APP
L000551,ST037,U01578,2026-03-02 04:23:00,2026-03-02 05:23:00,106.85,37077,APP
L006615,ST040,U00479,2026-03-29 09:00:00,2026-03-29 14:26:00,4318.0,12609,APP
L006809,ST027,U01166,2026-01-10 10:09:00,2026-01-10 15:12:00,24.03,7017,MEMBERSHIP
L002653,ST027,U02893,2026-02-09 00:30:00,2026-02-09 06:41:00,28.03,8185,CARD
L001657,ST031,U01977,2026-03-31 00:38:00,2026-03-31 01:02:00,33.6,12768,APP
L009171,ST012,U02726,2026/05/29 09:16:00,2026-05-29 09:46:00,13.86,4435,MEMBERSHIP
L009167,ST021,U00183,2026/05/17 00:36:00,2026-05-17 06:13:00,34.17,9978,CARD
L004550,ST035,U00956,20260727043700,2026-07-27 09:27:00,38.61,9846,CARD
L005274,ST030,U01262,2026-07-23 00:20:00,2026-07-23 00:52:00,62.98,20154,membership
L007952,ST018,U02062,2026-03-28 19:31:00,2026-03-29 00:56:00,33.14,9677,CARD
L006870,ST035,U00826,2026-05-04 18:07:00,2026-05-05 00:25:00,46.03,11738,APP
L005412,ST010,U01635,2026-06-08 04:02:00,2026-06-08 08:22:00,25.96,7580,APP
L011516,ST031,U00925,2026-02-16 04:24:00,2026-02-16 04:53:00,45.51,17294,MEMBERSHIP
L005236,ST028,U01539,2026-05-20 18:24:00,2026-05-20 19:05:00,60.95,19504,CARD
L003266,ST036,U02674,2026-03-28 11:03:00,2026-03-28 17:03:00,42.17,12314,CARD
L010647,ST032,U01702,2026-02-01 17:37:00,2026-02-01 18:01:00,28.93,10993,app
L005810,ST035,U00095,2026-06-06 08:40:00,2026-06-06 10:54:00,14.12,3601,CARD
L002174,ST029,U01491,2026-04-27 14:11:00,2026-04-27 21:43:00,72.19,21079,MEMBERSHIP
L007684,ST002,U02488,20260702002100,2026-07-02 05:27:00,37.68,11003,MEMBERSHIP
L004553,ST036,U00284,2026-01-14 20:26:00,2026-01-15 00:22:00,24.51,7157, APP 
L004507,ST037,U02733,2026-06-07 21:31:00,2026-06-07 22:24:00,-,40689,MEMBERSHIP
L005998,ST036,U00883,2026-07-12 13:45:00,2026-07-12 16:55:00,27.06,7902,APP
L007187,ST024,U02069,2026/04/08 13:57:00,2026-04-08 14:36:00,111.83,38805,APP
L004254,ST017,U02992,2026-03-21 00:06:00,2026-03-21 03:29:00,14.5,4234,card
L009560,ST016,U01536,2026-02-07 01:52:00,2026-02-07 05:17:00,16.57,"4,225",MEMBERSHIP
L008981,ST040,U02082,20260628014600,2026-06-28 05:28:00,27.99,8173,APP
L011586,ST014,U01672,2026-07-28 01:38:00,2026-07-28 02:18:00,27.49,10446,CARD
L010879,ST022,U02234,2026-06-11 11:21:00,2026-06-11 11:43:00,45.05,15632,MEMBERSHIP
L004606,ST029,U01903,2026-05-13 18:35:00,2026-05-14 00:44:00,55.87,16314,MEMBERSHIP
L001131,ST025,U01259,20260215170100,2026-02-15 23:59:00,39.23,11455,CARD
L009139,ST007,U00585,2026-06-01 09:35:00,2026-06-01 10:09:00,58.67,18774,CARD
L009998,ST029,U00515,2026-04-22 17:01:00,2026-04-22 20:38:00,24.89,7268,APP
L007503,ST025,U01575,2026-03-23 19:30:00,2026-03-24 02:04:00,37.46,10938,Card
L003918,ST008,U02779,2026-01-17 09:18:00,2026-01-17 12:57:00,18.8,4794,MEMBERSHIP
L005874,ST030,U00142,2026-03-16 23:47:00,2026-03-17 00:29:00,79.85,25552,APP
L000489,ST014,U01274,2026-04-10 17:14:00,2026-04-10 18:05:00,38.17,14505,APP
L006458,ST040,U02794,2026-02-02 17:04:00,2026-02-03 00:43:00,50.33,14696,CARD
L007984,ST035,U01034,2026-01-25 20:45:00,2026-01-26 01:50:00,35.09,8948,MEMBERSHIP
L011304,ST020,U01219,2026-04-22 10:39:00,2026-04-22 11:19:00,21.74,6957,MEMBERSHIP
L005930,ST039,U01292,2026-07-17 13:39:00,2026-07-17 14:27:00,33.17,11510,MEMBERSHIP
L002554,ST012,U00502,2026-04-27 09:32:00,2026-04-27 10:28:00,37.51,12003,MEMBERSHIP
L007137,ST025,U00295,2026/04/19 21:23:00,2026-04-20 04:01:00,39.07,11408,APP
L010345,ST004,U01635,2026-06-18 11:26:00,2026-06-18 12:05:00,55.25,17680,CARD
L003455,ST005,U00348,2026-02-10 06:40:00,2026-02-10 07:29:00,118.26,37843,MEMBERSHIP
L004072,ST021,U00636,2026-04-07 06:20:00,2026-04-07 10:09:00,16.15,,MEMBERSHIP
L003673,ST024,U01768,2026-05-05 19:49:00,2026-05-05 20:24:00,95.19,33031,APP
L005888,ST037,U01073,2026-01-31 12:58:00,2026-01-31 13:20:00,36.78,12763,CARD
L000704,ST024,U00728,2026-01-29 07:51:00,2026-01-29 08:11:00,39.38,13665,MEMBERSHIP
L010324,ST016,U01729,2026/03/11 08:10:00,2026-03-11 14:35:00,37.84,9649,APP
L009980,ST040,U01604,2026-05-21 23:39:00,2026-05-22 02:23:00,20.21,5901,CARD
L004213,ST003,U02889,2026/02/27 21:49:00,2026-02-27 22:17:00,50.8,16256,APP
L011370,ST017,U01285,2026/01/21 01:36:00,2026-01-21 09:11:00,39.54,11546,APP
L007769,ST014,U02910,2026-02-21 04:58:00,2026-02-21 05:57:00,42.52,16158,APP
L003073,ST010,U02641,2026-05-05 01:12:00,2026-05-05 06:41:00,25.93,7572,CARD
L010073,ST004,U01980,2026-04-02 03:49:00,2026-04-02 04:31:00,78.22,,APP
L011942,ST027,U01996,2026-07-03 17:59:00,2026-07-04 01:07:00,43.71,12763,APP
L011138,ST027,U01510,20260602141100,2026-06-02 19:08:00,19.34,5647,MEMBERSHIP
L011379,ST036,U02028,2026-01-15 16:22:00,2026-01-15 19:52:00,27.68,,MEMBERSHIP
L008830,ST032,U00680,2026-02-19 05:30:00,2026-02-19 05:50:00,24.29,9230,APP
L002061,ST028,U01596,2026-05-13 04:28:00,2026-05-13 05:18:00,65.9,21088,CARD
L010398,ST014,U00346,2026-06-11 22:43:00,2026-06-11 23:23:00,24.82,9432,MEMBERSHIP
L000753,ST019,U00812,2026-06-24 04:17:00,2026-06-24 04:46:00,75.52,26205,MEMBERSHIP
L005284,ST027,U02250,20260309000600,2026-03-09 05:04:00,22.03,6433,MEMBERSHIP
L005740,ST011,U01848,2026/02/27 13:45:00,2026-02-27 14:34:00,97.42,31174,APP
L001742,ST007,U02548,2026-04-24 05:16:00,2026-04-24 06:10:00,76.76,24563,APP
L000271,ST027,U02587,2026/06/17 04:17:00,2026-06-17 10:42:00,31.56,9216,CARD
L009239,ST009,U02972,2026-01-12 01:52:00,2026-01-12 02:23:00,15.8,5483,Card
L004684,ST009,U01142,2026-01-08 10:01:00,2026-01-08 10:35:00,24.73,8581,APP
L008629,ST030,U02563,2026-07-23 20:21:00,2026-07-23 21:12:00,132.83,42506,CARD
L009888,ST002,U01055,2026-04-16 23:06:00,2026-04-17 03:44:00,30.01,8763,CARD
L004198,ST037,U00723,2026-01-18 15:50:00,2026-01-18 16:25:00,76.83,,APP
L000209,ST029,U00128,2026-04-14 13:11:00,2026-04-14 18:23:00,39.93,11660,APP
L002872,ST027,U02849,2026-05-28 12:33:00,2026-05-28 14:47:00,12.94,3778,MEMBERSHIP
L002637,ST021,U00655,2026-07-05 08:29:00,2026-07-05 13:34:00,24.22,7072,MEMBERSHIP
L010479,ST006,U00510,2026-02-15 07:47:00,2026-02-15 11:26:00,18.39,5370,CARD
L003892,ST003,U00103,2026-02-10 17:11:00,2026-02-10 18:10:00,93.41,29891,APP
L009247,ST033,U00155,2026/05/27 22:47:00,2026-05-27 23:43:00,114.05,36496,MEMBERSHIP
L003379,ST028,U00706,2026-04-16 00:10:00,2026-04-16 00:49:00,36.21,11587,MEMBERSHIP
L001108,ST038,U02440,20260126161300,2026-01-26 16:48:00,66.53,21290,APP
L002638,ST017,U01553,2026-07-16 13:15:00,2026-07-16 18:46:00,25.6,7475,CARD
L005052,ST029,U00025,20260312234400,2026-03-13 07:39:00,66.32,19365,APP
L005704,ST002,U01221,2026-05-28 06:44:00,2026-05-28 09:52:00,23.46,6850,CARD
L001068,ST013,U01548,2026-06-09 21:26:00,2026-06-09 22:26:00,162.82,52102,CARD
L001171,ST027,U02557,2026-04-20 07:52:00,2026-04-20 14:14:00,25.45,7431,APP
L007754,ST004,U00240,2026-07-22 12:33:00,2026-07-22 13:09:00,69.35,22192,CARD
L001070,ST021,U01744,2026-06-08 06:51:00,2026-06-08 13:13:00,38.63,11280,APP
L002678,ST036,U02177,2026-06-20 17:18:00,2026-06-20 21:44:00,32.86,9595,Card
L009838,ST029,U02105,2026-04-27 05:15:00,2026-04-27 10:37:00,38.98,11382,CARD
L011424,ST033,U01975,2026-06-20 05:46:00,2026-06-20 06:37:00,98.24,31437, APP 
L010104,ST011,U01923,2026-05-16 01:20:00,2026-05-16 02:01:00,73.69,23581,CARD
L000339,ST028,U00284,20260629143500,2026-06-29 15:09:00,N/A,14438,APP
L001636,ST006,U01289,2026/03/04 12:59:00,2026-03-04 18:35:00,25.35,7402,APP
L005375,ST023,U01191,2026/01/06 19:21:00,2026-01-06 19:46:00,12.98,4154,MEMBERSHIP
L011549,ST028,U00625,20260111165100,2026-01-11 17:15:00,32.71,10467,MEMBERSHIP
L002729,ST013,U02425,2026-02-19 20:21:00,2026-02-19 21:09:00,138.93,44458,CARD
L001549,ST028,U02046,2026-04-19 20:14:00,2026-04-19 21:02:00,49.38,15802,CARD
L001752,ST005,U02355,20260323073600,2026-03-23 06:12:00,84.59,27069,MEMBERSHIP
L006389,ST009,U01389,20260104185700,2026-01-04 19:42:00,31.26,10847,MEMBERSHIP
L007396,ST037,U00585,2026-03-16 02:47:00,2026-03-16 03:09:00,45.7,15858,MEMBERSHIP
L011006,ST028,U01125,2026-05-12 22:40:00,2026-05-12 23:29:00,70.86,22675,membership
L006930,ST012,U01256,2026-05-01 09:00:00,2026-05-01 09:50:00,29.52,9446,CARD
L007063,ST001,U02845,2026-06-11 08:45:00,2026-06-11 09:23:00,58.26,22139,APP
L008831,ST030,U01760,2026-04-12 06:32:00,2026-04-12 07:07:00,92.77,,APP
L001623,ST007,U01905,2026-03-03 08:25:00,2026-03-03 08:51:00,51.64,16525,APP
L009488,ST039,U01699,2026-04-20 02:29:00,2026-04-20 02:51:00,-,3671,MEMBERSHIP
L009637,ST002,U02548,2026-06-17 13:47:00,2026-06-17 16:06:00,,"4,117",MEMBERSHIP
L010711,ST036,U01730,2026-05-06 13:58:00,2026-05-06 20:25:00,39.94,11662,membership
L009500,ST037,U00621,20260326053800,2026-03-26 06:30:00,89.43,31032,APP
L007606,ST020,U01804,2026-07-06 07:43:00,2026-07-06 08:34:00,33.36,10675,MEMBERSHIP
L000151,ST038,U02379,2026-03-23 16:19:00,2026-03-23 17:19:00,134.38,43002,MEMBERSHIP
L008244,ST024,U02941,2026-07-26 06:18:00,2026-07-26 07:16:00,127.07,44093,APP
L003648,ST036,U02784,2026-01-25 13:21:00,2026-01-25 17:29:00,39.09,11414,MEMBERSHIP
L001753,ST012,U00006,2026-06-05 17:52:00,2026-06-05 18:51:00,40.58,12986,APP
L009501,ST037,U01242,2026-01-28 12:41:00,2026-01-28 13:27:00,71.45,24793,CARD
L010983,ST011,U02421,2026-01-11 12:16:00,2026-01-11 12:45:00,46.07,14742,MEMBERSHIP
L001825,ST006,U02034,2026-06-14 02:10:00,2026-06-14 07:03:00,23.91,6982,APP
L008408,ST029,U00011,2026-04-14 14:25:00,2026-04-14 18:12:00,27.97,8167,APP
L001643,ST015,U02174,2026-01-29 08:55:00,2026-01-29 09:40:00,67.37,21558,MEMBERSHIP
L002485,ST029,U00386,2026-07-03 07:37:00,2026-07-03 11:17:00,30.33,8856,APP
L000129,ST019,U01966,2026-06-15 02:19:00,2026-06-15 02:53:00,65.51,,MEMBERSHIP
L003099,ST025,U02762,2026-04-02 22:54:00,2026-04-03 04:14:00,22.97,6707,APP
L005545,ST028,U02565,2026-07-11 22:56:00,2026-07-11 23:43:00,49.43,15818,CARD
L008425,ST028,U02889,2026-01-15 07:55:00,2026-01-15 08:41:00,55.73,17834,CARD
L005172,ST022,U01762,2026-03-13 08:45:00,2026-03-13 09:39:00,85.02,29502,APP
L005414,ST017,U01254,2026-03-12 06:01:00,2026-03-12 10:06:00,22.8,6658,CARD
L003166,ST019,U02658,2026-06-29 06:21:00,2026-06-29 06:44:00,42.27,14668,MEMBERSHIP
L007265,ST027,U01963,2026-06-24 03:42:00,2026-06-24 10:45:00,43.77,12781,CARD
L011022,ST039,U02292,2026-01-01 22:29:00,2026-01-01 22:56:00,-,4768,CARD
L007900,ST021,U01410,2026-06-09 23:36:00,2026-06-10 03:20:00,18.68,5455,Card
L005676,ST014,U02703,2026/02/14 02:58:00,2026-02-14 03:32:00,20.32,7722,MEMBERSHIP
L000018,ST019,U00348,2026-07-19 06:33:00,2026-07-19 07:10:00,70.71,24536,APP
L006715,ST035,U00718,2026-02-17 14:26:00,2026-02-17 21:22:00,42.69,10886,APP
L002991,ST010,U00532,2026-06-22 10:01:00,2026-06-22 17:01:00,29.83,8710,CARD
L010416,ST013,U01591,2026-02-13 11:43:00,2026-02-13 12:43:00,131.54,42093,MEMBERSHIP
L010914,ST031,U02519,2026-02-19 00:39:00,2026-02-19 01:16:00,78.79,29940,CARD
L004567,ST035,U02665,2026-06-25 05:46:00,2026-06-25 08:50:00,29.55,7535,APP
L001659,ST001,U01731,2026-05-28 23:35:00,2026-05-29 00:24:00,77.13,29309,CARD
L004177,ST006,U00040,2026-02-16 09:30:00,2026-02-16 13:21:00,15.46,4514,CARD
L005438,ST026,U00991,2026-03-24 21:50:00,2026-03-24 22:19:00,64.41,24476,APP
L007888,ST008,U02347,2026-03-12 18:05:00,2026-03-13 00:13:00,23.74,6054,CARD
L003605,ST005,U00557,20260520232500,2026-05-21 00:00:00,91.2,29184,MEMBERSHIP
L004855,ST022,U00922,2026-04-25 15:34:00,2026-04-25 16:00:00,40.44,14033,APP
L004130,ST004,U02696,2026-05-31 12:59:00,2026-05-31 13:53:00,79.91,25571,Card
L002235,ST010,U02393,2026-04-28 12:30:00,2026-04-28 15:18:00,12.6,3679,Card
L004979,ST012,U01815,2026-04-15 07:03:00,2026-04-15 07:31:00,18.47,5910,CARD
L002627,ST026,U01479,2026-04-12 07:08:00,2026-04-12 07:32:00,71.21,27060,APP
L007318,ST015,U02837,2026-05-07 06:00:00,2026-05-07 06:54:00,117.09,37469,MEMBERSHIP
L008914,ST035,U02590,2026-05-05 21:30:00,2026-05-06 00:51:00,33.03,8423,MEMBERSHIP
L001903,ST023,U02255,20260611170400,2026-06-11 18:03:00,37.93,12138,MEMBERSHIP
L010573,ST028,U02303,2026-05-26 08:36:00,2026-05-26 09:01:00,35.67,11414,APP
L000088,ST018,U00994,2026-01-30 21:10:00,2026-01-31 03:45:00,40.53,11835,CARD
L008785,ST010,U01672,2026-04-12 07:01:00,2026-04-12 13:26:00,31.07,9072,CARD
L002443,ST004,U00810,2026-03-01 22:42:00,2026-03-01 23:42:00,98.91,31651,MEMBERSHIP
L006925,ST016,U01482,2026-02-21 22:02:00,2026-02-21 21:09:00,10.58,2698,CARD
L003876,ST018,U00524,2026/03/25 14:04:00,2026-03-25 17:16:00,15.38,4491,MEMBERSHIP
L004474,ST011,U02945,2026-02-06 02:51:00,2026-02-06 03:26:00,53.41,17091,CARD
L011081,ST015,U01565,2026/07/16 18:39:00,2026-07-16 19:23:00,70.3,22496,CARD
L003836,ST037,U01401,2026-01-27 20:44:00,2026-01-27 21:16:00,44.57,15466,APP
L011916,ST012,U01852,2026/04/17 04:36:00,2026-04-17 05:23:00,33.35,10672,MEMBERSHIP
L007679,ST025,U01554,2026-02-09 00:36:00,2026-02-09 07:41:00,37.64,10991,CARD
L010931,ST005,U02544,2026-05-04 13:05:00,2026-05-04 13:46:00,76.07,24342,CARD
L005473,ST021,U02812,2026-06-13 13:02:00,2026-06-13 20:14:00,39.24,11458,MEMBERSHIP
L001895,ST017,U00221,2026-05-31 11:05:00,2026-05-31 18:36:00,42.0,12264,MEMBERSHIP
L010792,ST010,U00267,2026-02-24 06:36:00,2026-02-24 08:44:00,12.23,3571,CARD
L009823,ST009,U02906,2026-06-21 03:30:00,2026-06-21 04:01:00,18.98,6586,CARD
L006137,ST005,U00162,2026-03-29 13:06:00,2026-03-29 13:50:00,131.69,42141,CARD
L003324,ST038,U01310,2026-05-09 10:59:00,2026-05-09 11:41:00,94.61,30275,CARD
L000718,ST002,U00243,2026-06-22 04:18:00,2026-06-22 10:04:00,50.84,14845,MEMBERSHIP
L002532,ST033,U01440,2026-03-03 07:33:00,2026-03-03 08:01:00,54.82,17542,CARD
L009930,ST002,U01923,20260219042100,2026-02-19 11:11:00,59.92,17497,CARD
L002501,ST017,U00628,2026-05-27 08:01:00,2026-05-27 15:17:00,28.23,8243, APP 
L011161,ST002,U02889,2026-05-23 04:39:00,2026-05-23 11:55:00,59.26,17304,CARD
L007997,ST024,U00790,2026/06/14 19:33:00,2026-06-14 19:59:00,55.73,19338,MEMBERSHIP
L004596,ST008,U01199,2026-06-05 08:16:00,2026-06-05 12:02:00,15.66,3993,CARD
L005584,ST008,U02376,2026/05/27 01:03:00,2026-05-27 06:07:00,31.53,8040,CARD
L008432,ST008,U00828,2026/05/22 16:31:00,2026-05-23 00:12:00,31.29,7979,MEMBERSHIP
L000103,ST002,U01041,2026-07-01 09:12:00,2026-07-01 13:24:00,37.81,11041,CARD
L005565,ST001,U02797,20260602185400,2026-06-02 19:41:00,95.35,36233,CARD
L004356,ST020,U01204,2026-07-19 23:27:00,2026-07-20 00:05:00,18.49,5917,APP
L009081,ST026,U00808,20260318060200,2026-03-18 06:56:00,111.41,42336,APP
L010327,ST022,U01558,2026-02-19 20:50:00,2026-02-19 21:44:00,116.56,40446,MEMBERSHIP
L004900,ST036,U02806,20260423120600,2026-04-23 17:53:00,54.56,15932,MEMBERSHIP
L006801,ST027,U02908,2026-05-07 04:53:00,2026-05-07 12:29:00,36.4,10629,MEMBERSHIP
L000260,ST035,U00556,2026-03-18 18:14:00,2026-03-19 00:34:00,50.66,"12,918",CARD
L001366,ST023,U02021,2026-01-15 05:52:00,2026-01-15 06:50:00,28.12,8998,APP
L001690,ST017,U00804,2026-06-25 10:25:00,2026-06-25 17:04:00,33.91,9902,MEMBERSHIP
L003629,ST014,U00025,2026-05-18 15:14:00,2026-05-18 16:02:00,22.66,8611, APP 
L007485,ST040,U02916,2026-03-11 12:01:00,2026-03-11 17:05:00,45.07,13160,MEMBERSHIP
L005224,ST025,U01804,2026-02-07 14:24:00,2026-02-07 20:18:00,23.25,6789,APP
L004896,ST034,U01962,2026-03-27 09:59:00,2026-03-27 10:57:00,116.85,44403,APP
L011419,ST007,U02203,2026-07-03 06:05:00,2026-07-03 06:32:00,38.96,12467,CARD
L007185,ST031,U02751,2026-06-12 16:37:00,2026-06-12 17:28:00,100.96,38365,CARD
L006781,ST023,U00460,2026-05-16 01:07:00,2026-05-16 01:31:00,17.89,5725,MEMBERSHIP
L003718,ST001,U00711,2026-05-02 14:06:00,2026-05-02 14:59:00,N/A,29796,CARD
L003736,ST028,U00667,2026-06-11 23:13:00,2026-06-11 23:35:00,25.72,,CARD
L006578,ST025,U02976,2026-01-26 18:18:00,2026-01-26 21:41:00,14.75,-4307,APP
L003369,ST024,U01663,2026-04-29 21:08:00,2026-04-29 21:30:00,63.56,"22,055",APP
L008338,ST030,U02724,2026-07-08 21:57:00,2026-07-08 22:23:00,74.19,23741,CARD
L009238,ST038,U01669,2026/02/28 12:24:00,2026-02-28 13:15:00,115.85,37072,APP
L007401,ST003,U00864,2026-05-30 19:52:00,2026-05-30 20:25:00,58.62,18758,APP
L006857,ST017,U01546,2026-04-30 01:45:00,2026-04-30 06:59:00,30.54,8918,APP
L007961,ST011,U02329,2026-05-05 23:45:00,2026-05-06 00:16:00,63.59,20349,MEMBERSHIP
L003385,ST025,U00142,2026-02-03 08:01:00,2026-02-03 13:47:00,33.72,9846,MEMBERSHIP
L010698,ST032,U00436,2026/06/16 15:15:00,2026-06-16 15:54:00,51.8,19684,APP
L011735,ST031,U01877,2026-03-12 20:51:00,2026-03-12 21:16:00,42.01,15964,APP
L011360,ST017,U02872,2026-06-19 21:29:00,2026-06-20 03:25:00,32.12,9379,APP
L005831,ST025,U02816,2026-05-16 13:14:00,2026-05-16 18:35:00,25.43,7426,MEMBERSHIP
L004873,ST028,U01155,2026/04/10 18:59:00,2026-04-10 19:20:00,27.13,8682,APP
L007291,ST001,U01988,2026-04-09 03:40:00,2026-04-09 04:30:00,78.9,29982,MEMBERSHIP
L007092,ST040,U00680,20260401001900,2026-04-01 05:15:00,36.61,"10,690",APP
L011742,ST008,U01248,2026-04-19 21:44:00,2026-04-20 00:59:00,17.68,4508,MEMBERSHIP
L007624,ST002,U02125,2026-06-22 19:12:00,2026-06-22 22:35:00,29.17,8518,CARD
L011694,ST006,U00188,2026/02/05 08:07:00,2026-02-05 13:31:00,22.75,6643,APP
L005538,ST029,U00151,2026/06/30 23:01:00,2026-07-01 01:30:00,19.02,5554,APP
L008207,ST022,U00488,2026-03-21 06:53:00,2026-03-21 07:32:00,64.16,22264,CARD
L003995,ST040,U01099,2026-03-29 08:45:00,2026-03-29 11:14:00,23.77,6941,CARD
L006008,ST037,U00965,2026-06-24 19:36:00,2026-06-24 20:16:00,70.44,24443,APP
L006499,ST034,U02940,2026-07-23 00:04:00,2026-07-23 00:47:00,89.29,33930,APP
L010621,ST038,U01565,20260214235100,2026-02-15 00:28:00,91.21,29187,APP
L004379,ST032,U02800,2026-03-04 17:58:00,2026-03-04 18:34:00,40.18,15268,MEMBERSHIP
L002874,ST020,U01386,2026-02-08 06:23:00,2026-02-08 06:56:00,17.64,5645,APP
L010296,ST018,U02774,2026-07-08 07:11:00,2026-07-08 12:32:00,25.7,7504,CARD
L011447,ST033,U02459,2026-04-20 19:34:00,2026-04-20 19:57:00,50.01,16003,CARD
L007917,ST010,U02799,2026-07-22 05:06:00,2026-07-22 09:54:00,20.31,5931,APP
L007795,ST001,U00784,2026-05-31 02:21:00,2026-05-31 02:53:00,68.43,26003,CARD
L006837,ST008,U00390,2026-02-21 14:43:00,2026-02-21 19:01:00,22.66,5778,CARD
L005821,ST013,U01815,2026-06-24 05:25:00,2026-06-24 05:56:00,74.7,23904,app
L010263,ST037,U02476,20260106131500,2026-01-06 14:00:00,70.08,24318,APP
L006955,ST002,U01823,2026/01/18 03:32:00,2026-01-18 11:12:00,66.55,19433,CARD
L010643,ST030,U02632,2026-04-06 18:25:00,2026-04-06 19:04:00,99.04,31693,APP
L007948,ST040,U02760,2026-03-08 09:28:00,2026-03-08 12:26:00,21.86,6383,APP
L011038,ST005,U02574,2026-02-25 17:34:00,2026-02-25 17:56:00,64.08,20506,APP
L011059,ST009,U01834,2026/06/19 03:16:00,2026-06-19 03:38:00,13.91,4827,app
L005512,ST035,U00459,20260713165200,2026-07-13 20:58:00,26.2,6681,CARD
L002384,ST034,U01419,20260621062300,2026-06-21 06:54:00,64.83,24635,APP
L003698,ST005,U02971,2026-04-19 17:59:00,2026-04-19 18:20:00,57.97,18550,APP
L005570,ST040,U00940,2026-01-09 21:06:00,2026-01-10 00:15:00,22.56,6588,MEMBERSHIP
L000403,ST016,U00104,2026-05-07 04:24:00,2026-05-07 11:13:00,31.82,8114,MEMBERSHIP
L004003,ST026,U00310,2026-02-27 09:06:00,2026-02-27 09:58:00,146.83,55795,MEMBERSHIP
L004434,ST026,U00111,2026-02-13 13:17:00,2026-02-13 13:53:00,103.55,39349,app
L006017,ST029,U00480,2026-07-09 14:45:00,2026-07-09 16:51:00,19.72,"5,758",MEMBERSHIP
L007851,ST011,U02093,2026-07-24 17:12:00,2026-07-24 17:53:00,72.67,23254,APP
L009382,ST007,U02182,2026-07-28 04:11:00,2026-07-28 04:37:00,56.82,18182,card
L010885,ST010,U01215,2026-04-07 12:10:00,2026-04-07 15:47:00,1843.0,5382,CARD
L002250,ST010,U01915,2026-02-27 02:12:00,2026-02-27 06:53:00,25.8,,APP
L005206,ST009,U01212,2026-04-01 17:15:00,2026-04-01 17:54:00,,7957,MEMBERSHIP
L001072,ST040,U02183,2026-04-11 08:05:00,2026-04-11 12:15:00,28.36,8281,APP
L011133,ST021,U02940,2026-03-04 22:54:00,2026-03-05 03:09:00,22.2,6482,MEMBERSHIP
L006269,ST005,U00579,20260726010200,2026-07-26 01:45:00,81.44,26061,APP
L003444,ST037,U02651,2026-05-20 05:01:00,2026-05-20 05:51:00,68.77,23863,APP
L004819,ST011,U00853,2026-03-27 17:33:00,2026-03-27 18:12:00,56.39,18045,APP
L006252,ST037,U00600,20260324054400,2026-03-24 06:17:00,45.45,15771,MEMBERSHIP
L007595,ST009,U00649,2026-03-15 15:12:00,2026-03-15 15:38:00,19.22,6669,MEMBERSHIP
L001321,ST022,U00518,2026-05-29 22:03:00,2026-05-29 22:32:00,62.2,21583,APP
L005073,ST022,U01315,2026-07-17 21:23:00,2026-07-17 22:21:00,110.04,38184,CARD
L009492,ST034,U01020,2026-04-20 22:24:00,2026-04-20 22:52:00,57.49,21846,MEMBERSHIP
L003584,ST007,U01094,20260523160800,2026-05-23 16:34:00,54.5,17440,MEMBERSHIP
L007876,ST014,U02488,2026-07-21 09:53:00,2026-07-21 10:24:00,15.1,5738,APP
L000783,ST013,U02616,2026-06-22 08:16:00,2026-06-22 09:07:00,103.5,33120,CARD
L011879,ST026,U00548,2026-02-03 00:43:00,2026-02-03 01:09:00,65.9,25042,CARD
L006663,ST005,U01311,2026-07-28 23:30:00,2026-07-29 00:17:00,99.07,31702,APP
L009949,ST032,U01876,2026-01-27 12:56:00,2026-01-27 13:17:00,25.72,9774,CARD
L000535,ST025,U02780,2026-02-14 04:43:00,2026-02-14 10:18:00,31.06,9070,MEMBERSHIP
L008300,ST031,U01006,2026-04-16 23:32:00,2026-04-17 00:03:00,68.45,26011,membership
L007607,ST023,U00391,2026-01-04 18:16:00,2026-01-04 18:45:00,21.47,6870,APP
L000825,ST013,U02979,2026/06/24 07:07:00,2026-06-24 07:46:00,78.34,25069,Card
L006833,ST018,U02697,2026-04-23 14:37:00,2026-04-23 19:36:00,26.86,7843,APP
L002888,ST015,U00756,2026-04-22 01:08:00,2026-04-22 02:05:00,120.26,38483,APP
L005311,ST020,U01509,2026-06-19 01:08:00,2026-06-19 01:50:00,24.13,7722,Card
L002467,ST024,U02066,2026-01-19 01:27:00,2026-01-19 02:03:00,95.65,33191,APP
L001461,ST028,U02975,2026-01-27 17:28:00,2026-01-27 18:22:00,75.43,24138,APP
L007939,ST030,U00525,2026/07/24 00:58:00,2026-07-24 01:39:00,122.13,39082,CARD
L003846,ST009,U01888,2026-06-24 20:50:00,2026-06-24 21:12:00,,3536,CARD
L011200,ST005,U01449,2026/03/05 00:19:00,2026-03-05 01:02:00,127.46,40787,Card
L008111,ST002,U00710,2026-03-19 05:18:00,2026-03-19 12:19:00,60.56,17684,APP
L005450,ST021,U01807,2026-01-26 04:46:00,2026-01-26 11:42:00,36.27,10591,CARD
L002328,ST015,U00775,2026-06-13 09:10:00,2026-06-13 09:33:00,33.68,10778,CARD
L004845,ST032,U01184,2026-02-08 00:30:00,2026-02-08 00:58:00,34.15,12977,CARD
L009180,ST027,U00999,2026-04-01 07:43:00,2026-04-01 12:37:00,25.91,7566,APP
L008027,ST006,U01021,2026-04-26 14:24:00,2026-04-26 17:45:00,20.68,6039,MEMBERSHIP
L010341,ST022,U02616,20260417235100,2026-04-18 00:46:00,75.82,26310,MEMBERSHIP
L003792,ST039,U02357,2026-07-03 10:59:00,2026-07-03 11:53:00,26.94,9348,CARD
L002369,ST010,U00435,2026-04-27 11:03:00,2026-04-27 17:34:00,35.04,10232,CARD
L010778,ST007,U02596,2026-01-02 00:47:00,2026-01-02 01:40:00,91.35,29232,MEMBERSHIP
L008020,ST038,U00388,20260124033400,2026-01-24 04:29:00,101.98,32634,MEMBERSHIP
L006019,ST021,U02841,2026/03/23 03:31:00,2026-03-23 10:35:00,36.9,10775,APP
L005855,ST037,U01216,2026-07-01 19:00:00,2026-07-01 19:24:00,36.93,12815,CARD
L000862,ST030,U01940,2026-02-11 13:05:00,2026-02-11 13:28:00,57.08,18266,MEMBERSHIP
L005303,ST005,U02372,2026-03-03 11:25:00,2026-03-03 11:51:00,70.01,22403,CARD
L000371,ST009,U02360,2026-05-03 04:06:00,2026-05-03 04:54:00,28.37,9844,MEMBERSHIP
L006341,ST018,U00867,2026-07-06 08:11:00,2026-07-06 10:48:00,14.94,4362,MEMBERSHIP
L006220,ST001,U01034,2026-06-09 21:31:00,2026-06-09 22:28:00,84.14,31973,CARD
L004988,ST012,U00049,2026-05-14 16:57:00,2026-05-14 17:46:00,33.78,10810,APP
L002984,ST024,U01925,2026/07/03 10:00:00,2026-07-03 10:35:00,8600.0,29842,CARD
L002842,ST033,U01904,2026-01-02 01:48:00,2026-01-02 02:44:00,84.44,27021,APP
L007819,ST036,U01699,2026-01-16 06:07:00,2026-01-16 10:00:00,24.41,7128,APP
L010880,ST014,U02774,2026-07-09 01:47:00,2026-07-09 02:36:00,35.36,13437,CARD
L011382,ST015,U02022,20260324152800,2026-03-24 15:58:00,53.35,17072,MEMBERSHIP
L011873,ST007,U02411,20260221032200,2026-02-21 04:02:00,59.87,19158,MEMBERSHIP
L004093,ST028,U01421,2026-06-05 21:46:00,2026-06-05 22:31:00,63.91,20451,CARD
L003474,ST016,U01642,2026-04-30 07:45:00,2026-04-30 14:39:00,27.2,6936,CARD
L002931,ST030,U02415,2026-04-11 15:13:00,2026-04-11 15:38:00,56.38,,APP
L011842,ST033,U00219,20260703194600,2026-07-03 20:36:00,83.24,26637,MEMBERSHIP
L006682,ST020,U01088,2026-07-06 20:29:00,2026-07-06 21:07:00,21.74,6957,MEMBERSHIP
L001408,ST002,U00840,20260707084800,2026-07-07 15:07:00,44.46,12982,APP
L008168,ST036,U00754,2026/01/13 09:33:00,2026-01-13 13:24:00,26.93,7864,APP
L008731,ST033,U02190,2026-03-28 09:28:00,2026-03-28 10:20:00,86.77,27766,MEMBERSHIP
L010697,ST010,U01979,2026-01-30 03:47:00,2026-01-30 08:44:00,28.17,8226,MEMBERSHIP
L000634,ST037,U01926,2026-04-04 14:54:00,2026-04-04 15:16:00,41.86,14525,CARD
L006584,ST036,U02548,2026-03-16 07:38:00,2026-03-16 12:02:00,33.43,9762,CARD
L005151,ST026,U01688,20260221131000,2026-02-21 14:01:00,133.5,50730,APP
L003541,ST033,U02421,2026-01-19 15:08:00,2026-01-19 15:47:00,80.15,25648,MEMBERSHIP
L005872,ST008,U01458,20260416091000,2026-04-16 11:43:00,13.39,3414,CARD
L005036,ST021,U01489,2026-04-30 17:25:00,2026-04-30 20:30:00,16.03,4681,CARD
L009516,ST024,U02966,20260303145100,2026-03-03 15:44:00,143.49,49791,MEMBERSHIP
L002745,ST008,U00241,2026-01-04 22:46:00,2026-01-05 06:18:00,37.7,9614,MEMBERSHIP
L003731,ST016,U02797,2026-02-28 03:59:00,2026-02-28 08:29:00,2405.0,6133,CARD
L005028,ST011,U00350,2026-01-29 06:00:00,2026-01-29 06:37:00,55.75,17840,APP
L007820,ST005,U02347,2026-03-22 20:08:00,2026-03-22 20:38:00,61.99,19837,CARD
L008703,ST033,U01226,2026-01-17 13:47:00,2026-01-17 14:34:00,74.29,23773,MEMBERSHIP
L006535,ST028,U02398,2026-01-10 21:21:00,2026-01-10 22:07:00,59.21,18947,APP
L003708,ST024,U02162,2026-07-06 02:48:00,2026-07-06 03:08:00,46.06,15983,APP
L000387,ST007,U00219,2026-07-02 11:36:00,2026-07-02 12:20:00,65.56,20979,MEMBERSHIP
L003613,ST003,U01210,2026/05/13 17:40:00,2026-05-13 18:03:00,39.5,12640,MEMBERSHIP
L002032,ST027,U02726,2026-01-17 18:49:00,2026-01-17 23:29:00,25.69,7501,MEMBERSHIP
L003719,ST008,U00657,2026-07-07 14:52:00,2026-07-07 21:34:00,38.71,9871,APP
L002697,ST028,U02272,2026-03-30 19:33:00,2026-03-30 20:26:00,64.96,20787,APP
L007596,ST031,U01360,2026/04/21 19:25:00,2026-04-21 19:48:00,47.3,17974,CARD
L011118,ST030,U02086,2026-05-05 06:39:00,2026-05-05 07:28:00,138.86,44435,CARD
L004495,ST015,U02159,2026-04-26 18:11:00,2026-04-26 19:06:00,89.56,28659,CARD
L010068,ST022,U02357,2026-04-17 04:03:00,2026-04-17 04:39:00,55.12,19127,MEMBERSHIP
L008533,ST003,U00150,2026-05-31 19:24:00,2026-05-31 20:06:00,65.62,20998,APP
L007975,ST018,U02429,2026-07-27 18:34:00,2026-07-28 01:11:00,36.92,10781,CARD
L008913,ST026,U02375,2026-04-29 14:32:00,2026-04-29 15:02:00,70.37,26741, APP 
L004458,ST007,U00619,2026-02-20 11:04:00,2026-02-20 11:24:00,42.04,13453,APP
L001948,ST006,U01930,2026-04-10 15:46:00,2026-04-10 22:57:00,34.39,10042,app
L009865,ST015,U00373,2026-06-19 03:14:00,2026-06-19 03:51:00,74.8,23936,APP
L001756,ST013,U00482,2026-02-25 10:48:00,2026-02-25 11:45:00,138.31,44259,APP
L005725,ST014,U00015,2026-04-13 09:10:00,2026-04-13 09:44:00,20.57,7817,CARD
L007416,ST024,U02931,2026-07-22 13:59:00,2026-07-22 14:25:00,48.02,16663,APP
L000069,ST040,U00378,2026-02-18 01:20:00,2026-02-18 04:12:00,24.03,7017,APP
L006370,ST017,U01614,20260531150200,2026-05-31 17:54:00,13.75,4015,CARD
L008155,ST017,U00008,2026-03-22 14:23:00,2026-03-22 17:15:00,12.09,,CARD
L011583,ST004,U00928,20260117040500,2026-01-17 04:57:00,111.25,35600,CARD
L008067,ST011,U02074,2026-07-01 09:30:00,2026-07-01 10:10:00,69.22,22150,APP
L008365,ST001,U02735,2026-02-18 06:30:00,2026-02-18 07:17:00,74.7,28386,app
L010610,ST017,U01827,2026-01-04 13:34:00,2026-01-04 18:02:00,21.23,6199,APP
L006722,ST002,U00857,2026-04-06 06:54:00,2026-04-06 10:46:00,25.34,7399,APP
L005820,ST011,U00329,2026-03-14 17:11:00,2026-03-14 17:58:00,99.11,31715,MEMBERSHIP
L004020,ST019,U02179,2026-07-07 15:09:00,2026-07-07 15:47:00,113.3,39315,APP
L011392,ST040,U02620,2026-06-19 20:54:00,2026-06-20 01:28:00,43.63,12740,CARD
L004039,ST018,U01881,2026-03-13 11:30:00,2026-03-13 15:01:00,14.85,4336,APP
L004861,ST027,U00526,2026-04-24 18:45:00,2026-04-25 01:29:00,31.24,9122,APP
L006133,ST023,U01336,2026-04-11 03:42:00,2026-04-11 04:10:00,14.74,4717,APP
L003321,ST016,U01859,2026-02-01 05:33:00,2026-02-01 07:52:00,9.44,2407,MEMBERSHIP
L006672,ST035,U01534,2026-04-02 21:27:00,2026-04-02 23:36:00,15.4,3927,CARD
L011761,ST007,U00241,2026/05/09 03:49:00,2026-05-09 04:21:00,48.5,"15,520",APP
L005179,ST007,U00028,2026/02/05 12:55:00,2026-02-05 13:26:00,53.03,16970,MEMBERSHIP
L007162,ST013,U00607,2026-01-17 06:41:00,2026-01-17 07:04:00,45.64,14605,APP
L008177,ST021,U01694,2026-04-15 20:48:00,2026-04-16 04:07:00,29.16,8515,APP
L001538,ST020,U02488,2026-06-23 07:54:00,2026-06-23 08:22:00,19.74,6317,Card
L011035,ST023,U01814,2026-04-26 21:06:00,2026-04-26 21:54:00,30.57,9782,APP
L010881,ST003,U02291,2026-04-11 02:12:00,2026-04-11 02:41:00,57.26,18323,MEMBERSHIP
L000776,ST001,U01544,2026-06-17 11:34:00,2026-06-17 12:20:00,100.65,38247,MEMBERSHIP
L007818,ST031,U00101,2026-04-30 08:17:00,2026-04-30 08:55:00,61.57,23397,APP
L010660,ST007,U02974,2026/01/12 09:22:00,2026-01-12 09:45:00,49.18,15738,MEMBERSHIP
L010941,ST031,U01477,2026/07/21 20:24:00,2026-07-21 21:12:00,82.96,31525,APP
L010691,ST006,U00920,2026-02-26 06:20:00,2026-02-26 10:16:00,22.99,6713,MEMBERSHIP
L003622,ST023,U01481,20260423230800,2026-04-23 23:39:00,20.0,6400,APP
L009932,ST012,U01431,2026/06/26 09:53:00,2026-06-26 10:51:00,33.33,10666,app
L003011,ST035,U01971,20260524082200,2026-05-24 11:21:00,20.42,5207,MEMBERSHIP
L001122,ST023,U02448,2026-02-15 07:58:00,2026-02-15 08:39:00,29.22,9350,CARD
L008989,ST034,U02470,2026-07-22 15:16:00,2026-07-22 15:36:00,38.18,14508,CARD
L002045,ST032,U01407,2026/07/03 04:16:00,2026-07-03 05:05:00,61.78,23476,APP
L008451,ST040,U00999,2026-01-01 08:59:00,2026-01-01 12:28:00,26.36,7697,APP
L008694,ST002,U02984,2026-07-19 06:24:00,2026-07-19 12:26:00,48.4,14133,APP
L002106,ST015,U02822,2026-06-07 21:09:00,2026-06-07 22:05:00,114.98,36794,APP
L000144,ST021,U00696,2026/07/14 18:46:00,2026-07-14 21:37:00,17.1,4993,APP
L010521,ST010,U01689,2026/05/11 14:32:00,2026-05-11 20:45:00,35.4,10337,APP
L002442,ST002,U02491,2026/05/24 16:56:00,2026-05-24 21:27:00,28.23,8243,CARD
L007127,ST029,U02784,2026-04-08 05:39:00,2026-04-08 10:16:00,38.56,11260,APP
L009571,ST033,U01728,2026-01-28 13:32:00,2026-01-28 14:17:00,80.81,25859,APP
L003670,ST028,U00064,2026-06-16 06:46:00,2026-06-16 07:14:00,39.54,"12,653",MEMBERSHIP
L008456,ST019,U01360,2026-06-13 04:54:00,2026-06-13 05:40:00,88.19,30602,APP
L005673,ST015,U02146,2026-05-30 13:27:00,2026-05-30 14:15:00,87.06,27859,APP
L011352,ST011,U00840,2026-06-06 17:31:00,2026-06-06 17:58:00,52.96,16947,MEMBERSHIP
L009795,ST020,U00326,2026-02-20 23:01:00,2026-02-20 23:47:00,28.18,9018,APP
L000543,ST030,U02895,2026-07-09 23:27:00,2026-07-10 00:11:00,117.29,37533,CARD
L003783,ST027,U01816,2026-06-21 00:17:00,2026-06-21 02:32:00,10.96,3200,CARD
L008004,ST025,U00622,2026-07-13 06:25:00,2026-07-13 10:24:00,19.2,5606,MEMBERSHIP
L003912,ST037,U00980,20260423153000,2026-04-23 15:52:00,44.59,15473,CARD
L003645,ST017,U01905,2026-01-13 18:20:00,2026-01-13 23:25:00,28.35,8278,APP
L004698,ST017,U00964,2026-01-03 03:28:00,2026-01-03 09:19:00,36.2,10570,CARD
L004497,ST004,U02630,2026-05-04 16:54:00,2026-05-04 17:44:00,103.47,33110,APP
L004610,ST040,U02985,2026-02-28 15:20:00,2026-02-28 20:32:00,40.74,11896,CARD
L004994,ST036,U00815,2026-03-01 05:07:00,2026-03-01 11:02:00,40.54,11838,CARD
L008956,ST006,U01763,20260716114600,2026-07-16 19:31:00,31.99,9341,MEMBERSHIP
L008662,ST039,U00177,2026-05-12 06:53:00,2026-05-12 07:53:00,39.22,13609,CARD
L004693,ST034,U00906,2026-02-01 18:45:00,2026-02-01 19:42:00,108.06,41063,APP
L001462,ST021,U01196,2026-02-09 11:49:00,2026-02-09 18:11:00,35.27,10299,APP
L004620,ST032,U02149,2026-03-20 08:11:00,2026-03-20 08:54:00,56.83,21595,MEMBERSHIP
L008594,ST015,U02726,20260414191200,2026-04-14 19:45:00,55.18,17658,CARD
L010966,ST003,U02391,2026-06-20 01:44:00,2026-06-20 02:23:00,70.79,22653,APP
L010594,ST021,U02985,2026/01/16 16:21:00,2026-01-16 20:11:00,1874.0,5472,APP
L001959,ST020,U00406,2026-05-01 23:39:00,2026-05-02 00:39:00,40.45,12944,APP
L007352,ST033,U00514,20260324022400,2026-03-24 03:12:00,69.97,22390,MEMBERSHIP
L010350,ST026,U00712,2026-01-13 16:44:00,2026-01-13 17:04:00,46.85,17803,MEMBERSHIP
L011447,ST033,U02459,2026-04-20 19:34:00,2026-04-20 19:57:00,50.01,16003,CARD
L006496,ST008,U00833,20260719155300,2026-07-19 18:09:00,13.4,3417,CARD
L000141,ST039,U02365,2026-02-22 22:27:00,2026-02-22 23:27:00,30.94,10736,MEMBERSHIP
L008959,ST031,U02604,2026-01-22 05:21:00,2026-01-22 05:47:00,44.81,17028,MEMBERSHIP
L005038,ST034,U00862,2026-05-25 07:37:00,2026-05-25 08:30:00,136.82,51992,APP
L011660,ST025,U00955,2026-01-28 05:20:00,2026-01-28 08:39:00,12.86,3755,APP
L005581,ST005,U00137,2026-03-28 01:02:00,2026-03-28 01:54:00,153.74,49197,MEMBERSHIP
L009730,ST025,U01429,2026-03-02 10:18:00,2026-03-02 13:36:00,17.6,5139,CARD
L009411,ST026,U02151,2026-02-18 13:42:00,2026-02-18 14:15:00,72.77,27653,CARD
L006932,ST001,U02512,2026-07-13 05:11:00,2026-07-13 06:08:00,98.75,37525,MEMBERSHIP
L011569,ST016,U00151,2026-02-03 05:41:00,2026-02-03 13:22:00,47.44,12097,CARD
L005560,ST034,U02522,2026-03-06 15:54:00,2026-03-06 16:50:00,150.97,57369,CARD
L009869,ST029,U02374,2026/07/09 14:05:00,2026-07-09 18:44:00,36.04,10524,MEMBERSHIP
L007108,ST004,U01871,2026-02-22 03:29:00,2026-02-22 04:18:00,72.93,23338,CARD
L006549,ST023,U01299,2026-07-26 14:24:00,2026-07-26 15:13:00,28.5,9120,APP
L009780,ST008,U01207,2026-01-16 23:58:00,2026-01-17 05:29:00,23.53,6000,CARD
L007213,ST040,U00182,2026-01-26 16:22:00,2026-01-26 23:43:00,64.82,18927,APP
L005006,ST021,U01720,2026-05-27 09:43:00,2026-05-27 16:01:00,32.34,9443,APP
L007839,ST028,U02949,2026-05-01 18:52:00,2026-05-01 19:25:00,36.05,11536,CARD
L011238,ST030,U01910,2026-03-07 16:22:00,2026-03-07 16:51:00,85.04,27213,MEMBERSHIP
L005792,ST014,U02844,2026-03-12 11:02:00,2026-03-12 11:43:00,28.69,10902,MEMBERSHIP
L009285,ST028,U02803,2026-06-12 07:58:00,2026-06-12 08:22:00,29.72,,CARD
L003101,ST026,U00624,2026-04-27 06:14:00,2026-04-27 07:07:00,128.34,48769,CARD
L007639,ST014,U00848,2026-06-27 18:21:00,2026-06-27 19:04:00,25.48,9682,CARD
L010655,ST003,U00856,2026-07-15 03:07:00,2026-07-15 03:45:00,84.98,27194,MEMBERSHIP
L001578,ST026,U02571,2026-02-17 17:46:00,2026-02-17 18:17:00,76.09,28914,CARD
L006266,ST025,U01726,2026-04-05 08:38:00,2026-04-05 14:50:00,,8570,MEMBERSHIP
L009409,ST023,U02226,20260505214800,2026-05-05 22:14:00,16.31,5219,APP
L008822,ST022,U00546,20260405231400,2026-04-05 23:39:00,36.95,12822,membership
L011685,ST017,U00547,2026/04/23 21:31:00,2026-04-24 04:27:00,37.75,11023,CARD
L010390,ST033,U00244,2026/03/24 20:20:00,2026-03-24 20:50:00,50.04,16013,CARD
L010625,ST005,U00764,2026-03-27 02:38:00,2026-03-27 03:18:00,88.11,28195,MEMBERSHIP
L005847,ST005,U01524,2026-03-20 06:01:00,2026-03-20 06:30:00,55.04,17613,CARD
L010083,ST031,U00181,2026-04-23 01:32:00,2026-04-23 02:08:00,63.23,24027,CARD
L002868,ST021,U02761,2026-07-18 20:09:00,2026-07-19 03:09:00,29.06,8486,CARD
L000990,ST038,U02223,2026-02-25 23:17:00,2026-02-26 00:15:00,159.79,-51133,CARD
L003036,ST022,U00879,2026-03-08 12:32:00,2026-03-08 13:29:00,124.48,43195,APP
L011716,ST013,U01755,2026-07-24 13:25:00,2026-07-24 13:52:00,68.28,21850,APP
L011870,ST018,U01315,2026/07/20 01:47:00,2026-07-20 05:05:00,19.03,5557,APP
L004835,ST012,U02485,2026/06/12 22:49:00,2026-06-12 23:31:00,27.07,8662,membership
L004662,ST032,U01619,2026-07-03 15:28:00,2026-07-03 16:08:00,37.87,14391,MEMBERSHIP
L004776,ST017,U01289,2026-02-19 16:18:00,2026-02-19 21:01:00,21.63,6316, APP 
L001213,ST037,U01120,2026-03-22 19:09:00,2026-03-22 19:33:00,51.98,18037,APP
L000126,ST039,U02023,20260508231300,2026-05-08 23:54:00,22.16,7690,APP
L004306,ST026,U02504,2026/03/17 16:39:00,2026-03-17 17:05:00,61.41,23336,CARD
L008928,ST037,U01945,2026-05-07 09:05:00,2026-05-07 09:26:00,29.17,10122,APP
L001772,ST026,U01085,2026-05-16 10:47:00,2026-05-16 11:42:00,112.91,42906,MEMBERSHIP
L006344,ST019,U00138,2026-04-26 03:49:00,2026-04-26 04:23:00,63.23,21941,CARD
L007863,ST005,U02925,2026-01-29 13:39:00,2026-01-29 14:33:00,147.17,47094,MEMBERSHIP
L010259,ST016,U00750,20260322052100,2026-03-22 11:34:00,35.21,8979,APP
L009294,ST004,U02991,2026-01-12 02:01:00,2026-01-12 02:55:00,101.74,32557,card
L004637,ST014,U02490,2026-03-22 23:53:00,2026-03-23 00:27:00,17.84,6779,CARD
L003161,ST024,U01889,2026-03-28 08:24:00,2026-03-28 09:22:00,,58161,CARD
L000821,ST008,U02122,2026-07-12 17:30:00,2026-07-12 23:02:00,28.98,7390,APP
L009679,ST010,U00500,2026-05-10 13:44:00,2026-05-10 20:20:00,38.86,,CARD
L003024,ST006,U02864,2026-04-09 14:52:00,2026-04-09 20:05:00,31.1,9081, APP 
L005651,ST016,U02518,2026-03-26 06:15:00,2026-03-26 10:10:00,22.17,5653,APP
L005801,ST013,U00817,2026-07-16 12:07:00,2026-07-16 12:50:00,111.4,35648,MEMBERSHIP
L008835,ST014,U00142,2026-03-31 04:25:00,2026-03-31 04:50:00,14.76,5609,APP
L005525,ST036,U00179,2026-05-02 17:56:00,2026-05-02 21:35:00,23.3,6804,MEMBERSHIP
L008540,ST029,U01804,2026-03-28 00:59:00,2026-03-28 03:54:00,23.67,6912,APP
L007478,ST028,U01551,2026-03-26 21:27:00,2026-03-26 21:49:00,27.2,8704,APP
L004315,ST017,U01922,2026-07-29 00:11:00,2026-07-29 03:33:00,20.63,6024,APP
L005044,ST007,U00545,2026-06-03 18:46:00,2026-06-03 19:43:00,96.56,30899,MEMBERSHIP
L005331,ST001,U00612,2026-04-16 12:24:00,2026-04-16 13:12:00,107.77,40953,MEMBERSHIP
L002103,ST036,U00781,2026-04-13 17:28:00,2026-04-13 21:38:00,26.7,7796,APP
L003860,ST033,U02412,2026-07-11 19:41:00,2026-07-11 20:28:00,77.47,24790,CARD
L002069,ST006,U01560,2026-06-18 03:34:00,2026-06-18 09:23:00,26.77,7817,CARD
L002683,ST022,U00709,2026-06-29 23:11:00,2026-06-30 00:08:00,113.68,39447,MEMBERSHIP
L005211,ST035,U00438,2026-03-18 16:34:00,2026-03-18 23:42:00,45.48,11597,CARD
L003925,ST038,U01476,2026/02/28 18:48:00,2026-02-28 19:43:00,143.96,46067,CARD
L002661,ST002,U01215,2026-01-28 10:01:00,2026-01-28 13:03:00,28.82,8415,APP
L003881,ST031,U01556,2026/02/22 21:28:00,2026-02-22 22:07:00,78.91,29986,MEMBERSHIP
L004956,ST001,U00884,2026-05-26 20:39:00,2026-05-26 21:23:00,74.72,28394,membership
L005813,ST002,U01900,2026-03-08 16:03:00,2026-03-08 18:05:00,19.37,5656,MEMBERSHIP
L006122,ST039,U00702,2026-03-14 04:46:00,2026-03-14 05:13:00,19.93,6916,MEMBERSHIP
L006461,ST005,U00959,2026-04-19 19:04:00,2026-04-19 19:28:00,67.15,21488,CARD
L009593,ST032,U00457,2026/05/26 01:03:00,2026-05-26 01:53:00,70.46,26775,CARD
L009074,ST021,U02124,2026-07-05 13:17:00,2026-07-05 18:56:00,24.87,7262,APP
L004208,ST011,U02114,2026/05/10 15:42:00,2026-05-10 16:14:00,54.3,17376,CARD
L006732,ST019,U00647,2026-04-03 05:11:00,2026-04-03 05:31:00,58.53,20310,membership
L007901,ST019,U01249,2026/03/23 08:06:00,2026-03-23 08:57:00,93.57,32469,MEMBERSHIP
L009335,ST029,U02874,2026-05-07 10:48:00,2026-05-07 15:45:00,44.51,12997,APP
L010871,ST020,U00432,2026-01-14 20:08:00,2026-01-14 20:53:00,30.02,9606,MEMBERSHIP
L011587,ST020,U02685,2026-04-03 21:52:00,2026-04-03 22:41:00,28.55,9136,CARD
L011091,ST036,U02742,2026/01/22 06:14:00,2026-01-22 08:49:00,19.14,5589,APP
L003028,ST029,U01162,2026-07-07 12:32:00,2026-07-07 14:35:00,15.3,4468, APP 
L005287,ST001,U02116,2026-04-17 19:36:00,2026-04-17 20:32:00,117.92,44810,MEMBERSHIP
L004589,ST031,U02184,2026-02-22 01:18:00,2026-02-22 02:03:00,71.33,,APP
L004914,ST018,U00643,2026-03-26 10:02:00,2026-03-26 13:21:00,18.6,5431,MEMBERSHIP
L001673,ST016,U02521,2026-01-14 09:42:00,2026-01-14 12:18:00,16.13,4113,APP
L000809,ST033,U01361,2026-03-18 06:45:00,2026-03-18 07:38:00,95.36,30515,APP
L011705,ST019,U02595,2026-05-14 16:55:00,2026-05-14 17:48:00,100.0,34700,APP
L010589,ST021,U01417,2026-06-26 06:26:00,2026-06-26 12:04:00,31.54,9210,APP
L007481,ST038,U02854,2026-01-25 16:51:00,2026-01-25 17:14:00,47.35,15152,APP
L007785,ST010,U02749,2026-06-02 09:26:00,2026-06-02 17:10:00,44.75,13067,MEMBERSHIP
L002482,ST006,U02870,2026-04-13 07:14:00,2026-04-13 12:35:00,2863.0,"8,360",APP
L006438,ST034,U01596,2026-05-22 09:12:00,2026-05-22 09:32:00,45.66,17351,MEMBERSHIP
L007831,ST007,U01502,2026-02-17 20:39:00,2026-02-17 21:13:00,52.54,16813,MEMBERSHIP
L007289,ST021,U00171,2026-06-06 13:02:00,2026-06-06 17:40:00,23.27,6795,CARD
L009815,ST026,U02168,2026-07-02 22:27:00,2026-07-02 23:04:00,80.65,30647,CARD
L011346,ST006,U01261,2026-05-05 15:37:00,2026-05-05 21:54:00,38.99,11385,APP
L004405,ST004,U00846,2026/02/12 16:54:00,2026-02-12 17:14:00,28.2,9024,APP
L005415,ST040,U01634,2026-05-01 10:53:00,2026-05-01 15:56:00,36.14,10553,Card
L004965,ST006,U02308,20260609093200,2026-06-09 11:53:00,12.81,3741,MEMBERSHIP
L000239,ST040,U01312,2026-05-02 18:43:00,2026-05-02 23:23:00,30.26,8836,CARD
L007603,ST039,U00655,2026-01-25 21:20:00,2026-01-25 21:54:00,21.15,7339,MEMBERSHIP
L010240,ST009,U01391,2026/06/06 01:46:00,2026-06-06 02:18:00,21.17,7346,APP
L007393,ST013,U01904,2026-02-06 16:01:00,2026-02-06 16:55:00,134.73,43114,CARD
L004767,ST029,U00033,2026-03-04 03:57:00,2026-03-04 07:18:00,29.03,8477,CARD
L007538,ST019,U01865,2026-06-10 00:11:00,2026-06-10 00:40:00,69.09,23974,card
L008441,ST029,U00344,2026-02-17 12:34:00,2026-02-17 19:47:00,57.39,16758,CARD
L002527,ST027,U00877,2026-05-30 18:39:00,2026-05-30 23:35:00,25.82,7539,card
L007881,ST034,U02107,2026-01-04 10:12:00,2026-01-04 11:01:00,125.42,47660,CARD
L001210,ST013,U00992,2026-05-26 01:46:00,2026-05-26 02:41:00,112.79,36093,APP
L000410,ST029,U02247,2026-07-25 20:26:00,2026-07-26 02:58:00,58.05,16951,CARD
L006015,ST034,U00066,2026/05/08 06:10:00,2026-05-08 06:36:00,59.91,22766,MEMBERSHIP
L000116,ST027,U01225,2026-03-27 14:49:00,2026-03-27 16:59:00,11.67,3408,CARD
L009346,ST026,U01708,2026-04-17 13:36:00,2026-04-17 14:28:00,146.14,55533,CARD
L000567,ST012,U02107,2026-01-18 21:11:00,2026-01-18 22:09:00,41.72,,APP
L001520,ST034,U01216,2026-04-22 00:26:00,2026-04-22 01:24:00,163.61,62172,CARD
L001919,ST024,U00830,2026-01-01 06:05:00,2026-01-01 07:05:00,146.9,50974,CARD
L001076,ST017,U00262,20260508210600,2026-05-09 00:26:00,14.18,-4141,CARD
L008363,ST022,U02779,2026-05-19 01:43:00,2026-05-19 02:15:00,54.3,18842,APP
L001801,ST028,U02529,2026-03-03 01:19:00,2026-03-03 01:59:00,48.34,15469,APP
L003375,ST034,U01330,2026-01-16 05:23:00,2026-01-16 05:59:00,98.47,37419,CARD
L000845,ST007,U01885,20260619101600,2026-06-19 10:37:00,37.56,12019,APP
L007543,ST024,U02973,2026-07-12 09:45:00,2026-07-12 10:28:00,122.5,42508,MEMBERSHIP
L000237,ST024,U00858,2026-05-11 02:05:00,2026-05-11 03:02:00,159.1,55208,MEMBERSHIP
L003874,ST021,U01253,2026-04-13 08:36:00,2026-04-13 14:02:00,29.68,8667,CARD
L011147,ST017,U02486,2026-04-09 13:02:00,2026-04-09 19:56:00,38.28,11178,MEMBERSHIP
L001321,ST022,U00518,2026-05-29 22:03:00,2026-05-29 22:32:00,62.2,21583,APP
L008903,ST003,U00791,2026-04-23 22:51:00,2026-04-23 23:14:00,36.4,11648,CARD
L003144,ST027,U00552,2026-06-11 12:39:00,2026-06-11 16:34:00,24.67,7204,APP
L003527,ST006,U00001,2026-04-14 11:59:00,2026-04-14 16:36:00,21.22,,APP
L011848,ST018,U01125,2026-07-13 06:13:00,2026-07-13 09:52:00,17.89,5224,APP
L007689,ST008,U02228,2026-06-16 05:40:00,2026-06-16 12:46:00,42.49,10835,APP
L006667,ST012,U01964,20260306005300,2026-03-06 01:13:00,10.3,3296,MEMBERSHIP
L004839,ST038,U00507,2026-01-18 16:01:00,2026-01-18 16:31:00,85.8,27456,MEMBERSHIP
L009457,ST039,U00109,2026-06-23 14:01:00,2026-06-23 14:46:00,32.71,11350,MEMBERSHIP
L005087,ST007,U02704,2026-06-15 06:23:00,2026-06-15 06:55:00,46.69,,APP
L006311,ST035,U01300,2026-03-18 14:17:00,2026-03-18 19:45:00,45.69,11651,MEMBERSHIP
L000363,ST900,U00767,2026-06-10 22:02:00,2026-06-10 23:02:00,121.53,46181,APP
L000290,ST033,U00841,2026/06/05 12:36:00,2026-06-05 13:15:00,80.08,25626,MEMBERSHIP
L002489,ST014,U01705,2026/03/19 07:16:00,2026-03-19 07:39:00,11.87,4511,APP
L008251,ST021,U01364,2026-04-25 08:26:00,2026-04-25 14:50:00,38.04,11108,MEMBERSHIP
L006768,ST023,U02754,2026-05-01 17:38:00,2026-05-01 18:33:00,39.33,12586,MEMBERSHIP
L004408,ST024,U02343,2026-05-28 08:36:00,2026-05-28 09:26:00,92.91,32240,Card
L005804,ST001,U02157,2026-07-15 21:21:00,2026-07-15 22:04:00,60.0,22800,app
L005746,ST031,U01587,2026-02-17 05:05:00,2026-02-17 05:26:00,40.67,15455, APP 
L009538,ST010,U00618,2026-05-10 05:07:00,2026-05-10 10:37:00,28.63,8360,MEMBERSHIP
L010927,ST015,U00148,2026-03-03 15:12:00,2026-03-03 15:37:00,51.6,16512,MEMBERSHIP
L009494,ST036,U02969,20260513005800,2026-05-13 07:47:00,63.9,18659,CARD
L011651,ST009,U02010,2026-07-07 23:09:00,2026-07-07 23:35:00,17.0,5899,CARD
L000193,ST035,U02041,2026-05-11 09:49:00,2026-05-11 17:37:00,58.39,14889,APP
L006548,ST021,U01430,2026-05-01 22:43:00,2026-05-02 03:38:00,22.07,6444, APP 
L003661,ST028,U01083,2026-01-29 21:31:00,2026-01-29 22:25:00,50.8,16256,APP
L011903,ST025,U02127,2026-02-19 20:20:00,2026-02-19 23:27:00,19.54,5706,APP
L001133,ST021,U00299,2026-07-21 13:12:00,2026-07-21 20:30:00,37.86,11055,MEMBERSHIP
L002158,ST018,U02798,2026-03-17 22:25:00,2026-03-18 02:58:00,21.83,6374,MEMBERSHIP
L009957,ST036,U00176,2026-06-06 18:00:00,2026-06-06 23:09:00,41.56,12136,CARD
L007358,ST032,U01424,2026-02-22 09:42:00,2026-02-22 10:32:00,67.39,25608,MEMBERSHIP
L007404,ST014,U00213,2026-05-15 15:26:00,2026-05-15 16:25:00,32.04,12175,MEMBERSHIP
L008112,ST033,U01992,2026-03-09 22:21:00,2026-03-09 23:06:00,89.53,28650,MEMBERSHIP
L003733,ST009,U01639,2026-05-10 15:00:00,2026-05-10 15:46:00,26.01,9025,MEMBERSHIP
L004822,ST015,U00625,2026-04-02 02:31:00,2026-04-02 02:52:00,37.08,,APP
L007306,ST023,U01294,2026-03-15 18:12:00,2026-03-15 19:06:00,25.65,8208,APP
L007845,ST010,U01958,2026-04-24 23:04:00,2026-04-25 06:14:00,36.85,10760,MEMBERSHIP
L003711,ST011,U01060,20260116042000,2026-01-16 04:41:00,45.88,14682,MEMBERSHIP
L001778,ST036,U02902,2026-01-05 09:27:00,2026-01-05 14:07:00,46.13,-13470,APP
L009640,ST018,U00815,2026-05-08 17:09:00,2026-05-08 21:27:00,25.78,7528,APP
L011140,ST024,U02041,2026-07-10 02:44:00,2026-07-10 03:18:00,73.12,25373,card
L003949,ST017,U01282,20260308055600,2026-03-08 13:50:00,47.12,13759,APP
L003272,ST023,U01555,2026-06-11 17:40:00,2026-06-11 18:07:00,19.91,6371,APP
L010323,ST007,U01857,2026-01-30 15:56:00,2026-01-30 16:21:00,46.03,14730,CARD
L009188,ST001,U00462,2026-06-24 09:04:00,2026-06-24 09:37:00,45.97,17469,MEMBERSHIP
L004991,ST032,U00418,2026/01/21 14:43:00,2026-01-21 15:43:00,77.71,29530,MEMBERSHIP
L006429,ST031,U00350,2026-04-14 08:54:00,2026-04-14 09:18:00,38.85,14763,MEMBERSHIP
L001966,ST038,U02157,2026-03-14 07:56:00,2026-03-14 08:48:00,150.98,48314,MEMBERSHIP
L000481,ST004,U02283,2026-01-24 04:13:00,2026-01-24 05:01:00,82.17,26294,CARD
L008640,ST021,U02335,2026-07-17 16:12:00,2026-07-17 18:36:00,1441.0,4208,CARD
L011275,ST009,U02199,2026-07-25 20:20:00,2026-07-25 21:14:00,39.92,13852,APP
L002857,ST038,U00171,2026-06-13 22:24:00,2026-06-13 23:03:00,109.72,35110,CARD
L001128,ST034,U02686,2026-02-21 17:37:00,2026-02-21 18:14:00,89.0,33820,APP
L004598,ST020,U02805,2026-01-09 22:12:00,2026-01-09 22:52:00,22.14,,MEMBERSHIP
L004301,ST008,U01738,2026-02-16 18:59:00,2026-02-17 01:33:00,40.12,10231,MEMBERSHIP
L000134,ST017,U00003,2026/04/17 09:28:00,2026-04-17 16:22:00,33.38,"9,747",APP
L000629,ST018,U01229,2026-04-07 01:00:00,2026-04-07 06:24:00,20.93,6112,MEMBERSHIP
L005953,ST017,U00820,2026-03-17 17:22:00,2026-03-17 23:43:00,31.96,9332,membership
L006288,ST010,U00148,2026/05/20 13:47:00,2026-05-20 18:57:00,28.04,8188,MEMBERSHIP
L003937,ST019,U00220,2026-05-23 14:41:00,2026-05-23 15:29:00,99.11,34391,APP
L009770,ST008,U00120,2026-07-19 02:21:00,2026-07-19 05:49:00,17.55,4475,MEMBERSHIP
L005142,ST034,U01331,2026-02-15 20:14:00,2026-02-15 20:55:00,122.52,46558,APP
L010517,ST014,U01569,2026/02/25 22:33:00,2026-02-25 23:06:00,23.32,,CARD
L000415,ST031,U00518,2026-02-19 10:52:00,2026-02-19 11:23:00,61.6,23408,card
L011732,ST030,U00996,2026-06-04 16:23:00,2026-06-04 17:22:00,143.64,45965,CARD
L007013,ST035,U02215,2026-07-07 19:02:00,2026-07-08 02:18:00,64.83,,CARD
L005119,ST036,U01186,2026-01-07 01:02:00,2026-01-07 08:39:00,69.56,20312,CARD
L005012,ST008,U01488,2026-06-12 20:31:00,2026-06-12 22:43:00,12.19,3108,APP
L002087,ST021,U00846,2026-05-28 20:00:00,2026-05-28 22:49:00,12.84,3749,card
L001093,ST027,U02889,2026-04-20 19:37:00,2026-04-21 02:41:00,34.4,10045,APP
L006508,ST015,U00024,2026/03/02 05:34:00,2026-03-02 06:03:00,49.12,15718,MEMBERSHIP
L011165,ST040,U01130,2026-07-23 14:34:00,2026-07-23 18:46:00,34.9,10191,CARD
L011063,ST039,U00028,2026-02-01 12:27:00,2026-02-01 13:12:00,26.18,9084,MEMBERSHIP
L005437,ST030,U02265,2026-06-19 13:09:00,2026-06-19 13:39:00,62.95,20144,CARD
L006776,ST025,U02756,2026-06-24 03:29:00,2026-06-24 10:25:00,38.64,11283,APP
L004359,ST019,U01918,2026-07-10 02:14:00,2026-07-10 02:46:00,85.02,29502,APP
L010628,ST040,U02914,2026-05-22 04:01:00,2026-05-22 06:23:00,15.94,4654,CARD
L009195,ST020,U00904,20260407164000,2026-04-07 17:37:00,31.85,10192,MEMBERSHIP
L009890,ST004,U01608,20260618022300,2026-06-18 03:13:00,77.88,24922,CARD
L006510,ST024,U02026,2026-02-04 19:04:00,2026-02-04 19:55:00,108.51,37653,CARD
L008371,ST026,U01909,2026-07-09 10:44:00,2026-07-09 11:26:00,122.35,46493,CARD
L007484,ST034,U02028,2026-03-20 09:13:00,2026-03-20 09:45:00,59.95,22781,CARD
L001639,ST035,U00128,2026-03-14 08:49:00,2026-03-14 16:04:00,62.66,15978,APP
L008951,ST040,U00661,2026-03-10 12:21:00,2026-03-10 14:39:00,18.43,5382,APP
L008555,ST030,U01321,2026-04-23 06:14:00,2026-04-23 07:01:00,109.53,35050,MEMBERSHIP
L004708,ST012,U02647,2026-01-02 07:55:00,2026-01-02 08:18:00,14.14,4525,CARD
L004515,ST031,U01680,20260528054100,2026-05-28 06:14:00,51.01,19384,CARD
L009263,ST017,U00628,2026-06-05 08:43:00,2026-06-05 11:58:00,15.26,4456,Card
L003890,ST035,U00256,2026-02-25 22:05:00,2026-02-26 03:01:00,42.15,10748,CARD
L008232,ST035,U02503,2026/02/04 08:19:00,2026-02-04 12:43:00,35.83,9137,MEMBERSHIP
L011484,ST023,U01240,2026-02-03 07:18:00,2026-02-03 07:49:00,15.9,5088,APP
L006285,ST027,U01786,2026/05/13 01:39:00,2026-05-13 07:23:00,24.64,7195,membership
L010533,ST008,U01630,2026-07-18 03:25:00,2026-07-18 11:23:00,49.86,12714,MEMBERSHIP
L001392,ST016,U01331,2026-05-13 16:43:00,2026-05-13 23:41:00,40.11,10228,MEMBERSHIP
L008623,ST032,U01239,2026-06-20 20:49:00,2026-06-20 21:47:00,84.18,31988,MEMBERSHIP
L010554,ST040,U00140,2026-03-02 16:14:00,2026-03-02 18:40:00,20.07,5860,CARD
L010146,ST019,U00553,2026-02-16 14:26:00,2026-02-16 15:00:00,95.13,33010,APP
L007840,ST025,U01412,2026-07-11 14:50:00,2026-07-11 17:58:00,15.17,4430,CARD
L004872,ST018,U01310,2026/02/19 16:41:00,2026-02-19 22:35:00,36.54,10670,MEMBERSHIP
L002823,ST027,U01534,2026/02/18 19:39:00,2026-02-18 21:54:00,10.56,3084,MEMBERSHIP
L002107,ST039,U01400,2026/04/14 14:50:00,2026-04-14 15:39:00,28.43,-9865,CARD
L000786,ST033,U01716,2026-01-28 21:30:00,2026-01-28 21:54:00,34.76,,APP
L000234,ST040,U01164,2026-06-11 08:25:00,2026-06-11 16:23:00,58.14,16977, APP 
L001727,ST016,U02928,2026-04-07 05:56:00,2026-04-07 12:22:00,25.63,6536,MEMBERSHIP
L000012,ST016,U00661,2026-03-04 13:13:00,2026-03-04 17:05:00,24.18,6166,APP
L010265,ST021,U00002,2026-07-17 17:24:00,2026-07-17 22:50:00,29.26,8544,APP
L009420,ST034,U00438,2026-07-14 11:42:00,2026-07-14 12:38:00,109.24,41511,APP
L002159,ST033,U01254,20260409164900,2026-04-09 17:09:00,34.35,10992,CARD
L000849,ST035,U01087,2026-01-07 12:54:00,2026-01-07 16:07:00,27.62,7043,CARD
L004813,ST007,U02444,20260711051300,2026-07-11 06:00:00,89.69,28701,CARD
L011825,ST023,U01976,2026-06-10 22:04:00,2026-06-10 22:56:00,32.64,10445,CARD
L009496,ST025,U02109,20260106065700,2026-01-06 14:15:00,33.67,"9,832",APP
L001406,ST029,U01439,2026-07-10 18:33:00,2026-07-10 21:33:00,27.84,8129,app
L000807,ST022,U01710,2026/06/25 23:32:00,2026-06-26 00:21:00,107.21,,APP
L008372,ST036,U01076,2026-02-28 19:05:00,2026-02-28 23:21:00,35.86,10471,APP
L003067,ST005,U01350,2026-03-02 05:39:00,2026-03-02 06:09:00,63.61,20355,APP
L005101,ST018,U00390,2026-07-03 12:07:00,2026-07-03 19:03:00,35.0,10220,MEMBERSHIP
L010773,ST019,U02457,2026-02-01 13:17:00,2026-02-01 14:13:00,-,56353,CARD
L000701,ST004,U01348,2026/07/09 16:07:00,2026-07-09 16:36:00,63.45,20304,MEMBERSHIP
L001661,ST024,U00816,2026-04-23 15:51:00,2026-04-23 16:11:00,50.23,,card
L008091,ST010,U00626,2026/04/07 18:03:00,2026-04-07 22:45:00,,5460,CARD
L005971,ST030,U00713,2026-05-09 17:28:00,2026-05-09 17:56:00,79.91,25571,APP
L010487,ST025,U00422,20260327052200,2026-03-27 08:03:00,13.67,3992,MEMBERSHIP
L006531,ST003,U00081,2026-02-17 07:17:00,2026-02-17 07:45:00,55.9,17888,APP
L000455,ST009,U00695,2026-03-27 07:16:00,2026-03-27 07:47:00,15.23,5285,MEMBERSHIP
L005564,ST040,U02913,2026-07-22 13:17:00,2026-07-22 20:57:00,64.74,18904,MEMBERSHIP
L004204,ST035,U01991,2026-04-02 05:02:00,2026-04-02 07:59:00,20.82,5309,APP
L011707,ST039,U02490,2026-02-01 17:19:00,2026-02-01 17:53:00,17.94,6225,CARD
L004578,ST032,U02876,2026-01-20 18:14:00,2026-01-20 18:50:00,52.99,20136,APP
L001983,ST013,U01998,2026-05-30 10:07:00,2026-05-30 10:46:00,103.56,33139,MEMBERSHIP
L008101,ST004,U01377,2026-07-12 14:42:00,2026-07-12 15:30:00,71.8,22976,APP
L000823,ST008,U02876,2026-04-28 00:50:00,2026-04-28 04:41:00,18.2,4641,MEMBERSHIP
L006666,ST029,U00763,2026-02-05 23:32:00,2026-02-06 05:51:00,51.77,15117,MEMBERSHIP
L005464,ST008,U01795,2026-05-20 10:14:00,2026-05-20 17:31:00,37.19,9483,APP
L000840,ST004,U02290,2026-03-02 02:44:00,2026-03-02 03:38:00,76.81,,APP
L011442,ST027,U02557,2026-02-15 02:47:00,2026-02-15 08:36:00,,7431,CARD
L003398,ST026,U02569,2026-01-19 03:26:00,2026-01-19 03:55:00,60.16,22861,CARD
L001281,ST001,U01299,2026-01-13 15:03:00,2026-01-13 15:40:00,51.17,,CARD
L005911,ST010,U00534,2026/05/16 09:45:00,2026-05-16 16:15:00,37.96,11084,APP
L007945,ST001,U00509,2026-05-01 14:18:00,2026-05-01 15:13:00,111.27,42283,CARD
L007927,ST012,U00740,2026-01-24 00:14:00,2026-01-24 01:07:00,25.95,8304,CARD
L000155,ST016,U01842,2026-01-01 20:09:00,2026-01-02 00:24:00,22.78,5809,APP
L006636,ST027,U00801,2026-05-05 06:06:00,2026-05-05 13:29:00,43.61,12734,APP
L007807,ST010,U00294,2026-05-21 07:47:00,2026-05-21 15:36:00,31.72,9262,MEMBERSHIP
L002460,ST015,U01455,2026-06-20 19:36:00,2026-06-20 20:29:00,117.06,37459,APP
L005290,ST040,U02025,2026-05-07 15:07:00,2026-05-07 21:31:00,47.81,13961,APP
L009297,ST011,U02669,2026-03-12 04:21:00,2026-03-12 05:01:00,65.9,21088,CARD
L006687,ST023,U00054,20260318151400,2026-03-18 15:34:00,10.05,3216,CARD
L001793,ST003,U00353,2026-05-31 20:50:00,2026-05-31 21:40:00,112.38,,APP
L010307,ST037,U02549,2026-04-18 09:02:00,2026-04-18 09:42:00,56.49,19602,APP
L007471,ST006,U00526,2026/01/27 15:18:00,2026-01-27 22:21:00,40.48,11820,CARD
L007062,ST014,U00700,2026-04-01 15:28:00,2026-04-01 15:51:00,16.14,6133,APP
L010186,ST022,U00401,2026-05-06 19:13:00,2026-05-06 19:37:00,50.89,17659,APP
L010685,ST004,U02742,2026/01/28 22:55:00,2026-01-28 23:44:00,80.35,25712,MEMBERSHIP
L009657,ST003,U00202,2026-04-18 15:22:00,2026-04-18 16:11:00,70.09,22429,CARD
L001878,ST015,U02489,2026/07/10 19:56:00,2026-07-10 20:37:00,69.75,22320,CARD
L011031,ST026,U00204,2026-05-06 20:03:00,2026-05-06 20:59:00,153.61,58372,MEMBERSHIP
L009365,ST017,U02622,2026-03-30 15:27:00,2026-03-30 20:38:00,25.69,7501,MEMBERSHIP
L006885,ST030,U01016,2026-01-16 07:35:00,2026-01-16 07:57:00,52.8,16896,MEMBERSHIP
L000160,ST021,U02387,2026-05-25 05:31:00,2026-05-25 10:11:00,24.07,7028,CARD
L000470,ST036,U00537,2026/01/23 04:05:00,2026-01-23 09:04:00,38.96,11376,CARD
L009208,ST034,U01875,2026-04-03 10:39:00,2026-04-03 11:21:00,115.71,43970,MEMBERSHIP
L005455,ST005,U02853,2026/02/26 14:47:00,2026-02-26 15:33:00,126.7,40544,APP
L000412,ST036,U01562,2026-01-18 22:47:00,2026-01-19 03:10:00,43.05,12571,MEMBERSHIP
L008691,ST033,U01937,20260210073000,2026-02-10 05:32:00,33.37,10678,APP
L003092,ST027,U00416,2026-04-14 06:26:00,2026-04-14 14:14:00,48.82,14255,APP
L008995,ST027,U02803,2026-05-05 18:03:00,2026-05-05 20:29:00,13.21,3857,MEMBERSHIP
L001020,ST035,U00100,2026/01/18 02:30:00,2026-01-18 06:20:00,23.29,5939,APP
L008335,ST018,U00022,2026/05/21 23:06:00,2026-05-22 05:58:00,40.09,11706,APP
L006612,ST028,U00039,2026-07-18 01:58:00,2026-07-18 02:46:00,71.9,23008,CARD
L002321,ST039,U01182,2026-03-23 01:17:00,2026-03-23 01:50:00,22.08,7662,APP
L009313,ST035,U02341,20260318055700,2026-03-18 08:27:00,22.28,5681,Card
L004830,ST003,U01033,2026/01/12 08:41:00,2026-01-12 09:04:00,48.35,15472,CARD
L007295,ST009,U00852,2026-05-16 09:04:00,2026-05-16 09:33:00,21.27,7381,CARD
L008076,ST016,U01291,2026/03/22 21:45:00,2026-03-23 04:48:00,43.02,,APP
L005980,ST028,U01541,2026/05/09 23:06:00,2026-05-09 23:46:00,36.88,11802,CARD
L002398,ST008,U02568,2026-05-28 06:45:00,2026-05-28 12:05:00,25.06,6390,APP
L001390,ST011,U00737,20260503084300,2026-05-03 09:35:00,103.76,33203,app
L008625,ST014,U02876,20260125122200,2026-01-25 13:20:00,40.39,15348,CARD
L011295,ST013,U02623,2026-06-06 05:31:00,2026-06-06 05:53:00,60.97,19510,MEMBERSHIP
L011929,ST026,U00179,20260710070000,2026-07-10 07:50:00,104.94,39877,CARD
L005896,ST019,U00884,2026-01-16 04:02:00,2026-01-16 04:23:00,46.27,16056,MEMBERSHIP
L005878,ST032,U02900,2026-04-03 08:15:00,2026-04-03 08:58:00,N/A,16009,APP
L006624,ST003,U00751,2026-03-12 18:41:00,2026-03-12 19:34:00,110.47,35350,CARD
L003798,ST012,U00119,2026-03-14 00:00:00,2026-03-14 00:46:00,28.4,9088,MEMBERSHIP
L011936,ST021,U01198,20260506160500,2026-05-06 23:15:00,40.49,11823,APP
L009742,ST036,U01901,2026-05-25 17:28:00,2026-05-26 00:18:00,60.86,17771,APP
L006043,ST025,U01908,2026-06-14 05:46:00,2026-06-14 09:25:00,14.18,4141,MEMBERSHIP
L009007,ST015,U00979,20260629082600,2026-06-29 08:57:00,44.59,14269,MEMBERSHIP
L002970,ST006,U01045,2026-07-15 10:11:00,2026-07-15 12:40:00,15.36,4485,MEMBERSHIP
L011515,ST029,U00035,2026-04-09 05:17:00,2026-04-09 12:53:00,50.88,14857,CARD
L008655,ST023,U00017,2026-03-19 15:32:00,2026-03-19 16:21:00,30.59,9789,APP
L004522,ST003,U02414,2026/04/22 23:24:00,2026-04-22 23:52:00,57.51,,APP
L003274,ST008,U02778,2026-05-18 03:54:00,2026-05-18 10:46:00,35.52,9058,MEMBERSHIP
L005334,ST020,U02383,2026-01-28 12:15:00,2026-01-28 13:06:00,27.44,8781,MEMBERSHIP
L005780,ST004,U00353,2026-05-21 19:03:00,2026-05-21 19:47:00,86.24,27597,APP
L008609,ST031,U01308,20260427173100,2026-04-27 18:21:00,112.47,42739,app
L009611,ST015,U01521,2026-02-05 11:23:00,2026-02-05 12:22:00,104.74,33517,CARD
L009747,ST030,U02269,2026-06-02 04:22:00,2026-06-02 05:01:00,108.32,34662,APP
L000535,ST025,U02780,2026-02-14 04:43:00,2026-02-14 10:18:00,31.06,9070,MEMBERSHIP
L008176,ST007,U01525,2026-04-22 00:51:00,2026-04-22 01:18:00,37.74,12077,CARD
L006490,ST015,U01367,2026/05/19 00:40:00,2026-05-19 01:32:00,99.5,31840,CARD
L011266,ST036,U00027,2026-07-17 02:23:00,2026-07-17 05:27:00,19.55,5709,CARD
L003207,ST029,U02699,2026-07-22 08:29:00,2026-07-22 13:23:00,33.88,9893,CARD
L005019,ST007,U01348,2026-03-27 19:36:00,2026-03-27 20:23:00,94.69,30301,CARD
L000780,ST033,U02774,2026-07-26 13:08:00,2026-07-26 13:34:00,56.03,17930,MEMBERSHIP
L006754,ST004,U01939,2026-01-06 14:09:00,2026-01-06 15:01:00,106.79,34173,CARD
L002211,ST015,U00616,2026/06/08 16:01:00,2026-06-08 16:36:00,49.61,15875,MEMBERSHIP
L009217,ST013,U02258,2026-04-15 13:27:00,2026-04-15 14:14:00,121.95,39024,MEMBERSHIP
L000618,ST039,U02072,2026/02/01 20:28:00,2026-02-01 21:27:00,31.62,10972,CARD
L011499,ST007,U01133,2026-07-14 14:33:00,2026-07-14 15:32:00,112.32,35942,CARD
L010612,ST025,U01090,2026-06-23 03:17:00,2026-06-23 08:33:00,30.78,8988,CARD
L001056,ST014,U00778,2026-05-15 02:07:00,2026-05-15 02:55:00,33.55,12749,CARD
L000817,ST033,U02540,2026-04-09 05:37:00,2026-04-09 06:05:00,44.54,14253,CARD
L008083,ST021,U01391,2026-05-17 23:28:00,2026-05-18 03:56:00,27.73,8097,CARD
L002811,ST009,U02135,2026-04-19 22:40:00,2026-04-19 23:26:00,33.76,11715,CARD
L004029,ST003,U02385,20260207135400,2026-02-07 14:51:00,87.09,27869,APP
L001823,ST003,U02961,2026-01-13 14:58:00,2026-01-13 15:27:00,59.9,19168,MEMBERSHIP
L009422,ST020,U02450,20260113123800,2026-01-13 13:16:00,19.83,6346,CARD
L005633,ST026,U01915,2026-05-02 19:41:00,2026-05-02 20:06:00,74.91,28466,MEMBERSHIP
L006007,ST015,U01099,20260131233200,2026-02-01 00:13:00,61.7,19744,CARD
L003922,ST028,U02015,2026-06-23 02:00:00,2026-06-23 02:32:00,45.34,14509,MEMBERSHIP
L011293,ST027,U01566,20260110120300,2026-01-10 19:17:00,33.55,9797,MEMBERSHIP
L009798,ST037,U02163,2026/02/27 20:14:00,2026-02-27 21:05:00,102.83,35682,APP
L009102,ST035,U02762,2026-02-23 11:56:00,2026-02-23 15:51:00,26.9,6860,MEMBERSHIP
L011242,ST007,U02922,2026-02-22 08:43:00,2026-02-22 09:16:00,57.24,18317,MEMBERSHIP
L010794,ST027,U00868,2026/05/20 07:14:00,2026-05-20 11:35:00,17.96,5244,MEMBERSHIP
L009908,ST017,U00404,20260212181100,2026-02-12 20:51:00,15.5,,CARD
L007325,ST025,U01894,2026-06-17 05:01:00,2026-06-17 11:21:00,37.57,10970,APP
L005784,ST006,U02026,2026-02-21 06:56:00,2026-02-21 11:27:00,28.21,8237,CARD
L003593,ST024,U02528,2026-02-16 01:28:00,2026-02-16 01:54:00,70.35,24411,CARD
L009986,ST036,U02723,2026-03-01 22:27:00,2026-03-02 02:28:00,28.45,,CARD
L006469,ST009,U01751,2026-03-17 04:41:00,2026-03-17 05:40:00,29.24,10146,APP
L007549,ST038,U00174,2026/06/30 06:21:00,2026-06-30 06:50:00,78.32,25062,APP
L009454,ST010,U01794,2026-01-03 19:27:00,2026-01-03 22:40:00,17.34,5063,MEMBERSHIP
L005785,ST039,U01509,2026-05-30 16:44:00,2026-05-30 17:04:00,14.1,4893,MEMBERSHIP
L005574,ST022,U00766,2026/05/27 00:32:00,2026-05-27 01:19:00,84.18,29210,MEMBERSHIP
L011239,ST036,U00677,2026/01/17 23:32:00,2026-01-18 04:16:00,33.57,9802,MEMBERSHIP
L001144,ST014,U02889,2026-01-03 17:09:00,2026-01-03 17:33:00,16.59,6304,CARD
L004677,ST003,U01789,2026-01-17 00:56:00,2026-01-17 01:18:00,40.96,13107,MEMBERSHIP
L011422,ST030,U02040,2026/01/29 15:19:00,2026-01-29 16:05:00,99.27,31766,CARD
L010506,ST013,U01501,2026-07-16 07:38:00,2026-07-16 08:33:00,152.53,48810,CARD
L002202,ST024,U02153,2026-04-30 15:08:00,2026-04-30 16:06:00,146.58,50863,APP
L003980,ST025,U01241,2026-03-15 19:08:00,2026-03-16 02:43:00,37.28,10886,MEMBERSHIP
L008445,ST007,U01291,2026-03-14 09:34:00,2026-03-14 09:56:00,37.6,12032,APP
L001061,ST031,U00119,20260118140400,2026-01-18 14:24:00,29.66,11271,CARD
L011156,ST013,U01903,2026-07-01 07:02:00,2026-07-01 07:42:00,101.01,,CARD
L006348,ST028,U00536,20260729004600,2026-07-29 01:43:00,71.52,22886, APP 
L002561,ST030,U02754,2026-02-02 17:31:00,2026-02-02 18:14:00,119.93,38378,CARD
L001757,ST006,U02839,2026/06/03 07:50:00,2026-06-03 15:43:00,40.23,11747,MEMBERSHIP
L006100,ST015,U00520,2026-06-19 23:12:00,2026-06-19 23:50:00,66.41,21251,CARD
L001979,ST025,U02966,20260616072000,2026-06-16 14:26:00,29.34,8567,MEMBERSHIP
L006719,ST029,U02926,2026/06/05 09:58:00,2026-06-05 17:15:00,68.64,20043,MEMBERSHIP
L001677,ST002,U00804,2026-01-27 22:07:00,2026-01-28 04:14:00,46.09,13458,APP
L006516,ST032,U01168,2026-01-05 08:11:00,2026-01-05 09:07:00,,28283,CARD
L009076,ST021,U01096,2026-05-10 21:52:00,2026-05-11 03:12:00,22.56,6588,MEMBERSHIP
L007813,ST003,U01395,2026-01-30 12:42:00,2026-01-30 13:23:00,75.05,,MEMBERSHIP
L004796,ST023,U02079,2026-03-14 17:46:00,2026-03-14 18:37:00,33.87,10838,MEMBERSHIP
L011558,ST017,U00160,2026-03-28 01:37:00,2026-03-28 06:34:00,24.24,7078,CARD
L005193,ST019,U02037,2026-01-13 23:02:00,2026-01-13 23:49:00,127.32,44180,APP
L003235,ST023,U00829,20260330215600,2026-03-30 22:19:00,14.8,4736,CARD
L010550,ST023,U00661,2026-07-06 07:06:00,2026-07-06 07:54:00,31.82,10182,MEMBERSHIP
L005778,ST001,U00187,2026-03-09 18:52:00,2026-03-09 19:37:00,92.81,35268,MEMBERSHIP
L004850,ST039,U02414,2026-07-25 04:58:00,2026-07-25 05:25:00,18.71,6492,MEMBERSHIP
L005359,ST037,U02221,2026-03-14 05:25:00,2026-03-14 05:51:00,44.02,15275,CARD
L006679,ST032,U01264,20260522183700,2026-05-22 19:27:00,73.11,27782,APP
L001375,ST024,U02048,2026-04-20 12:53:00,2026-04-20 13:38:00,113.29,39312,APP
L000980,ST020,U00031,2026-05-18 22:04:00,2026-05-18 22:52:00,31.76,10163,CARD
L000997,ST037,U02619,2026-04-10 15:33:00,2026-04-10 16:32:00,132.24,45887,APP
L005120,ST021,U01982,2026-07-23 20:55:00,2026-07-23 23:13:00,14.04,4100,APP
L011066,ST026,U02348,2026/05/31 19:52:00,2026-05-31 20:43:00,114.57,43537,CARD
L003425,ST035,U01581,2026-02-04 20:45:00,2026-02-05 04:03:00,47.85,12202,CARD
L003233,ST035,U01855,20260612040400,2026-06-12 09:36:00,44.52,11353,CARD
L007628,ST020,U00319,2026-07-11 14:21:00,2026-07-11 15:04:00,26.49,8477,MEMBERSHIP
L011713,ST018,U02746,2026-04-24 14:53:00,2026-04-24 20:13:00,26.31,7683,MEMBERSHIP
L006273,ST038,U00288,2026-06-01 15:05:00,2026-06-01 15:38:00,88.25,28240,CARD
L008087,ST004,U00160,2026-03-08 15:43:00,2026-03-08 16:40:00,101.02,32326,CARD
L006221,ST011,U02538,2026-06-08 12:10:00,2026-06-08 12:36:00,45.39,14525,CARD
L000575,ST012,U00807,2026/01/20 21:07:00,2026-01-20 21:51:00,27.24,8717,MEMBERSHIP
L000035,ST030,U00861,2026/06/07 00:51:00,2026-06-07 01:48:00,122.35,39152,APP
L003721,ST014,U01067,2026-05-21 08:00:00,2026-05-21 08:34:00,21.48,8162,APP
L003649,ST031,U00803,2026-05-02 18:04:00,2026-05-02 18:56:00,83.63,31779,CARD
L000205,ST013,U02691,2026-01-05 01:35:00,2026-01-05 02:22:00,136.93,43818,APP
L005354,ST020,U01925,2026-07-07 02:52:00,2026-07-07 03:33:00,19.85,6352,APP
L011872,ST013,U02489,2026-02-09 09:50:00,2026-02-09 10:43:00,101.94,32621,APP
L003770,ST026,U02974,2026-07-25 09:16:00,2026-07-25 09:41:00,50.01,19004,MEMBERSHIP
L011456,ST004,U02298,20260314225300,2026-03-14 23:16:00,35.21,11267,APP
L010946,ST032,U00097,2026-06-14 10:21:00,2026-06-14 11:11:00,63.76,24229,APP
L008548,ST009,U02540,2026-07-12 05:26:00,2026-07-12 06:23:00,37.58,13040,MEMBERSHIP
L011203,ST005,U02187,2026-03-03 17:03:00,2026-03-03 17:47:00,90.24,28877,APP
L004771,ST025,U01870,2026-06-23 16:38:00,2026-06-23 21:06:00,19.54,5706,APP
L007344,ST003,U00345,2026-03-14 08:51:00,2026-03-14 09:28:00,72.5,23200,APP
L002112,ST004,U02010,2026-02-15 09:12:00,2026-02-15 09:58:00,83.11,26595,CARD
L000932,ST039,U02053,2026/02/12 09:45:00,2026-02-12 10:28:00,22.95,7964,APP
L003936,ST019,U01174,2026-04-30 00:13:00,2026-04-30 00:46:00,93.02,32278,MEMBERSHIP
L006400,ST013,U01065,20260407081200,2026-04-07 08:32:00,49.93,15978,MEMBERSHIP
L002607,ST023,U02160,2026-05-17 17:01:00,2026-05-17 17:24:00,13.06,4179,MEMBERSHIP
L009796,ST008,U02709,2026-06-24 22:56:00,2026-06-25 02:48:00,21.6,5508,app
L000513,ST031,U02514,2026/07/15 19:18:00,2026-07-15 20:12:00,83.96,31905,app
L010274,ST022,U00917,2026-05-01 20:10:00,2026-05-01 20:36:00,49.96,17336,APP
L000684,ST019,U01363,2026-02-26 04:03:00,2026-02-26 04:54:00,106.77,37049,MEMBERSHIP
L000059,ST001,U00142,2026/02/14 15:31:00,2026-02-14 15:52:00,43.02,16348,CARD
L006181,ST004,U01929,2026-01-04 08:25:00,2026-01-04 09:04:00,59.75,19120,MEMBERSHIP
L003519,ST007,U01276,2026-01-30 05:28:00,2026-01-30 06:25:00,95.07,30422,MEMBERSHIP
L000871,ST040,U01667,2026/03/22 18:03:00,2026-03-23 00:35:00,52.63,15368,APP
L007376,ST008,U02485,2026-04-22 06:06:00,2026-04-22 10:04:00,17.37,4429,MEMBERSHIP
L000462,ST032,U00379,2026/01/28 15:28:00,2026-01-28 16:07:00,50.57,19217,CARD
L000446,ST026,U00272,20260310042200,2026-03-10 04:45:00,68.03,,APP
L009665,ST028,U00889,20260426020200,2026-04-26 02:59:00,83.05,26576,CARD
L000075,ST029,U02905,2026-05-10 06:50:00,2026-05-10 13:12:00,4088.0,11937,card
L004631,ST033,U00828,2026-07-28 09:32:00,2026-07-28 10:00:00,51.99,16637,membership
L001301,ST028,U00220,2026-07-01 12:21:00,2026-07-01 12:49:00,29.06,9299,CARD
L002705,ST009,U00995,2026-05-04 12:48:00,2026-05-04 13:21:00,23.63,8200,CARD
L004323,ST031,U00300,2026-03-19 16:11:00,2026-03-19 16:34:00,49.8,18924,MEMBERSHIP
L000057,ST012,U01461,2026-07-07 01:28:00,2026-07-07 02:09:00,27.34,8749,MEMBERSHIP
L008001,ST032,U02996,2026-04-30 16:22:00,2026-04-30 16:43:00,19.72,7494,APP
L004753,ST040,U00313,2026-02-07 09:02:00,2026-02-07 16:37:00,52.94,15458,CARD
L005426,ST039,U00559,20260427134100,2026-04-27 14:39:00,,10531,APP
L009889,ST034,U00553,2026-07-06 23:49:00,2026-07-07 00:28:00,105.72,40174,MEMBERSHIP
L006575,ST024,U02886,20260104204700,2026-01-04 21:27:00,91.71,31823,MEMBERSHIP
L000318,ST011,U01533,2026/04/08 03:51:00,2026-04-08 04:46:00,116.86,37395,CARD
L006911,ST029,U01313,2026-01-23 02:09:00,2026-01-23 05:00:00,19.5,5694,MEMBERSHIP
L009011,ST008,U02459,20260125233000,2026-01-26 05:33:00,26.53,6765,APP
L002809,ST039,U02866,2026-06-29 16:04:00,2026-06-29 16:54:00,24.68,8564,APP
L001294,ST010,U00142,2026-02-02 23:59:00,2026-02-03 03:38:00,20.63,6024,MEMBERSHIP
L008475,ST011,U01656,2026-05-03 16:54:00,2026-05-03 17:51:00,113.99,36477,CARD
L004086,ST005,U00832,20260329170000,2026-03-29 17:22:00,41.28,13210,CARD
L011816,ST016,U02233,2026/03/19 19:18:00,2026-03-19 22:43:00,14.1,3596,CARD
L011828,ST023,U02585,2026-05-13 01:23:00,2026-05-13 02:20:00,28.52,9126,MEMBERSHIP
L008757,ST029,U01015,2026-01-08 14:48:00,2026-01-08 22:00:00,53.92,15745,CARD
L001687,ST025,U01050,2026-01-20 03:35:00,2026-01-20 10:27:00,N/A,11884,CARD
L000827,ST008,U01853,2026-01-22 00:55:00,2026-01-22 06:06:00,25.1,6400,MEMBERSHIP
L011327,ST036,U00431,2026-04-29 09:36:00,2026-04-29 12:36:00,29.53,8623,CARD
L008046,ST017,U02217,2026-05-29 15:41:00,2026-05-29 18:52:00,14.05,4103,CARD
L006254,ST019,U01923,20260621020500,2026-06-21 02:50:00,103.88,36046,CARD
L003286,ST002,U01141,2026-01-13 04:32:00,2026-01-13 10:27:00,46.27,13511,MEMBERSHIP
L001603,ST008,U00481,2026-07-10 07:26:00,2026-07-10 09:37:00,10.05,2563,APP
L002714,ST012,U01569,2026-03-07 13:37:00,2026-03-07 14:05:00,14.29,4573,CARD
L010558,ST023,U00769,2026-01-20 17:43:00,2026-01-20 18:15:00,18.65,5968,MEMBERSHIP
L009232,ST014,U01568,2026/05/14 20:58:00,2026-05-14 21:31:00,16.95,6441,MEMBERSHIP
L001530,ST016,U02418,2026-06-14 14:44:00,2026-06-14 17:48:00,17.16,4376,app
L008523,ST030,U02704,2026-05-14 15:15:00,2026-05-14 15:36:00,55.34,17709,MEMBERSHIP
L004383,ST036,U01199,2026-02-11 14:49:00,2026-02-11 19:56:00,38.66,11289,MEMBERSHIP
L001741,ST040,U02542,2026-01-22 16:03:00,2026-01-22 21:05:00,34.71,10135,APP
L001500,ST007,U02179,2026-05-26 19:49:00,2026-05-26 20:20:00,50.78,16250,APP
L008788,ST039,U00934,2026-03-16 17:12:00,2026-03-16 17:50:00,18.18,6308,MEMBERSHIP
L002011,ST009,U01657,2026-04-30 11:41:00,2026-04-30 12:37:00,27.31,9477,MEMBERSHIP
L001597,ST002,U00875,2026-05-19 02:28:00,2026-05-19 07:17:00,35.93,10492,CARD
L009871,ST015,U02320,2026-03-11 11:47:00,2026-03-11 12:36:00,73.01,23363,MEMBERSHIP
L004202,ST017,U01360,2026-05-01 13:12:00,2026-05-01 16:21:00,12.73,3717,CARD
L002753,ST036,U01211,2026-02-04 13:25:00,2026-02-04 21:02:00,65.53,19135,APP
L008837,ST006,U00249,2026-01-23 15:17:00,2026-01-23 18:41:00,16.83,4914,CARD
L005475,ST021,U02736,2026-04-08 19:56:00,2026-04-09 03:53:00,33.04,9648,CARD
L011213,ST019,U01216,2026/07/04 16:40:00,2026-07-04 17:01:00,44.17,15327,CARD
L001912,ST029,U01457,2026-05-11 16:42:00,2026-05-11 23:28:00,49.57,14474,APP
L008718,ST032,U01438,2026-02-28 09:30:00,2026-02-28 09:58:00,28.06,10663,CARD
L001566,ST027,U02347,2026/01/03 22:59:00,2026-01-04 03:43:00,23.31,6807,CARD
L004102,ST009,U00523,2026-06-03 04:27:00,2026-06-03 05:06:00,18.72,6496,CARD
L009236,ST016,U02378,2026-03-01 06:57:00,2026-03-01 13:49:00,32.45,8275,CARD
L002598,ST015,U00513,2026-06-02 18:19:00,2026-06-02 19:16:00,118.15,37808,CARD
L007735,ST019,U00225,2026-03-22 07:01:00,2026-03-22 07:40:00,111.79,38791,CARD
L011995,ST024,U02138,2026-06-10 21:58:00,2026-06-10 22:54:00,149.4,51842,MEMBERSHIP
L003753,ST024,U01089,2026-02-24 17:49:00,2026-02-24 18:27:00,88.84,30827,APP
L011236,ST024,U00805,2026-06-17 14:49:00,2026-06-17 15:23:00,65.93,,MEMBERSHIP
L007380,ST008,U00877,2026-06-25 08:28:00,2026-06-25 15:52:00,42.48,10832,APP
L009573,ST013,U02586,2026/07/16 18:58:00,2026-07-16 19:30:00,68.67,21974,MEMBERSHIP
L005955,ST004,U02167,20260630043000,2026-06-30 05:16:00,63.39,20285,CARD
L011704,ST007,U00908,20260104135300,2026-01-04 14:37:00,82.11,26275,APP
L009046,ST005,U00148,2026-05-14 19:42:00,2026-05-14 20:12:00,69.5,22240,CARD
L009848,ST021,U01756,2026-02-28 07:33:00,2026-02-28 12:15:00,27.47,8021,MEMBERSHIP
L009536,ST028,U01562,20260227145600,2026-02-27 15:26:00,31.04,9933,APP
L004013,ST021,U00913,2026-07-26 17:55:00,2026-07-26 20:36:00,12.57,3670,CARD
L009197,ST040,U00054,2026-01-25 16:49:00,2026-01-25 20:15:00,,8646,APP
L007054,ST030,U01638,2026-01-15 21:39:00,2026-01-15 22:39:00,133.75,42800,MEMBERSHIP
L011182,ST030,U00015,2026-05-22 11:20:00,2026-05-22 11:50:00,,22384,APP
L007438,ST039,U00701,2026-04-19 17:54:00,2026-04-19 18:29:00,25.96,9008,CARD
L003713,ST016,U02205,2026-01-02 14:10:00,2026-01-02 20:41:00,36.93,9417,CARD
L000502,ST016,U00161,2026-07-29 17:55:00,2026-07-30 01:51:00,38.37,9784,CARD
L002584,ST038,U01811,2026-02-12 16:43:00,2026-02-12 17:10:00,53.24,17037,CARD
L011164,ST009,U02069,2026-01-28 16:32:00,2026-01-28 16:59:00,16.84,5843,MEMBERSHIP
L005737,ST031,U00677,2026-02-18 23:06:00,2026-02-18 23:45:00,72.17,27425,CARD
L004249,ST036,U00171,2026-05-29 02:06:00,2026-05-29 04:08:00,12.81,3741,APP
L000459,ST040,U02068,2026-06-17 01:56:00,2026-06-17 06:16:00,26.38,7703,CARD
L007043,ST031,U00879,2026-01-23 08:52:00,2026-01-23 09:38:00,84.27,32023,CARD
L008269,ST006,U00621,20260615061000,2026-06-15 08:47:00,12.17,3554,APP
L002427,ST029,U01696,2026-05-12 22:13:00,2026-05-13 01:20:00,25.27,7379,MEMBERSHIP
L003450,ST021,U02103,2026-02-10 18:59:00,2026-02-10 23:49:00,18.78,5484,MEMBERSHIP
L005814,ST038,U00995,2026-04-28 19:23:00,2026-04-28 20:20:00,162.34,51949,CARD
L000171,ST013,U00452,2026-07-23 17:29:00,2026-07-23 18:14:00,102.02,32646,CARD
L010747,ST024,U00939,2026-03-10 07:19:00,2026-03-10 08:12:00,114.73,39811,APP
L011846,ST027,U00821,2026/07/17 22:06:00,2026-07-18 03:34:00,26.34,7691,APP
L004654,ST035,U00282,20260421114700,2026-04-21 16:22:00,32.26,8226,MEMBERSHIP
L007171,ST032,U00238,2026-06-26 14:00:00,2026-06-26 14:59:00,,31483,APP
L004385,ST006,U02363,20260520044700,2026-05-20 08:17:00,18.48,5396,APP
L003728,ST002,U01215,20260603182400,2026-06-03 22:15:00,34.62,10109,MEMBERSHIP
L011459,ST025,U01310,2026-04-03 12:51:00,2026-04-03 15:49:00,14.65,4278,APP
L000726,ST015,U01084,2026-02-15 12:45:00,2026-02-15 13:40:00,76.97,24630,CARD
L008698,ST028,U02782,2026-03-10 06:27:00,2026-03-10 07:05:00,47.31,15139,APP
L010421,ST007,U01189,2026-02-23 18:53:00,2026-02-23 19:38:00,88.91,28451,MEMBERSHIP
L002012,ST003,U02866,2026-03-31 10:01:00,2026-03-31 10:51:00,78.62,25158,APP
L008070,ST020,U00168,2026-05-23 05:33:00,2026-05-23 06:28:00,29.79,9533,CARD
L011315,ST030,U00210,2026-07-29 06:06:00,2026-07-29 06:40:00,86.41,27651,CARD
L009974,ST020,U01253,2026-01-21 10:43:00,2026-01-21 11:26:00,21.46,6867,APP
L006069,ST013,U02317,2026-01-23 20:47:00,2026-01-23 21:43:00,118.95,38064,CARD
L009273,ST018,U02591,2026-04-17 22:21:00,2026-04-18 00:33:00,11.19,3267,APP
L007309,ST032,U02824,2026-04-04 06:41:00,2026-04-04 07:35:00,50.79,19300, APP 
L009073,ST006,U00701,2026-05-26 17:51:00,2026-05-26 22:13:00,18.12,5291,MEMBERSHIP
L009444,ST028,U00025,2026-04-21 05:11:00,2026-04-21 05:49:00,52.54,16813,MEMBERSHIP
L001289,ST026,U02327,20260314031200,2026-03-14 04:07:00,120.49,45786,MEMBERSHIP
L011772,ST017,U02801,2026-07-11 06:30:00,2026-07-11 09:02:00,10.47,3057,CARD
L011753,ST012,U00562,2026-04-11 01:13:00,2026-04-11 01:44:00,16.95,5424,MEMBERSHIP
L001176,ST002,U01769,2026-01-05 02:25:00,2026-01-05 08:30:00,38.4,11213,APP
L001998,ST020,U00062,2026-07-23 11:17:00,2026-07-23 11:53:00,17.11,5475,CARD
L003594,ST004,U01123,2026/02/22 22:54:00,2026-02-22 23:39:00,62.03,,CARD
L005128,ST033,U01953,2026-02-22 23:28:00,2026-02-23 00:07:00,82.8,,CARD
L004443,ST018,U02999,2026/01/05 12:38:00,2026-01-05 15:18:00,11.71,3419,APP
L009523,ST004,U00003,2026-04-07 20:32:00,2026-04-07 21:09:00,81.28,26010,APP
L011697,ST026,U00221,2026/03/27 15:39:00,2026-03-27 16:34:00,162.44,61727,MEMBERSHIP
L001686,ST026,U00676,2026-04-21 19:43:00,2026-04-21 20:36:00,119.66,45471,APP
L000820,ST032,U02362,2026-04-14 21:27:00,2026-04-14 21:55:00,32.71,12430,CARD
L008568,ST020,U02352,2026-04-28 20:02:00,2026-04-28 21:02:00,33.42,10694,MEMBERSHIP
L006394,ST016,U01955,2026-06-03 06:00:00,2026-06-03 10:16:00,25.08,6395,APP
L008580,ST022,U02379,2026-07-06 07:42:00,2026-07-06 08:19:00,63.37,21989,MEMBERSHIP
L004527,ST009,U00801,2026-07-04 16:46:00,2026-07-04 17:30:00,22.49,7804,APP
L005500,ST030,U01437,2026-02-27 05:29:00,2026-02-27 06:16:00,127.16,40691,MEMBERSHIP
L008026,ST039,U02495,2026-05-23 19:18:00,2026-05-23 19:55:00,17.28,5996,APP
L005807,ST020,U02784,2026-01-05 19:23:00,2026-01-05 19:46:00,11.2,3584,MEMBERSHIP
L005822,ST034,U00503,2026-07-18 02:59:00,2026-07-18 03:55:00,150.03,57011,APP
L007614,ST022,U01070,2026-04-25 03:00:00,2026-04-25 03:56:00,95.15,33017,APP
L010635,ST019,U01405,2026-04-27 14:12:00,2026-04-27 14:45:00,63.97,22198,APP
L004770,ST013,U02516,2026-04-18 15:03:00,2026-04-18 15:45:00,95.72,30630,APP
L008814,ST035,U02687,2026-04-19 14:13:00,2026-04-19 19:34:00,50.85,12967,CARD
L002954,ST013,U00136,2026/07/10 01:26:00,2026-07-10 02:20:00,141.39,45245,card
L000406,ST038,U02711,20260514025500,2026-05-14 03:29:00,74.33,23786,MEMBERSHIP
L000648,ST040,U02414,2026-04-17 23:37:00,2026-04-18 03:02:00,28.75,8395,CARD
L009554,ST016,U01104,2026-06-26 01:05:00,2026-06-26 07:27:00,26.75,6821,CARD
L006542,ST029,U01062,2026-02-13 14:40:00,2026-02-13 17:32:00,23.69,,CARD
L003764,ST015,U02059,2026/07/03 09:53:00,2026-07-03 10:39:00,92.72,29670,APP
L002864,ST024,U00072,2026-03-25 23:53:00,2026-03-26 00:13:00,41.35,14348,CARD
L006718,ST014,U00290,2026/01/01 04:48:00,2026-01-01 05:11:00,14.57,,CARD
L004457,ST027,U01351,2026-02-27 12:12:00,2026-02-27 18:22:00,26.1,7621,CARD
L004859,ST030,U00289,2026/02/01 00:22:00,2026-02-01 00:48:00,71.61,22915,MEMBERSHIP
L005312,ST039,U01232,2026-07-26 12:04:00,2026-07-26 12:57:00,33.41,11593,CARD
L011217,ST004,U02437,2026-04-25 00:48:00,2026-04-25 01:45:00,103.89,33245,CARD
L000795,ST002,U01499,2026-05-04 00:32:00,2026-05-04 05:45:00,43.85,12804,membership
L009240,ST031,U02618,2026-03-05 23:30:00,2026-03-06 00:27:00,105.55,,MEMBERSHIP
L011521,ST034,U02845,2026-01-15 19:56:00,2026-01-15 20:53:00,157.11,59702,MEMBERSHIP
L002908,ST012,U00634,2026-06-03 16:53:00,2026-06-03 17:23:00,19.14,6125,APP
L008440,ST011,U00295,2026-04-28 02:43:00,2026-04-28 03:03:00,30.97,9910,CARD
L009116,ST027,U01882,20260727180300,2026-07-27 21:50:00,18.81,5493,MEMBERSHIP
L002268,ST039,U02680,2026-05-22 11:03:00,2026-05-22 11:50:00,33.53,11635,CARD
L003223,ST005,U00224,2026/04/23 06:21:00,2026-04-23 06:46:00,47.32,15142,MEMBERSHIP
L006437,ST021,U01379,2026-01-30 00:11:00,2026-01-30 06:59:00,41.2,12030,CARD
L000414,ST029,U00895,2026-07-05 04:19:00,2026-07-05 09:01:00,32.48,9484,APP
L009621,ST031,U01389,2026-04-18 13:11:00,2026-04-18 13:44:00,51.74,19661,CARD
L001057,ST037,U02690,2026/02/08 04:37:00,2026-02-08 05:22:00,100.05,34717,CARD
L004307,ST002,U01162,2026-05-15 09:46:00,2026-05-15 15:20:00,51.89,15152,Card
L005652,ST034,U02880,2026-03-13 22:44:00,2026-03-13 23:11:00,72.11,27402,MEMBERSHIP
L004756,ST013,U02683,2026-01-13 01:25:00,2026-01-13 02:09:00,120.7,38624,CARD
L000067,ST016,U00651,2026-03-03 05:08:00,2026-03-03 10:54:00,27.47,7005,APP
L008310,ST040,U00840,2026-05-13 21:13:00,2026-05-14 03:32:00,57.55,,APP
L004754,ST007,U01565,2026-07-08 10:15:00,2026-07-08 10:54:00,82.8,26496,APP
L000956,ST010,U00039,2026-04-07 03:17:00,2026-04-07 10:01:00,26.89,7852,APP
L002565,ST026,U01466,20260213140500,2026-02-13 15:04:00,152.2,57836,CARD
L005476,ST036,U00560,2026-05-11 17:03:00,2026-05-11 21:42:00,37.93,11076,MEMBERSHIP
L000992,ST014,U02922,2026-03-27 22:37:00,2026-03-27 23:14:00,25.7,9766,CARD
L008196,ST039,U00130,2026-02-03 12:39:00,2026-02-03 13:18:00,18.99,6590,APP
L005102,ST008,U01254,2026-03-24 00:21:00,2026-03-24 08:08:00,38.89,9917,CARD
L005779,ST033,U00376,20260309153500,2026-03-09 15:58:00,46.87,"14,998",MEMBERSHIP
L002138,ST010,U01904,2026-05-10 11:42:00,2026-05-10 17:42:00,30.05,8775,MEMBERSHIP
L006869,ST003,U01271,2026-06-07 09:21:00,2026-06-07 10:12:00,92.85,29712,CARD
L003563,ST030,U02111,2026-07-25 09:01:00,2026-07-25 09:38:00,107.15,34288,APP
L007737,ST031,U02196,2026-01-24 05:56:00,2026-01-24 06:48:00,,27839,APP
L001596,ST025,U00569,20260603120100,2026-06-03 17:16:00,30.89,9020,APP
L008252,ST010,U01599,2026/01/21 05:42:00,2026-01-21 11:15:00,23.04,6728,MEMBERSHIP
L005882,ST901,U02349,2026-05-21 12:08:00,2026-05-21 18:26:00,57.49,14660,CARD
L006507,ST021,U02041,2026-01-16 23:40:00,2026-01-17 04:54:00,28.42,8299,APP
L000468,ST030,U02702,2026-07-01 09:33:00,2026-07-01 10:31:00,160.7,51424,APP
L011345,ST005,U02747,2026/07/07 21:03:00,2026-07-07 21:37:00,100.47,32150,APP
L002352,ST003,U00205,2026-06-13 21:21:00,2026-06-13 21:53:00,70.43,22538,CARD
L004322,ST022,U02715,2026-07-27 13:07:00,2026-07-27 13:32:00,54.56,,CARD
L003512,ST005,U01148,2026-01-27 18:52:00,2026-01-27 19:27:00,82.28,26330,CARD
L010605,ST005,U02820,2026-07-01 07:26:00,2026-07-01 07:55:00,79.05,25296,MEMBERSHIP
L011448,ST033,U02919,20260609192100,2026-06-09 19:44:00,48.54,"15,533",app
L002084,ST033,U01578,2026-06-04 14:39:00,2026-06-04 15:03:00,44.02,14086,CARD
L001095,ST023,U00146,2026-01-24 15:07:00,2026-01-24 15:31:00,13.56,4339, APP 
L004878,ST035,U02721,2026-04-07 13:56:00,2026-04-07 21:22:00,72.39,18459,CARD
L006368,ST037,U00563,2026-03-01 19:19:00,2026-03-01 19:43:00,34.08,11826,MEMBERSHIP
L006492,ST003,U02022,2026-03-20 00:22:00,2026-03-20 01:06:00,60.82,19462,MEMBERSHIP
L009104,ST037,U00535,2026-07-23 15:31:00,2026-07-23 16:26:00,86.23,29922,MEMBERSHIP
L003588,ST015,U01460,2026/04/27 19:07:00,2026-04-27 20:03:00,85.89,27485,MEMBERSHIP
L009426,ST027,U00665,2026-02-26 01:32:00,2026-02-26 04:17:00,11.82,3451,APP
L011662,ST007,U02138,2026-02-17 12:04:00,2026-02-17 13:01:00,98.82,31622,MEMBERSHIP
L001973,ST027,U01513,2026-07-27 15:33:00,2026-07-27 21:38:00,36.64,10699,APP
L006470,ST012,U01323,2026-04-24 04:34:00,2026-04-24 05:29:00,30.04,,APP
L000359,ST023,U02509,2026-02-13 05:17:00,2026-02-13 05:50:00,17.49,5597,MEMBERSHIP
L003930,ST027,U01318,2026-05-16 03:47:00,2026-05-16 07:41:00,17.11,4996,CARD
L003017,ST012,U02875,2026-01-22 00:10:00,2026-01-22 00:36:00,1705.0,5456,MEMBERSHIP
L009344,ST002,U00267,2026-03-11 14:52:00,2026-03-11 22:41:00,75.91,,Card
L006607,ST014,U01725,2026-07-28 21:33:00,2026-07-28 22:28:00,31.43,11943,MEMBERSHIP
L010207,ST017,U00279,20260316010700,2026-03-16 06:11:00,27.38,7995,MEMBERSHIP
L007740,ST027,U02789,2026-05-23 07:11:00,2026-05-23 09:14:00,12.13,,MEMBERSHIP
L011395,ST010,U01956,2026-02-08 11:21:00,2026-02-08 18:42:00,38.33,11192,CARD
L005948,ST030,U00726,2026-03-13 17:13:00,2026-03-13 17:50:00,76.07,24342,MEMBERSHIP
L007670,ST026,U01193,2026-06-11 04:42:00,2026-06-11 05:42:00,110.83,42115,membership
L006179,ST031,U01261,2026-06-12 15:18:00,2026-06-12 16:17:00,129.77,49313,MEMBERSHIP
L008990,ST012,U00557,20260103060600,2026-01-03 06:28:00,11.06,3539,CARD
L002445,ST032,U02025,2026-05-03 23:08:00,2026-05-03 23:44:00,42.25,16055,CARD
L005170,ST019,U01647,2026-03-07 12:19:00,2026-03-07 12:45:00,75.46,26185,CARD
L009787,ST023,U02515,2026-07-02 17:31:00,2026-07-02 18:28:00,42.16,13491,MEMBERSHIP
L007909,ST037,U00646,20260128113600,2026-01-28 12:10:00,69.03,23953,MEMBERSHIP
L002121,ST040,U00848,2026-04-29 17:05:00,2026-04-29 21:27:00,32.6,9519,CARD
L011693,ST009,U00910,2026-01-13 02:47:00,2026-01-13 03:20:00,19.14,6642,APP
L009045,ST018,U02027,2026-06-21 09:49:00,2026-06-21 13:03:00,17.25,,MEMBERSHIP
L008723,ST003,U02803,2026-03-13 06:42:00,2026-03-13 07:03:00,31.55,10096,CARD
L002901,ST009,U01590,2026-04-03 23:10:00,2026-04-04 00:01:00,37.64,13061,CARD
L004305,ST036,U00812,2026-06-12 23:04:00,2026-06-13 03:22:00,39.64,"11,575",APP
L005660,ST008,U00625,2026-03-05 04:10:00,2026-03-05 12:09:00,34.35,,app
L008268,ST002,U02517,2026-03-29 20:13:00,2026-03-30 01:30:00,36.41,10632,CARD
L009841,ST038,U00833,2026-03-11 13:06:00,2026-03-11 13:27:00,57.08,18266,CARD
L005460,ST010,U00248,2026-06-22 13:50:00,2026-06-22 18:05:00,24.78,7236,CARD
L005342,ST015,U01720,20260729223100,2026-07-29 23:05:00,52.3,16736,MEMBERSHIP
L000148,ST017,U00999,20260210024300,2026-02-10 08:20:00,28.13,8214,Card
L009271,ST026,U01665,20260107091300,2026-01-07 10:10:00,151.61,57612,CARD
L010551,ST033,U01924,2026-03-08 16:26:00,2026-03-08 17:02:00,73.38,23482,CARD
L010317,ST012,U02982,20260402181600,2026-04-02 18:54:00,23.87,7638,MEMBERSHIP
L001480,ST029,U02046,2026-01-09 09:39:00,2026-01-09 11:42:00,18.95,5533,MEMBERSHIP
L005176,ST020,U02582,2026-01-23 23:21:00,2026-01-23 23:50:00,,6304,CARD
L001090,ST004,U02430,2026/02/13 14:17:00,2026-02-13 15:12:00,113.51,36323,CARD
L001299,ST035,U02557,2026-05-24 04:37:00,2026-05-24 07:35:00,18.28,4661,MEMBERSHIP
L000651,ST032,U00570,2026-07-10 19:02:00,2026-07-10 19:22:00,29.2,11096,MEMBERSHIP
L010735,ST012,U00395,2026-07-25 23:23:00,2026-07-25 23:43:00,11.86,3795,MEMBERSHIP
L004646,ST002,U01736,2026-04-14 22:01:00,2026-04-15 02:47:00,45.32,"13,233",MEMBERSHIP
L004300,ST010,U01222,2026-06-02 08:57:00,2026-06-02 16:48:00,47.03,13733,APP
L005691,ST007,U01987,2026-01-24 09:12:00,2026-01-24 10:05:00,80.85,25872,CARD
L006711,ST014,U02965,2026-06-22 18:23:00,2026-06-22 18:50:00,14.4,5472,MEMBERSHIP
L002397,ST029,U00158,2026-03-12 02:24:00,2026-03-12 06:02:00,33.84,9881,CARD
L011702,ST026,U01844,2026-04-04 05:23:00,2026-04-04 06:13:00,142.33,"54,085",CARD
L004798,ST039,U02788,2026/03/18 00:45:00,2026-03-18 01:34:00,25.13,8720,CARD
L011153,ST040,U00710,2026-07-12 17:42:00,2026-07-12 23:28:00,36.15,10556,CARD
L006032,ST028,U01857,2026-05-26 00:55:00,2026-05-26 01:38:00,44.35,14192,membership
L001241,ST018,U02986,2026-01-16 22:04:00,2026-01-17 01:11:00,17.6,5139,MEMBERSHIP
L000722,ST006,U00847,2026-05-12 13:57:00,2026-05-12 16:35:00,12.61,3682,CARD
L001768,ST002,U02503,2026-04-13 03:19:00,2026-04-13 09:35:00,47.42,13847,MEMBERSHIP
L004592,ST026,U00297,20260108204000,2026-01-08 21:29:00,110.49,41986,CARD
L003866,ST014,U00358,2026-03-17 03:23:00,2026-03-17 03:54:00,15.37,5841,CARD
L002770,ST028,U02148,2026/05/21 17:54:00,2026-05-21 18:51:00,79.02,25286,CARD
L001840,ST009,U00352,2026-06-17 04:32:00,2026-06-17 05:11:00,23.89,8290,MEMBERSHIP
L000510,ST038,U00210,20260703161700,2026-07-03 16:54:00,88.81,28419,MEMBERSHIP
L002212,ST027,U00331,2026-06-11 04:11:00,2026-06-11 09:52:00,32.24,9414,MEMBERSHIP
L002534,ST014,U01704,2026-03-20 22:59:00,2026-03-20 23:49:00,35.75,13585,membership
L002689,ST002,U00065,2026/04/15 01:21:00,2026-04-15 08:38:00,58.99,17225,CARD
L009893,ST040,U01565,2026-01-13 18:09:00,2026-01-13 21:02:00,20.65,6030,APP
L005205,ST007,U00238,2026/01/06 01:18:00,2026-01-06 02:01:00,84.8,27136,MEMBERSHIP
L002309,ST005,U01215,2026-05-02 09:04:00,2026-05-02 09:54:00,147.87,47318,APP
L009638,ST001,U02035,2026-06-22 20:40:00,2026-06-22 21:12:00,58.43,22203,CARD
L003521,ST028,U02279,2026-03-05 02:49:00,2026-03-05 03:36:00,52.43,16778,CARD
L003524,ST015,U01074,2026-03-16 04:28:00,2026-03-16 04:54:00,53.68,17178,MEMBERSHIP
L002229,ST035,U02997,2026-02-23 21:01:00,2026-02-24 04:35:00,46.5,11858,CARD
L007284,ST039,U01075,2026-04-06 20:52:00,2026-04-06 21:22:00,15.43,5354,APP
L004094,ST033,U02063,2026-02-23 09:46:00,2026-02-23 10:40:00,93.2,29824,CARD
L009774,ST033,U02135,2026-07-06 18:20:00,2026-07-06 19:07:00,100.1,32032,APP
L001238,ST001,U01007,2026-01-09 14:41:00,2026-01-09 15:34:00,99.35,37753,APP
L003768,ST031,U02561,2026/01/10 15:08:00,2026-01-10 15:35:00,53.11,20182,MEMBERSHIP
L001977,ST027,U00901,2026-01-27 09:16:00,2026-01-27 13:52:00,23.65,6906,APP
L005305,ST009,U00116,2026-06-02 07:14:00,2026-06-02 07:44:00,17.88,6204,APP
L001021,ST029,U01861,2026-06-03 16:13:00,2026-06-03 19:50:00,29.14,8509,CARD
L009512,ST037,U02514,2026/07/10 07:39:00,2026-07-10 08:28:00,73.93,25654,MEMBERSHIP
L000169,ST017,U00722,2026/03/04 18:34:00,2026-03-04 22:54:00,17.23,5031,MEMBERSHIP
L010163,ST037,U01769,2026-07-17 23:39:00,2026-07-18 00:23:00,76.01,26375,MEMBERSHIP
L003734,ST022,U02544,2026-06-30 08:20:00,2026-06-30 09:03:00,70.76,24554,APP
L002234,ST028,U01535,2026/03/07 10:35:00,2026-03-07 11:13:00,48.35,15472,CARD
L002595,ST038,U02170,2026-02-22 00:14:00,2026-02-22 01:10:00,161.61,51715,CARD
L001580,ST011,U00102,2026-07-21 22:02:00,2026-07-21 22:56:00,74.32,23782,CARD
L000115,ST008,U00482,2026-05-09 22:22:00,2026-05-10 05:30:00,31.53,8040,CARD
L009767,ST026,U00911,2026-04-17 18:11:00,2026-04-17 18:54:00,114.18,43388,APP
L007719,ST012,U02852,2026-02-07 21:22:00,2026-02-07 22:21:00,30.41,9731,APP
L003771,ST026,U00850,2026-07-17 21:19:00,2026-07-17 21:43:00,58.72,22314,MEMBERSHIP
L007864,ST014,U01757,2026-06-19 03:01:00,2026-06-19 03:52:00,28.98,11012,MEMBERSHIP
L004310,ST008,U00319,2026-04-28 16:45:00,2026-04-29 00:28:00,45.93,,CARD
L007833,ST005,U01238,20260120011700,2026-01-20 02:15:00,109.03,34890,CARD
L006832,ST001,U02757,2026-01-14 05:48:00,2026-01-14 06:47:00,93.96,35705,CARD
L011631,ST030,U01979,2026-06-06 09:32:00,2026-06-06 10:17:00,126.39,40445,CARD
L011207,ST001,U01195,2026-07-12 13:58:00,2026-07-12 14:28:00,,17731,APP
L001786,ST016,U01401,2026/04/15 02:06:00,2026-04-15 06:50:00,20.91,5332,APP
L001881,ST033,U02050,2026-03-13 13:36:00,2026-03-13 14:13:00,56.26,18003,MEMBERSHIP
L004337,ST001,U00597,2026-01-05 14:09:00,2026-01-05 14:41:00,57.71,21930,MEMBERSHIP
L008857,ST017,U00908,2026-02-07 09:41:00,2026-02-07 14:09:00,20.61,6018,MEMBERSHIP
L003790,ST038,U01338,2026-01-01 08:45:00,2026-01-01 09:14:00,82.58,26426,APP
L006582,ST020,U01801,2026-03-11 01:41:00,2026-03-11 02:25:00,24.16,7731,CARD
L011736,ST024,U01580,2026-06-17 08:28:00,2026-06-17 09:03:00,76.68,26608, APP 
L002215,ST013,U00517,20260614232000,2026-06-15 00:09:00,98.91,31651,MEMBERSHIP
L000206,ST040,U00349,2026-06-21 04:19:00,2026-06-21 09:38:00,51.41,15012,APP
L008218,ST028,U00082,2026-01-26 07:42:00,2026-01-26 08:29:00,66.44,21261,APP
L003138,ST032,U00556,2026-07-09 14:12:00,2026-07-09 14:52:00,45.12,,CARD
L009696,ST035,U01734,2026-07-21 20:38:00,2026-07-22 01:15:00,30.27,7719,MEMBERSHIP
L005809,ST017,U02276,2026-02-08 20:08:00,2026-02-08 22:25:00,11.68,3411,MEMBERSHIP
L006825,ST001,U00313,20260518112500,2026-05-18 12:09:00,76.39,29028,APP
L006272,ST005,U01374,2026-03-26 03:55:00,2026-03-26 04:18:00,47.38,15162,CARD
L002101,ST039,U02247,2026-06-11 04:56:00,2026-06-11 05:45:00,33.35,11572,CARD
L001178,ST004,U02107,20260414061700,2026-04-14 06:56:00,58.12,18598,CARD
L002349,ST022,U00530,2026-03-11 23:54:00,2026-03-12 00:24:00,42.41,14716,CARD
L001761,ST007,U02406,20260131190500,2026-01-31 19:26:00,35.48,,APP
L007073,ST015,U02681,2026/05/31 10:54:00,2026-05-31 11:43:00,99.86,31955,APP
L005171,ST005,U02656,2026-03-09 22:23:00,2026-03-09 23:18:00,137.8,44096,CARD
L010579,ST006,U01233,20260220063800,2026-02-20 11:40:00,21.6,6307,MEMBERSHIP
L008039,ST028,U00214,2026/04/13 03:48:00,2026-04-13 04:38:00,55.08,17626,MEMBERSHIP
L006064,ST025,U01956,2026-01-09 00:58:00,2026-01-09 08:41:00,48.39,14130,MEMBERSHIP
L006811,ST022,U00810,2026-01-08 20:34:00,2026-01-08 21:30:00,93.61,32483,CARD
L002668,ST012,U02698,2026/06/12 15:19:00,2026-06-12 16:03:00,29.88,9562,CARD
L011571,ST018,U00470,2026-02-21 14:03:00,2026-02-21 19:31:00,22.95,6701,APP
L005085,ST012,U00969,2026/02/19 00:16:00,2026-02-19 00:49:00,18.86,6035,MEMBERSHIP
L005708,ST005,U01101,20260224203800,2026-02-24 21:27:00,121.22,38790,APP
L002023,ST019,U00195,2026/06/20 11:26:00,2026-06-20 11:58:00,-,21018,MEMBERSHIP
L004915,ST016,U02091,20260310193500,2026-03-11 01:28:00,33.7,8594,MEMBERSHIP
L003202,ST031,U02027,20260103234600,2026-01-04 00:19:00,54.42,20680,APP
L001357,ST004,U02170,2026-02-17 09:59:00,2026-02-17 10:23:00,37.34,11949,APP
L007313,ST007,U00754,2026-04-03 05:57:00,2026-04-03 06:39:00,92.29,29533,MEMBERSHIP
L009805,ST005,U02965,20260704212800,2026-07-04 21:53:00,71.01,,MEMBERSHIP
L002209,ST005,U00538,2026-07-21 09:26:00,2026-07-21 09:46:00,49.13,15722,CARD
L001380,ST002,U01588,2026-06-05 02:35:00,2026-06-05 09:01:00,53.67,,MEMBERSHIP
L005471,ST020,U02707,2026-01-31 03:27:00,2026-01-31 04:04:00,27.11,8675,CARD
L011209,ST024,U02164,2026-05-11 07:50:00,2026-05-11 08:48:00,119.65,41519,MEMBERSHIP
L009443,ST027,U02259,2026-04-17 14:48:00,2026-04-17 22:06:00,35.48,10360,APP
L004687,ST036,U00483,2026-01-14 04:09:00,2026-01-14 03:11:00,20.19,5895,MEMBERSHIP
L001978,ST020,U00397,2026-05-06 08:51:00,2026-05-06 09:27:00,16.52,5286, APP 
L000283,ST009,U01844,2026/03/24 13:33:00,2026-03-24 14:09:00,22.02,7641, APP 
L009383,ST026,U02196,20260227112000,2026-02-27 11:51:00,59.28,22526,CARD
L001179,ST028,U01602,20260324140300,2026-03-24 14:53:00,72.15,23088,APP
L009926,ST005,U02473,2026-06-21 01:37:00,2026-06-21 02:15:00,,24122,APP
L009846,ST012,U02397,2026-02-07 11:59:00,2026-02-07 12:32:00,24.51,7843,APP
L006765,ST002,U02382,2026-04-30 12:52:00,2026-04-30 15:24:00,22.7,6628,Card
L001420,ST023,U00514,2026-07-13 17:48:00,2026-07-13 18:11:00,17.22,5510,APP
L011568,ST017,U01393,2026-07-22 00:17:00,2026-07-22 02:28:00,12.62,3685,Card
L004186,ST037,U01014,2026-02-25 08:27:00,2026-02-25 09:20:00,107.0,37129,MEMBERSHIP
L006163,ST001,U00876,2026/05/13 11:29:00,2026-05-13 12:18:00,84.85,32243,CARD
L004047,ST010,U02832,20260420103500,2026-04-20 13:45:00,19.34,5647,CARD
L004355,ST009,U01446,2026-04-02 22:51:00,2026-04-02 23:36:00,29.03,10073,Card
L002905,ST027,U01200,2026-03-02 12:58:00,2026-03-02 20:52:00,38.21,11157,MEMBERSHIP
L007446,ST010,U01213,2026-02-07 04:36:00,2026-02-07 12:00:00,45.09,13166,MEMBERSHIP
L010776,ST016,U01157,2026-04-05 12:42:00,2026-04-05 20:37:00,38.44,9802,Card
L011230,ST018,U01144,20260210102200,2026-02-10 15:39:00,22.61,6602,APP
L003198,ST011,U02073,2026-03-23 04:10:00,2026-03-23 04:36:00,51.55,16496,CARD
L000175,ST012,U01704,2026-06-16 17:10:00,2026-06-16 18:01:00,27.46,8787,CARD
L001004,ST007,U01965,2026-01-31 18:59:00,2026-01-31 19:50:00,110.32,35302,APP
L003415,ST027,U01069,2026-04-23 01:15:00,2026-04-23 04:59:00,16.09,4698,CARD
L009085,ST006,U01801,2026-02-13 02:16:00,2026-02-13 09:09:00,27.27,7963,MEMBERSHIP
L004748,ST016,U00036,2026-07-13 11:43:00,2026-07-13 18:45:00,29.78,7594,Card
L000864,ST025,U02508,2026-04-05 10:33:00,2026-04-05 13:36:00,15.9,4643,MEMBERSHIP
L003424,ST002,U02339,2026-05-11 22:21:00,2026-05-12 03:30:00,32.72,9554,MEMBERSHIP
L005773,ST017,U01823,2026-04-25 13:43:00,2026-04-25 21:39:00,48.68,14215,Card
L009605,ST040,U00967,2026-06-26 06:42:00,2026-06-26 14:16:00,61.07,17832,MEMBERSHIP
L007935,ST009,U02105,2026-01-20 05:17:00,2026-01-20 05:44:00,19.31,6701,card
L004667,ST005,U02478,2026-02-14 23:20:00,2026-02-14 23:45:00,53.81,17219,card
L000003,ST006,U00011,20260419205800,2026-04-19 23:47:00,15.31,4471,APP
L006623,ST001,U02950,2026-03-30 07:48:00,2026-03-30 08:10:00,48.2,18316,MEMBERSHIP
L000818,ST003,U00344,20260126230000,2026-01-26 23:22:00,47.12,15078,MEMBERSHIP
L007955,ST029,U00767,2026-02-25 10:49:00,2026-02-25 13:25:00,16.08,4695,CARD
L000945,ST027,U01225,20260728091700,2026-07-28 14:06:00,24.43,7134,APP
L002982,ST035,U01491,2026/04/27 20:54:00,2026-04-28 03:32:00,63.43,"16,175",APP
L004676,ST038,U01583,2026-04-22 02:20:00,2026-04-22 03:07:00,120.27,38486,APP
L002316,ST028,U01120,2026-07-15 01:00:00,2026-07-15 01:42:00,45.05,14416,CARD
L005895,ST025,U02638,20260424205300,2026-04-24 23:08:00,12.03,3513,CARD
L010906,ST022,U00089,2026-02-04 02:03:00,2026-02-04 02:55:00,83.59,29006,MEMBERSHIP
L003256,ST018,U02012,2026-02-04 02:18:00,2026-02-04 04:57:00,13.47,3933,MEMBERSHIP
L001277,ST036,U02795,2026-04-27 10:26:00,2026-04-27 14:20:00,36.17,10562,APP
L001353,ST001,U00444,2026-01-25 19:19:00,2026-01-25 19:45:00,49.82,18932,APP
L005680,ST025,U01279,2026-02-03 06:43:00,2026-02-03 14:23:00,44.88,13105,CARD
L009558,ST035,U01210,2026-04-03 22:42:00,2026-04-04 02:50:00,37.84,9649,CARD
L008382,ST010,U01453,2026-04-20 17:35:00,2026-04-20 20:15:00,11.91,3478,CARD
L007558,ST011,U01220,2026-03-16 02:15:00,2026-03-16 03:05:00,102.46,,APP
L000476,ST031,U00946,2026-01-09 03:24:00,2026-01-09 04:23:00,88.63,33679,CARD
L008929,ST040,U01142,2026-02-02 05:31:00,2026-02-02 13:08:00,52.83,15426,APP
L003652,ST011,U01412,2026/04/16 17:59:00,2026-04-16 18:52:00,116.73,37354,CARD
L002271,ST029,U02968,2026-01-22 04:43:00,2026-01-22 07:42:00,26.08,7615,MEMBERSHIP
L011034,ST038,U01710,2026-03-10 06:54:00,2026-03-10 07:30:00,93.14,29805,APP
L000705,ST009,U01666,2026/03/04 14:27:00,2026-03-04 15:11:00,29.24,10146,APP
L010394,ST036,U02229,2026-06-28 12:51:00,2026-06-28 18:38:00,39.31,"11,479",Card
L000952,ST006,U01676,2026-06-06 22:25:00,2026-06-07 05:21:00,31.65,9242,APP
L003786,ST036,U00678,2026-05-13 08:02:00,2026-05-13 11:20:00,24.48,7148,APP
L008264,ST030,U00242,2026-04-03 22:31:00,2026-04-03 23:18:00,133.52,42726,CARD
L010491,ST036,U02471,2026-07-25 17:06:00,2026-07-25 20:51:00,33.77,"9,861",CARD
L008965,ST005,U02498,2026-04-26 03:19:00,2026-04-26 03:50:00,89.81,28739,CARD
L008764,ST003,U02288,2026-02-24 19:32:00,2026-02-24 20:25:00,88.83,28426,APP
L007569,ST024,U01371,2026-04-23 10:22:00,2026-04-23 11:04:00,91.58,31778,CARD
L007136,ST036,U02719,2026-02-03 11:21:00,2026-02-03 14:14:00,19.66,5741,APP
L011159,ST013,U01466,2026-07-06 10:22:00,2026-07-06 10:58:00,74.64,23885,APP
L006307,ST039,U00912,2026-05-12 00:27:00,2026-05-12 01:11:00,29.73,10316,CARD
L005091,ST029,U01747,20260606132900,2026-06-06 18:40:00,34.93,10200,APP
L008825,ST031,U00598,2026/01/18 03:07:00,2026-01-18 03:52:00,79.93,30373,MEMBERSHIP
L001296,ST019,U00052,2026-06-14 22:44:00,2026-06-14 23:09:00,62.59,21719,MEMBERSHIP
L006627,ST037,U01098,2026-04-16 13:08:00,2026-04-16 13:30:00,30.45,10566,MEMBERSHIP
L002189,ST038,U00714,2026-07-19 22:01:00,2026-07-19 23:01:00,126.41,40451,MEMBERSHIP
L005368,ST037,U02938,2026-05-07 05:56:00,2026-05-07 06:29:00,50.67,17582,APP
L005719,ST002,U01676,2026/06/13 20:54:00,2026-06-14 01:32:00,41.57,12138,CARD
L005059,ST018,U02806,20260327081600,2026-03-27 12:18:00,21.0,6132,APP
L008670,ST028,U00244,2026-02-23 13:08:00,2026-02-23 13:48:00,58.59,18749,CARD
L006526,ST018,U01099,2026-04-06 13:23:00,2026-04-06 17:34:00,19.86,5799,APP
L003731,ST016,U02797,2026-02-28 03:59:00,2026-02-28 08:29:00,2405.0,6133,CARD
L004893,ST007,U01295,2026-06-05 03:53:00,2026-06-05 04:14:00,29.97,9590,MEMBERSHIP
L011386,ST038,U01961,2026-02-21 21:32:00,2026-02-21 22:13:00,104.97,33590,APP
L002902,ST011,U00225,2026/03/14 03:32:00,2026-03-14 04:08:00,61.06,19539,CARD
L000628,ST021,U01103,20260202195300,2026-02-03 02:29:00,34.48,10068,MEMBERSHIP
L008222,ST006,U00726,2026-07-07 22:22:00,2026-07-08 03:11:00,23.25,6789,MEMBERSHIP
L011886,ST003,U02586,20260531102400,2026-05-31 11:12:00,66.78,21370,MEMBERSHIP
L001873,ST025,U02605,2026/05/31 06:00:00,2026-05-31 13:55:00,32.58,9513,CARD
L011607,ST011,U02622,2026-05-29 16:59:00,2026-05-29 17:19:00,29.68,9498,MEMBERSHIP
L004400,ST006,U02829,2026/07/23 23:30:00,2026-07-24 03:05:00,15.01,4383,MEMBERSHIP
L004974,ST006,U01811,2026-02-26 17:08:00,2026-02-26 20:07:00,17.95,5241,MEMBERSHIP
L009112,ST014,U02755,2026/05/10 06:00:00,2026-05-10 06:56:00,33.34,12669,APP
L005049,ST021,U02973,2026/02/28 14:44:00,2026-02-28 22:10:00,30.87,9014,APP
L005355,ST009,U00049,2026-05-22 06:01:00,2026-05-22 06:32:00,21.29,7388,APP
L009081,ST026,U00808,20260318060200,2026-03-18 06:56:00,111.41,42336,APP
L000098,ST033,U00407,2026-04-30 09:48:00,2026-04-30 10:32:00,81.16,25971,MEMBERSHIP
L003754,ST004,U02747,2026-02-25 21:07:00,2026-02-25 21:45:00,84.82,27142,APP
L011574,ST011,U02928,2026-03-19 20:35:00,2026-03-19 21:02:00,40.76,13043,MEMBERSHIP
L002955,ST007,U02553,2026-02-08 04:06:00,2026-02-08 04:47:00,,22765, APP 
L005321,ST035,U00750,20260323152700,2026-03-23 20:01:00,33.94,8655,APP
L007370,ST001,U02614,2026-03-29 12:36:00,2026-03-29 13:30:00,120.17,45665,APP
L008226,ST007,U00859,2026/01/22 17:12:00,2026-01-22 18:06:00,74.54,23853,APP
L010555,ST025,U00433,2026-04-18 13:30:00,2026-04-18 19:54:00,26.85,7840,MEMBERSHIP
L007981,ST028,U00855,2026-07-13 02:52:00,2026-07-13 03:31:00,40.42,12934,membership
L009779,ST020,U01854,20260509085800,2026-05-09 09:40:00,23.91,7651,MEMBERSHIP
L000213,ST006,U02947,2026/02/08 22:43:00,2026-02-09 02:00:00,12.65,3694,MEMBERSHIP
L010290,ST003,U02660,2026-06-02 21:56:00,2026-06-02 22:34:00,69.16,-22131,MEMBERSHIP
L005138,ST013,U00924,2026-04-18 07:08:00,2026-04-18 08:00:00,96.46,30867,APP
L005639,ST034,U00739,2026-02-06 21:30:00,2026-02-06 22:17:00,132.89,50498,MEMBERSHIP
L006669,ST008,U01080,2026-01-19 00:26:00,2026-01-19 07:57:00,43.17,11008,app
L001386,ST005,U01312,2026/04/29 05:19:00,2026-04-29 05:54:00,65.75,21040,MEMBERSHIP
L005962,ST009,U01504,2026-04-12 04:11:00,2026-04-12 04:40:00,,7544,MEMBERSHIP
L003040,ST017,U01252,2026-01-14 01:16:00,2026-01-14 08:41:00,N/A,11321,app
L004778,ST022,U01983,20260504175600,2026-05-04 18:30:00,56.34,19550,APP
L005898,ST010,U01370,2026-02-19 02:53:00,2026-02-19 10:51:00,N/A,9318,APP
L005615,ST024,U00139,2026/03/18 04:32:00,2026-03-18 05:08:00,99.65,34579,APP
L007323,ST021,U02793,2026/07/29 13:46:00,2026-07-29 18:29:00,28.61,"8,354",APP
L004323,ST031,U00300,2026/03/19 16:11:00,2026-03-19 16:34:00,49.8,18924,MEMBERSHIP
L008047,ST037,U01295,2026-05-17 12:26:00,2026-05-17 13:08:00,79.26,27503,CARD
L009821,ST003,U01453,2026-06-01 13:43:00,2026-06-01 14:12:00,58.78,18810,CARD
L004159,ST031,U01157,2026-01-16 10:08:00,2026-01-16 11:06:00,126.74,48161,CARD
L001477,ST033,U02219,2026-02-25 20:17:00,2026-02-25 21:05:00,100.52,32166,APP
L008491,ST033,U00388,20260428051100,2026-04-28 05:52:00,89.88,,MEMBERSHIP
L001629,ST039,U00746,20260108003200,2026-01-08 01:27:00,34.13,11843,card
L004644,ST034,U00594,2026/06/18 10:32:00,2026-06-18 11:24:00,97.41,37016,MEMBERSHIP
L000886,ST001,U01949,2026/01/05 16:27:00,2026-01-05 17:21:00,105.5,40090,MEMBERSHIP
L001566,ST027,U02347,2026/01/03 22:59:00,2026-01-04 03:43:00,23.31,6807,CARD
L007658,ST026,U02161,2026/03/01 15:41:00,2026-03-01 16:18:00,74.72,,CARD
L008824,ST033,U00581,2026-03-23 11:08:00,2026-03-23 11:51:00,90.66,29011,APP
L007305,ST024,U01220,2026-05-12 09:12:00,2026-05-12 10:02:00,130.51,45287,APP
L001162,ST003,U02335,2026-06-13 20:25:00,2026-06-13 21:06:00,78.63,25162,CARD
L004558,ST020,U00076,2026-04-12 13:28:00,2026-04-12 14:07:00,26.81,8579,MEMBERSHIP
L009721,ST002,U02496,2026/04/08 16:55:00,2026-04-08 22:04:00,33.79,9867,APP
L011104,ST022,U01334,2026-01-05 06:56:00,2026-01-05 07:42:00,90.89,31539,CARD
L002634,ST009,U01060,2026/02/01 05:21:00,2026-02-01 05:53:00,15.5,5378,Card
L009495,ST040,U01745,2026-07-07 05:56:00,2026-07-07 08:44:00,21.13,6170,MEMBERSHIP
L011790,ST029,U01249,2026-05-15 11:35:00,2026-05-15 16:13:00,34.74,10144,APP
L007713,ST024,U00132,2026-01-08 21:09:00,2026-01-08 22:05:00,158.06,54847,CARD
L007421,ST003,U00653,20260209010200,2026-02-09 01:58:00,98.31,31459,APP
L001254,ST022,U00659,2026-06-28 14:16:00,2026-06-28 15:07:00,91.36,31702,APP
L004484,ST035,U01460,2026-07-20 08:47:00,2026-07-20 15:15:00,43.12,10996,MEMBERSHIP
L005386,ST038,U02566,2026-01-02 10:27:00,2026-01-02 11:05:00,80.94,25901,CARD
L010244,ST018,U00566,2026-03-03 08:49:00,2026-03-03 13:18:00,17.85,5212,APP
L001718,ST006,U02182,2026-01-18 21:32:00,2026-01-18 23:55:00,13.13,3834,APP
L007021,ST020,U01588,2026-05-03 13:46:00,2026-05-03 14:21:00,21.67,6934,MEMBERSHIP
L004717,ST035,U02034,2026-02-06 02:59:00,2026-02-06 10:03:00,67.13,17118,APP
L002000,ST028,U00107,2026-05-04 14:23:00,2026-05-04 15:23:00,64.01,20483,MEMBERSHIP
L004996,ST002,U00834,2026-05-19 00:37:00,2026-05-19 03:20:00,21.43,6258,MEMBERSHIP
L006270,ST025,U02755,2026-01-12 20:45:00,2026-01-13 03:09:00,24.71,7215,CARD
L004795,ST011,U01712,2026-07-19 17:31:00,2026-07-19 18:15:00,83.04,26573,MEMBERSHIP
L006924,ST040,U00752,2026-03-17 14:08:00,2026-03-17 21:32:00,66.08,19295,APP
L008494,ST015,U00316,20260123000000,2026-01-23 00:53:00,111.29,35613,APP
L010909,ST022,U00483,2026/02/14 01:36:00,2026-02-14 02:14:00,79.64,27635,APP
L005349,ST029,U00510,2026-06-07 08:19:00,2026-06-07 14:24:00,5543.0,16186,CARD
L009670,ST021,U01009,2026/04/25 13:37:00,2026-04-25 16:59:00,21.04,6144,CARD
L002576,ST007,U00997,20260521185000,2026-05-21 19:10:00,35.85,11472,MEMBERSHIP
L002838,ST024,U02463,2026-02-20 19:51:00,2026-02-20 20:43:00,130.55,45301,CARD
L002468,ST036,U02072,2026/05/09 20:14:00,2026-05-10 03:37:00,61.04,,card
L005411,ST005,U02519,2026-04-21 11:28:00,2026-04-21 11:48:00,40.07,12822,MEMBERSHIP
L003620,ST020,U02176,2026/05/23 12:03:00,2026-05-23 12:48:00,31.63,10122,MEMBERSHIP
L000099,ST022,U02160,20260714180600,2026-07-14 18:27:00,31.19,10823,APP
L010905,ST031,U00582,2026/05/28 19:09:00,2026-05-28 19:57:00,97.21,36940,MEMBERSHIP
L004575,ST005,U00931,2026-07-04 12:55:00,2026-07-04 13:51:00,147.81,47299,MEMBERSHIP
L011259,ST025,U00189,2026-04-30 14:05:00,2026-04-30 18:47:00,25.06,7318,CARD
L003353,ST012,U00293,2026-06-20 16:18:00,2026-06-20 16:48:00,15.32,4902,APP
L007627,ST027,U01877,2026-07-03 17:36:00,2026-07-04 00:36:00,34.5,10074,MEMBERSHIP
L009067,ST010,U02982,2026-04-28 11:02:00,2026-04-28 17:26:00,31.22,9116,CARD
L008665,ST023,U00555,2026-05-29 00:21:00,2026-05-29 01:15:00,37.83,,MEMBERSHIP
L009859,ST015,U02213,2026-04-14 02:54:00,2026-04-14 03:41:00,86.33,27626,CARD
L006291,ST034,U00171,20260612134300,2026-06-12 14:31:00,120.39,45748,MEMBERSHIP
L001911,ST003,U02410,20260601001600,2026-06-01 00:38:00,48.77,15606,CARD
L011145,ST005,U01012,2026/04/27 21:57:00,2026-04-27 22:23:00,68.47,21910,MEMBERSHIP
L006929,ST036,U00010,20260724031200,2026-07-24 06:41:00,25.26,7376,MEMBERSHIP
L002704,ST032,U02200,2026/07/06 11:39:00,2026-07-06 12:11:00,33.82,12852,MEMBERSHIP
L000727,ST007,U02838,20260518222200,2026-05-18 23:22:00,121.56,38899,APP
L002557,ST036,U02196,2026-02-27 03:59:00,2026-02-27 08:50:00,42.45,12395,APP
L009288,ST027,U01248,2026/05/02 00:22:00,2026-05-02 05:14:00,30.65,8950,APP
L006319,ST016,U01282,2026-03-12 15:11:00,2026-03-12 18:33:00,19.73,5031,MEMBERSHIP
L006853,ST033,U01198,2026-04-23 20:52:00,2026-04-23 21:38:00,92.4,29568,CARD
L002176,ST002,U02213,2026-03-12 15:21:00,2026-03-12 17:24:00,15.84,4625,MEMBERSHIP
L000089,ST005,U01278,2026-05-28 08:43:00,2026-05-28 09:31:00,139.43,44618,MEMBERSHIP
L010912,ST010,U01050,2026-05-10 23:20:00,2026-05-11 03:31:00,20.91,6106,APP
L005302,ST024,U00516,2026-05-07 04:48:00,2026-05-07 05:22:00,N/A,32583,APP
L001436,ST031,U02143,2026-05-14 12:04:00,2026-05-14 12:35:00,56.63,21519,CARD
L007121,ST026,U00227,2026-07-11 04:59:00,2026-07-11 05:53:00,123.96,47105,MEMBERSHIP
L000084,ST040,U00250,2026-05-17 21:59:00,2026-05-18 05:03:00,66.98,19558,APP
L011125,ST013,U02284,2026-04-27 02:42:00,2026-04-27 03:37:00,134.42,43014,CARD
L001414,ST009,U01882,2026/03/04 23:22:00,2026-03-05 00:14:00,36.36,12617,APP
L000274,ST013,U00134,2026-05-17 07:18:00,2026-05-17 08:05:00,94.5,30240,MEMBERSHIP
L001787,ST009,U00563,2026-02-09 11:44:00,2026-02-09 12:18:00,20.81,7221,CARD
L001547,ST033,U00324,20260717215300,2026-07-17 22:45:00,N/A,28538,APP
L002734,ST034,U00524,2026-02-21 17:47:00,2026-02-21 18:14:00,78.07,29667,app
L005537,ST025,U02084,2026-07-22 00:21:00,2026-07-22 06:14:00,2265.0,6614,APP
L009732,ST013,U01826,2026-03-06 12:54:00,2026-03-06 13:38:00,129.62,41478,APP
L001051,ST032,U00036,2026-02-13 04:13:00,2026-02-13 05:06:00,64.84,24639,APP
L009109,ST039,U02467,2026-03-22 17:24:00,2026-03-22 17:56:00,17.76,6163,membership
L008163,ST009,U01435,2026/07/28 21:05:00,2026-07-28 21:27:00,11.9,4129,MEMBERSHIP
L011298,ST030,U02264,2026-04-28 19:24:00,2026-04-28 20:04:00,103.73,33194,membership
L010525,ST027,U01508,2026-04-12 00:16:00,2026-04-12 03:43:00,17.73,5177,MEMBERSHIP
L008376,ST014,U02490,2026-04-12 02:29:00,2026-04-12 02:52:00,14.76,5609,CARD
L007774,ST032,U01711,2026-05-27 04:19:00,2026-05-27 05:09:00,59.34,22549,card
L008648,ST028,U02548,2026-03-06 09:33:00,2026-03-06 10:08:00,51.38,16442,CARD
L007139,ST007,U00689,20260714160000,2026-07-14 16:29:00,48.43,15498,CARD
L002718,ST003,U00299,20260219020500,2026-02-19 02:26:00,30.49,9757,MEMBERSHIP
L003976,ST032,U02951,2026-03-07 04:39:00,2026-03-07 05:12:00,46.79,17780,CARD
L006518,ST036,U02453,2026-05-18 15:04:00,2026-05-18 22:19:00,58.09,16962,MEMBERSHIP
L008167,ST034,U01019,2026-06-15 06:08:00,2026-06-15 06:28:00,37.95,14421,CARD
L006685,ST003,U00927,2026-02-09 06:10:00,2026-02-09 06:30:00,31.89,10205, APP 
L001328,ST010,U01734,2026-03-22 11:21:00,2026-03-22 18:09:00,-,10541,MEMBERSHIP
L008948,ST033,U01001,2026-03-25 15:16:00,2026-03-25 15:44:00,,16637,CARD
L007584,ST009,U02674,2026-01-04 22:21:00,2026-01-04 23:19:00,38.24,13269,MEMBERSHIP
L009843,ST002,U01993,2026-06-11 08:35:00,2026-06-11 13:47:00,39.44,11516,MEMBERSHIP
L008980,ST007,U01563,2026-02-09 08:01:00,2026-02-09 08:40:00,56.14,17965,MEMBERSHIP
L006708,ST028,U00828,2026/01/11 02:12:00,2026-01-11 02:51:00,41.07,13142,membership
L011600,ST026,U01105,2026-07-26 14:11:00,2026-07-26 14:50:00,92.03,34971,APP
L005742,ST031,U01326,2026-02-24 02:19:00,2026-02-24 02:39:00,44.56,"16,933",APP
L008136,ST015,U00897,2026-03-21 03:31:00,2026-03-21 04:18:00,68.99,22077,APP
L007913,ST032,U02541,2026-02-15 08:02:00,2026-02-15 08:58:00,56.15,21337,CARD
L007087,ST018,U00654,2026-03-16 18:33:00,2026-03-16 20:52:00,11.1,3241,APP
L004836,ST026,U02034,2026-01-18 13:38:00,2026-01-18 14:16:00,107.7,40926,MEMBERSHIP
L005729,ST032,U02085,2026-05-04 13:47:00,2026-05-04 14:23:00,35.51,13494,APP
L009182,ST034,U01705,2026-01-29 05:12:00,2026-01-29 05:58:00,99.64,37863,MEMBERSHIP
L001709,ST001,U02359,2026/01/21 14:43:00,2026-01-21 15:35:00,104.27,39623,membership
L000545,ST001,U02247,2026-03-14 04:40:00,2026-03-14 05:07:00,49.06,18643,APP
L002949,ST010,U00541,2026-05-03 07:04:00,2026-05-03 11:32:00,25.89,7560,Card
L010493,ST040,U00928,2026-07-16 23:30:00,2026-07-17 01:54:00,17.14,5005,MEMBERSHIP
L010957,ST039,U01917,2026-04-19 22:29:00,2026-04-19 23:00:00,19.92,6912,CARD
L006357,ST016,U01109,2026/04/04 07:55:00,2026-04-04 14:11:00,33.25,8479,APP
L004295,ST018,U02462,2026-01-31 19:21:00,2026-02-01 00:06:00,18.59,5428,CARD
L006147,ST025,U02838,2026-05-30 10:16:00,2026-05-30 12:28:00,12.84,"3,749",APP
L005397,ST008,U01707,2026/05/05 05:34:00,2026-05-05 11:23:00,25.21,6429,MEMBERSHIP
L010346,ST016,U00318,2026-01-24 16:29:00,2026-01-24 19:26:00,15.92,,APP
L006534,ST010,U01984,2026-04-30 10:52:00,2026-04-30 15:08:00,22.43,6550,MEMBERSHIP
L008775,ST033,U00061,2026-06-11 00:42:00,2026-06-11 01:35:00,107.17,34294,MEMBERSHIP
L008016,ST001,U00420,2026-04-07 07:01:00,2026-04-07 07:28:00,48.5,18430,CARD
L006143,ST030,U00022,2026-04-04 09:16:00,2026-04-04 09:53:00,71.46,22867,MEMBERSHIP
L010293,ST004,U00891,2026-05-29 00:52:00,2026-05-29 01:33:00,72.97,23350,CARD
L004271,ST020,U00243,2026/04/06 02:01:00,2026-04-06 02:51:00,33.19,10621,MEMBERSHIP
L009355,ST028,U02932,2026-07-08 14:57:00,2026-07-08 15:19:00,28.28,9050,MEMBERSHIP
L004815,ST035,U00404,2026-01-17 19:03:00,2026-01-18 00:17:00,39.24,10006,CARD
L008332,ST034,U02139,20260328060200,2026-03-28 06:41:00,96.0,36480,APP
L001473,ST032,U01721,2026-02-16 00:36:00,2026-02-16 01:21:00,53.39,20288,MEMBERSHIP
L005839,ST032,U02421,2026/01/25 22:19:00,2026-01-25 23:09:00,66.01,25084,MEMBERSHIP
L003076,ST009,U02224,20260112221600,2026-01-12 22:51:00,16.35,5673,MEMBERSHIP
L007182,ST039,U01676,2026-07-14 08:13:00,2026-07-14 08:39:00,13.07,4535,CARD
L009390,ST036,U02057,2026/01/18 21:36:00,2026-01-19 00:05:00,19.82,5787,MEMBERSHIP
L000346,ST017,U00872,2026-03-05 19:29:00,2026-03-05 23:52:00,17.71,5171,APP
L010917,ST002,U01511,2026-04-16 22:22:00,2026-04-17 05:20:00,62.89,"18,364",APP
L000199,ST006,U02600,2026-04-10 14:14:00,2026-04-10 20:18:00,28.87,8430,CARD
L011039,ST033,U01334,2026-07-13 19:54:00,2026-07-13 20:36:00,61.17,19574,APP
L006212,ST012,U00244,2026-07-20 19:25:00,2026-07-20 20:06:00,2898.0,9274,APP
L007350,ST035,U02453,2026-04-11 04:12:00,2026-04-11 08:22:00,29.38,7492,MEMBERSHIP
L010106,ST036,U01438,2026-07-10 02:28:00,2026-07-10 10:15:00,58.01,16939,APP
L001060,ST021,U00389,20260611114700,2026-06-11 18:00:00,27.1,7913,APP
L009360,ST005,U02518,2026-03-16 11:11:00,2026-03-16 12:02:00,110.75,35440,MEMBERSHIP
L010435,ST040,U00943,20260327161300,2026-03-27 19:24:00,28.44,8304,MEMBERSHIP
L008280,ST028,U01297,2026-04-07 18:46:00,2026-04-07 19:25:00,52.95,16944,app
L002762,ST040,U02213,2026-01-30 07:54:00,2026-01-30 13:58:00,48.51,14165,APP
L001908,ST017,U01550,2026-06-01 08:51:00,2026-06-01 12:25:00,N/A,4184,APP
L008804,ST020,U01465,2026-05-07 05:05:00,2026-05-07 06:05:00,33.57,10742,MEMBERSHIP
L010028,ST037,U00912,2026-02-21 17:04:00,2026-02-21 17:41:00,54.08,18766,MEMBERSHIP
L002038,ST033,U00948,2026/01/17 15:15:00,2026-01-17 15:36:00,30.91,9891,MEMBERSHIP
L011151,ST013,U00701,2026-07-11 23:17:00,2026-07-12 00:08:00,96.17,30774,CARD
L003469,ST035,U00605,2026-05-17 09:35:00,2026-05-17 12:38:00,28.36,7232,app
L000744,ST017,U00532,2026-06-21 00:45:00,2026-06-21 05:17:00,17.94,5238,CARD
L003423,ST029,U00705,2026-03-24 23:44:00,2026-03-25 07:26:00,69.56,20312,CARD
L007255,ST040,U00656,2026-07-10 04:14:00,2026-07-10 09:30:00,49.71,14515,APP
L008126,ST004,U00910,2026-02-18 07:48:00,2026-02-18 08:40:00,78.47,25110,MEMBERSHIP
L010457,ST019,U01845,2026-04-09 16:52:00,2026-04-09 17:12:00,50.97,17687,MEMBERSHIP
L010602,ST010,U00109,2026-03-05 11:35:00,2026-03-05 15:35:00,17.37,5072,MEMBERSHIP
L010547,ST010,U00835,20260207115200,2026-02-07 14:55:00,15.09,4406,MEMBERSHIP
L010622,ST029,U00810,2026-05-03 05:43:00,2026-05-03 10:19:00,37.98,11090,CARD
L008013,ST027,U00996,2026-02-14 12:58:00,2026-02-14 18:58:00,23.57,6882,APP
L005293,ST001,U00606,2026-07-03 08:37:00,2026-07-03 09:27:00,73.12,27786,CARD
L001648,ST030,U00033,2026/02/28 07:24:00,2026-02-28 07:53:00,54.51,17443,membership
L010051,ST024,U02567,2026-02-09 18:37:00,2026-02-09 19:16:00,87.09,30220,MEMBERSHIP
L004134,ST028,U02600,2026/02/23 01:23:00,2026-02-23 01:44:00,19.31,6179,APP
L002515,ST002,U00923,2026-02-03 03:20:00,2026-02-03 07:07:00,N/A,6973,CARD
L003777,ST034,U02468,2026-07-23 20:09:00,2026-07-23 20:40:00,77.29,29370,APP
L001240,ST004,U01543,2026/03/12 13:45:00,2026-03-12 14:12:00,46.9,15008,MEMBERSHIP
L011498,ST006,U00355,2026-05-28 08:01:00,2026-05-28 11:03:00,18.19,5311,card
L001560,ST032,U00527,2026/03/14 04:57:00,2026-03-14 05:37:00,59.76,22709,APP
L000298,ST024,U02279,20260415020700,2026-04-15 02:39:00,81.1,28142,Card
L003419,ST004,U01634,2026-06-13 03:39:00,2026-06-13 04:21:00,80.0,25600,MEMBERSHIP
L004389,ST019,U01245,2026-02-19 15:21:00,2026-02-19 15:42:00,44.61,15480,APP
L004032,ST025,U00962,2026-07-27 12:01:00,2026-07-27 15:05:00,12.04,3516,CARD
L002246,ST017,U01475,20260320043800,2026-03-20 11:48:00,43.88,12813,CARD
L006834,ST036,U01963,2026-02-26 15:29:00,2026-02-26 20:51:00,36.54,,CARD
L006396,ST015,U00410,2026-05-28 04:39:00,2026-05-28 05:38:00,101.36,32435,CARD
L005070,ST003,U00586,20260123205800,2026-01-23 21:54:00,114.8,36736,MEMBERSHIP
L000699,ST027,U02542,2026-02-13 13:37:00,2026-02-13 20:27:00,30.23,8827,MEMBERSHIP
L004233,ST002,U00712,2026-04-14 09:13:00,2026-04-14 14:59:00,49.68,14507,app
L011113,ST001,U02799,2026/03/28 11:34:00,2026-03-28 12:07:00,61.91,23526,APP
L001568,ST001,U02906,20260217171300,2026-02-17 18:11:00,129.47,49199,APP
L002072,ST031,U00123,2026/06/26 08:41:00,2026-06-26 09:02:00,32.03,12171,card
L006975,ST018,U02930,2026-06-05 15:09:00,2026-06-05 21:15:00,31.98,9338,CARD
L011818,ST003,U01489,2026/05/15 18:05:00,2026-05-15 19:02:00,92.76,29683,Card
L006166,ST038,U02197,2026-04-03 12:38:00,2026-04-03 13:37:00,17363.0,55562,MEMBERSHIP
L010062,ST017,U00010,2026-04-22 04:10:00,2026-04-22 06:13:00,8.08,2359,CARD
L007007,ST005,U01894,2026-06-13 15:30:00,2026-06-13 15:54:00,52.35,16752,MEMBERSHIP
L000965,ST025,U02680,2026-05-22 05:42:00,2026-05-22 11:04:00,25.25,7373,MEMBERSHIP
L006971,ST015,U01589,2026-01-20 04:31:00,2026-01-20 05:14:00,66.62,21318,MEMBERSHIP
L001052,ST018,U00581,2026-02-26 19:41:00,2026-02-27 01:12:00,32.38,,APP
L009274,ST017,U01153,2026-07-18 01:30:00,2026-07-18 08:59:00,40.63,11864,MEMBERSHIP
L002755,ST037,U01704,2026/03/11 02:49:00,2026-03-11 03:30:00,73.05,25348,MEMBERSHIP
L005959,ST017,U00792,2026-02-16 13:18:00,2026-02-16 19:19:00,23.5,6862,CARD
L006684,ST026,U02430,2026-01-28 03:53:00,2026-01-28 04:23:00,88.33,33565,MEMBERSHIP
L009153,ST033,U01616,2026-05-10 20:21:00,2026-05-10 21:02:00,62.38,,CARD
L002426,ST005,U00044,2026-07-17 22:39:00,2026-07-17 23:03:00,60.88,19482,APP
L002880,ST003,U02950,2026-01-11 04:39:00,2026-01-11 05:35:00,104.95,33584,CARD
L002312,ST040,U01407,2026-02-03 00:44:00,2026-02-03 07:04:00,61.5,17958,membership
L002184,ST038,U00207,2026-07-29 11:15:00,2026-07-29 12:13:00,146.61,46915,MEMBERSHIP
L007310,ST019,U00810,2026-01-12 20:02:00,2026-01-12 20:26:00,69.83,24231,MEMBERSHIP
L006222,ST002,U01653,2026-03-23 17:59:00,2026-03-24 01:59:00,52.2,15242,APP
L005774,ST036,U01381,2026/02/16 01:34:00,2026-02-16 04:50:00,25.29,7385,CARD
L011836,ST011,U00053,2026-07-04 04:20:00,2026-07-04 04:09:00,44.64,14285,CARD
L004151,ST002,U00596,2026-04-10 00:46:00,2026-04-10 05:05:00,30.35,8862,CARD
L010359,ST003,U00781,2026-06-12 23:05:00,2026-06-12 23:51:00,73.99,23677,CARD
L007247,ST006,U01221,2026-06-17 16:42:00,2026-06-17 23:29:00,33.88,9893,MEMBERSHIP
L011016,ST001,U00256,2026/06/27 19:50:00,2026-06-27 20:18:00,42.79,16260,MEMBERSHIP
L002647,ST012,U00609,2026-02-27 07:46:00,2026-02-27 08:09:00,12.54,4013,MEMBERSHIP
L006047,ST010,U01565,2026-07-26 23:20:00,2026-07-27 02:02:00,16.68,4871,MEMBERSHIP
L000675,ST033,U00462,2026-03-15 06:41:00,2026-03-15 07:17:00,56.96,18227,APP
L006416,ST038,U01480,2026-05-21 05:53:00,2026-05-21 06:27:00,,26691,CARD
L001729,ST036,U00915,2026/07/21 02:44:00,2026-07-21 07:06:00,27.94,8158,APP
L009902,ST013,U01350,2026-07-12 00:20:00,2026-07-12 00:58:00,90.61,28995,APP
L001514,ST001,U00187,20260309230600,2026-03-09 23:57:00,107.77,40953,MEMBERSHIP
L001404,ST038,U02027,2026-03-13 19:33:00,2026-03-13 20:08:00,75.4,24128,MEMBERSHIP
L006793,ST022,U01110,2026-07-11 09:59:00,2026-07-11 10:57:00,102.36,35519,CARD
L010925,ST036,U02094,20260214195200,2026-02-15 00:32:00,28.31,8267,membership
L009829,ST016,U02546,2026-03-05 00:27:00,2026-03-05 04:18:00,20.66,5268,MEMBERSHIP
L005261,ST021,U00043,2026-05-31 00:40:00,2026-05-31 02:41:00,10.86,3171,MEMBERSHIP
L002987,ST039,U00085,2026-01-12 07:57:00,2026-01-12 08:39:00,26.27,9116,APP
L006788,ST013,U01024,2026-04-26 11:24:00,2026-04-26 12:10:00,88.74,28397,MEMBERSHIP
L007947,ST009,U02224,2026-01-17 13:08:00,2026-01-17 13:30:00,15.41,5347,MEMBERSHIP
L007967,ST028,U00487,2026-04-06 23:32:00,2026-04-07 00:25:00,70.96,22707,CARD
L002528,ST029,U00017,2026-06-23 19:05:00,2026-06-24 01:47:00,62.38,18215,card
L004641,ST040,U00493,2026-01-17 22:23:00,2026-01-18 04:39:00,53.02,15482,CARD
L009233,ST014,U00745,2026-03-26 02:54:00,2026-03-26 03:32:00,20.05,7619,APP
L010157,ST003,U02170,2026-05-23 07:35:00,2026-05-23 08:32:00,80.13,25642,MEMBERSHIP
L008143,ST016,U00994,2026-05-08 08:35:00,2026-05-08 13:28:00,28.07,7158,MEMBERSHIP
L005296,ST023,U01483,2026-05-07 16:43:00,2026-05-07 17:36:00,38.44,12301,Card
L005043,ST001,U00833,2026-05-09 15:12:00,2026-05-09 15:39:00,41.63,15819,CARD
L005264,ST025,U00662,2026-01-17 08:18:00,2026-01-17 14:52:00,31.03,9061,CARD
L006152,ST028,U00047,2026-02-25 21:54:00,2026-02-25 22:36:00,40.21,12867,MEMBERSHIP
L008813,ST009,U00530,20260425051200,2026-04-25 05:40:00,18.18,,APP
L001261,ST027,U01999,20260222141900,2026-02-22 17:42:00,17.42,5087,MEMBERSHIP
L003565,ST019,U02961,20260308102800,2026-03-08 11:04:00,70.16,24346,APP
L007060,ST039,U01179,2026-07-13 02:57:00,2026-07-13 03:29:00,16.44,5705,MEMBERSHIP
L004065,ST022,U00263,2026-03-12 10:02:00,2026-03-12 10:32:00,52.13,18089,APP
L005272,ST010,U01482,2026-05-21 18:03:00,2026-05-21 23:18:00,20.65,6030,CARD
L008328,ST035,U00371,20260513145300,2026-05-13 19:02:00,40.5,10328,MEMBERSHIP
L011788,ST007,U02187,2026-06-02 05:23:00,2026-06-02 05:52:00,48.47,15510,APP
L009026,ST011,U00636,2026-04-09 07:02:00,2026-04-09 07:48:00,81.5,26080,CARD
L001440,ST017,U02691,2026-01-28 17:37:00,2026-01-29 00:03:00,39.98,11674,APP
L004658,ST031,U00968,2026-07-04 17:16:00,2026-07-04 17:37:00,39.53,15021,MEMBERSHIP
L003046,ST024,U00034,2026-04-07 08:34:00,2026-04-07 09:02:00,,"23,419",APP
L009646,ST037,U01571,2026-06-21 19:03:00,2026-06-21 19:51:00,72.92,25303,MEMBERSHIP
L005090,ST006,U00924,2026-05-13 16:07:00,2026-05-13 21:54:00,29.87,8722,MEMBERSHIP
L002313,ST019,U00568,2026-04-03 09:27:00,2026-04-03 10:05:00,103.85,36036,CARD
L010258,ST006,U00952,2026-07-20 10:30:00,2026-07-20 16:30:00,32.05,9359,MEMBERSHIP
L005941,ST031,U00718,2026-06-03 20:58:00,2026-06-03 21:37:00,73.83,28055,APP
L000926,ST009,U00537,20260503204700,2026-05-03 21:32:00,33.37,11579,CARD
L006669,ST008,U01080,2026-01-19 00:26:00,2026-01-19 07:57:00,43.17,11008,app
L003870,ST030,U02328,2026-05-19 08:53:00,2026-05-19 09:25:00,72.6,23232,APP
L006162,ST033,U00432,2026-02-01 14:06:00,2026-02-01 14:37:00,52.58,16826,APP
L009997,ST029,U02156,2026-02-17 21:29:00,2026-02-18 00:13:00,25.04,7312,MEMBERSHIP
L002429,ST031,U02390,2026-03-08 15:21:00,2026-03-08 16:18:00,89.07,33847,CARD
L008468,ST005,U01955,2026-06-26 00:29:00,2026-06-26 01:05:00,104.34,33389,MEMBERSHIP
L005501,ST028,U01082,2026-04-03 03:13:00,2026-04-03 04:00:00,65.37,20918,Card
L002205,ST028,U02451,2026-05-13 10:09:00,2026-05-13 10:29:00,20.38,6522,APP
L010302,ST036,U01809,2026/04/09 00:14:00,2026-04-09 05:23:00,42.54,12422,MEMBERSHIP
L001598,ST022,U00594,2026-07-05 03:14:00,2026-07-05 03:47:00,64.89,22517,MEMBERSHIP
L003031,ST032,U02345,2026-05-06 06:13:00,2026-05-06 06:45:00,29.44,11187,CARD
L009093,ST001,U01400,2026-04-03 12:50:00,2026-04-03 13:50:00,107.53,40861,card
L009336,ST020,U00395,2026-03-20 10:52:00,2026-03-20 11:12:00,11.21,3587,app
L006384,ST013,U00377,20260719083300,2026-07-19 09:17:00,107.21,34307,MEMBERSHIP
L001745,ST025,U00602,2026/04/30 07:05:00,2026-04-30 10:24:00,18.55,5417,APP
L008976,ST026,U01387,2026-04-21 05:39:00,2026-04-21 06:18:00,96.04,36495,CARD
L005599,ST022,U00929,2026-06-24 17:59:00,2026-06-24 18:31:00,58.09,20157,CARD
L010725,ST035,U01740,2026-07-15 19:40:00,2026-07-15 22:34:00,26.08,6650,CARD
L009951,ST019,U01329,2026-01-26 13:44:00,2026-01-26 14:28:00,104.17,36147,CARD
L011494,ST004,U01209,2026-04-04 04:22:00,2026-04-04 05:20:00,94.0,30080,membership
L006251,ST007,U01428,2026-02-12 23:16:00,2026-02-12 23:52:00,58.66,18771,CARD
L002764,ST030,U02364,2026/05/29 05:45:00,2026-05-29 06:18:00,96.25,30800,CARD
L008858,ST002,U01066,2026-03-20 19:18:00,2026-03-20 22:52:00,24.03,7017,APP
L004097,ST011,U01878,2026-05-06 05:02:00,2026-05-06 05:32:00,54.59,17469,APP
L011176,ST017,U00772,2026-05-28 21:31:00,2026-05-29 04:09:00,31.02,9058, APP 
L007090,ST028,U01513,2026/03/23 12:11:00,2026-03-23 13:04:00,74.75,23920,CARD
L009899,ST039,U00993,2026-06-02 12:27:00,2026-06-02 13:10:00,21.23,7367,app
L003097,ST037,U02570,2026-04-14 10:54:00,2026-04-14 11:25:00,66.17,22961,CARD
L001956,ST040,U02854,2026-01-18 10:43:00,2026-01-18 18:01:00,64.96,18968,APP
L007540,ST003,U00600,2026-03-24 23:21:00,2026-03-25 00:12:00,89.59,28669,CARD
L000517,ST002,U01951,2026-06-19 07:28:00,2026-06-19 11:54:00,37.49,10947,APP
L004391,ST008,U01700,2026-03-28 18:19:00,2026-03-28 23:56:00,23.78,6064,MEMBERSHIP
L001495,ST036,U01811,2026-05-28 17:45:00,2026-05-28 20:26:00,19.9,5811,CARD
L003891,ST006,U00642,2026-03-13 06:25:00,2026-03-13 13:26:00,29.45,8599,APP
L009652,ST001,U02610,2026-01-07 15:01:00,2026-01-07 15:31:00,43.14,16393,MEMBERSHIP
L002496,ST024,U02036,2026-03-26 14:30:00,2026-03-26 15:09:00,87.05,30206,card
L010996,ST036,U02213,2026-04-27 02:50:00,2026-04-27 07:46:00,46.6,13607,APP
L008734,ST014,U02927,2026-04-11 12:52:00,2026-04-11 13:26:00,19.18,7288,MEMBERSHIP
L010474,ST037,U02921,2026/07/25 19:23:00,2026-07-25 20:10:00,64.67,,card
L006321,ST024,U00492,2026-05-13 22:47:00,2026-05-13 23:17:00,69.62,24158,MEMBERSHIP
L006234,ST008,U02168,2026-06-13 10:35:00,2026-06-13 17:01:00,40.4,10302,MEMBERSHIP
L008411,ST004,U01662,20260723121800,2026-07-23 12:43:00,39.28,12570,APP
L002529,ST037,U01709,20260612002600,2026-06-12 01:13:00,89.19,30949,APP
L005382,ST016,U02818,2026-07-27 10:11:00,2026-07-27 14:24:00,21.97,5602,app
L001839,ST032,U00888,2026-04-17 06:13:00,2026-04-17 06:41:00,28.6,10868,app
L004790,ST028,U01093,2026/06/13 07:31:00,2026-06-13 08:09:00,47.78,15290,CARD
L004912,ST020,U01623,2026-06-10 14:02:00,2026-06-10 14:29:00,17.72,5670,CARD
L003555,ST018,U00036,2026-06-30 11:15:00,2026-06-30 15:14:00,19.58,5717,APP
L010556,ST003,U02908,2026-01-27 08:17:00,2026-01-27 08:57:00,80.35,25712,APP
L003624,ST034,U02979,2026-02-27 02:52:00,2026-02-27 03:45:00,100.17,38065,APP
L005325,ST018,U02954,2026/07/23 02:07:00,2026-07-23 04:25:00,12.28,3586,MEMBERSHIP
L003885,ST038,U02214,20260410013700,2026-04-10 02:04:00,57.94,18541,CARD
L006074,ST027,U02445,2026-04-19 15:18:00,2026-04-19 19:07:00,20.53,5995,MEMBERSHIP
L001934,ST033,U02403,2026-03-29 10:57:00,2026-03-29 11:45:00,92.23,29514,MEMBERSHIP
L000247,ST005,U02472,2026-06-10 12:39:00,2026-06-10 13:12:00,90.74,29037,APP
L008098,ST039,U01838,2026-02-14 00:00:00,2026-02-14 00:30:00,21.22,7363,APP
L010847,ST034,U02104,2026-04-11 16:13:00,2026-04-11 17:12:00,12255.0,46569,MEMBERSHIP
L003206,ST009,U00153,2026-04-30 12:44:00,2026-04-30 13:38:00,25.5,8848,MEMBERSHIP
L009079,ST023,U01028,2026-06-15 15:57:00,2026-06-15 16:41:00,20.72,6630,MEMBERSHIP
L010588,ST003,U02676,2026-01-04 22:41:00,2026-01-04 23:22:00,91.4,29248,CARD
L009772,ST014,U02118,2026-06-14 02:38:00,2026-06-14 03:37:00,27.53,10461, APP 
L011961,ST018,U01305,2026-03-22 10:59:00,2026-03-22 13:24:00,10.52,3072,APP
L008398,ST030,U01415,2026-07-25 00:07:00,2026-07-25 00:30:00,42.17,13494,APP
L007730,ST025,U00225,2026/06/26 07:20:00,2026-06-26 13:47:00,28.57,8342,CARD
L004426,ST012,U00168,2026-05-21 20:01:00,2026-05-21 20:49:00,23.22,7430, APP 
L003062,ST012,U02238,20260516141900,2026-05-16 15:06:00,26.76,8563,APP
L005103,ST037,U02810,2026-02-14 09:56:00,2026-02-14 10:47:00,101.5,35220,MEMBERSHIP
L010356,ST031,U00733,2026-02-24 01:21:00,2026-02-24 02:00:00,69.8,26524,MEMBERSHIP
L010652,ST006,U01351,2026-05-02 05:02:00,2026-05-02 11:38:00,30.68,8959,APP
L001609,ST008,U01418,2026-04-06 00:27:00,2026-04-06 03:44:00,12.65,3226,APP
L009369,ST007,U01187,2026-03-20 09:46:00,2026-03-20 10:06:00,29.5,9440,CARD
L011582,ST004,U02041,2026-05-21 09:29:00,2026-05-21 10:01:00,56.91,18211,MEMBERSHIP
L003150,ST021,U02532,2026-05-31 05:23:00,2026-05-31 08:45:00,15.67,4576,APP
L000142,ST022,U02288,2026-01-07 18:49:00,2026-01-07 19:46:00,87.71,30435,MEMBERSHIP
L007071,ST011,U01599,2026-06-26 07:38:00,2026-06-26 08:25:00,74.66,23891,CARD
L002323,ST033,U00803,20260207225600,2026-02-07 23:26:00,57.6,18432,membership
L003116,ST020,U00923,2026-03-19 19:04:00,2026-03-19 19:37:00,23.04,7373,APP
L010911,ST029,U01593,2026-07-10 16:37:00,2026-07-10 20:45:00,37.65,10994,APP
L005168,ST014,U02294,2026-03-28 07:23:00,2026-03-28 08:14:00,32.11,12202,MEMBERSHIP
L003427,ST027,U01560,20260706082800,2026-07-06 14:38:00,24.07,7028,CARD
L005832,ST028,U01037,2026-05-09 09:16:00,2026-05-09 09:50:00,44.91,14371,APP
L002026,ST009,U00087,2026-01-27 21:34:00,2026-01-27 22:19:00,22.75,7894,APP
L011623,ST036,U01759,2026-04-15 02:35:00,2026-04-15 08:15:00,51.65,15082,MEMBERSHIP
L008610,ST007,U01750,2026-01-01 22:38:00,2026-01-01 23:09:00,65.93,21098,CARD
L009424,ST019,U01003,2026-03-25 02:23:00,2026-03-25 02:45:00,56.78,19703,CARD
L003400,ST039,U02322,2026-07-19 22:59:00,2026-07-19 22:08:00,26.83,9310,APP
L000612,ST001,U00567,2026/04/21 21:21:00,2026-04-21 21:48:00,57.84,21979,CARD
L002659,ST025,U02129,2026-07-20 23:17:00,2026-07-21 03:47:00,26.3,7680,APP
L005395,ST005,U00590,2026-03-25 01:16:00,2026-03-25 02:15:00,165.5,52960,MEMBERSHIP
L000667,ST005,U02877,2026-07-09 04:38:00,2026-07-09 05:38:00,120.85,38672,MEMBERSHIP
L003692,ST035,U02252,2026-07-17 02:41:00,2026-07-17 05:02:00,19.83,5057,membership
L006075,ST030,U01562,2026-07-20 02:44:00,2026-07-20 03:08:00,59.87,19158,CARD
L010409,ST024,U01159,2026-06-18 17:29:00,2026-06-18 18:15:00,119.84,41584,MEMBERSHIP
L000320,ST011,U01205,2026/01/29 14:50:00,2026-01-29 15:21:00,61.82,19782,APP
L004562,ST035,U00299,2026-05-09 05:09:00,2026-05-09 07:38:00,18.89,4817,MEMBERSHIP
L005095,ST005,U01580,2026-07-18 21:50:00,2026-07-18 22:12:00,58.33,,MEMBERSHIP
L002115,ST012,U02837,2026-05-04 07:12:00,2026-05-04 08:06:00,30.56,9779,CARD
L005145,ST024,U00371,2026-04-24 10:19:00,2026-04-24 10:44:00,71.56,24831,MEMBERSHIP
L010726,ST017,U00234,20260613114000,2026-06-13 19:28:00,-,10430,CARD
L011357,ST035,U01490,2026/07/26 03:39:00,2026-07-26 05:40:00,19.86,5064,membership
L003659,ST001,U00454,2026/02/02 15:15:00,2026-02-02 15:36:00,41.91,15926,CARD
L008521,ST016,U02071,20260105100200,2026-01-05 14:41:00,18.71,4771,app
L008003,ST036,U02556,2026-04-05 12:03:00,2026-04-05 19:12:00,56.75,16571,APP
L001387,ST007,U01133,2026/05/09 12:56:00,2026-05-09 13:29:00,60.15,19248,APP
L005991,ST029,U01420,2026-07-04 10:08:00,2026-07-04 17:26:00,69.21,20209,APP
L004362,ST008,U02822,2026-05-16 05:47:00,2026-05-16 12:00:00,29.29,7469,CARD
L010424,ST029,U01707,2026-04-17 05:55:00,2026-04-17 10:16:00,36.3,10600,APP
L007857,ST001,U02694,2026-03-31 03:09:00,2026-03-31 03:56:00,67.3,25574,APP
L004272,ST010,U01952,2026-05-09 10:13:00,2026-05-09 17:37:00,43.72,12766,APP
L006157,ST001,U00495,20260620191600,2026-06-20 19:47:00,46.38,17624,APP
L010615,ST007,U00926,20260417212200,2026-04-17 21:45:00,46.13,14762, APP 
L007700,ST009,U00525,20260722150300,2026-07-22 16:00:00,42.64,14796,CARD
L004211,ST040,U02481,2026/02/16 14:13:00,2026-02-16 16:50:00,24.57,7174,MEMBERSHIP
L002658,ST038,U01973,2026/06/09 23:08:00,2026-06-09 23:53:00,128.17,"41,014",CARD
L002186,ST006,U01035,2026/06/13 19:54:00,2026-06-13 23:24:00,17.02,4970,MEMBERSHIP
L003665,ST027,U00138,2026-05-22 23:37:00,2026-05-23 01:50:00,11.39,3326,APP
L007887,ST002,U02255,2026-01-11 01:21:00,2026-01-11 05:01:00,32.26,9420,CARD
L010110,ST009,U01460,2026-03-12 10:55:00,2026-03-12 11:24:00,21.25,7374,APP
L002441,ST036,U00563,2026-02-07 21:51:00,2026-02-08 03:46:00,57.21,16705,APP
L010060,ST038,U01028,2026-01-28 15:22:00,2026-01-28 16:21:00,155.12,49638,CARD
L007206,ST014,U00648,2026-07-18 15:27:00,2026-07-18 16:11:00,22.86,8687,MEMBERSHIP
L008493,ST006,U01563,2026-07-14 18:00:00,2026-07-15 00:27:00,31.09,9078,CARD
L008148,ST013,U01448,2026-04-02 02:16:00,2026-04-02 03:05:00,103.8,33216,CARD
L001508,ST024,U01305,2026-04-01 22:23:00,2026-04-01 23:21:00,151.41,52539,MEMBERSHIP
L007934,ST026,U00932,2026/01/17 01:50:00,2026-01-17 02:20:00,57.17,21725,APP
L004577,ST013,U00514,2026-03-28 13:56:00,2026-03-28 14:31:00,101.87,32598,MEMBERSHIP
L002642,ST033,U02584,2026/04/22 10:36:00,2026-04-22 11:07:00,65.86,21075,CARD
L004736,ST025,U02521,20260702115700,2026-07-02 18:39:00,41.96,12252,membership
L011756,ST019,U02731,2026-04-07 11:52:00,2026-04-07 12:20:00,60.42,20966,MEMBERSHIP
L004824,ST028,U02285,2026-05-20 08:54:00,2026-05-20 09:51:00,60.56,19379,CARD
L003478,ST033,U02568,2026-07-14 08:14:00,2026-07-14 08:55:00,89.03,28490,APP
L007128,ST016,U02938,2026-01-24 05:25:00,2026-01-24 11:00:00,24.57,,MEMBERSHIP
L003514,ST036,U02076,2026-05-04 13:50:00,2026-05-04 19:56:00,41.87,12226,APP
L009493,ST007,U02132,2026-04-25 13:43:00,2026-04-25 14:35:00,104.3,33376,APP
L010649,ST031,U01715,2026/06/29 22:23:00,2026-06-29 23:03:00,,26220,APP
L006774,ST032,U00351,20260617092000,2026-06-17 10:01:00,42.45,16131,APP
L005117,ST004,U01492,2026/04/27 01:53:00,2026-04-27 02:31:00,81.06,25939,CARD
L000963,ST038,U00102,2026-05-21 16:51:00,2026-05-21 17:25:00,94.12,30118,CARD
L000549,ST040,U02839,2026/06/06 11:59:00,2026-06-06 15:04:00,25.79,7531,APP
L009758,ST005,U02751,2026/05/30 05:53:00,2026-05-30 06:33:00,103.37,33078,APP
L008863,ST002,U01689,2026-07-19 18:39:00,2026-07-19 21:54:00,21.78,6360,MEMBERSHIP
L001221,ST004,U01855,2026-05-20 03:20:00,2026-05-20 04:06:00,89.14,28525,MEMBERSHIP
L009581,ST014,U00269,2026-03-29 05:05:00,2026-03-29 05:41:00,16.54,6285,APP
L010614,ST037,U01037,2026-01-17 02:54:00,2026-01-17 03:16:00,48.0,16656,MEMBERSHIP
L011765,ST009,U01892,2026-07-01 02:32:00,2026-07-01 02:52:00,10.39,3605,APP
L001350,ST038,U02612,2026/06/01 09:53:00,2026-06-01 10:21:00,58.32,18662,MEMBERSHIP
L001326,ST037,U00367,2026-02-13 15:10:00,2026-02-13 16:02:00,72.56,25178,APP
L002906,ST034,U02617,2026-04-16 04:53:00,2026-04-16 05:22:00,85.8,32604,APP
L010216,ST001,U02479,2026-07-09 08:10:00,2026-07-09 08:30:00,29.18,11088,CARD
L004642,ST016,U02927,2026-05-03 00:34:00,2026-05-03 02:52:00,13.76,3509,APP
L010469,ST032,U02103,2026-03-21 21:21:00,2026-03-21 22:03:00,51.89,19718,CARD
L001567,ST021,U02283,2026-03-01 05:16:00,2026-03-01 11:04:00,22.52,,MEMBERSHIP
L010172,ST022,U02353,2026-07-21 21:39:00,2026-07-21 22:35:00,118.16,41002,CARD
L010404,ST006,U02666,2026-03-12 23:56:00,2026-03-13 07:34:00,43.94,12830,APP
L010017,ST007,U02056,20260611215800,2026-06-11 22:57:00,121.42,38854,MEMBERSHIP
L004451,ST001,U00017,2026-07-24 03:01:00,2026-07-24 03:26:00,53.2,20216,APP
L011496,ST003,U02954,20260220184400,2026-02-20 19:11:00,47.15,15088,APP
L005338,ST029,U01835,2026-03-03 08:57:00,2026-03-03 11:44:00,23.1,6745,CARD
L001646,ST021,U02389,2026-01-20 22:44:00,2026-01-21 03:51:00,24.75,7227,APP
L002260,ST028,U01554,2026-04-08 19:49:00,2026-04-08 20:31:00,41.55,13296,CARD
L000788,ST036,U01230,2026-07-25 12:46:00,2026-07-25 19:57:00,62.07,"18,124", APP 
L006596,ST020,U00796,2026-05-24 03:41:00,2026-05-24 04:24:00,21.18,6778,card
L002297,ST025,U02388,2026-03-13 01:13:00,2026-03-13 07:02:00,25.46,7434,APP
L010220,ST035,U02036,2026/01/29 19:40:00,2026-01-29 23:48:00,39.71,10126,APP
L006180,ST014,U02576,2026-06-25 12:52:00,2026-06-25 13:22:00,20.67,7855,APP
L002020,ST030,U02992,2026-03-03 04:02:00,2026-03-03 04:35:00,91.82,29382,APP
L008952,ST012,U02588,2026-01-19 11:05:00,2026-01-19 11:46:00,30.14,,MEMBERSHIP
L009766,ST034,U01957,2026-06-24 17:54:00,2026-06-24 18:53:00,137.93,52413,CARD
L006541,ST030,U02114,2026-03-22 05:32:00,2026-03-22 06:18:00,125.84,40269,APP
L000925,ST007,U02978,2026-01-05 03:13:00,2026-01-05 03:47:00,68.95,22064,MEMBERSHIP
L007204,ST005,U02272,2026-06-07 07:35:00,2026-06-07 08:00:00,74.77,23926,MEMBERSHIP
L004366,ST017,U01874,2026-07-28 19:08:00,2026-07-29 01:25:00,39.46,11522,CARD
L005808,ST009,U01749,2026-04-19 23:06:00,2026-04-19 23:53:00,26.55,9213,APP
L003924,ST001,U01393,2026-04-08 21:43:00,2026-04-08 22:22:00,85.04,32315,CARD
L000571,ST040,U02165,2026-03-04 20:45:00,2026-03-05 01:05:00,32.46,9478,MEMBERSHIP
L005329,ST034,U01370,2026-06-11 03:40:00,2026-06-11 04:38:00,132.41,50316,APP
L008096,ST004,U01066,2026-04-13 15:53:00,2026-04-13 16:15:00,47.9,15328,CARD
L010076,ST036,U01148,2026-02-25 08:59:00,2026-02-25 16:20:00,63.09,18422,CARD
L006106,ST025,U01460,2026-05-19 23:09:00,2026-05-20 01:40:00,-,3577,CARD
L010916,ST017,U00191,2026/04/02 22:12:00,2026-04-03 03:55:00,25.8,7534,APP
L006940,ST014,U02368,2026-02-10 07:10:00,2026-02-10 08:03:00,36.72,13954,MEMBERSHIP
L009227,ST009,U02141,2026-02-19 23:31:00,2026-02-20 00:17:00,28.47,9879,CARD
L008756,ST017,U00984,2026-03-19 17:25:00,2026-03-19 19:48:00,9.92,2897,CARD
L002918,ST012,U02777,2026/06/17 05:39:00,2026-06-17 05:59:00,14.45,4624,MEMBERSHIP
L011253,ST021,U00998,2026-03-22 21:16:00,2026-03-22 23:16:00,12.35,3606,APP
L002834,ST017,U00791,2026/06/18 03:57:00,2026-06-18 06:05:00,12.81,"3,741",APP
L003352,ST032,U02429,2026-05-30 22:03:00,2026-05-30 22:58:00,61.82,23492,CARD
L002387,ST024,U01839,2026-04-08 03:02:00,2026-04-08 03:47:00,86.74,30099,APP
L000433,ST019,U01422,2026-02-01 18:27:00,2026-02-01 19:06:00,104.2,36157,card
L004489,ST036,U02876,2026-04-26 22:16:00,2026-04-27 01:33:00,31.52,,CARD
L002795,ST011,U00282,2026-01-05 03:39:00,2026-01-05 04:15:00,66.6,21312,CARD
L010667,ST015,U01885,2026-03-28 22:02:00,2026-03-28 22:34:00,5716.0,18291,MEMBERSHIP
L003559,ST025,U02784,20260615011500,2026-06-15 07:29:00,32.28,9426,APP
L007150,ST006,U02488,2026-07-10 04:12:00,2026-07-10 06:28:00,11.09,"3,238",CARD
L002791,ST038,U02309,20260614235500,2026-06-15 00:47:00,113.24,36237,APP
L008878,ST016,U02437,2026/07/14 12:33:00,2026-07-14 14:54:00,11.12,2836,membership
L000334,ST010,U00640,2026-06-01 10:12:00,2026-06-01 15:39:00,30.72,8970,CARD
L006998,ST019,U01895,2026-04-30 04:02:00,2026-04-30 04:45:00,128.26,44506,CARD
L008141,ST033,U01343,2026/02/22 17:45:00,2026-02-22 18:16:00,46.78,14970,CARD
L009723,ST026,U02906,2026-04-23 10:19:00,2026-04-23 10:46:00,79.15,30077,CARD
L004625,ST028,U02576,2026-04-20 23:55:00,2026-04-21 00:32:00,40.6,12992,MEMBERSHIP
L001388,ST021,U02344,2026-03-06 04:46:00,2026-03-06 06:47:00,9.86,2879,APP
L006326,ST005,U00798,2026-04-21 00:48:00,2026-04-21 01:11:00,58.69,18781,APP
L000386,ST021,U00647,2026-04-02 06:07:00,2026-04-02 08:50:00,13.85,4044,MEMBERSHIP
L000280,ST028,U02085,2026-05-10 02:44:00,2026-05-10 03:05:00,30.77,9846,CARD
L005400,ST031,U02560,2026-06-16 05:11:00,2026-06-16 06:01:00,73.51,27934,APP
L010855,ST019,U00593,2026-07-10 15:52:00,2026-07-10 16:46:00,117.23,40679,CARD
L006713,ST015,U00315,2026-07-28 11:13:00,2026-07-28 11:51:00,80.79,25853,MEMBERSHIP
L004948,ST038,U00543,2026/02/26 04:01:00,2026-02-26 04:57:00,116.2,37184,MEMBERSHIP
L002945,ST039,U01840,2026-05-25 15:53:00,2026-05-25 16:14:00,14.43,5007,APP
L002199,ST005,U02510,2026-05-22 10:32:00,2026-05-22 10:58:00,72.31,23139,MEMBERSHIP
L001899,ST007,U00498,2026-07-22 13:44:00,2026-07-22 14:21:00,68.08,21786,CARD
L011620,ST027,U01211,2026-07-16 18:36:00,2026-07-16 22:43:00,19.08,5571,APP
L009180,ST027,U00999,2026-04-01 07:43:00,2026-04-01 12:37:00,25.91,7566,APP
L006382,ST029,U01375,2026-01-27 02:39:00,2026-01-27 06:04:00,30.17,8810,APP
L003554,ST015,U00500,2026-06-01 18:46:00,2026-06-01 19:06:00,40.59,12989,APP
L005986,ST029,U02346,2026/06/23 02:18:00,2026-06-23 06:43:00,31.45,9183,app
L001248,ST032,U01002,2026-06-02 05:12:00,2026-06-02 06:05:00,65.66,24951,APP
L007980,ST039,U01762,2026/01/29 16:46:00,2026-01-29 17:14:00,13.32,4622,CARD
L010587,ST013,U00593,20260227075200,2026-02-27 08:50:00,146.87,46998,CARD
L010156,ST036,U02503,2026-05-22 01:35:00,2026-05-22 04:03:00,18.91,5522,MEMBERSHIP
L005042,ST038,U01097,2026-01-06 19:27:00,2026-01-06 19:49:00,4248.0,13594,MEMBERSHIP
L003033,ST032,U00059,2026-04-11 21:05:00,2026-04-11 21:58:00,58.88,22374,APP
L009967,ST031,U01195,20260607024000,2026-06-07 03:08:00,45.61,17332,MEMBERSHIP
L011644,ST032,U02624,2026/05/10 12:18:00,2026-05-10 13:11:00,64.16,24381,APP
L005957,ST005,U00283,2026-04-07 19:57:00,2026-04-07 20:42:00,86.32,27622,CARD
L003900,ST027,U01817,2026-01-28 02:33:00,2026-01-28 08:51:00,26.81,7829,CARD
L009100,ST039,U01031,2026-07-20 00:25:00,2026-07-20 01:20:00,26.55,9213,MEMBERSHIP
L004977,ST005,U00396,2026/07/07 02:37:00,2026-07-07 03:27:00,126.42,40454,APP
L009234,ST009,U01901,2026/04/16 09:54:00,2026-04-16 10:43:00,33.22,11527,MEMBERSHIP
L009235,ST002,U01012,2026/01/21 00:10:00,2026-01-21 02:14:00,16.56,4836,APP
L007669,ST033,U01497,20260616203500,2026-06-16 21:20:00,96.78,30970,CARD
L002326,ST025,U01853,2026-05-23 18:50:00,2026-05-23 23:58:00,29.96,8748,APP
L010960,ST035,U00679,2026-07-16 00:31:00,2026-07-16 03:21:00,N/A,4570,APP
L006369,ST002,U00152,2026-03-08 15:07:00,2026-03-08 20:07:00,36.87,,CARD
L003644,ST018,U00246,2026-04-29 00:47:00,2026-04-29 08:35:00,31.49,9195,CARD
L005481,ST013,U01576,2026-06-27 02:38:00,2026-06-27 03:17:00,N/A,33024,Card
L005541,ST013,U02896,2026-04-11 18:01:00,2026-04-11 18:54:00,154.83,49546,APP
L003084,ST019,U02569,2026-07-08 06:12:00,2026-07-08 06:34:00,54.34,18856,MEMBERSHIP
L008447,ST025,U00314,2026-05-16 19:09:00,2026-05-17 00:43:00,23.74,6932,MEMBERSHIP
L008241,ST016,U01186,2026-05-24 11:44:00,2026-05-24 17:11:00,22.71,5791,CARD
L004200,ST012,U01615,2026/07/04 05:39:00,2026-07-04 06:31:00,36.76,11763,card
L010151,ST027,U02857,2026-07-22 06:21:00,2026-07-22 09:57:00,14.08,4111,CARD
L005641,ST035,U01247,2026-04-04 12:05:00,2026-04-04 16:58:00,37.24,9496,app
L007766,ST002,U00191,2026-02-17 15:38:00,2026-02-17 18:55:00,32.05,9359,MEMBERSHIP
L011956,ST002,U02644,2026-07-16 00:39:00,2026-07-16 02:44:00,18.69,5457,APP
L005441,ST009,U01586,2026-05-02 20:38:00,2026-05-02 21:00:00,13.25,4598,CARD
L010807,ST009,U01500,20260717114100,2026-07-17 12:06:00,12.53,4348,MEMBERSHIP
L004138,ST033,U02112,2026-05-04 23:33:00,2026-05-05 00:31:00,105.78,33850,APP
L010504,ST020,U02686,20260515065600,2026-05-15 07:38:00,22.42,7174,CARD
L006029,ST036,U02028,2026-06-11 01:15:00,2026-06-11 03:22:00,13.91,,CARD
L001700,ST036,U01848,2026-03-20 14:08:00,2026-03-20 20:10:00,58.8,,CARD
L000432,ST026,U00132,2026-05-04 14:12:00,2026-05-04 14:52:00,105.98,40272,MEMBERSHIP
L010422,ST024,U02938,2026-01-03 18:56:00,2026-01-03 19:39:00,125.19,43441,CARD
L006165,ST040,U02051,2026-01-22 19:44:00,2026-01-22 23:32:00,36.6,10687,MEMBERSHIP
L010254,ST013,U01519,2026-04-26 10:47:00,2026-04-26 11:09:00,55.48,17754,CARD
L005756,ST006,U01311,2026-05-20 13:38:00,2026-05-20 16:24:00,14.12,4123,CARD
L003877,ST032,U00944,2026/06/13 07:05:00,2026-06-13 07:38:00,39.89,15158,app
L010830,ST037,U01005,20260310000700,2026-03-10 00:32:00,54.43,18887,APP
L009327,ST037,U02134,2026-05-28 03:22:00,2026-05-28 04:19:00,109.79,38097,APP
L007337,ST009,U02767,2026/01/30 15:35:00,2026-01-30 16:34:00,35.58,,MEMBERSHIP
L000875,ST024,U02212,2026-06-24 08:47:00,2026-06-24 09:19:00,75.59,26230,CARD
L000798,ST031,U01297,2026-01-24 14:46:00,2026-01-24 15:28:00,59.5,"22,610",CARD
L004100,ST011,U01610,2026-07-22 11:22:00,2026-07-22 11:42:00,27.76,8883,MEMBERSHIP
L008546,ST025,U00879,2026-02-11 08:18:00,2026-02-11 15:02:00,28.17,8226,membership
L008626,ST015,U00194,2026-05-14 02:26:00,2026-05-14 02:49:00,49.83,15946,APP
L007278,ST006,U01182,2026-01-02 15:59:00,2026-01-02 20:48:00,28.54,8334,CARD
L011390,ST005,U02238,2026-04-29 21:51:00,2026-04-29 22:12:00,54.5,17440,CARD
L001048,ST036,U02837,2026/02/21 14:21:00,2026-02-21 17:34:00,21.07,6152,APP
L004169,ST021,U01704,2026-02-18 03:31:00,2026-02-18 08:34:00,20.85,6088,MEMBERSHIP
L006428,ST016,U00714,2026-01-15 11:23:00,2026-01-15 15:08:00,23.59,6015,APP
L007757,ST003,U00506,2026-03-28 10:22:00,2026-03-28 10:49:00,59.42,19014,CARD
L010524,ST011,U01583,2026-06-10 19:10:00,2026-06-10 19:37:00,48.4,15488,APP
L007891,ST007,U00724,2026-06-15 05:36:00,2026-06-15 06:13:00,71.81,22979,APP
L010749,ST029,U00669,2026-07-27 14:31:00,2026-07-27 22:13:00,53.75,15695,CARD
L008579,ST006,U02281,20260704075900,2026-07-04 14:12:00,34.15,9972,APP
L004469,ST032,U01543,2026-04-20 21:16:00,2026-04-20 22:01:00,51.53,19581,MEMBERSHIP
L006303,ST032,U00343,2026/05/18 16:37:00,2026-05-18 17:26:00,64.42,24480,membership
L006503,ST004,U00188,2026-06-19 09:33:00,2026-06-19 10:32:00,98.09,31389,APP
L005129,ST027,U02263,2026-01-17 20:51:00,2026-01-18 03:49:00,42.25,12337,CARD
L010675,ST020,U00221,2026-02-22 07:57:00,2026-02-22 08:48:00,30.35,9712,APP
L004040,ST034,U01223,20260215235100,2026-02-16 00:33:00,105.97,40269,APP
L006103,ST004,U01081,2026-06-15 14:40:00,2026-06-15 15:16:00,54.73,17514,CARD
L008058,ST018,U02784,2026/03/05 16:51:00,2026-03-05 22:52:00,32.83,9586,APP
L008504,ST029,U00832,2026-03-12 17:24:00,2026-03-12 21:52:00,41.34,,MEMBERSHIP
L003467,ST038,U00845,2026-06-20 11:25:00,2026-06-20 12:01:00,82.06,26259,MEMBERSHIP
L009354,ST024,U00392,2026/01/05 22:31:00,2026-01-05 22:52:00,4542.0,15761,CARD
L006020,ST010,U02028,2026-03-31 15:37:00,2026-03-31 20:53:00,22.43,6550,CARD
L006777,ST039,U02253,20260204184100,2026-02-04 19:25:00,25.02,8682,CARD
L011804,ST035,U00367,2026-01-06 00:24:00,2026-01-06 06:11:00,43.12,10996,CARD
L011726,ST018,U00425,2026-06-03 09:05:00,2026-06-03 14:23:00,N/A,8439,APP
L007933,ST017,U01327,20260505074100,2026-05-05 12:15:00,21.87,6386,CARD
L011797,ST037,U00790,2026/06/26 04:26:00,2026-06-26 05:12:00,102.5,35568,APP
L007432,ST036,U02138,2026-06-25 06:19:00,2026-06-25 08:22:00,16.53,4827,APP
L000779,ST023,U00264,2026-05-05 08:32:00,2026-05-05 09:14:00,27.57,8822,APP
L001113,ST001,U00346,2026-03-12 00:56:00,2026-03-12 01:50:00,75.34,28629,APP
L001120,ST003,U02913,20260319032500,2026-03-19 03:46:00,,11325,CARD
L000195,ST036,U01279,2026-03-10 13:53:00,2026-03-10 20:41:00,,13388,MEMBERSHIP
L009937,ST001,U00078,2026-07-12 16:32:00,2026-07-12 17:07:00,74.59,28344,MEMBERSHIP
L005235,ST004,U00308,2026/05/03 22:32:00,2026-05-03 23:26:00,77.07,24662,APP
L008010,ST010,U00833,20260128155400,2026-01-28 19:40:00,16.43,4798,CARD
L004793,ST027,U02941,2026-06-06 17:33:00,2026-06-07 01:00:00,43.79,12787,CARD
L007660,ST010,U01955,2026-04-01 05:07:00,2026-04-01 11:29:00,33.81,9873,MEMBERSHIP
L011869,ST026,U01501,2026-04-01 14:01:00,2026-04-01 14:50:00,135.96,51665,MEMBERSHIP
L008650,ST009,U00008,2026-02-14 23:06:00,2026-02-14 23:43:00,25.2,8744,CARD
L000637,ST036,U00453,2026/03/18 08:29:00,2026-03-18 13:30:00,37.71,11011,APP
L003712,ST009,U00062,2026-04-02 05:33:00,2026-04-02 05:53:00,9.85,3418,MEMBERSHIP
L008969,ST021,U00146,2026-03-01 17:05:00,2026-03-02 00:10:00,34.84,-10173,MEMBERSHIP
L011989,ST002,U00092,20260515132700,2026-05-15 17:19:00,35.12,10255,MEMBERSHIP
L000442,ST024,U00811,2026-06-16 05:22:00,2026-06-16 06:14:00,106.61,36994,MEMBERSHIP
L000811,ST007,U02694,2026/03/14 00:17:00,2026-03-14 00:48:00,48.46,15507,CARD
L001367,ST027,U01832,2026-01-12 10:25:00,2026-01-12 15:39:00,,9157,MEMBERSHIP
L003448,ST034,U02345,2026-03-05 03:19:00,2026-03-05 04:11:00,119.49,45406,MEMBERSHIP
L007329,ST006,U01009,20260612103800,2026-06-12 15:51:00,23.46,6850,APP
L008128,ST006,U02449,20260206020700,2026-02-06 07:21:00,23.48,6856,MEMBERSHIP
L005347,ST034,U01145,2026-07-24 16:41:00,2026-07-24 17:09:00,57.0,21660,APP
L001842,ST039,U02886,2026-02-24 11:45:00,2026-02-24 12:32:00,22.84,7925,CARD
L000878,ST008,U02641,2026/05/10 00:35:00,2026-05-10 07:50:00,31.54,8043,CARD
L009786,ST022,U01270,2026/05/27 21:50:00,2026-05-27 22:45:00,79.64,27635,CARD
L010038,ST039,U01855,2026-06-24 13:26:00,2026-06-24 13:58:00,22.9,7946,membership
L004054,ST037,U02001,2026-01-31 08:20:00,2026-01-31 09:08:00,89.16,30939,APP
L005453,ST018,U00200,2026-03-16 21:20:00,2026-03-16 23:29:00,12.84,3749,MEMBERSHIP
L006440,ST006,U00447,2026-02-10 03:28:00,2026-02-10 08:02:00,23.66,6909,APP
L000863,ST028,U00146,2026-01-15 19:37:00,2026-01-15 20:20:00,46.81,14979,MEMBERSHIP
L005968,ST019,U02946,2026-05-28 17:44:00,2026-05-28 18:36:00,100.44,34853,CARD
L007006,ST022,U02651,2026-05-03 18:32:00,2026-05-03 19:22:00,74.08,25706,APP
L009809,ST022,U02736,2026-07-07 05:19:00,2026-07-07 06:05:00,100.18,34762,APP
L000475,ST013,U01879,2026-05-23 23:03:00,2026-05-23 23:42:00,102.55,32816,CARD
L011710,ST023,U02107,2026-05-05 11:09:00,2026-05-05 12:07:00,26.74,-8557,APP
L011032,ST022,U00254,2026-04-27 16:19:00,2026-04-27 16:48:00,60.23,20900,MEMBERSHIP
L000312,ST039,U02587,2026-04-26 19:54:00,2026-04-26 20:42:00,32.81,11385,APP
L006090,ST002,U02854,2026/05/20 21:01:00,2026-05-21 04:42:00,46.55,13593,MEMBERSHIP
L007191,ST035,U01446,2026-02-06 11:23:00,2026-02-06 18:32:00,63.07,16083,APP
L008608,ST031,U00506,2026/07/17 05:06:00,2026-07-17 05:51:00,62.35,23693,MEMBERSHIP
L009623,ST029,U01270,2026-01-03 00:35:00,2026-01-03 06:45:00,42.05,,MEMBERSHIP
L002752,ST029,U01445,20260221161100,2026-02-21 20:02:00,35.32,10313,APP
L004461,ST032,U02940,2026-01-10 22:56:00,2026-01-10 23:19:00,33.4,12692,MEMBERSHIP
L001863,ST005,U00110,2026-03-24 11:40:00,2026-03-24 12:17:00,80.26,25683,CARD
L005029,ST020,U00531,2026-03-24 09:01:00,2026-03-24 08:10:00,11.29,3613,CARD
L011423,ST023,U02108,2026-07-16 18:34:00,2026-07-16 19:04:00,19.11,6115,MEMBERSHIP
L001245,ST004,U01301,2026-04-24 22:24:00,2026-04-24 23:01:00,59.84,19149,MEMBERSHIP
L006855,ST028,U01435,2026-07-27 23:33:00,2026-07-28 00:05:00,46.43,14858,APP
L010210,ST019,U02401,2026-02-09 02:23:00,2026-02-09 03:19:00,104.95,36418,MEMBERSHIP
L004750,ST007,U01392,20260313205900,2026-03-13 21:46:00,83.46,"26,707",CARD
L006187,ST012,U00500,2026-06-30 13:50:00,2026-06-30 14:26:00,23.79,7613,CARD
L002911,ST006,U00022,2026-02-06 12:39:00,2026-02-06 16:57:00,21.87,6386,MEMBERSHIP
L002295,ST013,U02030,2026-06-20 09:56:00,2026-06-20 10:45:00,139.36,44595,CARD
L010631,ST015,U02451,20260527183800,2026-05-27 19:21:00,86.51,27683,CARD
L005491,ST010,U01627,2026-01-06 19:37:00,2026-01-06 22:38:00,,4879,APP
L005150,ST017,U02244,2026-04-09 14:04:00,2026-04-09 18:02:00,21.64,6319,APP
L010599,ST025,U02351,20260721041300,2026-07-21 09:05:00,21.02,6138,MEMBERSHIP
L010522,ST040,U02334,2026-04-09 20:01:00,2026-04-10 02:04:00,51.08,,Card
L005566,ST038,U02053,2026-01-28 00:32:00,2026-01-28 01:21:00,89.89,28765,APP
L002191,ST012,U02265,2026-02-26 04:40:00,2026-02-26 05:28:00,30.79,9853,APP
L001672,ST018,U00571,2026-03-27 04:01:00,2026-03-27 10:04:00,24.15,7052,APP
L011787,ST021,U00510,2026-01-26 09:08:00,2026-01-26 13:23:00,21.53,6287,MEMBERSHIP
L008653,ST015,U01922,2026-07-24 19:45:00,2026-07-24 20:26:00,85.87,27478,APP
L000755,ST038,U02749,20260421093600,2026-04-21 10:23:00,112.28,35930,APP
L007039,ST028,U02636,20260405180900,2026-04-05 18:32:00,30.09,"9,629",MEMBERSHIP
L004327,ST038,U00905,2026-02-24 17:23:00,2026-02-24 17:59:00,83.47,26710,CARD
L006861,ST018,U02011,2026-03-21 23:33:00,2026-03-22 02:10:00,13.37,,APP
L006826,ST035,U02527,20260410192800,2026-04-11 03:15:00,48.89,12467,APP
L011094,ST021,U01158,20260419125900,2026-04-19 15:10:00,10.92,3189,CARD
L011535,ST015,U01803,2026-03-04 16:52:00,2026-03-04 17:18:00,58.07,18582,CARD
L006120,ST038,U02524,2026-07-09 08:23:00,2026-07-09 08:53:00,86.17,27574,MEMBERSHIP
L008687,ST001,U02177,2026-05-19 20:52:00,2026-05-19 21:43:00,73.22,27824,CARD
L006527,ST016,U02034,2026-02-23 04:19:00,2026-02-23 09:53:00,30.38,7747,MEMBERSHIP
L009880,ST036,U00840,20260507163300,2026-05-07 19:44:00,21.53,6287,MEMBERSHIP
L011973,ST003,U00534,2026/05/24 06:36:00,2026-05-24 07:15:00,76.11,24355,MEMBERSHIP
L005021,ST001,U02344,2026-06-21 20:55:00,2026-06-21 21:27:00,44.43,16883,APP
L004342,ST003,U00488,20260121113700,2026-01-21 12:24:00,85.35,27312,CARD
L007495,ST017,U02905,2026/04/21 01:01:00,2026-04-21 04:15:00,17.56,5128,app
L006430,ST010,U02272,2026-04-10 09:41:00,2026-04-10 14:25:00,20.66,6033,card
L006025,ST002,U01742,2026-06-17 01:27:00,2026-06-17 09:14:00,71.87,20986,APP
L011205,ST015,U00776,2026-05-11 14:28:00,2026-05-11 15:26:00,84.47,27030,APP
L010848,ST022,U02972,2026-02-01 19:12:00,2026-02-01 19:56:00,65.39,22690,CARD
L001468,ST026,U00616,2026-04-02 21:19:00,2026-04-02 21:46:00,58.69,22302,CARD
L005744,ST035,U02116,2026-01-09 14:00:00,2026-01-09 21:16:00,69.69,17771,APP
L005195,ST007,U02679,2026-04-15 15:23:00,2026-04-15 16:20:00,79.28,25370,CARD
L009586,ST040,U00778,2026-06-14 09:36:00,2026-06-14 08:23:00,38.69,11297,MEMBERSHIP
L006005,ST027,U02229,20260423050600,2026-04-23 08:03:00,13.61,3974,MEMBERSHIP
L003249,ST039,U01300,2026-06-24 13:09:00,2026-06-24 13:42:00,18.66,6475,APP
L008470,ST007,U01422,2026-03-05 08:48:00,2026-03-05 09:44:00,107.63,34442,Card
L001869,ST004,U00341,20260516111100,2026-05-16 11:58:00,98.09,31389,CARD
L011215,ST006,U02369,2026-05-10 09:03:00,2026-05-10 13:15:00,20.1,5869,MEMBERSHIP
L007238,ST035,U02709,2026-06-18 07:17:00,2026-06-18 15:09:00,64.47,16440,APP
L007069,ST005,U00996,20260316184200,2026-03-16 19:10:00,53.18,17018,APP
L004390,ST005,U00199,2026-07-10 00:59:00,2026-07-10 01:49:00,126.22,40390,CARD
L001302,ST027,U00856,2026-07-20 06:38:00,2026-07-20 11:38:00,26.92,7861,APP
L005910,ST039,U01246,2026-07-04 12:56:00,2026-07-04 13:34:00,27.37,9497,APP
L004266,ST008,U02466,2026-06-06 17:54:00,2026-06-06 22:16:00,18.2,4641, APP 
L008131,ST030,U01199,2026-05-06 09:13:00,2026-05-06 09:50:00,89.84,28749,CARD
L009868,ST003,U01275,2026-03-16 17:12:00,2026-03-16 17:51:00,55.19,17661,APP
L000611,ST032,U02547,2026-07-22 07:44:00,2026-07-22 08:19:00,32.83,12475,APP
L006547,ST036,U02214,2026-05-31 22:00:00,2026-06-01 00:18:00,16.98,4958,CARD
L011652,ST011,U02271,20260425072800,2026-04-25 08:28:00,92.92,29734,MEMBERSHIP
L000197,ST017,U01531,2026-04-14 11:11:00,2026-04-14 17:10:00,29.06,8486, APP 
L003749,ST015,U00818,2026-01-23 10:55:00,2026-01-23 11:44:00,101.25,32400,MEMBERSHIP
L004973,ST026,U00464,2026/03/23 13:58:00,2026-03-23 14:42:00,86.75,32965,MEMBERSHIP
L004137,ST030,U00027,2026-03-03 08:55:00,2026-03-03 09:34:00,110.99,35517,CARD
L002248,ST021,U01252,2026-05-27 21:52:00,2026-05-28 01:28:00,14.95,4365,CARD
L011392,ST040,U02620,2026-06-19 20:54:00,2026-06-20 01:28:00,43.63,12740,CARD
L010415,ST021,U00806,2026-05-24 16:12:00,2026-05-24 22:32:00,25.66,7493,MEMBERSHIP
L001286,ST036,U01052,2026-01-02 00:09:00,2026-01-02 04:51:00,44.22,12912,MEMBERSHIP
L010245,ST039,U02287,2026-07-28 23:17:00,2026-07-28 23:46:00,15.78,5476,MEMBERSHIP
L003291,ST021,U02974,2026-04-04 07:47:00,2026-04-04 11:56:00,16.37,4780,CARD
L003389,ST019,U00156,2026/01/26 14:23:00,2026-01-26 15:08:00,108.59,37681,MEMBERSHIP
L006602,ST032,U00105,2026/05/29 03:15:00,2026-05-29 03:48:00,42.85,16283,CARD
L007678,ST004,U01119,2026-06-14 05:13:00,2026-06-14 06:08:00,94.43,30218,APP
L004045,ST031,U02310,2026/06/28 10:51:00,2026-06-28 11:31:00,79.2,30096,CARD
L000754,ST006,U01938,2026/04/27 08:01:00,2026-04-27 11:19:00,18.5,"5,402",APP
L008009,ST035,U01972,2026-02-02 10:56:00,2026-02-02 15:23:00,38.94,9930,CARD
L006244,ST037,U02464,2026-02-05 18:57:00,2026-02-05 19:29:00,62.13,21559,CARD
L001196,ST023,U00512,2026-05-17 13:51:00,2026-05-17 14:11:00,11.16,3571,APP
L004874,ST022,U01931,2026-02-03 09:54:00,2026-02-03 10:29:00,74.04,,membership
L003204,ST002,U01313,2026-03-06 10:52:00,2026-03-06 17:18:00,40.05,11695,APP
L002128,ST036,U00407,2026-01-16 07:52:00,2026-01-16 13:56:00,43.51,12705,APP
L005837,ST011,U02554,2026-05-04 05:36:00,2026-05-04 06:14:00,52.58,16826,MEMBERSHIP
L004628,ST018,U00656,2026-06-02 04:16:00,2026-06-02 10:47:00,40.31,11771,MEMBERSHIP
L006010,ST015,U01003,2026/07/01 02:10:00,2026-07-01 02:37:00,40.98,13114,CARD
L003625,ST007,U01819,20260505093900,2026-05-05 10:31:00,99.62,31878,CARD
L009855,ST040,U01239,2026-03-15 02:39:00,2026-03-15 06:05:00,31.73,9265,MEMBERSHIP
L006359,ST019,U02579,20260402162300,2026-04-02 17:14:00,107.1,37164,MEMBERSHIP
L001251,ST038,U00741,2026-07-28 00:26:00,2026-07-28 00:55:00,66.27,-21206,MEMBERSHIP
L010203,ST027,U02438,20260310135600,2026-03-10 18:37:00,18.12,5291,MEMBERSHIP
L000397,ST002,U01271,2026-06-04 10:21:00,2026-06-04 14:52:00,37.41,10924,APP
L002795,ST011,U00282,2026-01-05 03:39:00,2026-01-05 04:15:00,66.6,21312,CARD
L000563,ST017,U02296,2026-06-18 05:14:00,2026-06-18 08:34:00,20.8,6074,CARD
L006452,ST036,U01655,2026/03/06 05:55:00,2026-03-06 09:06:00,19.47,5685,CARD
L001065,ST019,U00607,2026/02/22 12:36:00,2026-02-22 13:07:00,83.13,28846,MEMBERSHIP
L006807,ST035,U02071,2026-01-05 11:32:00,2026-01-05 15:44:00,28.86,7359,APP
L006182,ST010,U01671,2026/05/12 06:30:00,2026-05-12 10:15:00,18.36,5361,APP
L007333,ST032,U02682,2026-01-27 14:07:00,2026-01-27 14:58:00,54.26,20619,MEMBERSHIP
L007907,ST026,U00006,2026-07-16 05:42:00,2026-07-16 06:08:00,58.73,22317,APP
L001204,ST016,U02601,2026-05-09 12:54:00,2026-05-09 17:14:00,24.51,,CARD
L011262,ST009,U01863,2026-02-04 10:39:00,2026-02-04 11:04:00,11.95,4147,MEMBERSHIP
L004051,ST017,U00641,2026-03-27 21:34:00,2026-03-28 03:30:00,30.52,8912,APP
L007314,ST009,U00737,2026-05-24 13:35:00,2026-05-24 14:04:00,17.73,6152,CARD
L006295,ST006,U02792,2026-07-02 14:37:00,2026-07-02 22:23:00,37.35,10906,CARD
L005285,ST028,U01474,20260720212500,2026-07-20 22:22:00,83.12,26598,MEMBERSHIP
L000680,ST036,U02430,2026-01-22 22:23:00,2026-01-23 05:42:00,68.27,19935,MEMBERSHIP
L007996,ST030,U01098,2026-03-26 22:09:00,2026-03-26 22:44:00,69.74,22317,MEMBERSHIP
L006698,ST037,U01425,2026-04-30 14:12:00,2026-04-30 15:07:00,90.05,31247,CARD
L005158,ST033,U01585,2026-07-19 16:19:00,2026-07-19 17:00:00,63.2,20224,CARD
L010342,ST008,U01269,2026-06-15 10:25:00,2026-06-15 14:49:00,26.99,6882,MEMBERSHIP
L005562,ST016,U02615,2026-03-14 03:25:00,2026-03-14 07:55:00,25.71,6556,APP
L001861,ST002,U00538,2026-06-08 10:12:00,2026-06-08 13:44:00,25.91,7566,MEMBERSHIP
L008709,ST017,U02931,2026-02-06 16:40:00,2026-02-06 21:52:00,25.79,7531,MEMBERSHIP
L006213,ST005,U01923,20260211002000,2026-02-11 00:53:00,80.32,25702,MEMBERSHIP
L000326,ST028,U00990,2026-04-18 16:25:00,2026-04-18 16:45:00,N/A,9526,MEMBERSHIP
L009012,ST027,U01276,20260303225700,2026-03-04 05:10:00,28.48,8316,MEMBERSHIP
L010718,ST007,U01169,2026-05-28 18:08:00,2026-05-28 18:59:00,76.03,24330,APP
L003752,ST038,U01883,2026-02-20 22:18:00,2026-02-20 23:14:00,127.48,40794,CARD
L005650,ST033,U02778,2026-07-27 18:31:00,2026-07-27 19:20:00,89.35,28592,MEMBERSHIP
L003950,ST029,U01055,2026-06-02 02:13:00,2026-06-02 09:37:00,47.29,13809,MEMBERSHIP
L007116,ST028,U01515,2026-01-07 00:45:00,2026-01-07 01:20:00,45.87,14678,CARD
L009241,ST029,U01992,2026-05-05 22:50:00,2026-05-06 06:37:00,49.96,14588,APP
L007483,ST029,U00852,2026-01-09 10:16:00,2026-01-09 17:45:00,48.03,14025,MEMBERSHIP
L005283,ST004,U00446,2026-02-15 11:54:00,2026-02-15 12:44:00,94.19,30141,MEMBERSHIP
L006297,ST004,U01410,2026/03/05 21:04:00,2026-03-05 21:55:00,99.11,31715,MEMBERSHIP
L011752,ST021,U02072,2026-07-14 16:58:00,2026-07-14 23:52:00,36.19,10567,MEMBERSHIP
L004576,ST036,U01408,2026-05-31 14:07:00,2026-05-31 20:48:00,47.0,13724,APP
L001323,ST015,U02090,2026-07-08 11:17:00,2026-07-08 11:48:00,62.95,20144,MEMBERSHIP
L006764,ST016,U02244,2026-06-18 20:51:00,2026-06-19 01:57:00,26.86,6849,MEMBERSHIP
L011279,ST015,U01881,2026-07-20 12:30:00,2026-07-20 12:53:00,51.35,16432,APP
L000437,ST006,U01048,20260701120600,2026-07-01 16:52:00,27.46,8018,MEMBERSHIP
L007866,ST027,U01973,2026-05-19 16:45:00,2026-05-19 23:27:00,34.3,10016,APP
L004662,ST032,U01619,2026-07-03 15:28:00,2026-07-03 16:08:00,37.87,14391,MEMBERSHIP
L000305,ST023,U01085,20260318084200,2026-03-18 09:06:00,14.48,4634,MEMBERSHIP
L004297,ST034,U00027,2026-04-22 20:29:00,2026-04-22 20:51:00,42.06,15983,APP
L007696,ST019,U00398,20260718120300,2026-07-18 12:51:00,102.68,35630,APP
L007000,ST012,U00581,2026-06-03 03:02:00,2026-06-03 03:56:00,27.57,8822,MEMBERSHIP
L000861,ST002,U02924,2026-06-28 21:53:00,2026-06-29 00:47:00,19.36,5653,APP
L004386,ST015,U02294,2026-03-18 07:53:00,2026-03-18 08:18:00,,16016,APP
L008398,ST030,U01415,2026-07-25 00:07:00,2026-07-25 00:30:00,42.17,13494,APP
L001943,ST034,U01274,2026-01-09 15:15:00,2026-01-09 16:06:00,149.96,,CARD
L000081,ST021,U00907,2026-02-07 08:25:00,2026-02-07 08:04:00,37.71,,MEMBERSHIP
L010179,ST029,U01368,2026/04/26 18:43:00,2026-04-26 21:08:00,21.76,6354,Card
L011256,ST039,U02432,2026-05-04 14:28:00,2026-05-04 15:08:00,21.95,7617,APP
L006976,ST019,U00111,2026-05-09 18:01:00,2026-05-09 18:54:00,111.31,38625,CARD
L000610,ST011,U00276,2026-03-26 06:39:00,2026-03-26 07:39:00,99.71,31907,MEMBERSHIP
L001170,ST036,U01316,2026-06-27 11:33:00,2026-06-27 17:16:00,48.9,14279,APP
L010963,ST012,U01521,2026-03-31 06:31:00,2026-03-31 05:46:00,28.63,9162,CARD
L007368,ST010,U01661,2026-01-25 21:51:00,2026-01-26 02:17:00,,7773,MEMBERSHIP
L008293,ST006,U01811,2026-05-30 21:58:00,2026-05-31 02:29:00,19.89,5808,APP
L009487,ST034,U01804,2026-04-23 07:30:00,2026-04-23 07:51:00,-,17955,CARD
L004787,ST031,U00182,2026-03-25 23:34:00,2026-03-25 23:56:00,47.05,17879,CARD
L011604,ST032,U02459,2026-02-16 09:11:00,2026-02-16 10:02:00,51.45,19551,APP
L004377,ST017,U01438,2026-03-01 14:02:00,2026-03-01 21:30:00,41.02,11978,card
L000770,ST004,U02107,2026-07-25 05:23:00,2026-07-25 05:47:00,34.77,11126,APP
L009614,ST007,U02226,2026-03-13 15:16:00,2026-03-13 15:54:00,62.23,19914,CARD
L003032,ST001,U01797,2026-06-25 16:00:00,2026-06-25 16:48:00,67.74,25741,APP
L005416,ST032,U01080,2026-01-15 10:20:00,2026-01-15 10:44:00,34.7,13186,APP
L004205,ST009,U00725,2026-05-08 11:40:00,2026-05-08 12:26:00,3300.0,11451,MEMBERSHIP
L003259,ST031,U00064,2026-07-23 14:48:00,2026-07-23 15:12:00,50.06,19023,CARD
L007162,ST013,U00607,2026-01-17 06:41:00,2026-01-17 07:04:00,45.64,14605,APP
L006539,ST006,U02990,2026-03-09 00:50:00,2026-03-09 07:21:00,37.65,10994,APP
L004678,ST034,U00424,2026-02-06 22:21:00,2026-02-06 23:11:00,111.31,42298,MEMBERSHIP
L000957,ST007,U02214,2026-02-08 20:14:00,2026-02-08 21:13:00,123.72,39590,MEMBERSHIP
L003406,ST015,U00805,2026-05-06 08:52:00,2026-05-06 09:31:00,69.8,22336,APP
L007682,ST009,U02397,2026-04-03 16:04:00,2026-04-03 16:45:00,20.74,,APP
L001517,ST033,U00116,2026-07-25 17:04:00,2026-07-25 17:29:00,53.83,17226,CARD
L005812,ST019,U00985,2026-04-24 00:55:00,2026-04-24 01:53:00,173.39,60166,MEMBERSHIP
L010132,ST020,U02801,2026-02-23 07:11:00,2026-02-23 07:35:00,15.63,5002,CARD
L005164,ST020,U02855,20260309144700,2026-03-09 15:39:00,33.86,10835,APP
L009712,ST019,U02508,2026-05-24 15:42:00,2026-05-24 16:13:00,90.42,31376,CARD
L007837,ST007,U00291,2026-04-13 14:56:00,2026-04-13 15:47:00,101.02,32326,MEMBERSHIP
L011596,ST020,U02574,2026-06-18 22:03:00,2026-06-18 22:30:00,,6266,MEMBERSHIP
L004598,ST020,U02805,2026-01-09 22:12:00,2026-01-09 22:52:00,22.14,,MEMBERSHIP
L003468,ST010,U01933,2026-06-13 21:19:00,2026-06-14 05:12:00,49.53,14463,APP
L002828,ST006,U01784,2026-03-09 15:19:00,2026-03-09 20:05:00,19.81,5785,CARD
L007273,ST040,U01424,2026-02-16 08:01:00,2026-02-16 11:08:00,26.07,7612,APP
L011143,ST035,U01054,2026-05-29 08:51:00,2026-05-29 14:44:00,38.53,9825,MEMBERSHIP
L006712,ST004,U00237,2026-01-07 18:48:00,2026-01-07 19:39:00,103.56,33139,APP
L003485,ST010,U02920,2026-07-23 08:06:00,2026-07-23 16:02:00,45.97,13423,MEMBERSHIP
L005768,ST007,U02684,2026-07-11 10:59:00,2026-07-11 11:54:00,122.07,39062,APP
L001736,ST035,U01913,2026/07/23 10:15:00,2026-07-23 13:54:00,24.71,6301,CARD
L006302,ST009,U00975,2026-01-21 18:07:00,2026-01-21 19:01:00,26.36,9147,MEMBERSHIP
L001177,ST019,U00239,2026-07-12 10:34:00,2026-07-12 11:29:00,116.93,40575,CARD
L008674,ST013,U01179,2026-02-04 18:56:00,2026-02-04 19:16:00,58.91,18851,CARD
L006799,ST007,U00504,20260321194200,2026-03-21 20:04:00,38.29,12253,MEMBERSHIP
L002156,ST014,U00987,2026/07/09 03:25:00,2026-07-09 03:49:00,17.01,6464,CARD
L010368,ST019,U02425,2026-07-05 20:57:00,2026-07-05 21:34:00,96.87,33614,MEMBERSHIP
L008422,ST015,U01441,2026-05-08 22:55:00,2026-05-08 23:54:00,102.3,32736,CARD
L008998,ST014,U01801,2026-05-02 00:29:00,2026-05-02 00:55:00,12.09,4594,MEMBERSHIP
L005204,ST013,U00257,2026-04-03 05:47:00,2026-04-03 06:27:00,112.9,36128,MEMBERSHIP
L002591,ST020,U01619,2026-07-23 14:31:00,2026-07-23 14:56:00,14.62,4678,APP
L006917,ST012,U02513,2026-02-12 20:04:00,2026-02-12 20:25:00,11.37,3638,APP
L011610,ST037,U01372,2026-04-10 05:26:00,2026-04-10 06:02:00,78.52,27246,APP
L000609,ST001,U01975,2026-07-17 23:27:00,2026-07-18 00:23:00,123.85,47063,APP
L010238,ST028,U00048,2026-05-10 05:04:00,2026-05-10 05:42:00,37.43,11978,CARD
L011061,ST016,U00880,2026/07/21 12:19:00,2026-07-21 20:06:00,42.95,10952,MEMBERSHIP
L002506,ST021,U00631,2026-01-22 21:22:00,2026-01-23 01:54:00,19.45,5679,membership
L004216,ST012,U02548,2026-01-13 03:41:00,2026-01-13 04:35:00,3903.0,,APP
L002934,ST013,U01128,2026-03-11 09:39:00,2026-03-11 10:25:00,110.04,35213,CARD
L005575,ST011,U02634,2026-04-01 03:12:00,2026-04-01 04:07:00,118.68,37978,CARD
L000772,ST002,U02070,2026-01-30 00:16:00,2026-01-30 02:29:00,13.92,4065,CARD
L005542,ST026,U01327,2026-01-29 16:09:00,2026-01-29 16:50:00,96.16,36541,MEMBERSHIP
L007510,ST017,U01683,2026-04-20 00:53:00,2026-04-20 03:13:00,13.98,,CARD
L011420,ST034,U00835,20260204204800,2026-02-04 21:44:00,126.26,47979,CARD
L002558,ST005,U01019,2026-01-10 13:33:00,2026-01-10 14:21:00,142.77,45686,CARD
L009562,ST018,U00276,2026-01-12 14:05:00,2026-01-12 16:11:00,12.38,3615,CARD
L001452,ST019,U00179,2026-05-04 17:26:00,2026-05-04 18:02:00,100.66,34929,MEMBERSHIP
L005693,ST023,U01519,2026-06-01 17:40:00,2026-06-01 18:27:00,29.04,9293,Card
L000076,ST028,U00371,2026-07-09 00:17:00,2026-07-09 01:04:00,50.52,16166,card
L006228,ST029,U00225,2026-01-21 06:25:00,2026-01-21 13:55:00,59.0,17228,APP
L007353,ST018,U00138,2026-01-16 08:08:00,2026-01-16 13:45:00,23.24,6786,MEMBERSHIP
L010976,ST010,U02849,2026-05-04 21:41:00,2026-05-05 01:37:00,22.89,6684,APP
L005017,ST026,U00525,2026-04-14 07:27:00,2026-04-14 07:56:00,67.57,25677,MEMBERSHIP
L009043,ST024,U01481,2026-01-17 04:47:00,2026-01-17 05:44:00,126.05,43739,MEMBERSHIP
L001674,ST027,U01347,2026-04-25 23:38:00,2026-04-26 03:08:00,14.09,4114,CARD
L001924,ST011,U00743,2026-03-17 12:01:00,2026-03-17 12:36:00,64.84,20749,MEMBERSHIP
L002422,ST001,U02443,2026-01-28 18:13:00,2026-01-28 19:11:00,125.3,47614,APP
L005367,ST040,U02899,2026-06-11 06:48:00,2026-06-11 11:41:00,46.1,13461,APP
L002886,ST031,U02798,2026-06-19 04:35:00,2026-06-19 05:19:00,70.06,,MEMBERSHIP
L009845,ST001,U02604,2026-02-09 00:53:00,2026-02-09 01:49:00,118.26,44939,CARD
L001571,ST032,U01390,2026/04/01 10:49:00,2026-04-01 11:31:00,52.05,19779,CARD
L007373,ST005,U02008,2026-03-27 11:20:00,2026-03-27 11:57:00,100.52,32166,MEMBERSHIP
L000712,ST010,U00659,2026-02-12 01:30:00,2026-02-12 07:33:00,26.69,7793,MEMBERSHIP
L010129,ST036,U01708,2026-02-09 13:42:00,2026-02-09 17:37:00,29.85,8716,CARD
L003646,ST010,U00227,2026-03-14 02:38:00,2026-03-14 07:16:00,26.17,7642,APP
L007550,ST021,U01183,2026-04-08 22:15:00,2026-04-09 02:26:00,17.9,5227,MEMBERSHIP
L001089,ST035,U02917,2026-01-20 07:20:00,2026-01-20 13:35:00,57.43,14645,MEMBERSHIP
L008246,ST014,U00181,2026-06-02 05:24:00,2026-06-02 06:20:00,37.48,14242,MEMBERSHIP
L001808,ST008,U01507,2026-05-15 11:58:00,2026-05-15 15:05:00,16.91,4312,MEMBERSHIP
L003180,ST029,U00447,2026-04-12 02:10:00,2026-04-12 08:35:00,41.29,12057,MEMBERSHIP
L002280,ST037,U00298,2026/07/13 05:48:00,2026-07-13 06:14:00,43.12,14963,CARD
L003824,ST002,U00846,2026-06-21 02:27:00,2026-06-21 06:19:00,26.14,7633,CARD
L003889,ST030,U02222,2026-05-21 22:53:00,2026-05-21 23:33:00,76.23,24394,MEMBERSHIP
L008850,ST025,U00208,2026-06-22 11:07:00,2026-06-22 18:12:00,32.17,9394,MEMBERSHIP
L010705,ST038,U00368,2026-04-02 23:21:00,2026-04-02 23:50:00,82.19,26301,APP
L000128,ST006,U01108,2026-02-11 01:55:00,2026-02-11 05:01:00,18.46,5390, APP 
L010853,ST039,U00678,2026/03/02 22:55:00,2026-03-02 23:45:00,36.17,12551,CARD
L003351,ST036,U01874,2026-06-12 19:24:00,2026-06-12 21:52:00,16.56,4836,MEMBERSHIP
L000579,ST009,U00827,2026-06-09 02:23:00,2026-06-09 03:02:00,27.2,9438,CARD
L003145,ST037,U01009,2026-01-19 07:36:00,2026-01-19 08:29:00,107.55,37320,APP
L001371,ST037,U01445,2026-03-25 10:05:00,2026-03-25 10:40:00,54.23,18818,MEMBERSHIP
L005579,ST004,U01249,2026-04-20 08:53:00,2026-04-20 09:51:00,116.26,37203,APP
L000293,ST023,U02268,2026-03-20 16:34:00,2026-03-20 17:00:00,,5363,CARD
L002039,ST018,U01468,2026-05-23 14:31:00,2026-05-23 22:02:00,31.05,9067,CARD
L006353,ST004,U00050,2026/06/12 13:52:00,2026-06-12 14:35:00,92.43,29578,CARD
L003986,ST023,U01796,20260303112100,2026-03-03 12:19:00,35.05,11216,CARD
L008595,ST001,U01264,2026-02-13 19:12:00,2026-02-13 19:49:00,70.73,26877,APP
L000519,ST001,U01081,20260112190100,2026-01-12 19:53:00,105.54,40105,MEMBERSHIP
L008324,ST021,U00405,2026-04-23 12:37:00,2026-04-23 16:46:00,25.75,7519,membership
L005727,ST010,U00010,2026-01-19 13:28:00,2026-01-19 20:02:00,37.21,10865,APP
L000483,ST038,U02479,2026-07-12 08:57:00,2026-07-12 09:38:00,116.71,37347,CARD
L009057,ST004,U01884,2026/05/18 07:18:00,2026-05-18 08:16:00,104.43,33418,CARD
L004180,ST014,U02678,2026-01-28 04:23:00,2026-01-28 04:44:00,13.57,5157,MEMBERSHIP
L002592,ST008,U01649,2026-04-17 20:30:00,2026-04-17 23:57:00,15.09,3848,APP
L011544,ST005,U02610,2026-05-16 09:08:00,2026-05-16 09:53:00,114.71,36707,CARD
L005735,ST003,U01702,2026-07-05 09:57:00,2026-07-05 10:25:00,59.51,19043,APP
L009639,ST006,U00928,20260527020900,2026-05-27 04:12:00,10.94,3194,CARD
L001841,ST039,U00917,2026-04-22 01:11:00,2026-04-22 01:40:00,14.74,5115,APP
L000616,ST012,U01272,2026-03-24 01:32:00,2026-03-24 01:58:00,16.12,5158,APP
L008726,ST022,U01264,2026-01-02 20:46:00,2026-01-02 21:38:00,107.78,37400,MEMBERSHIP
L003149,ST027,U02405,2026/05/03 11:44:00,2026-05-03 16:59:00,29.97,8751,CARD
L007159,ST010,U01295,2026-05-23 18:22:00,2026-05-23 23:57:00,22.47,6561,APP
L002765,ST999,U01461,2026-01-27 22:11:00,2026-01-28 05:37:00,57.81,16881,CARD
L010903,ST900,U01352,2026-04-16 06:06:00,2026-04-16 06:40:00,59.28,20570,MEMBERSHIP
L003941,ST004,U00540,2026-07-22 08:42:00,2026-07-22 09:04:00,33.73,10794,CARD
L009198,ST016,U00833,2026-01-13 13:39:00,2026-01-13 17:00:00,20.55,5240,MEMBERSHIP
L009127,ST002,U01949,2026-02-12 06:28:00,2026-02-12 13:23:00,58.54,17094,APP
L008125,ST027,U02272,20260408200900,2026-04-08 23:24:00,15.89,"4,640",CARD
L001826,ST039,U00875,2026-03-14 19:20:00,2026-03-14 19:49:00,17.27,5993,MEMBERSHIP
L005122,ST038,U02986,2026-02-06 00:46:00,2026-02-06 01:18:00,76.04,24333,APP
L001592,ST039,U00217,2026-02-10 23:25:00,2026-02-10 23:58:00,20.68,7176,APP
L000347,ST030,U02696,2026-01-13 15:04:00,2026-01-13 15:42:00,70.39,22525,APP
L005296,ST023,U01483,2026-05-07 16:43:00,2026-05-07 17:36:00,38.44,12301,Card
L005591,ST009,U01414,2026-05-24 04:18:00,2026-05-24 05:00:00,22.27,7728,CARD
L006514,ST032,U02875,2026-07-25 22:38:00,2026-07-25 23:12:00,49.94,18977,MEMBERSHIP
L010642,ST005,U02751,2026/05/12 13:22:00,2026-05-12 13:47:00,74.65,23888,card
L003295,ST026,U01216,2026-04-08 21:01:00,2026-04-08 22:01:00,155.75,59185,MEMBERSHIP
L005467,ST026,U02121,2026-06-23 02:15:00,2026-06-23 02:55:00,81.02,30788,MEMBERSHIP
L000287,ST016,U02481,2026-07-18 21:34:00,2026-07-19 00:07:00,13.82,3524,APP
L007487,ST029,U01637,2026-06-11 16:09:00,2026-06-11 18:39:00,21.11,6164,CARD
L010800,ST034,U02645,2026-03-10 04:24:00,2026-03-10 04:57:00,93.17,35405,CARD
L009985,ST015,U00722,2026-05-14 00:34:00,2026-05-14 01:13:00,86.82,27782,MEMBERSHIP
L005726,ST013,U02770,2026-03-21 14:47:00,2026-03-21 15:26:00,91.78,29370,APP
L006593,ST009,U02043,2026/05/28 04:28:00,2026-05-28 05:24:00,32.99,11448,MEMBERSHIP
L009219,ST003,U00558,2026-06-19 23:22:00,2026-06-19 23:59:00,75.23,24074,CARD
L003405,ST016,U02227,2026/06/12 23:47:00,2026-06-13 06:37:00,31.0,7905,CARD
L001618,ST001,U00335,2026-03-15 20:18:00,2026-03-15 21:12:00,89.08,33850,CARD
L008260,ST036,U01827,2026-04-17 00:55:00,2026-04-17 05:32:00,43.73,12769,CARD
L000301,ST034,U00298,2026-03-03 00:24:00,2026-03-03 00:46:00,43.42,16500,APP
L009086,ST037,U02241,2026-06-12 10:01:00,2026-06-12 10:42:00,67.48,23416,membership
L010318,ST003,U01205,2026-07-26 01:05:00,2026-07-26 02:02:00,114.81,36739,CARD
L009934,ST029,U01628,20260120145900,2026-01-20 18:16:00,22.28,6506,MEMBERSHIP
L006968,ST005,U02666,2026-05-30 12:50:00,2026-05-30 13:47:00,116.24,37197,CARD
L005316,ST023,U00792,2026-02-04 22:37:00,2026-02-04 23:31:00,29.87,9558,card
L000578,ST019,U02270,2026-02-11 08:04:00,2026-02-11 08:48:00,128.37,44544,CARD
L002896,ST020,U00104,2026-01-06 15:56:00,2026-01-06 16:54:00,37.2,11904,CARD
L011310,ST004,U00386,2026-04-23 04:38:00,2026-04-23 05:30:00,93.45,29904,MEMBERSHIP
L000167,ST029,U00844,2026-03-27 02:23:00,2026-03-27 06:20:00,38.15,11140,MEMBERSHIP
L008659,ST003,U00911,2026-07-14 04:19:00,2026-07-14 05:01:00,59.91,19171,membership
L002992,ST023,U02223,2026-04-04 11:54:00,2026-04-04 12:51:00,30.14,9645,APP
L004548,ST013,U02327,2026-02-04 06:30:00,2026-02-04 07:22:00,117.15,37488,MEMBERSHIP
L001488,ST039,U00770,20260721002600,2026-07-21 01:20:00,27.58,9570,CARD
L005251,ST027,U01948,2026-01-17 08:53:00,2026-01-17 14:03:00,20.48,5980,MEMBERSHIP
L010591,ST039,U00360,2026-02-26 05:35:00,2026-02-26 06:07:00,23.6,8189,APP
L001832,ST999,U01664,2026-04-11 03:48:00,2026-04-11 06:15:00,10.42,3043,APP
L001257,ST025,U00225,20260128092200,2026-01-28 15:46:00,29.97,8751,CARD
L011322,ST012,U02497,20260114140000,2026-01-14 14:54:00,31.85,10192,APP
L011630,ST003,U02628,2026-05-31 20:53:00,2026-05-31 21:22:00,62.89,20125,APP
L011545,ST038,U02371,2026-03-23 10:22:00,2026-03-23 10:54:00,89.31,28579,APP
L010496,ST034,U02115,2026-05-07 12:31:00,2026-05-07 13:13:00,118.41,44996,app
L009214,ST033,U00940,2026-01-13 03:23:00,2026-01-13 03:43:00,42.15,13488,APP
L005610,ST038,U02473,2026-07-25 02:18:00,2026-07-25 03:05:00,120.04,38413,CARD
L006464,ST006,U00793,2026-05-22 18:48:00,2026-05-22 21:48:00,17.21,5025,CARD
L008239,ST015,U01237,2026-04-18 13:23:00,2026-04-18 14:09:00,67.43,21578,MEMBERSHIP
L006113,ST005,U00005,2026-06-03 01:20:00,2026-06-03 02:10:00,107.69,34461,APP
L010672,ST006,U02768,2026-06-22 03:56:00,2026-06-22 07:30:00,18.27,5335,APP
L011633,ST010,U02574,2026-03-25 10:27:00,2026-03-25 13:10:00,12.97,3787,MEMBERSHIP
L001872,ST024,U02962,2026-01-19 19:19:00,2026-01-19 20:10:00,131.7,45700,MEMBERSHIP
L011431,ST009,U00163,2026-03-11 09:34:00,2026-03-11 10:20:00,28.47,9879,APP
L010651,ST013,U02913,2026-06-08 12:42:00,2026-06-08 13:32:00,107.76,34483,MEMBERSHIP
L008336,ST020,U02704,2026-04-16 14:48:00,2026-04-16 15:10:00,12.09,3869,CARD
L002622,ST005,U01576,2026-01-22 21:09:00,2026-01-22 22:05:00,150.27,48086,MEMBERSHIP
L003704,ST022,U01446,2026-01-31 05:50:00,2026-01-31 06:50:00,93.09,32302,CARD
L008885,ST023,U00042,2026-03-14 10:05:00,2026-03-14 10:48:00,27.84,8909,APP
L001311,ST023,U01422,2026-02-18 20:37:00,2026-02-18 21:26:00,31.47,10070,CARD
L010007,ST007,U01471,2026-02-26 04:59:00,2026-02-26 05:28:00,58.54,18733,MEMBERSHIP
L011863,ST022,U00968,2026-01-09 20:38:00,2026-01-09 21:33:00,86.99,30186,CARD
L008880,ST032,U01312,2026-01-01 00:37:00,2026-01-01 01:07:00,31.72,12054, APP 
L009583,ST038,U02866,2026-04-06 02:59:00,2026-04-06 03:43:00,93.51,29923,CARD
L001291,ST036,U02965,20260506062700,2026-05-06 10:53:00,31.37,9160,APP
L007354,ST016,U02802,2026-07-23 17:02:00,2026-07-23 21:20:00,20.99,5352, APP 
L006175,ST035,U00994,20260403080600,2026-04-03 10:18:00,18.27,4659,APP
L003461,ST034,U00921,2026-05-27 09:53:00,2026-05-27 10:16:00,45.58,17320,APP
L001111,ST040,U01319,2026-02-23 22:00:00,2026-02-24 05:27:00,52.86,15435,MEMBERSHIP
L010250,ST009,U01245,2026/05/09 19:23:00,2026-05-09 20:16:00,33.71,11697,APP
L009089,ST031,U00892,20260721002200,2026-07-21 01:06:00,,35306,APP
L001192,ST031,U00447,2026-02-22 02:10:00,2026-02-22 02:56:00,85.56,32513,CARD
L006759,ST030,U00731,2026-05-04 22:42:00,2026-05-04 23:08:00,63.46,20307,APP
L011882,ST015,U01229,20260411225200,2026-04-11 23:48:00,103.74,33197,MEMBERSHIP
L002921,ST008,U02622,2026-05-03 22:01:00,2026-05-04 02:09:00,24.36,6212,MEMBERSHIP
L008274,ST037,U01082,2026-07-20 02:03:00,2026-07-20 02:45:00,66.1,22937,APP
L003304,ST003,U00515,2026-01-13 14:12:00,2026-01-13 15:00:00,74.21,23747,MEMBERSHIP
L001703,ST015,U01912,2026-07-29 23:45:00,2026-07-30 00:24:00,58.3,18656,APP
L009277,ST025,U02013,2026-03-19 10:58:00,2026-03-19 18:41:00,46.15,13476,MEMBERSHIP
L000837,ST019,U02600,2026/01/12 16:03:00,2026-01-12 17:03:00,160.96,55853,MEMBERSHIP
L005362,ST009,U00172,20260726105300,2026-07-26 11:13:00,13.34,4629,APP
L006780,ST027,U02586,2026/05/02 14:50:00,2026-05-02 17:36:00,12.38,3615,MEMBERSHIP
L002450,ST038,U01555,2026-01-02 10:53:00,2026-01-02 11:49:00,162.54,52013,MEMBERSHIP
L008589,ST037,U00529,20260507134000,2026-05-07 14:12:00,69.33,24058,APP
L004404,ST038,U01272,2026/06/24 04:29:00,2026-06-24 05:19:00,121.16,38771,APP
L002416,ST024,U02940,2026-03-27 10:32:00,2026-03-27 11:30:00,158.51,55003,APP
L009906,ST025,U00109,2026-06-04 03:40:00,2026-06-04 08:49:00,32.32,9437,CARD
L007633,ST016,U02329,2026-03-02 20:15:00,2026-03-02 23:20:00,12.34,3147,membership
L004940,ST020,U01757,2026-04-07 01:49:00,2026-04-07 02:11:00,13.93,4458,CARD
L005875,ST031,U00049,20260424205100,2026-04-24 21:23:00,60.76,23089,APP
L009105,ST036,U01365,2026-04-07 11:11:00,2026-04-07 18:26:00,69.13,20186,APP
L011553,ST029,U00696,2026-01-01 22:33:00,2026-01-02 05:59:00,52.03,15193,CARD
L006657,ST022,U02705,2026/05/29 07:22:00,2026-05-29 07:53:00,5153.0,17881,CARD
L002956,ST900,U01990,2026-06-19 17:57:00,2026-06-20 00:24:00,25.31,7391,CARD
L008826,ST037,U01261,2026-07-04 14:21:00,2026-07-04 15:17:00,120.41,41782,MEMBERSHIP
L004621,ST019,U02551,2026-05-31 04:46:00,2026-05-31 05:11:00,74.51,25855,MEMBERSHIP
L002580,ST020,U02434,2026-01-02 05:15:00,2026-01-02 05:46:00,19.52,6246,CARD
L010082,ST021,U01313,2026-02-20 22:30:00,2026-02-21 02:56:00,25.26,7376,CARD
L006041,ST025,U01412,20260201072300,2026-02-01 13:43:00,39.18,11441, APP 
L009764,ST002,U00653,2026/07/17 09:55:00,2026-07-17 17:33:00,74.7,21812,MEMBERSHIP
L005458,ST036,U01305,2026/06/07 01:46:00,2026-06-07 04:08:00,18.16,5303,CARD
L002155,ST004,U01597,2026-07-12 18:33:00,2026-07-12 19:07:00,64.26,20563,MEMBERSHIP
L007838,ST028,U02742,2026-07-28 10:44:00,2026-07-28 11:15:00,40.32,12902,CARD
L006641,ST010,U02825,2026-03-03 06:15:00,2026-03-03 08:22:00,8.75,2555,APP
L009280,ST008,U01056,20260214001200,2026-02-14 06:48:00,25.82,6584,MEMBERSHIP
L004171,ST014,U00264,2026/02/15 10:08:00,2026-02-15 10:28:00,11.53,,CARD
L005677,ST036,U02744,2026-02-07 09:59:00,2026-02-07 16:16:00,40.77,11905,APP
L004513,ST021,U01192,2026-01-14 04:17:00,2026-01-14 10:28:00,23.9,6979,MEMBERSHIP
L009642,ST015,U01529,2026-06-18 10:34:00,2026-06-18 10:57:00,46.72,14950,CARD
L000790,ST013,U01374,2026-06-15 13:50:00,2026-06-15 14:49:00,174.4,55808,CARD
L001733,ST009,U01656,2026-05-18 13:00:00,2026-05-18 13:38:00,23.92,8300,card
L008151,ST039,U01403,2026-06-10 06:41:00,2026-06-10 07:01:00,10.93,3793,MEMBERSHIP
L002779,ST009,U01648,2026-04-19 06:19:00,2026-04-19 06:54:00,18.98,6586,APP
L000046,ST033,U01957,2026-07-17 19:17:00,2026-07-17 19:46:00,43.02,13766,CARD
L006894,ST025,U01320,2026-05-09 19:47:00,2026-05-10 00:47:00,30.61,8938,MEMBERSHIP
L009725,ST024,U01309,2026-01-22 23:23:00,2026-01-22 23:45:00,45.39,15750,APP
L009470,ST025,U01304,2026-07-20 06:11:00,2026-07-20 10:20:00,21.52,6284,CARD
L000025,ST001,U00057,2026-02-21 19:19:00,2026-02-21 19:50:00,57.26,21759,CARD
L003916,ST040,U01170,2026/06/20 07:43:00,2026-06-20 15:08:00,60.74,17736,MEMBERSHIP
L011040,ST040,U01433,2026/07/28 07:45:00,2026-07-28 10:13:00,22.85,6672,CARD
L005965,ST039,U00470,2026-02-10 20:12:00,2026-02-10 20:52:00,28.44,9869,MEMBERSHIP
L007787,ST029,U00313,20260416193100,2026-04-17 01:08:00,41.6,12147,MEMBERSHIP
L001099,ST040,U02486,2026-05-09 19:23:00,2026-05-09 23:41:00,38.12,11131,MEMBERSHIP
L011502,ST030,U02738,2026-01-06 00:58:00,2026-01-06 01:19:00,42.88,13722,Card
L001094,ST021,U01295,2026/04/29 05:20:00,2026-04-29 12:38:00,42.2,12322,card
L011001,ST028,U02743,2026-04-02 06:51:00,2026-04-02 07:26:00,48.08,15386,CARD
L011646,ST031,U02414,2026-04-07 23:52:00,2026-04-08 00:13:00,36.17,13745,CARD
L003789,ST028,U02225,2026-02-09 20:41:00,2026-02-09 21:35:00,57.24,18317,APP
L002989,ST026,U01750,2026-03-14 03:25:00,2026-03-14 04:06:00,83.73,31817,MEMBERSHIP
L009568,ST018,U01532,2026/03/04 16:24:00,2026-03-04 20:52:00,22.88,6681,CARD
L009178,ST007,U01147,2026-02-27 23:48:00,2026-02-28 00:46:00,82.65,26448,CARD
L003260,ST020,U02639,2026/03/21 11:38:00,2026-03-21 10:14:00,19.59,6269,APP
L007413,ST032,U01319,2026-03-04 05:10:00,2026-03-04 05:50:00,42.67,16215,MEMBERSHIP
L010816,ST004,U01497,2026/04/07 11:49:00,2026-04-07 12:12:00,48.05,15376,CARD
L005988,ST029,U02482,2026-04-21 17:49:00,2026-04-21 20:15:00,23.79,6947,CARD
L007692,ST034,U01020,2026-03-14 20:21:00,2026-03-14 21:15:00,141.33,,CARD
L001455,ST012,U02139,2026/01/30 07:48:00,2026-01-30 08:36:00,32.08,10266,membership
L009706,ST007,U00710,2026/02/21 21:39:00,2026-02-21 22:18:00,83.85,26832,APP
L000499,ST004,U00641,2026-03-01 00:17:00,2026-03-01 00:59:00,91.8,29376,APP
L006824,ST006,U00001,2026-03-14 10:07:00,2026-03-14 13:51:00,15.44,4508,CARD
L002893,ST026,U00137,20260423052500,2026-04-23 06:09:00,108.67,41295,APP
L008765,ST012,U01786,2026-04-21 16:00:00,2026-04-21 16:45:00,30.13,9642,APP
L008721,ST008,U02557,20260328143400,2026-03-28 18:40:00,21.39,5454,APP
L009022,ST026,U02026,2026-01-15 06:35:00,2026-01-15 07:07:00,73.29,27850,MEMBERSHIP
L009704,ST009,U00356,2026-01-18 19:43:00,2026-01-18 20:32:00,32.4,11243,CARD
L009320,ST026,U00328,2026-01-10 16:46:00,2026-01-10 17:43:00,110.89,42138,CARD
L008745,ST029,U00176,2026/01/11 04:41:00,2026-01-11 10:31:00,43.4,12673,MEMBERSHIP
L006915,ST002,U01697,20260615005500,2026-06-15 06:47:00,35.62,10401,MEMBERSHIP
L001732,ST008,U00940,2026-01-23 03:21:00,2026-01-23 09:02:00,22.47,5730,APP
L000486,ST040,U02245,2026/02/03 04:56:00,2026-02-03 08:41:00,32.8,9578,APP
L011692,ST031,U00544,2026-07-19 12:37:00,2026-07-19 13:20:00,96.2,36556,CARD
L004250,ST029,U00597,20260313074400,2026-03-13 09:50:00,13.06,3814,MEMBERSHIP
L011313,ST038,U02918,20260101194300,2026-01-01 20:25:00,116.58,37306, APP 
L001463,ST025,U02123,2026-07-07 17:26:00,2026-07-07 20:59:00,19.32,5641,CARD
L001489,ST019,U00840,2026-06-12 03:50:00,2026-06-12 04:25:00,83.85,29096,MEMBERSHIP
L004207,ST020,U00252,2026-07-24 03:10:00,2026-07-24 03:49:00,25.82,8262,MEMBERSHIP
L010223,ST005,U00080,2026-03-01 13:54:00,2026-03-01 14:54:00,159.63,51082,Card
L007243,ST011,U00923,2026-02-18 15:12:00,2026-02-18 15:42:00,50.76,16243,MEMBERSHIP
L000155,ST016,U01842,2026-01-01 20:09:00,2026-01-02 00:24:00,22.78,5809,APP
L010171,ST014,U00096,2026-04-13 15:53:00,2026-04-13 16:23:00,21.53,8181,MEMBERSHIP
L005005,ST003,U00672,20260614044700,2026-06-14 05:36:00,88.71,28387,APP
L002435,ST010,U00018,2026-02-02 21:25:00,2026-02-03 04:57:00,43.6,12731,APP
L009048,ST025,U02117,2026-02-06 18:46:00,2026-02-06 22:44:00,24.57,7174,CARD
L009653,ST002,U01710,2026-04-23 22:30:00,2026-04-24 02:25:00,35.92,10489,APP
L009686,ST021,U02027,2026/02/14 10:27:00,2026-02-14 17:36:00,,10830,MEMBERSHIP
L007424,ST032,U01480,2026-05-06 17:23:00,2026-05-06 18:21:00,79.7,30286,CARD
L003481,ST021,U02877,2026-07-16 01:57:00,2026-07-16 06:12:00,21.54,6290,APP
L010215,ST022,U02348,2026-04-17 05:07:00,2026-04-17 05:58:00,107.61,37341,MEMBERSHIP
L011978,ST009,U01529,20260703205700,2026-07-03 21:55:00,35.81,12426,CARD
L001822,ST008,U00464,2026-07-23 13:02:00,2026-07-23 20:35:00,46.84,11944,APP
L009694,ST031,U02633,2026/07/05 04:27:00,2026-07-05 05:14:00,95.02,36108,CARD
L010072,ST007,U02792,2026/07/20 02:49:00,2026-07-20 03:49:00,,32851, APP 
L009146,ST035,U01686,2026-05-12 10:04:00,2026-05-12 15:36:00,47.16,12026,MEMBERSHIP
L006700,ST020,U00752,2026-06-11 10:05:00,2026-06-11 10:33:00,17.15,5488,APP
L000623,ST020,U00928,2026-06-29 15:26:00,2026-06-29 16:22:00,36.2,11584,CARD
L000603,ST015,U00254,2026-02-19 14:14:00,2026-02-19 15:13:00,88.09,28189,membership
L001023,ST027,U00207,2026-04-20 08:50:00,2026-04-20 13:17:00,26.64,7779,CARD
L001645,ST036,U01476,2026-05-18 05:04:00,2026-05-18 09:21:00,42.25,12337,APP
L005755,ST037,U02953,2026/07/14 19:51:00,2026-07-14 20:44:00,88.76,30800,MEMBERSHIP
L011286,ST031,U02549,2026/07/29 23:47:00,2026-07-30 00:27:00,63.42,24100,APP
L008183,ST030,U02980,2026-02-17 04:29:00,2026-02-17 04:57:00,82.15,26288,MEMBERSHIP
L007105,ST013,U00514,2026-04-29 21:51:00,2026-04-29 22:36:00,89.37,28598,APP
L008180,ST035,U02912,2026-02-15 22:52:00,2026-02-16 03:40:00,34.82,8879,CARD
L010683,ST018,U02945,2026-03-04 18:46:00,2026-03-05 02:24:00,30.36,8865,MEMBERSHIP
L000466,ST003,U00650,2026-01-18 11:47:00,2026-01-18 12:38:00,83.52,26726,APP
L008988,ST002,U01956,2026-03-19 04:18:00,2026-03-19 10:16:00,54.69,15969,CARD
L009279,ST039,U00162,2026-04-26 02:48:00,2026-04-26 03:36:00,22.44,7787,MEMBERSHIP
L010434,ST016,U00744,2026-07-03 03:49:00,2026-07-03 08:25:00,28.83,7352,MEMBERSHIP
L005553,ST024,U00618,2026-07-06 14:21:00,2026-07-06 14:46:00,54.42,18884,CARD
L000969,ST011,U02679,2026-04-13 22:47:00,2026-04-13 23:44:00,103.45,33104,APP
L001029,ST003,U00687,2026-04-10 07:24:00,2026-04-10 07:49:00,47.6,15232,MEMBERSHIP
L006096,ST015,U02356,20260301015000,2026-03-01 02:42:00,103.68,33178,APP
L006275,ST023,U02278,2026-05-05 17:30:00,2026-05-05 18:28:00,33.67,10774,CARD
L008591,ST036,U02816,2026/04/17 01:17:00,2026-04-17 04:06:00,19.22,5612,MEMBERSHIP
L010736,ST031,U00249,20260430192800,2026-04-30 19:57:00,52.96,20125,APP
L001675,ST038,U00566,2026-05-18 01:15:00,2026-05-18 01:46:00,75.7,24224,CARD
L009792,ST003,U01479,2026-07-02 08:42:00,2026-07-02 09:17:00,73.39,23485,APP
L005917,ST012,U02632,2026-04-25 10:23:00,2026-04-25 10:54:00,21.69,6941,CARD
L005739,ST021,U01622,20260725175200,2026-07-26 01:00:00,40.57,11846,MEMBERSHIP
L011898,ST032,U01690,2026-02-08 14:06:00,2026-02-08 15:03:00,81.79,31080,CARD
L011249,ST014,U02558,2026-04-12 23:31:00,2026-04-13 00:29:00,4249.0,16146,CARD
L005058,ST011,U01772,2026-06-06 09:20:00,2026-06-06 10:06:00,87.51,28003,APP
L000448,ST010,U01824,2026-07-20 09:34:00,2026-07-20 14:54:00,32.82,9583,CARD
L009915,ST009,U00402,2026-01-06 22:30:00,2026-01-06 23:11:00,30.15,10462,CARD
L006116,ST019,U00907,20260302085200,2026-03-02 09:18:00,52.99,18388,APP
L010418,ST035,U02419,2026-05-17 10:22:00,2026-05-17 18:14:00,62.97,,CARD
L005970,ST004,U01207,20260519040500,2026-05-19 04:29:00,40.49,12957,APP
L006962,ST030,U00204,2026-02-14 10:40:00,2026-02-14 11:13:00,71.17,22774,CARD
L007195,ST024,U02927,20260616071200,2026-06-16 08:06:00,106.25,36869,APP
L004518,ST018,U02877,2026-05-24 11:37:00,2026-05-24 15:54:00,25.97,7583,CARD
L000383,ST040,U00364,2026-01-02 10:23:00,2026-01-02 14:48:00,28.05,8191,MEMBERSHIP
L004283,ST035,U00934,2026-02-22 19:27:00,2026-02-22 21:27:00,14.86,3789,card
L003968,ST014,U01386,2026-07-07 09:38:00,2026-07-07 10:36:00,32.79,12460,APP
L000049,ST036,U01832,2026-05-27 03:45:00,2026-05-27 08:51:00,32.12,9379,APP
L011127,ST006,U02001,2026-02-20 11:08:00,2026-02-20 17:35:00,25.1,7329,MEMBERSHIP
L005361,ST023,U00217,2026-07-05 20:23:00,2026-07-05 21:10:00,25.6,8192,CARD
L000092,ST003,U00467,2026-01-23 12:43:00,2026-01-23 13:38:00,103.0,32960,CARD
L005370,ST011,U00673,2026-04-27 12:09:00,2026-04-27 12:54:00,93.58,29946,MEMBERSHIP
L003275,ST021,U02532,2026-03-30 07:54:00,2026-03-30 15:03:00,43.04,12568,CARD
L001483,ST016,U00476,2026-01-19 08:20:00,2026-01-19 12:55:00,28.77,7336,MEMBERSHIP
L010118,ST013,U00387,2026-01-09 17:29:00,2026-01-09 18:09:00,100.05,32016,MEMBERSHIP
L008958,ST023,U01865,2026/03/22 07:22:00,2026-03-22 07:50:00,16.39,5245,MEMBERSHIP
L008539,ST036,U00685,2026/03/19 20:20:00,2026-03-20 03:12:00,47.43,13850,MEMBERSHIP
L003935,ST014,U02962,2026-03-23 05:48:00,2026-03-23 06:45:00,28.25,10735,MEMBERSHIP
L007296,ST013,U02254,2026-07-18 04:49:00,2026-07-18 05:40:00,95.87,30678,APP
L000884,ST004,U02842,2026/03/09 09:04:00,2026-03-09 09:33:00,57.61,18435,MEMBERSHIP
L005690,ST032,U01006,2026-06-06 14:30:00,2026-06-06 15:24:00,57.93,22013,CARD
L002054,ST030,U01038,2026-03-31 20:48:00,2026-03-31 21:10:00,44.77,14326,MEMBERSHIP
L004370,ST028,U02486,2026-01-17 00:59:00,2026-01-17 01:39:00,41.94,13421,CARD
L010845,ST039,U00577,2026-07-18 13:37:00,2026-07-18 14:15:00,23.07,8005,MEMBERSHIP
L009019,ST013,U00181,2026-07-01 07:03:00,2026-07-01 07:51:00,95.13,30442,CARD
L000745,ST009,U01978,2026-06-18 12:10:00,2026-06-18 12:49:00,27.28,9466,CARD
L001754,ST007,U02715,2026/01/28 14:56:00,2026-01-28 15:52:00,96.51,30883,CARD
L009685,ST010,U02834,2026-03-30 21:30:00,2026-03-31 04:18:00,27.31,7975,MEMBERSHIP
L009879,ST008,U01817,2026/02/12 12:35:00,2026-02-12 16:23:00,16.3,4156,CARD
L010131,ST037,U02432,2026/02/10 21:00:00,2026-02-10 21:27:00,60.05,"20,837",APP
L005131,ST001,U01275,2026-02-19 07:10:00,2026-02-19 08:00:00,77.52,29458,MEMBERSHIP
L002046,ST019,U01995,2026/02/19 00:31:00,2026-02-19 01:29:00,125.24,43458,card
L001631,ST028,U01719,2026-04-24 08:06:00,2026-04-24 08:42:00,50.86,16275,MEMBERSHIP
L007141,ST028,U01827,2026-03-04 00:09:00,2026-03-04 00:51:00,49.46,15827,APP
L002347,ST008,U00421,2026-03-06 01:56:00,2026-03-06 05:42:00,23.19,5913,APP
L005843,ST034,U02120,2026-06-21 12:26:00,2026-06-21 13:18:00,100.78,38296,APP
L000769,ST036,U01890,2026-04-02 15:58:00,2026-04-02 19:00:00,23.33,6812,APP
L000077,ST035,U00799,2026-02-14 22:43:00,2026-02-14 22:21:00,28.25,7204,MEMBERSHIP
L009021,ST003,U00812,2026-02-21 04:16:00,2026-02-21 04:36:00,43.94,14061,APP
L010441,ST003,U01491,2026-04-09 00:18:00,2026-04-09 01:05:00,74.4,23808,CARD
L001356,ST012,U02981,2026-07-27 15:46:00,2026-07-27 16:18:00,23.43,7498,MEMBERSHIP
L003322,ST012,U02811,2026/03/25 02:07:00,2026-03-25 03:02:00,28.55,9136,CARD
L006493,ST003,U00675,2026-01-12 20:44:00,2026-01-12 21:15:00,60.75,19440,MEMBERSHIP
L001502,ST010,U01357,2026-04-13 17:44:00,2026-04-13 22:16:00,27.35,7986,CARD
L003320,ST017,U02799,2026-05-07 17:41:00,2026-05-07 23:14:00,30.32,8853,CARD
L009341,ST027,U00027,2026-06-27 18:28:00,2026-06-27 21:45:00,15.91,4646,MEMBERSHIP
L002852,ST008,U02340,2026-03-28 14:39:00,2026-03-28 20:59:00,33.29,8489,APP
L007743,ST018,U02568,2026-07-12 14:16:00,2026-07-12 19:00:00,29.49,8611,app
L001876,ST019,U02600,20260111175700,2026-01-11 18:55:00,159.06,55194,APP
L009306,ST011,U01141,2026-05-22 15:10:00,2026-05-22 16:00:00,71.28,22810,CARD
L011743,ST023,U02949,2026-02-08 08:27:00,2026-02-08 08:47:00,10.12,3238,MEMBERSHIP
L009054,ST030,U02228,2026-07-11 04:09:00,2026-07-11 04:45:00,68.17,21814,APP
L001701,ST001,U02384,2026/07/28 10:15:00,2026-07-28 11:13:00,123.68,46998,APP
L011534,ST028,U00577,2026/03/19 13:08:00,2026-03-19 13:35:00,29.93,9578,membership
L010233,ST026,U00543,2026/07/15 02:21:00,2026-07-15 02:44:00,55.98,21272,CARD
L009185,ST039,U02111,2026/04/05 04:05:00,2026-04-05 04:49:00,20.66,7169,CARD
L009220,ST014,U00821,2026-03-26 05:41:00,2026-03-26 06:25:00,27.48,10442,CARD
L006000,ST030,U02329,2026-03-10 05:21:00,2026-03-10 05:41:00,48.64,15565,MEMBERSHIP
L005308,ST018,U01399,2026-06-15 11:49:00,2026-06-15 18:24:00,27.54,8042,MEMBERSHIP
L000852,ST018,U01940,20260221113700,2026-02-21 15:12:00,19.65,5738,MEMBERSHIP
L000372,ST021,U01221,20260130090300,2026-01-30 11:52:00,15.93,4652,CARD
L002573,ST028,U02100,2026-05-11 03:15:00,2026-05-11 03:40:00,27.34,8749,CARD
L007918,ST005,U00071,2026-06-21 11:14:00,2026-06-21 12:10:00,128.73,41194,APP
L008869,ST011,U01599,20260720191900,2026-07-20 19:45:00,43.26,13843,CARD
L002783,ST040,U01813,2026-02-14 07:46:00,2026-02-14 12:48:00,41.15,12016,APP
L005055,ST034,U02259,2026-03-14 03:45:00,2026-03-14 04:41:00,107.25,40755,APP
L005887,ST013,U01891,2026-02-15 11:16:00,2026-02-15 12:03:00,98.96,31667,MEMBERSHIP
L003640,ST007,U00762,2026/01/11 13:39:00,2026-01-11 13:59:00,41.86,13395,APP
L001237,ST010,U00557,2026-06-07 22:04:00,2026-06-08 05:44:00,40.52,11832,CARD
L002788,ST035,U01282,2026-02-15 14:22:00,2026-02-15 16:26:00,16.4,4182,MEMBERSHIP
L002993,ST001,U01601,20260713141100,2026-07-13 14:35:00,43.55,,MEMBERSHIP
L001901,ST035,U00564,2026-03-30 13:31:00,2026-03-30 18:22:00,41.45,10570,CARD
L003486,ST901,U00549,2026-02-22 13:22:00,2026-02-22 13:54:00,22.91,7331,CARD
L009338,ST015,U02259,2026-04-18 04:21:00,2026-04-18 04:41:00,38.93,12458,card
L000606,ST002,U00588,2026-06-12 12:13:00,2026-06-12 15:07:00,28.4,8293,MEMBERSHIP
L009066,ST019,U01077,2026-05-25 22:31:00,2026-05-25 22:57:00,62.01,21517,APP
L009106,ST019,U01776,2026-01-27 21:47:00,2026-01-27 22:16:00,85.95,29825,CARD
L010335,ST028,U02208,20260722102800,2026-07-22 10:50:00,27.74,8877,Card
L005731,ST028,U00156,2026-07-09 14:36:00,2026-07-09 15:03:00,31.82,10182,APP
L010272,ST021,U00791,2026-04-14 09:49:00,2026-04-14 16:49:00,28.26,8252,MEMBERSHIP
L004784,ST017,U01149,2026/02/10 13:03:00,2026-02-10 19:02:00,29.38,8579,CARD
L009352,ST004,U01024,2026-06-12 10:39:00,2026-06-12 11:08:00,63.68,20378,APP
L002368,ST025,U01097,2026-04-18 13:48:00,2026-04-18 16:08:00,14.63,4272,CARD
L004605,ST031,U02321,2026/04/30 05:45:00,2026-04-30 06:19:00,58.21,22120,APP
L011543,ST014,U00796,2026/07/27 18:07:00,2026-07-27 18:44:00,20.18,7668,CARD
L004852,ST001,U02880,2026-05-20 09:40:00,2026-05-20 10:10:00,51.29,19490,MEMBERSHIP
L007177,ST037,U00670,20260709062400,2026-07-09 07:18:00,83.77,29068,membership
L011712,ST006,U00496,2026/03/09 01:42:00,2026-03-09 04:48:00,18.65,5446,CARD
L006558,ST024,U01745,2026-06-30 05:47:00,2026-06-30 06:38:00,137.82,47824,app
L011469,ST028,U01730,2026-05-13 12:07:00,2026-05-13 12:36:00,28.64,9165,CARD
L009059,ST040,U01604,2026-03-26 16:07:00,2026-03-26 23:56:00,62.85,18352,MEMBERSHIP
L004506,ST033,U02936,2026-04-16 11:55:00,2026-04-16 12:48:00,105.26,33683,MEMBERSHIP
L004586,ST003,U02298,20260302192700,2026-03-02 20:20:00,83.98,,MEMBERSHIP
L000252,ST027,U01236,2026-05-31 02:43:00,2026-05-31 04:55:00,11.08,3235,MEMBERSHIP
L000495,ST009,U00029,2026/03/01 03:48:00,2026-03-01 04:40:00,37.8,13117,MEMBERSHIP
L009181,ST012,U00639,2026-05-14 21:20:00,2026-05-14 21:52:00,14.75,4720,MEMBERSHIP
L007418,ST028,U01297,2026-07-27 08:14:00,2026-07-27 08:54:00,52.49,16797,MEMBERSHIP
L006483,ST004,U00417,2026/02/01 22:47:00,2026-02-01 23:07:00,35.09,11229,CARD
L010498,ST006,U01431,2026/03/13 04:01:00,2026-03-13 09:05:00,28.88,8433,CARD
L011741,ST022,U02273,2026-07-13 17:15:00,2026-07-13 17:35:00,36.54,12679,CARD
L006879,ST036,U01662,2026-02-21 16:08:00,2026-02-21 18:31:00,19.84,5793,CARD
L007189,ST012,U02595,2026-03-23 01:05:00,2026-03-23 01:29:00,12.69,4061,MEMBERSHIP
L010200,ST011,U00809,2026-07-06 23:47:00,2026-07-07 00:45:00,116.44,37261,card
L006513,ST031,U02833,2026/02/01 06:08:00,2026-02-01 06:30:00,38.76,14729,MEMBERSHIP
L010992,ST002,U01892,2026/03/15 23:04:00,2026-03-16 06:36:00,48.42,14139,MEMBERSHIP
L003453,ST018,U02601,2026-06-22 11:33:00,2026-06-22 18:31:00,28.09,8202,CARD
L003715,ST039,U00644,20260123032300,2026-01-23 04:09:00,,11264,APP
L007282,ST018,U01224,2026-04-18 12:36:00,2026-04-18 19:20:00,39.87,11642,CARD
L002833,ST032,U01156,2026/01/29 20:54:00,2026-01-29 21:37:00,49.64,18863,MEMBERSHIP
L002363,ST028,U02011,2026-01-01 17:02:00,2026-01-01 17:42:00,52.46,16787,APP
L000991,ST026,U01786,2026-03-16 02:55:00,2026-03-16 03:49:00,114.33,43445,MEMBERSHIP
L009752,ST011,U01670,2026-01-09 19:15:00,2026-01-09 19:47:00,51.77,16566,APP
L000591,ST031,U00367,2026-07-05 02:18:00,2026-07-05 02:48:00,61.29,23290,CARD
L003133,ST005,U00332,2026-02-28 02:08:00,2026-02-28 02:56:00,89.12,28518,CARD
L008467,ST037,U02540,2026-05-01 06:56:00,2026-05-01 07:20:00,37.64,13061,MEMBERSHIP
L001843,ST008,U00535,2026-01-07 03:02:00,2026-01-07 09:10:00,31.22,7961,MEMBERSHIP
L001970,ST031,U02237,2026-03-10 10:53:00,2026-03-10 11:49:00,86.95,33041,MEMBERSHIP
L011955,ST007,U02173,20260507153700,2026-05-07 16:13:00,49.7,15904,APP
L002928,ST007,U02607,2026-07-26 09:13:00,2026-07-26 09:52:00,72.64,23245,MEMBERSHIP
L005634,ST001,U01585,2026-05-31 01:12:00,2026-05-31 01:51:00,54.24,20611,MEMBERSHIP
L008686,ST034,U02920,2026-03-02 03:11:00,2026-03-02 03:52:00,122.22,46444,CARD
L009636,ST010,U02178,2026-04-10 03:04:00,2026-04-10 05:23:00,13.75,,MEMBERSHIP
L010875,ST026,U00958,2026-03-26 13:04:00,2026-03-26 13:26:00,49.62,18856,MEMBERSHIP
L011109,ST027,U02763,2026-03-30 15:08:00,2026-03-30 21:56:00,36.02,10518,MEMBERSHIP
L005662,ST029,U02846,2026-05-07 01:45:00,2026-05-07 07:25:00,46.36,13537,membership
L002935,ST033,U01250,2026-04-04 06:38:00,2026-04-04 07:07:00,49.9,15968,APP
L008508,ST014,U01161,2026/03/14 05:08:00,2026-03-14 05:59:00,26.98,10252,APP
L011564,ST003,U00515,2026-02-20 19:30:00,2026-02-20 20:30:00,100.13,32042,APP
L009308,ST008,U02707,2026-04-08 02:14:00,2026-04-08 10:12:00,43.47,11085,APP
L006235,ST024,U01798,2026-05-09 05:08:00,2026-05-09 05:28:00,58.22,20202,MEMBERSHIP
L011927,ST013,U00100,2026-04-22 05:04:00,2026-04-22 05:43:00,77.37,24758,Card
L007417,ST028,U02769,2026-01-27 00:50:00,2026-01-27 01:17:00,30.77,9846, APP 
L000369,ST004,U02835,2026-06-14 01:29:00,2026-06-14 02:26:00,108.99,34877,APP
L009342,ST031,U00150,2026-06-12 04:29:00,2026-06-12 05:21:00,115.54,43905,CARD
L009844,ST039,U00945,2026-07-23 02:04:00,2026-07-23 02:45:00,27.73,9622,CARD
L007220,ST001,U01608,2026-07-18 18:39:00,2026-07-18 19:15:00,74.54,28325,CARD
L005013,ST018,U00760,2026-05-14 05:59:00,2026-05-14 11:29:00,21.82,6371,MEMBERSHIP
L011260,ST030,U01159,2026/03/04 11:59:00,2026-03-04 12:26:00,77.44,"24,781",MEMBERSHIP
L000674,ST008,U02616,2026/07/12 17:49:00,2026-07-12 22:35:00,19.66,5013,CARD
L006921,ST039,U00597,2026/01/18 08:33:00,2026-01-18 09:29:00,34.42,"11,944",MEMBERSHIP
L000833,ST014,U02565,2026-03-15 15:57:00,2026-03-15 16:29:00,18.96,7205,APP
L011975,ST033,U01570,2026/04/15 21:34:00,2026-04-15 22:25:00,104.71,33507,Card
L003436,ST029,U01652,2026-01-11 20:53:00,2026-01-12 02:15:00,51.11,,APP
L009138,ST021,U01824,2026-02-07 11:11:00,2026-02-07 13:29:00,9.13,2666,MEMBERSHIP
L000962,ST020,U00019,2026-01-11 02:27:00,2026-01-11 03:20:00,,7936,APP
L009155,ST033,U02930,2026-06-30 22:55:00,2026-06-30 23:38:00,82.36,26355,APP
L008318,ST031,U02928,2026-04-24 20:03:00,2026-04-24 21:02:00,127.14,48313,MEMBERSHIP
L010877,ST035,U01242,2026-06-23 04:46:00,2026-06-23 12:42:00,69.44,17707,CARD
L006835,ST005,U00334,20260624070000,2026-06-24 07:26:00,N/A,22150,CARD
L010042,ST025,U01183,2026-05-08 14:27:00,2026-05-08 17:01:00,12.99,3793,APP
L004757,ST037,U02827,2026-05-05 00:01:00,2026-05-05 00:32:00,43.05,14938,APP
L004822,ST015,U00625,2026-04-02 02:31:00,2026-04-02 02:52:00,37.08,,APP
L006351,ST016,U00026,2026-05-26 02:05:00,2026-05-26 04:32:00,1341.0,3420,CARD
L011673,ST012,U02642,2026-05-09 06:42:00,2026-05-09 07:40:00,40.27,,CARD
L003814,ST035,U00355,2026-06-01 17:41:00,2026-06-02 01:35:00,73.45,18730,CARD
L009727,ST007,U01390,2026-05-18 19:10:00,2026-05-18 19:52:00,59.04,18893,CARD
L008654,ST029,U02925,2026-07-19 21:54:00,2026-07-20 00:56:00,-,7948,MEMBERSHIP
L009126,ST007,U02728,2026-01-02 01:51:00,2026-01-02 02:40:00,93.73,29994,CARD
L008924,ST013,U01998,2026-05-18 02:03:00,2026-05-18 02:46:00,,40435,APP
L007186,ST024,U01860,2026-06-16 16:42:00,2026-06-16 17:26:00,96.9,33624,APP
L010755,ST008,U02757,2026-02-21 06:09:00,2026-02-21 10:03:00,21.79,5556,APP
L000086,ST016,U02519,20260715041600,2026-07-15 08:16:00,16.7,4258,MEMBERSHIP
L011896,ST005,U02026,2026/06/04 02:07:00,2026-06-04 02:59:00,126.72,40550,MEMBERSHIP
L004564,ST026,U00017,2026-07-19 17:04:00,2026-07-19 18:02:00,132.05,50179,MEMBERSHIP
L005602,ST001,U01490,2026-02-19 21:11:00,2026-02-19 22:00:00,91.71,34850,CARD
L001662,ST031,U01817,2026/04/24 20:31:00,2026-04-24 20:53:00,37.82,14372,CARD
L004439,ST001,U00010,2026-03-08 22:56:00,2026-03-08 23:29:00,57.53,21861,CARD
L009406,ST027,U01428,2026-05-06 10:13:00,2026-05-06 16:01:00,28.92,8445,MEMBERSHIP
L001739,ST011,U00208,2026-06-19 07:40:00,2026-06-19 08:15:00,70.1,22432,APP
L002819,ST027,U02951,2026-07-26 06:49:00,2026-07-26 09:00:00,13.66,3989,APP
L007392,ST025,U01377,2026-01-10 13:27:00,2026-01-10 18:25:00,29.38,8579,APP
L011044,ST040,U00117,2026-05-05 11:59:00,2026-05-05 18:17:00,38.33,11192,CARD
L005461,ST003,U02582,2026-03-24 23:11:00,2026-03-25 00:08:00,80.48,25754,APP
L004178,ST013,U00212,20260617055900,2026-06-17 06:20:00,40.49,12957,CARD
L007534,ST038,U01923,2026-06-03 13:05:00,2026-06-03 13:53:00,96.52,30886,APP
L001570,ST030,U02459,20260120043700,2026-01-20 05:09:00,85.34,27309,MEMBERSHIP
L004107,ST005,U01651,2026-03-04 03:38:00,2026-03-04 04:29:00,107.81,34499,APP
L002733,ST034,U01452,2026-03-28 11:03:00,2026-03-28 11:33:00,87.53,33261,MEMBERSHIP
L004460,ST026,U02788,2026-03-29 19:21:00,2026-03-29 20:06:00,113.09,42974,MEMBERSHIP
L009071,ST040,U01865,2026-04-06 22:08:00,2026-04-07 00:23:00,16.37,4780,MEMBERSHIP
L008134,ST013,U01472,2026-02-22 01:59:00,2026-02-22 02:38:00,107.24,34317,CARD
L009035,ST022,U01801,2026-03-26 12:31:00,2026-03-26 13:18:00,91.38,31709,MEMBERSHIP
L004247,ST017,U02966,2026-07-20 01:52:00,2026-07-20 07:42:00,25.45,7431,APP
L001338,ST010,U02368,2026-02-11 12:50:00,2026-02-11 15:56:00,18.57,5422,CARD
L008381,ST016,U02023,2026/05/14 19:48:00,2026-05-15 02:31:00,28.64,7303,APP
L009437,ST006,U01894,2026-01-06 07:00:00,2026-01-06 13:59:00,29.16,8515,CARD
L008683,ST010,U01598,2026-05-10 23:31:00,2026-05-11 06:53:00,44.47,"12,985",CARD
L006109,ST034,U00555,2026/02/21 04:56:00,2026-02-21 05:36:00,100.64,38243,APP
L003676,ST011,U02747,20260611114600,2026-06-11 12:27:00,62.36,19955,CARD
L009783,ST002,U00557,2026-04-21 00:39:00,2026-04-21 07:07:00,60.84,17765,MEMBERSHIP
L007693,ST016,U01602,2026-04-09 08:10:00,2026-04-09 10:38:00,13.11,3343,APP
L011659,ST018,U00222,2026-07-22 05:30:00,2026-07-22 10:51:00,33.01,,APP
L011244,ST017,U02141,2026-07-02 15:49:00,2026-07-02 18:34:00,11.37,3320,CARD
L003727,ST034,U02729,2026-03-12 09:11:00,2026-03-12 09:40:00,83.63,31779,APP
L006068,ST038,U00738,20260621191500,2026-06-21 20:11:00,141.3,45216,MEMBERSHIP
L001604,ST036,U01602,20260718130900,2026-07-18 16:44:00,25.24,,APP
L002719,ST022,U01386,2026-07-23 07:57:00,2026-07-23 08:40:00,79.78,27684,APP
L011674,ST012,U00545,2026-01-05 03:02:00,2026-01-05 03:51:00,33.89,10845,APP
L003960,ST035,U02412,2026-06-30 03:01:00,2026-06-30 05:36:00,19.94,5085,APP
L006246,ST029,U02797,2026-02-14 03:56:00,2026-02-14 09:06:00,45.65,13330,CARD
L003346,ST032,U00093,2026-07-22 01:44:00,2026-07-22 02:36:00,55.29,21010,APP
L008035,ST031,U00947,2026-05-13 21:05:00,2026-05-13 21:47:00,65.17,24765,APP
L011832,ST021,U01520,2026-01-03 23:11:00,2026-01-04 04:25:00,24.9,7271,APP
L005630,ST026,U01203,2026/07/06 04:20:00,2026-07-06 04:44:00,61.93,23533,card
L009564,ST016,U01455,2026-04-20 07:15:00,2026-04-20 11:48:00,17.95,4577,APP
L001695,ST034,U01855,2026-05-13 15:23:00,2026-05-13 16:23:00,176.55,67089,CARD
L000266,ST001,U02922,2026-02-03 05:13:00,2026-02-03 05:33:00,40.55,15409,MEMBERSHIP
L001009,ST022,U00521,20260123102200,2026-01-23 11:06:00,79.92,27732,APP
L005949,ST038,U01724,2026-05-02 21:41:00,2026-05-02 22:06:00,70.77,22646,MEMBERSHIP
L007564,ST010,U02717,2026-06-17 09:59:00,2026-06-17 14:16:00,23.67,6912,APP
L009964,ST035,U01338,20260325121100,2026-03-25 19:21:00,70.37,17944, APP 
L005627,ST023,U01448,2026-06-23 01:59:00,2026-06-23 02:36:00,,8470,CARD
L010791,ST025,U00670,2026-01-03 10:00:00,2026-01-03 12:44:00,16.86,4923,CARD
L003179,ST032,U01774,2026-06-25 18:51:00,2026-06-25 19:27:00,44.84,17039,MEMBERSHIP
L010109,ST034,U01351,2026-01-12 02:20:00,2026-01-12 02:58:00,95.61,36332,CARD
L004064,ST001,U01645,2026-06-28 11:56:00,2026-06-28 12:30:00,66.22,25164,APP
L011612,ST011,U02327,2026-01-19 15:05:00,2026-01-19 15:25:00,30.43,9738,APP
L000715,ST021,U02339,2026/06/14 09:31:00,2026-06-14 14:48:00,31.44,9180,MEMBERSHIP
L011932,ST037,U00006,2026-02-01 02:37:00,2026-02-01 03:11:00,55.64,19307,CARD
L010021,ST033,U02577,2026-01-02 23:59:00,2026-01-03 00:22:00,50.02,16006,APP
L006139,ST039,U01957,2026-04-29 09:57:00,2026-04-29 10:45:00,30.51,10587,CARD
L006387,ST026,U00677,2026-06-05 22:26:00,2026-06-05 23:02:00,68.35,25973,MEMBERSHIP
L004464,ST020,U02859,2026-07-27 17:57:00,2026-07-27 18:36:00,23.12,7398,CARD
L004262,ST027,U02836,2026-03-04 15:02:00,2026-03-04 17:23:00,10.86,,MEMBERSHIP
L003850,ST029,U01515,2026-06-15 11:57:00,2026-06-15 14:44:00,23.69,6917,MEMBERSHIP
L006310,ST035,U02266,2026-01-06 21:53:00,2026-01-07 05:25:00,63.44,16177,MEMBERSHIP
L008894,ST009,U02368,2026-05-21 08:32:00,2026-05-21 09:17:00,,11524,CARD
L007455,ST019,U02092,2026-04-12 02:11:00,2026-04-12 02:48:00,74.92,25997,APP
L009840,ST007,U02860,2026/01/01 19:50:00,2026-01-01 20:30:00,68.56,21939,MEMBERSHIP
L006481,ST038,U00007,2026/06/14 19:53:00,2026-06-14 20:46:00,103.56,33139,CARD
L005561,ST034,U00978,2026/03/23 13:46:00,2026-03-23 14:45:00,160.71,61070,CARD
L000473,ST025,U00916,2026-07-03 14:15:00,2026-07-03 17:36:00,17.28,5046,MEMBERSHIP
L000178,ST002,U01154,2026-03-27 15:15:00,2026-03-27 17:19:00,18.58,5425,APP
L006595,ST015,U00658,2026-04-24 10:39:00,2026-04-24 11:05:00,51.39,16445,MEMBERSHIP
L001087,ST014,U02285,2026-05-15 14:48:00,2026-05-15 15:28:00,29.97,11389,CARD
L000662,ST021,U01781,2026-06-13 14:28:00,2026-06-13 20:15:00,28.19,8231,APP
L007225,ST019,U02837,2026-02-06 11:40:00,2026-02-06 12:31:00,141.65,49153,CARD
L009724,ST015,U01237,2026-03-21 10:14:00,2026-03-21 11:11:00,98.38,31482,CARD
L002151,ST015,U02538,2026/01/23 17:20:00,2026-01-23 18:12:00,109.47,35030,APP
L008621,ST034,U00742,2026-06-18 00:23:00,2026-06-18 01:20:00,160.92,"61,150",CARD
L011430,ST033,U01286,2026-07-26 06:45:00,2026-07-26 07:42:00,91.09,29149,CARD
L005410,ST033,U00080,2026-03-08 01:53:00,2026-03-08 02:40:00,90.02,28806,CARD
L007075,ST036,U00435,2026/07/17 14:11:00,2026-07-17 21:53:00,72.22,21088,MEMBERSHIP
L008144,ST012,U02875,2026-01-17 10:15:00,2026-01-17 11:06:00,25.64,8205,MEMBERSHIP
L002915,ST040,U02751,2026-06-13 11:40:00,2026-06-13 18:38:00,61.96,18092,MEMBERSHIP
L010707,ST035,U02670,2026/07/17 16:09:00,2026-07-17 18:58:00,24.68,6293,CARD
L005954,ST014,U01645,2026-03-25 13:21:00,2026-03-25 13:51:00,15.56,5913,CARD
L008897,ST035,U00100,2026-05-02 06:23:00,2026-05-02 11:30:00,45.51,11605,MEMBERSHIP
L004843,ST040,U02272,2026-05-03 22:03:00,2026-05-04 01:15:00,23.24,6786,APP
L007768,ST039,U02427,2026/03/05 21:47:00,2026-03-05 22:39:00,37.29,, APP 
L009485,ST001,U00707,2026-04-13 04:14:00,2026-04-13 04:57:00,93.13,35389,CARD
L005640,ST005,U00758,2026-02-08 05:19:00,2026-02-08 05:51:00,73.5,23520,membership
L009366,ST011,U01990,2026-01-20 15:54:00,2026-01-20 16:24:00,56.34,18029,CARD
L000492,ST023,U02104,2026-04-15 13:52:00,2026-04-15 14:49:00,28.04,8973,APP
L011458,ST031,U02997,2026-07-16 22:05:00,2026-07-16 22:55:00,103.97,39509,MEMBERSHIP
L003729,ST036,U02737,2026-01-18 10:09:00,2026-01-18 15:29:00,42.17,12314,CARD
L011771,ST010,U02969,2026-05-01 04:29:00,2026-05-01 06:50:00,9.37,2736,APP
L007802,ST007,U00972,2026-03-28 17:16:00,2026-03-28 18:00:00,6552.0,20966,MEMBERSHIP
L008556,ST011,U01229,2026-07-21 17:17:00,2026-07-21 17:47:00,45.05,14416,CARD
L003212,ST029,U02763,2026-04-12 01:50:00,2026-04-12 06:13:00,37.0,10804,APP
L006753,ST032,U01351,2026-05-18 04:06:00,2026-05-18 04:31:00,27.16,10321,APP
L001984,ST034,U00761,2026-05-27 19:43:00,2026-05-27 20:38:00,141.2,53656,CARD
L002266,ST019,U01174,2026-04-13 02:04:00,2026-04-13 03:01:00,106.33,36897,MEMBERSHIP
L002217,ST027,U01008,2026/03/31 05:12:00,2026-03-31 07:24:00,9.35,2730,MEMBERSHIP
L004219,ST032,U00069,20260713182900,2026-07-13 19:26:00,67.79,25760,MEMBERSHIP
L001104,ST040,U01813,2026-02-08 09:54:00,2026-02-08 14:20:00,37.77,11029,membership
L007452,ST021,U01725,2026-06-25 01:04:00,2026-06-25 07:59:00,31.42,9175,APP
L007222,ST026,U00063,2026-02-12 07:36:00,2026-02-12 08:35:00,115.55,43909,MEMBERSHIP
L007355,ST002,U02595,2026/01/07 03:16:00,2026-01-07 08:12:00,48.03,14025,MEMBERSHIP
L002372,ST002,U00724,2026/03/31 17:51:00,2026-03-31 23:41:00,46.4,13549,APP
L003538,ST015,U02379,2026-05-18 13:09:00,2026-05-18 13:55:00,67.3,,APP
L003393,ST013,U01327,20260609173700,2026-06-09 17:59:00,49.1,15712,MEMBERSHIP
L008254,ST035,U00306,2026-02-13 14:09:00,2026-02-13 21:26:00,45.78,11674,MEMBERSHIP
L005567,ST022,U02466,2026/05/27 15:25:00,2026-05-27 16:09:00,96.9,33624,APP
L001383,ST011,U02197,2026-01-26 01:37:00,2026-01-26 02:25:00,102.32,32742,APP
L009916,ST037,U02718,2026-02-18 14:57:00,2026-02-18 15:46:00,93.87,32573,APP
L006983,ST017,U00970,20260602153300,2026-06-02 18:04:00,13.37,3904,APP
L009467,ST004,U00629,2026-06-11 05:42:00,2026-06-11 06:23:00,58.45,18704,APP
L011404,ST010,U02853,2026-05-03 03:17:00,2026-05-03 10:51:00,30.66,8953,CARD
L005811,ST023,U02934,2026-06-10 09:38:00,2026-06-10 10:35:00,39.93,12778,CARD
L011580,ST021,U01851,2026/04/08 00:39:00,2026-04-08 06:46:00,34.89,10188,CARD
L001485,ST004,U02824,2026-06-23 14:23:00,2026-06-23 15:00:00,68.68,21978,APP
L002428,ST027,U01042,2026-02-24 06:03:00,2026-02-24 12:48:00,38.44,11224,APP
L006928,ST030,U02841,2026/06/25 13:59:00,2026-06-25 14:35:00,68.05,21776,APP
L000887,ST021,U01284,2026-06-22 18:17:00,2026-06-22 20:49:00,9.89,2888,APP
L006231,ST036,U00281,2026-06-10 22:30:00,2026-06-11 03:07:00,37.77,11029,CARD
L004601,ST028,U01712,2026-04-10 16:53:00,2026-04-10 17:42:00,73.49,23517,MEMBERSHIP
L005417,ST028,U02044,2026-07-28 19:00:00,2026-07-28 19:30:00,37.82,12102,APP
L007533,ST030,U02006,2026/06/16 10:57:00,2026-06-16 11:42:00,93.37,29878,CARD
L000813,ST035,U02300,2026-06-29 00:50:00,2026-06-29 03:10:00,19.96,5090,CARD
L000479,ST032,U00242,2026-06-06 20:29:00,2026-06-06 21:16:00,55.22,20984,CARD
L000424,ST028,U00808,2026-02-27 05:19:00,2026-02-27 06:03:00,,"15,568",MEMBERSHIP
L002703,ST009,U00834,20260531011900,2026-05-31 01:46:00,17.7,6142,APP
L008876,ST032,U02649,2026-02-16 20:14:00,2026-02-16 21:14:00,86.07,32707,CARD
L010034,ST034,U00564,2026-02-06 11:37:00,2026-02-06 12:35:00,169.42,64380,MEMBERSHIP
L011622,ST033,U01500,2026-01-07 10:26:00,2026-01-07 11:26:00,124.34,39789,APP
L007640,ST007,U01619,2026-01-01 09:57:00,2026-01-01 10:18:00,29.67,9494,membership
L000910,ST016,U02281,2026/05/28 14:19:00,2026-05-28 17:52:00,14.23,3629,MEMBERSHIP
L007875,ST003,U01186,2026-06-04 12:59:00,2026-06-04 13:41:00,85.12,27238,MEMBERSHIP
L006289,ST037,U00205,2026-02-06 17:29:00,2026-02-06 18:03:00,69.84,24234,app
L003905,ST028,U01844,2026-07-27 15:14:00,2026-07-27 16:12:00,54.21,17347,CARD
L007651,ST030,U02467,20260618085500,2026-06-18 09:22:00,80.3,25696,APP
L005636,ST021,U02532,2026-05-14 09:35:00,2026-05-14 14:23:00,26.55,7753,Card
L011021,ST005,U00221,2026-01-29 03:12:00,2026-01-29 04:07:00,118.2,37824,MEMBERSHIP
L003707,ST032,U01803,2026-01-20 20:18:00,2026-01-20 21:13:00,59.34,22549,CARD
L001665,ST013,U00706,2026-02-02 06:11:00,2026-02-02 07:00:00,102.37,32758,MEMBERSHIP
L008171,ST033,U00226,2026-01-28 13:44:00,2026-01-28 14:18:00,55.23,17674,MEMBERSHIP
L011493,ST001,U01035,2026-05-26 10:13:00,2026-05-26 10:35:00,36.88,14014,CARD
L001227,ST009,U00862,2026-02-23 04:27:00,2026-02-23 04:49:00,13.54,4698,APP
L003595,ST038,U02852,2026-03-20 14:36:00,2026-03-20 14:57:00,54.15,17328,MEMBERSHIP
L011068,ST022,U01766,2026-02-28 11:00:00,2026-02-28 11:41:00,-,30304,APP
L002645,ST038,U01563,2026-07-17 02:21:00,2026-07-17 03:03:00,101.43,32458,CARD
L010391,ST028,U02823,20260406122900,2026-04-06 13:23:00,66.81,21379,MEMBERSHIP
L006831,ST017,U00100,2026-02-13 17:56:00,2026-02-14 01:30:00,47.58,13893,Card
L005076,ST018,U00150,2026-01-05 13:09:00,2026-01-05 17:42:00,20.15,5884,CARD
L002763,ST033,U02627,2026-02-23 09:37:00,2026-02-23 10:07:00,59.58,19066,CARD
L002030,ST015,U02455,2026-03-04 14:23:00,2026-03-04 14:48:00,N/A,-14611,APP
L000241,ST020,U01337,2026-04-10 10:26:00,2026-04-10 11:15:00,25.09,"8,029",APP
L002150,ST036,U00003,2026-01-08 15:06:00,2026-01-08 21:01:00,53.91,15742,MEMBERSHIP
L011540,ST012,U01492,20260504170200,2026-05-04 17:57:00,28.36,9075,APP
L002839,ST014,U01069,2026-01-07 23:48:00,2026-01-08 00:20:00,23.89,9078,CARD
L007338,ST035,U01205,2026-07-05 22:25:00,2026-07-06 03:47:00,37.15,9473,CARD
L010646,ST016,U00335,2026-07-03 14:43:00,2026-07-03 18:11:00,20.25,5164,CARD
L001921,ST030,U02339,2026/06/29 15:25:00,2026-06-29 16:06:00,84.45,27024,MEMBERSHIP
L008071,ST005,U01868,20260208095300,2026-02-08 10:31:00,70.37,"22,518",APP
L003557,ST022,U00564,2026-06-03 06:19:00,2026-06-03 06:45:00,42.66,14803,CARD
L009248,ST006,U02468,2026-06-30 03:34:00,2026-06-30 09:46:00,25.02,7306,CARD
L002976,ST032,U02936,2026-02-19 20:29:00,2026-02-19 21:01:00,37.86,14387,MEMBERSHIP
L002173,ST021,U02257,2026-06-09 01:11:00,2026-06-09 07:50:00,26.78,7820,MEMBERSHIP
L007649,ST020,U00535,2026-01-03 16:49:00,2026-01-03 17:34:00,3176.0,10163, APP 
L002031,ST026,U00912,2026-05-22 16:11:00,2026-05-22 16:46:00,100.85,38323,card
L007266,ST030,U01274,2026-02-28 00:24:00,2026-02-28 00:57:00,63.08,,MEMBERSHIP
L008247,ST012,U02017,2026-05-02 08:19:00,2026-05-02 09:11:00,37.33,11946,APP
L007872,ST009,U01344,2026-02-28 17:15:00,2026-02-28 17:37:00,11.82,,MEMBERSHIP
L003826,ST022,U02908,2026-02-08 03:30:00,2026-02-08 04:11:00,81.3,28211,MEMBERSHIP
L006573,ST010,U02886,20260316040600,2026-03-16 06:08:00,11.67,3408,CARD
L010530,ST001,U00998,2026-01-19 11:48:00,2026-01-19 12:38:00,83.46,31715,APP
L010277,ST012,U02567,2026-03-27 03:39:00,2026-03-27 04:33:00,32.47,10390,CARD
L006952,ST024,U02490,2026/03/11 18:31:00,2026-03-11 19:00:00,77.88,27024,APP
L009221,ST019,U01656,2026-04-06 12:23:00,2026-04-06 13:15:00,95.73,33218,MEMBERSHIP
L011706,ST006,U02670,2026-01-20 07:17:00,2026-01-20 13:14:00,24.93,-7280,CARD
L004374,ST037,U01102,20260218194200,2026-02-18 20:34:00,114.49,39728,CARD
L007544,ST023,U00994,2026-03-20 09:04:00,2026-03-20 09:54:00,2593.0,8298,MEMBERSHIP
L007002,ST031,U00461,2026-03-28 15:55:00,2026-03-28 16:15:00,38.33,14565,MEMBERSHIP
L008562,ST026,U01414,2026-02-08 14:22:00,2026-02-08 15:18:00,121.3,46094,CARD
L010048,ST012,U00622,2026-05-06 20:40:00,2026-05-06 21:04:00,16.13,,MEMBERSHIP
L011263,ST032,U00501,2026/07/10 19:59:00,2026-07-10 20:55:00,56.9,21622,Card
L003940,ST012,U01252,2026-05-11 06:44:00,2026-05-11 07:25:00,28.72,9190,APP
L003271,ST002,U00745,2026-02-13 15:42:00,2026-02-13 19:14:00,21.54,6290,MEMBERSHIP
L007445,ST022,U00124,2026-04-16 07:00:00,2026-04-16 07:55:00,118.19,41012,MEMBERSHIP
L001156,ST026,U01479,2026-05-23 15:51:00,2026-05-23 16:47:00,,42066,MEMBERSHIP
L003965,ST030,U01371,2026-01-27 20:26:00,2026-01-27 20:59:00,85.46,27347,CARD
L004466,ST030,U00115,2026-03-29 20:59:00,2026-03-29 21:59:00,155.81,49859,CARD
L003273,ST028,U00466,2026-04-30 21:28:00,2026-04-30 22:09:00,45.04,14413,MEMBERSHIP
L002555,ST028,U01173,2026-07-16 11:32:00,2026-07-16 12:26:00,79.95,25584,MEMBERSHIP
L000255,ST002,U02598,2026-03-26 04:12:00,2026-03-26 07:30:00,21.58,6301,MEMBERSHIP
L003498,ST022,U00587,2026/02/22 23:50:00,2026-02-23 00:42:00,84.09,29179,APP
L010596,ST019,U00105,2026-07-12 05:02:00,2026-07-12 06:02:00,178.1,61801,CARD
L007631,ST037,U02976,2026-01-30 18:10:00,2026-01-30 18:46:00,62.42,21660,APP
L001396,ST008,U02518,2026-01-22 01:07:00,2026-01-22 04:48:00,18.17,4633,MEMBERSHIP
L005587,ST001,U02226,2026-06-09 14:39:00,2026-06-09 15:11:00,52.94,,MEMBERSHIP
L007556,ST004,U02652,2026-01-31 21:05:00,2026-01-31 21:44:00,74.69,23901,CARD
L005500,ST030,U01437,2026-02-27 05:29:00,2026-02-27 06:16:00,127.16,40691,MEMBERSHIP
L001926,ST012,U02096,2026-05-24 16:43:00,2026-05-24 17:24:00,24.38,7802,APP
L001766,ST007,U00189,2026/07/24 17:17:00,2026-07-24 18:02:00,62.21,19907,APP
L004696,ST007,U01980,2026-04-01 09:26:00,2026-04-01 10:07:00,62.89,20125,app
L003989,ST024,U01103,2026-07-12 09:23:00,2026-07-12 10:16:00,145.02,50322,MEMBERSHIP
L008809,ST039,U00502,2026-03-21 04:17:00,2026-03-21 05:16:00,34.16,11854,CARD
L011292,ST017,U00268,20260228120900,2026-02-28 16:15:00,20.96,6120,CARD
L009087,ST034,U00356,2026-02-08 02:36:00,2026-02-08 02:59:00,55.22,20984,MEMBERSHIP
L005765,ST023,U01332,2026-02-04 23:43:00,2026-02-05 00:36:00,30.47,9750,MEMBERSHIP
L008808,ST001,U02963,2026-04-08 03:23:00,2026-04-08 04:05:00,77.04,29275,APP
L007723,ST016,U02440,2026-07-01 00:14:00,2026-07-01 03:48:00,18.34,4677,APP
L000533,ST022,U00557,2026-06-15 22:31:00,2026-06-15 22:58:00,42.95,14904,APP
L008329,ST004,U01556,20260425002400,2026-04-25 00:48:00,45.8,14656,MEMBERSHIP
L005427,ST016,U00971,2026-02-14 22:57:00,2026-02-15 06:56:00,38.54,,APP
L004957,ST008,U02377,2026-03-24 14:24:00,2026-03-24 21:50:00,40.09,10223,CARD
L007638,ST022,U01039,2026-01-28 08:33:00,2026-01-28 09:01:00,43.86,15219,APP
L011051,ST036,U02898,2026-04-06 03:13:00,2026-04-06 10:11:00,52.93,15456,CARD
L010553,ST010,U00152,2026/02/18 23:51:00,2026-02-19 05:01:00,26.11,7624,MEMBERSHIP
L000644,ST010,U02651,2026-01-14 08:19:00,2026-01-14 15:48:00,29.53,8623,MEMBERSHIP
L008156,ST012,U02309,20260129033500,2026-01-29 04:17:00,19.95,6384,MEMBERSHIP
L002944,ST028,U01683,20260718093100,2026-07-18 09:56:00,36.33,11626,CARD
L005326,ST022,U00266,2026-03-14 20:10:00,2026-03-14 20:45:00,66.17,,CARD
L011229,ST026,U02331,2026-02-15 04:30:00,2026-02-15 05:04:00,65.41,24856,CARD
L000015,ST002,U02548,2026-02-11 11:01:00,2026-02-11 13:24:00,17.45,5095,CARD
L001556,ST030,U02561,2026-06-13 14:11:00,2026-06-13 14:44:00,94.94,30381,MEMBERSHIP
L003996,ST003,U00109,2026-02-17 02:55:00,2026-02-17 03:34:00,81.59,26109,CARD
L003064,ST008,U02696,2026-06-08 17:00:00,2026-06-08 19:37:00,12.61,3216,CARD
L002096,ST009,U00390,2026-04-22 16:14:00,2026-04-22 16:59:00,26.66,9251,MEMBERSHIP
L007011,ST034,U02689,2026-04-08 20:13:00,2026-04-08 20:35:00,41.42,15740,CARD
L004433,ST020,U01738,2026-05-06 15:45:00,2026-05-06 16:32:00,,9798,APP
L006477,ST011,U00107,2026-07-16 12:23:00,2026-07-16 12:47:00,51.36,16435,CARD
L008818,ST017,U01179,2026-06-28 08:59:00,2026-06-28 16:33:00,43.33,12652,CARD
L009570,ST003,U02384,2026/04/01 00:49:00,2026-04-01 01:12:00,43.75,14000,APP
L000068,ST030,U00313,2026-07-16 16:51:00,2026-07-16 17:31:00,82.91,26531,MEMBERSHIP
L009977,ST012,U01698,20260422050700,2026-04-22 05:41:00,15.81,5059,APP
L007518,ST014,U01673,2026-01-24 14:05:00,2026-01-24 14:26:00,14.82,5632,APP
L002675,ST022,U00980,2026-05-15 05:12:00,2026-05-15 05:36:00,50.63,17569,APP
L008944,ST015,U00518,2026-04-10 19:32:00,2026-04-10 20:02:00,53.94,17261,MEMBERSHIP
L009910,ST015,U01951,2026-01-26 11:21:00,2026-01-26 11:51:00,43.12,13798,CARD
L002812,ST017,U02042,2026-04-28 12:09:00,2026-04-28 14:34:00,11.12,3247,CARD
L005077,ST006,U00314,2026-06-18 00:30:00,2026-06-18 06:32:00,28.29,8261,APP
L007307,ST040,U00062,20260512083700,2026-05-12 16:30:00,55.06,16078,APP
L002034,ST007,U02797,20260709185000,2026-07-09 19:47:00,86.61,27715,MEMBERSHIP
L000592,ST009,U01373,2026-07-05 04:48:00,2026-07-05 05:13:00,18.49,6416, APP 
L005710,ST032,U00222,2026-06-09 17:14:00,2026-06-09 17:43:00,36.83,13995,CARD
L007777,ST017,U00251,2026-02-20 12:28:00,2026-02-20 17:57:00,23.78,6944,MEMBERSHIP
L005951,ST038,U00353,2026-02-18 21:22:00,2026-02-18 21:51:00,80.22,25670,CARD
L002613,ST024,U00480,2026-01-10 22:14:00,2026-01-10 23:14:00,145.15,50367,APP
L005805,ST013,U00603,2026-07-07 18:23:00,2026-07-07 18:51:00,82.74,26477,MEMBERSHIP
L001249,ST017,U00718,2026-05-02 13:24:00,2026-05-02 18:53:00,29.35,8570,MEMBERSHIP
L005502,ST030,U00721,2026-04-17 12:51:00,2026-04-17 13:21:00,N/A,24368,APP
L009249,ST019,U02288,2026-05-24 18:22:00,2026-05-24 19:22:00,,41675,MEMBERSHIP
L010781,ST032,U02699,2026-04-12 19:04:00,2026-04-12 20:01:00,59.88,22754,APP
L007843,ST008,U00649,2026-05-14 15:07:00,2026-05-14 22:02:00,39.41,10050,MEMBERSHIP
L011923,ST028,U01569,20260112113300,2026-01-12 12:24:00,52.95,16944,MEMBERSHIP
L005694,ST026,U01530,20260104024200,2026-01-04 03:04:00,46.6,17708,card
L001650,ST036,U02385,2026/06/16 17:18:00,2026-06-17 01:11:00,65.38,19091,CARD
L005212,ST019,U01917,2026-04-08 04:56:00,2026-04-08 05:47:00,129.25,44850,CARD
L000503,ST014,U02175,2026-03-06 12:54:00,2026-03-06 13:52:00,39.82,15132,CARD
L000452,ST018,U00761,2026-01-28 05:53:00,2026-01-28 12:59:00,31.7,9256,MEMBERSHIP
L007506,ST037,U00648,2026-06-09 15:37:00,2026-06-09 16:27:00,104.27,36182,APP
L007951,ST028,U02963,2026-01-15 14:26:00,2026-01-15 15:25:00,67.88,21722,APP
L010119,ST018,U02895,2026/01/03 00:43:00,2026-01-03 05:03:00,24.42,7131,APP
L000559,ST006,U01445,20260214201700,2026-02-15 00:49:00,26.74,,MEMBERSHIP
L003206,ST009,U00153,2026-04-30 12:44:00,2026-04-30 13:38:00,25.5,8848,MEMBERSHIP
L004381,ST004,U02843,2026-03-15 11:23:00,2026-03-15 11:57:00,75.82,24262,APP
L003879,ST035,U02809,2026-02-16 15:25:00,2026-02-16 20:18:00,37.58,9583,app
L007937,ST017,U01238,2026-01-29 16:18:00,2026-01-29 18:24:00,9.74,2844,CARD
L002409,ST036,U02450,2026-02-09 08:08:00,2026-02-09 15:46:00,68.75,20075,CARD
L010738,ST015,U02125,2026-04-19 17:52:00,2026-04-19 18:17:00,54.45,17424,MEMBERSHIP
L001078,ST031,U01282,2026-01-19 03:50:00,2026-01-19 04:46:00,80.17,30465,MEMBERSHIP
L002380,ST006,U00415,2026-01-27 21:29:00,2026-01-27 23:41:00,11.57,3378,CARD
L005096,ST032,U00867,2026-01-23 00:20:00,2026-01-23 01:11:00,52.05,19779,MEMBERSHIP
L010535,ST030,U00246,2026-06-24 14:15:00,2026-06-24 14:36:00,40.25,12880,CARD
L011773,ST017,U00291,2026-01-08 23:51:00,2026-01-09 05:17:00,31.74,"9,268",CARD
L000681,ST029,U02355,2026-05-27 02:13:00,2026-05-27 07:11:00,42.77,12489,membership
L005580,ST021,U00733,2026-06-20 14:22:00,2026-06-20 19:38:00,24.72,7218,CARD
L006149,ST007,U02980,2026-02-19 23:24:00,2026-02-20 00:24:00,92.89,29725,MEMBERSHIP
L007940,ST015,U02517,2026-05-30 10:31:00,2026-05-30 11:31:00,101.27,32406,MEMBERSHIP
L000348,ST038,U00810,2026-07-13 00:27:00,2026-07-13 01:18:00,148.58,47546,MEMBERSHIP
L002530,ST016,U02660,2026-03-01 02:17:00,2026-03-01 09:28:00,40.21,10254,APP
L000964,ST008,U02844,2026-07-21 19:34:00,2026-07-21 23:11:00,16.34,4167,APP
L002294,ST025,U01342,2026-07-12 04:57:00,2026-07-12 09:59:00,20.41,5960,CARD
L008153,ST009,U01222,20260126071200,2026-01-26 07:39:00,14.76,5122,CARD
L007705,ST020,U02097,2026-04-03 06:09:00,2026-04-03 06:52:00,22.39,7165,APP
L011075,ST006,U00060,2026-05-20 17:59:00,2026-05-21 00:28:00,38.45,11227,MEMBERSHIP
L010843,ST011,U02108,20260216020300,2026-02-16 02:30:00,59.04,18893,APP
L009782,ST004,U00814,20260502023800,2026-05-02 03:00:00,42.64,13645,CARD
L001917,ST025,U02483,2026-03-17 18:04:00,2026-03-18 01:27:00,34.59,10100,card
L001415,ST006,U01782,2026-01-11 22:30:00,2026-01-12 03:21:00,23.53,"6,871",MEMBERSHIP
L001680,ST021,U02794,2026-06-14 21:59:00,2026-06-15 04:38:00,37.83,"11,046",CARD
L005220,ST001,U01669,2026-05-02 15:41:00,2026-05-02 16:28:00,88.03,33451,MEMBERSHIP
L008319,ST006,U01276,2026-06-04 11:24:00,2026-06-04 13:54:00,10.99,3209,MEMBERSHIP
L008870,ST010,U02277,2026-01-23 06:16:00,2026-01-23 08:52:00,15.22,4444,MEMBERSHIP
L009715,ST023,U00155,2026/01/21 04:54:00,2026-01-21 05:35:00,29.11,9315,CARD
L009827,ST010,U00269,2026-07-20 17:19:00,2026-07-20 23:28:00,27.62,8065,CARD
L002696,ST034,U02120,2026-04-11 13:04:00,2026-04-11 13:26:00,53.16,20201,CARD
L011482,ST029,U01146,2026-02-25 20:51:00,2026-02-25 23:05:00,17.71,5171,membership
L009051,ST022,U01779,2026-05-05 22:37:00,2026-05-05 23:18:00,68.62,23811,CARD
L011488,ST014,U01986,2026-05-11 06:06:00,2026-05-11 06:28:00,15.06,5723,MEMBERSHIP
L007061,ST036,U01212,2026-04-11 19:06:00,2026-04-12 01:37:00,62.1,18133,MEMBERSHIP
L006907,ST010,U01651,2026-02-21 21:27:00,2026-02-22 05:02:00,38.79,11327,APP
L002353,ST011,U02137,2026-05-01 05:03:00,2026-05-01 05:38:00,54.21,17347,CARD
L006164,ST004,U01061,2026-06-13 00:05:00,2026-06-13 00:52:00,66.47,21270,APP
L004089,ST032,U00027,2026-05-11 23:11:00,2026-05-11 23:51:00,56.31,21398,CARD
L007733,ST026,U00956,2026-04-02 08:47:00,2026-04-02 09:19:00,79.3,30134,CARD
L002052,ST037,U00666,2026-07-07 05:20:00,2026-07-07 06:12:00,71.67,24869,MEMBERSHIP
L004653,ST022,U01636,2026-06-21 03:05:00,2026-06-21 03:57:00,80.44,27913,MEMBERSHIP
L000388,ST018,U01283,2026-02-13 11:49:00,2026-02-13 18:45:00,38.02,11102,CARD
L009384,ST038,U01934,2026-07-05 08:59:00,2026-07-05 09:27:00,76.66,24531,CARD
L005256,ST031,U01457,2026/02/19 19:16:00,2026-02-19 19:56:00,85.97,32669,MEMBERSHIP
L006948,ST039,U02944,2026-05-20 22:56:00,2026-05-20 23:53:00,28.76,9980,MEMBERSHIP
L006613,ST017,U01712,2026-02-21 07:56:00,2026-02-21 14:27:00,26.96,7872,CARD
L003766,ST016,U00348,2026-02-12 23:50:00,2026-02-13 02:13:00,9.23,2354,APP
L004926,ST023,U01262,2026-06-04 03:01:00,2026-06-04 03:28:00,15.06,4819,app
L009683,ST010,U00588,2026-04-22 20:55:00,2026-04-22 23:17:00,11.74,3428,APP
L003188,ST021,U01308,2026-05-03 08:35:00,2026-05-03 14:44:00,30.55,-8921,CARD
L008085,ST024,U00432,2026-01-23 04:49:00,2026-01-23 05:15:00,70.89,24599,CARD
L011656,ST019,U01149,2026-03-12 00:52:00,2026-03-12 01:45:00,-,37882,app
L001879,ST024,U00789,2026-07-19 09:49:00,2026-07-19 10:48:00,131.97,45794,CARD
L000093,ST036,U02142,2026-05-19 13:49:00,2026-05-19 19:01:00,46.4,13549,APP
L011687,ST019,U02649,2026-01-05 18:39:00,2026-01-05 19:19:00,82.25,28541,CARD
L005937,ST002,U00461,2026-06-13 07:14:00,2026-06-13 10:50:00,27.51,8033, APP 
L008194,ST007,U01392,2026-04-10 19:53:00,2026-04-10 20:19:00,46.08,,APP
L004574,ST005,U01040,2026-06-13 07:04:00,2026-06-13 07:54:00,113.4,36288,MEMBERSHIP
L006564,ST019,U02523,2026-06-28 01:23:00,2026-06-28 02:17:00,158.31,54934,APP
L010065,ST017,U01338,2026-04-24 16:43:00,2026-04-25 00:05:00,29.59,8640,APP
L007565,ST015,U02284,2026-04-17 14:37:00,2026-04-17 15:28:00,105.87,33878,APP
L005160,ST011,U02385,2026-03-23 02:57:00,2026-03-23 03:54:00,116.42,37254,APP
L007052,ST009,U00744,2026-03-11 06:52:00,2026-03-11 07:40:00,28.85,-10011,APP
L004534,ST023,U01595,2026-01-07 14:41:00,2026-01-07 15:04:00,13.67,4374,MEMBERSHIP
L009909,ST005,U02376,2026-07-25 19:47:00,2026-07-25 20:18:00,59.11,18915,APP
L009699,ST007,U01395,20260404130900,2026-04-04 13:29:00,29.36,9395,CARD
L003567,ST036,U01733,2026-02-10 05:23:00,2026-02-10 13:15:00,70.05,20455,MEMBERSHIP
L005294,ST015,U00427,2026-07-26 17:19:00,2026-07-26 18:00:00,63.83,20426,CARD
L011101,ST037,U01690,2026-07-26 06:40:00,2026-07-26 07:15:00,62.69,21753,APP
L001726,ST030,U02533,2026-03-20 02:36:00,2026-03-20 03:13:00,93.22,29830,MEMBERSHIP
L009852,ST021,U01810,2026-01-11 01:17:00,2026-01-11 05:36:00,22.38,6535,MEMBERSHIP
L010824,ST025,U01156,20260318142900,2026-03-18 19:13:00,29.46,8602,APP
L010077,ST016,U00055,2026-01-23 18:41:00,2026-01-23 23:03:00,19.9,5074,CARD
L011829,ST025,U02223,2026-05-26 08:03:00,2026-05-26 13:21:00,32.37,9452,CARD
L011184,ST035,U01733,2026-02-14 20:08:00,2026-02-15 00:48:00,,11659,APP
L008949,ST011,U01621,2026/01/11 07:23:00,2026-01-11 08:14:00,8257.0,26422,CARD
L011475,ST003,U02505,2026-05-11 21:13:00,2026-05-11 22:13:00,101.54,32493,APP
L002405,ST009,U00476,2026-01-21 06:30:00,2026-01-21 07:27:00,33.0,11451,APP
L000308,ST034,U01457,2026/07/22 21:14:00,2026-07-22 21:35:00,59.59,22644,app
L003823,ST028,U01494,20260610174300,2026-06-10 18:37:00,,25360,APP
L006054,ST006,U00571,2026-04-11 03:23:00,2026-04-11 09:12:00,27.97,8167,APP
L002743,ST013,U00112,2026-06-29 08:16:00,2026-06-29 09:16:00,166.36,53235,CARD
L009251,ST003,U01598,20260325132500,2026-03-25 14:04:00,75.56,24179,MEMBERSHIP
L004302,ST040,U02387,2026-07-02 02:48:00,2026-07-02 04:59:00,20.89,6100,MEMBERSHIP
L003023,ST023,U01016,2026-01-29 00:26:00,2026-01-29 01:22:00,41.98,13434,MEMBERSHIP
L002120,ST014,U01673,2026-07-17 18:46:00,2026-07-17 19:25:00,28.51,10834,CARD
L004876,ST015,U02467,2026-06-24 00:27:00,2026-06-24 01:20:00,101.62,32518,MEMBERSHIP
L007797,ST003,U02252,2026-06-11 16:49:00,2026-06-11 17:29:00,60.18,19258,Card
L011180,ST015,U02722,2026-06-23 09:19:00,2026-06-23 10:19:00,84.54,27053,CARD
L004106,ST035,U01066,2026-03-30 15:34:00,2026-03-30 21:13:00,52.03,13268,APP
L010842,ST013,U01547,2026-03-03 23:52:00,2026-03-04 00:47:00,162.02,51846,MEMBERSHIP
L009726,ST038,U01341,2026-06-18 01:31:00,2026-06-18 02:21:00,113.61,36355,CARD
L002980,ST037,U02702,2026-02-11 21:10:00,2026-02-11 21:55:00,80.28,27857,CARD
L007803,ST011,U00064,2026-03-20 07:50:00,2026-03-20 08:31:00,89.34,28589,MEMBERSHIP
L003096,ST020,U02120,2026-04-26 01:31:00,2026-04-26 02:25:00,35.57,11382,MEMBERSHIP
L011505,ST032,U01304,2026-03-31 07:08:00,2026-03-31 07:59:00,69.49,26406,MEMBERSHIP
L008113,ST019,U02142,2026-05-27 00:18:00,2026-05-27 01:05:00,139.33,48348,MEMBERSHIP
L003868,ST017,U02142,2026-05-02 17:14:00,2026-05-03 01:08:00,34.53,10083,CARD
L003837,ST021,U00344,2026-01-05 16:24:00,2026-01-05 21:33:00,30.06,8778,CARD
L003653,ST018,U02987,2026-04-14 20:30:00,2026-04-15 02:07:00,25.86,7551,CARD
L005559,ST008,U02586,2026-04-03 17:11:00,2026-04-03 22:15:00,29.96,7640,CARD
L009992,ST007,U01100,20260118074400,2026-01-18 08:36:00,76.1,24352,MEMBERSHIP
L006736,ST002,U00816,2026-03-26 15:37:00,2026-03-26 18:11:00,24.0,7008,CARD
L002619,ST037,U02902,2026-06-14 03:21:00,2026-06-14 03:48:00,42.38,14706,MEMBERSHIP
L000576,ST025,U00393,2026/01/05 18:31:00,2026-01-06 01:53:00,34.75,10147,APP
L010018,ST014,U01978,2026/02/18 08:36:00,2026-02-18 09:21:00,27.44,10427,MEMBERSHIP
L001470,ST025,U00108,2026-04-29 12:56:00,2026-04-29 19:33:00,37.84,11049,CARD
L001975,ST033,U01047,2026-03-19 16:10:00,2026-03-19 17:05:00,99.33,31786,MEMBERSHIP
L007096,ST017,U00966,2026-01-02 15:57:00,2026-01-02 20:47:00,22.15,6468,MEMBERSHIP
L003337,ST006,U00635,2026-02-20 06:14:00,2026-02-20 11:58:00,28.65,8366,APP
L005509,ST018,U01792,2026-02-28 08:05:00,2026-02-28 13:23:00,21.35,6234,app
L007281,ST038,U02841,2026-06-18 06:05:00,2026-06-18 06:40:00,91.72,29350,APP
L003756,ST002,U01191,20260205151700,2026-02-05 20:30:00,32.86,9595,APP
L009991,ST006,U00865,2026-06-13 21:15:00,2026-06-14 01:26:00,25.56,7464,APP
L000407,ST020,U01349,2026/01/24 10:56:00,2026-01-24 11:45:00,24.9,7968,MEMBERSHIP
L005352,ST018,U01347,2026-05-13 09:12:00,2026-05-13 15:23:00,26.78,7820,CARD
L010041,ST035,U00328,20260523115900,2026-05-23 17:17:00,48.47,12360,CARD
L005040,ST022,U02916,2026/05/04 10:11:00,2026-05-04 10:57:00,100.29,34801,MEMBERSHIP
L004007,ST040,U00535,2026-02-28 21:20:00,2026-03-01 04:02:00,49.52,14460,APP
L004572,ST032,U01036,2026/06/07 13:22:00,2026-06-07 14:08:00,43.1,16378,APP
L009711,ST001,U00468,2026-06-01 01:00:00,2026-06-01 01:53:00,90.18,34268,CARD
L008946,ST011,U00091,20260403014300,2026-04-03 02:18:00,64.97,20790,APP
L003611,ST028,U02819,2026-01-24 17:37:00,2026-01-24 18:26:00,69.66,22291,MEMBERSHIP
L003802,ST010,U00123,20260121072100,2026-01-21 15:13:00,33.68,9835,CARD
L001349,ST022,U01057,20260413235700,2026-04-14 00:53:00,90.76,31494,APP
L003852,ST019,U01170,2026-07-03 11:49:00,2026-07-03 12:37:00,90.22,31306,APP
L006905,ST006,U02316,2026-03-17 06:28:00,2026-03-17 10:50:00,25.97,7583,APP
L007760,ST024,U00558,2026-04-15 02:37:00,2026-04-15 03:17:00,116.07,40276,CARD
L008029,ST003,U02445,2026-04-26 23:49:00,2026-04-27 00:39:00,98.66,31571,MEMBERSHIP
L008652,ST020,U00144,2026-03-09 06:56:00,2026-03-09 07:44:00,31.63,10122,MEMBERSHIP
L006689,ST009,U01366,2026-06-04 04:40:00,2026-06-04 05:09:00,17.77,6166,MEMBERSHIP
L010696,ST010,U02598,2026-06-24 15:28:00,2026-06-24 22:20:00,28.91,8442,MEMBERSHIP
L006358,ST019,U01689,2026-07-26 03:52:00,2026-07-26 04:25:00,79.48,27580,MEMBERSHIP
L009432,ST026,U01261,2026-05-07 20:33:00,2026-05-07 21:14:00,96.14,36533,MEMBERSHIP
L010071,ST040,U00046,2026-06-08 04:29:00,2026-06-08 09:02:00,41.49,12115,APP
L009660,ST031,U02394,20260403030000,2026-04-03 03:23:00,46.59,17704,Card
L003426,ST001,U02024,2026/05/17 06:29:00,2026-05-17 07:05:00,79.45,30191,APP
L011029,ST031,U01513,2026-01-30 14:46:00,2026-01-30 15:25:00,73.11,27782,MEMBERSHIP
L002832,ST029,U00251,2026-03-21 17:39:00,2026-03-21 20:08:00,15.34,4479,APP
L002152,ST012,U01867,2026-01-19 06:13:00,2026-01-19 06:56:00,22.89,7325,APP
L002891,ST036,U02342,2026-03-30 07:30:00,2026-03-30 14:30:00,67.35,19666,MEMBERSHIP
L001735,ST016,U02817,20260423151800,2026-04-23 18:06:00,17.3,4412,CARD
L003114,ST027,U02797,2026-01-17 22:02:00,2026-01-18 01:00:00,17.57,5130,APP
L000933,ST031,U02029,2026-02-05 10:07:00,2026-02-05 10:40:00,53.28,20246,MEMBERSHIP
L008419,ST008,U00626,2026-04-30 06:52:00,2026-04-30 13:07:00,25.03,"6,383",membership
L005926,ST015,U01180,2026-01-01 10:22:00,2026-01-01 10:51:00,63.9,20448,APP
L007080,ST005,U00102,2026-01-26 10:29:00,2026-01-26 11:24:00,143.55,45936,CARD
L009461,ST029,U02085,2026-02-23 10:23:00,2026-02-23 14:12:00,26.66,7785,APP
L009108,ST037,U01526,2026-02-14 19:58:00,2026-02-14 20:20:00,32.74,11361,APP
L009677,ST038,U02326,2026-06-23 21:25:00,2026-06-23 22:07:00,106.74,34157,CARD
L007240,ST028,U01146,2026-06-21 21:33:00,2026-06-21 22:08:00,50.91,16291,CARD
L006108,ST021,U02480,2026-07-23 13:14:00,2026-07-23 15:37:00,14.45,4219,MEMBERSHIP
L000806,ST026,U01869,2026-05-24 18:52:00,2026-05-24 19:40:00,118.92,45190,CARD
L001953,ST020,U00170,2026-06-28 16:51:00,2026-06-28 17:17:00,18.34,5869,app
L010242,ST036,U00877,2026-05-17 19:46:00,2026-05-18 01:11:00,48.72,14226,APP
L008179,ST021,U00528,2026-05-27 15:54:00,2026-05-27 20:27:00,18.88,5513,CARD
L000831,ST022,U00590,2026-04-30 17:24:00,2026-04-30 18:02:00,63.92,22180,APP
L005588,ST030,U01670,2026-02-14 16:31:00,2026-02-14 17:02:00,60.2,19264,CARD
L011437,ST015,U00719,2026-04-03 18:29:00,2026-04-03 19:19:00,77.04,24653,CARD
L006172,ST010,U02616,2026-04-09 22:01:00,2026-04-10 02:42:00,24.74,7224,MEMBERSHIP
L006858,ST026,U02056,2026-05-30 08:25:00,2026-05-30 09:06:00,81.37,30921,Card
L011996,ST037,U01154,20260614082700,2026-06-14 09:26:00,85.41,29637,APP
L001149,ST032,U01209,2026-02-01 06:31:00,2026-02-01 07:17:00,53.27,20243,MEMBERSHIP
L001913,ST022,U00104,2026-03-30 14:21:00,2026-03-30 15:15:00,84.6,29356,APP
L004360,ST014,U00032,2026/01/06 01:12:00,2026-01-06 01:37:00,13.64,5183,APP
L005249,ST034,U01896,2026-06-27 21:31:00,2026-06-27 22:29:00,165.32,-62822,MEMBERSHIP
L009371,ST013,U00287,2026-04-20 22:13:00,2026-04-20 22:33:00,58.01,18563,APP
L003662,ST018,U01903,2026-02-04 22:47:00,2026-02-05 04:13:00,24.62,7189,CARD
L007623,ST035,U00287,2026-02-15 02:35:00,2026-02-15 08:54:00,47.87,12207,MEMBERSHIP
L005332,ST030,U02298,2026/05/30 04:45:00,2026-05-30 05:31:00,125.59,40189,APP
L001454,ST019,U01701,2026/07/23 04:07:00,2026-07-23 05:01:00,157.62,54694,APP
L001499,ST010,U00551,2026-03-11 20:11:00,2026-03-12 02:27:00,27.26,7960,APP
L008476,ST013,U02602,20260131055900,2026-01-31 06:52:00,156.1,49952,APP
L002175,ST030,U02552,2026-01-17 21:34:00,2026-01-17 22:26:00,112.25,35920,CARD
L005624,ST027,U01289,2026/04/05 23:00:00,2026-04-06 06:31:00,41.79,12203,APP
L004880,ST004,U00272,2026-01-12 14:47:00,2026-01-12 15:09:00,47.42,15174,APP
L002986,ST018,U02006,2026-02-28 23:39:00,2026-03-01 03:30:00,20.09,5866,card
L000843,ST012,U00745,20260527041100,2026-05-27 04:55:00,32.75,10480,CARD
L007579,ST023,U00668,2026-03-25 09:56:00,2026-03-25 10:29:00,21.7,6944,APP
L008214,ST006,U00329,2026-03-13 00:12:00,2026-03-13 07:10:00,26.9,,APP
L001510,ST016,U00060,2026-02-18 00:17:00,2026-02-18 06:12:00,35.44,9037,APP
L008906,ST013,U00509,2026-04-23 09:31:00,2026-04-23 10:10:00,76.06,24339,MEMBERSHIP
L011376,ST030,U01971,2026-01-04 20:17:00,2026-01-04 21:00:00,113.75,36400,MEMBERSHIP
L004825,ST022,U02484,2026/05/16 09:57:00,2026-05-16 10:55:00,114.11,39596,CARD
L009301,ST003,U00229,2026-04-26 00:54:00,2026-04-26 01:27:00,56.65,18128,CARD
L003435,ST012,U01902,2026-01-06 17:23:00,2026-01-06 17:53:00,14.74,4717,APP
L003999,ST014,U01062,2026-04-30 03:35:00,2026-04-30 04:14:00,26.38,10024,MEMBERSHIP
L005617,ST001,U00272,2026-07-08 18:54:00,2026-07-08 19:30:00,77.59,29484,CARD
L006112,ST022,U02321,2026-05-08 15:16:00,2026-05-08 15:58:00,80.75,28020,app
L003348,ST010,U01310,2026-05-29 05:40:00,2026-05-29 10:21:00,25.91,7566,MEMBERSHIP
L003323,ST016,U01785,2026-04-04 14:15:00,2026-04-04 20:08:00,33.61,8571,APP
L009463,ST015,U02546,2026-07-01 08:57:00,2026-07-01 09:34:00,-,,MEMBERSHIP
L011320,ST028,U02925,2026/02/21 05:02:00,2026-02-21 05:37:00,46.03,14730,APP
L001725,ST002,U00715,2026/04/09 08:43:00,2026-04-09 11:03:00,19.64,5735,CARD
L011889,ST038,U02230,2026-02-28 00:14:00,2026-02-28 01:11:00,129.06,41299,CARD
L001583,ST021,U02953,2026-04-12 06:18:00,2026-04-12 11:36:00,30.37,8868,APP
L002395,ST040,U01804,20260325193500,2026-03-26 03:15:00,51.01,14895,CARD
L008088,ST002,U01499,2026-07-26 06:03:00,2026-07-26 11:01:00,36.41,10632,MEMBERSHIP
L008519,ST023,U01183,2026-03-22 03:22:00,2026-03-22 04:07:00,30.38,9722,CARD
L001175,ST024,U01662,2026-05-01 22:24:00,2026-05-01 23:20:00,158.26,54916,APP
L000873,ST011,U00079,2026-07-01 13:37:00,2026-07-01 14:27:00,103.34,33069,APP
L006614,ST027,U00788,2026/06/12 03:43:00,2026-06-12 10:44:00,39.54,11546,APP
L008033,ST023,U01449,2026-07-13 12:15:00,2026-07-13 12:41:00,15.48,4954,APP
L002639,ST011,U02523,2026-04-04 09:20:00,2026-04-04 10:12:00,74.59,23869,APP
L001724,ST014,U00964,2026-04-30 08:09:00,2026-04-30 08:41:00,19.64,7463,MEMBERSHIP
L007979,ST013,U00055,2026-02-24 11:22:00,2026-02-24 12:13:00,147.26,,APP
L007964,ST022,U00128,2026-03-14 06:56:00,2026-03-14 07:35:00,71.61,24849,MEMBERSHIP
L001602,ST009,U02703,2026/07/16 21:49:00,2026-07-16 22:11:00,13.51,4688,MEMBERSHIP
L009956,ST010,U02895,20260521153800,2026-05-21 19:48:00,22.24,6494,MEMBERSHIP
L003490,ST015,U01739,2026/06/17 18:42:00,2026-06-17 19:29:00,85.63,27402,MEMBERSHIP
L010732,ST019,U02375,2026-04-24 23:01:00,2026-04-24 23:43:00,121.07,42011,CARD
L011855,ST038,U00694,20260414032100,2026-04-14 04:21:00,127.56,40819,card
L004833,ST021,U00590,2026/04/26 01:54:00,2026-04-26 09:40:00,46.08,13455,APP
L002833,ST032,U01156,2026/01/29 20:54:00,2026-01-29 21:37:00,49.64,18863,MEMBERSHIP
L001507,ST022,U01137,2026/07/25 08:02:00,2026-07-25 08:27:00,43.9,15233,APP
L010451,ST040,U02834,2026-07-07 09:07:00,2026-07-07 12:24:00,25.49,7443,APP
L000645,ST005,U00312,2026-04-14 23:14:00,2026-04-14 23:46:00,86.38,27642,APP
L007411,ST022,U00719,2026-02-05 17:56:00,2026-02-05 18:50:00,116.91,40568,APP
L006536,ST020,U00764,2026/05/02 11:38:00,2026-05-02 12:12:00,16.27,5206,membership
L002180,ST014,U02356,2026-03-11 04:32:00,2026-03-11 05:29:00,41.93,15933,MEMBERSHIP
L008315,ST023,U01791,2026-02-02 01:22:00,2026-02-02 01:52:00,17.89,5725,APP
L009595,ST024,U02235,2026-03-21 10:41:00,2026-03-21 11:15:00,81.69,28346,CARD
L003763,ST030,U01694,2026-05-08 09:57:00,2026-05-08 10:54:00,104.86,33555,MEMBERSHIP
L010010,ST034,U02178,2026-04-28 14:28:00,2026-04-28 15:12:00,114.39,43468,MEMBERSHIP
L005863,ST011,U00445,2026-05-31 17:40:00,2026-05-31 18:26:00,66.1,21152,MEMBERSHIP
L002141,ST014,U00950,2026-07-19 09:07:00,2026-07-19 09:34:00,14.43,5483,CARD
L002298,ST013,U02106,2026-04-28 13:47:00,2026-04-28 14:46:00,135.09,43229,CARD
L004752,ST025,U01322,2026-02-19 21:05:00,2026-02-20 02:03:00,27.38,7995,APP
L000977,ST021,U02114,2026/06/05 20:31:00,2026-06-06 03:26:00,33.13,9674,MEMBERSHIP
L004820,ST030,U02160,2026/05/25 12:30:00,2026-05-25 13:18:00,135.56,,CARD
L010419,ST018,U00996,2026-02-05 08:46:00,2026-02-05 12:36:00,20.11,5872,CARD
L008505,ST006,U01973,2026-05-25 07:06:00,2026-05-25 13:46:00,26.72,7802,CARD
L008133,ST030,U02290,2026-03-06 21:03:00,2026-03-06 21:31:00,72.74,,MEMBERSHIP
L007591,ST040,U01764,2026-06-02 14:48:00,2026-06-02 21:10:00,49.3,14396,CARD
L006951,ST017,U02248,2026-06-17 04:40:00,2026-06-17 10:19:00,29.7,8672,APP
L010247,ST014,U01048,2026/05/13 01:45:00,2026-05-13 02:16:00,16.97,6449,CARD
L002687,ST021,U01518,2026-06-10 12:59:00,2026-06-10 20:22:00,36.07,10532,CARD
L001274,ST030,U01800,2026-06-14 19:23:00,2026-06-14 19:45:00,50.21,16067,CARD
L003079,ST033,U01188,2026-04-04 16:11:00,2026-04-04 16:33:00,46.35,14832,card
L011847,ST038,U01196,2026-05-09 03:51:00,2026-05-09 04:46:00,137.18,43898,CARD
L010158,ST039,U02001,2026-06-06 02:14:00,2026-06-06 03:10:00,37.59,13044,APP
L004992,ST035,U02223,20260524174600,2026-05-24 20:08:00,23.1,"5,890",APP
L008947,ST018,U00943,2026-03-06 15:51:00,2026-03-06 21:17:00,30.27,8839,CARD
L004970,ST012,U00026,2026-02-25 06:34:00,2026-02-25 07:14:00,24.56,7859,CARD
L000759,ST039,U01419,2026-07-15 14:27:00,2026-07-15 15:03:00,25.74,8932,APP
L004797,ST036,U02398,2026-06-24 05:42:00,2026-06-24 09:42:00,29.14,8509,MEMBERSHIP
L005738,ST031,U00784,20260223063500,2026-02-23 07:34:00,90.66,34451,MEMBERSHIP
L010032,ST038,U01510,20260421191400,2026-04-21 19:56:00,114.53,36650,MEMBERSHIP
L006509,ST016,U00427,2026-03-18 11:47:00,2026-03-18 17:06:00,26.07,6648,APP
L001362,ST038,U01174,2026-06-25 02:20:00,2026-06-25 02:48:00,59.49,19037,MEMBERSHIP
L004635,ST005,U00448,2026-05-29 07:54:00,2026-05-29 08:32:00,85.99,27517, APP 
L009265,ST005,U01293,2026-07-21 11:18:00,2026-07-21 11:41:00,56.66,18131,MEMBERSHIP
L011958,ST015,U01093,2026-06-07 08:57:00,2026-06-07 09:23:00,56.05,17936,MEMBERSHIP
L009346,ST026,U01708,2026-04-17 13:36:00,2026-04-17 14:28:00,146.14,55533,CARD
L007568,ST017,U02375,2026-04-11 12:06:00,2026-04-11 19:58:00,36.6,10687,MEMBERSHIP
L006098,ST017,U02333,2026-03-30 07:06:00,2026-03-30 15:03:00,32.02,9350,CARD
L010191,ST004,U00425,2026-01-30 23:41:00,2026-01-31 00:03:00,45.66,14611,CARD
L007613,ST021,U01628,20260401122300,2026-04-01 16:28:00,17.12,4999,MEMBERSHIP
L002323,ST033,U00803,20260207225600,2026-02-07 23:26:00,57.6,18432,membership
L006317,ST013,U02184,2026-07-07 06:19:00,2026-07-07 07:03:00,119.5,"38,240",CARD
L007025,ST031,U01298,2026-01-28 04:12:00,2026-01-28 04:50:00,71.64,27223,APP
L004358,ST021,U02700,2026-07-23 07:21:00,2026-07-23 14:55:00,29.33,8564,Card
L009511,ST008,U00906,2026-06-03 06:59:00,2026-06-03 13:08:00,35.28,8996,MEMBERSHIP
L000760,ST028,U00653,20260611031300,2026-06-11 03:57:00,N/A,15904,APP
L000881,ST010,U02896,2026/04/07 06:43:00,2026-04-07 12:11:00,31.99,9341,app
L008374,ST009,U02931,2026-04-28 13:07:00,2026-04-28 14:07:00,40.98,14220,CARD
L005849,ST013,U00394,2026-07-28 12:33:00,2026-07-28 12:53:00,54.12,17318,APP
L004021,ST012,U01594,2026-01-09 05:22:00,2026-01-09 05:42:00,14.9,,APP
L007824,ST008,U01454,2026-02-28 15:05:00,2026-02-28 19:03:00,N/A,5794,CARD
L009597,ST040,U01024,2026-04-30 05:28:00,2026-04-30 10:44:00,46.44,13560,APP
L000073,ST036,U01728,2026/06/15 00:18:00,2026-06-15 03:44:00,23.98,7002,CARD
L009118,ST031,U01133,2026/02/19 11:05:00,2026-02-19 11:41:00,74.45,28291,MEMBERSHIP
L007082,ST018,U02547,2026-01-25 13:00:00,2026-01-25 16:59:00,19.52,5700,MEMBERSHIP
L006342,ST007,U00885,2026-01-21 17:46:00,2026-01-21 18:12:00,45.51,14563,MEMBERSHIP
L001450,ST027,U00977,2026-05-24 16:28:00,2026-05-24 22:55:00,30.35,8862,CARD
L008189,ST001,U02075,2026-01-21 16:51:00,2026-01-21 17:46:00,119.78,45516,MEMBERSHIP
L011472,ST019,U02106,2026-05-26 07:08:00,2026-05-26 08:06:00,145.14,50364,MEMBERSHIP
L007609,ST018,U01368,2026-07-24 12:00:00,2026-07-24 16:50:00,22.09,6450,APP
L000267,ST039,U00077,2026-07-20 03:00:00,2026-07-20 03:26:00,15.61,5417,MEMBERSHIP
L009856,ST023,U01577,20260525124900,2026-05-25 13:23:00,22.03,7050,CARD
L000901,ST020,U01139,2026/06/27 22:53:00,2026-06-27 23:34:00,20.56,6579,APP
L001809,ST002,U00932,2026-06-17 04:00:00,2026-06-17 11:25:00,69.8,20382,CARD
L002288,ST014,U00908,20260203090200,2026-02-03 09:28:00,18.97,7209,MEMBERSHIP
L010372,ST010,U00318,2026-04-06 03:45:00,2026-04-06 11:40:00,37.12,10839,CARD
L003660,ST035,U00246,2026-02-23 19:50:00,2026-02-23 22:52:00,21.27,5424,APP
L009778,ST012,U01865,2026-06-26 06:59:00,2026-06-26 07:39:00,19.02,6086,MEMBERSHIP
L003386,ST001,U00785,20260603151100,2026-06-03 16:07:00,88.94,33797,APP
L003368,ST011,U02868,2026-02-18 02:04:00,2026-02-18 02:38:00,55.27,17686,MEMBERSHIP
L009744,ST017,U01000,2026-02-09 12:39:00,2026-02-09 15:22:00,16.44,4800,APP
L011041,ST035,U00812,20260701124800,2026-07-01 20:38:00,70.62,18008,APP
L000728,ST011,U00300,2026-02-01 12:05:00,2026-02-01 13:03:00,83.31,26659,card
L011079,ST003,U02029,2026-01-31 00:19:00,2026-01-31 01:15:00,116.68,37338,APP
L007439,ST038,U02888,2026-05-27 17:45:00,2026-05-27 18:34:00,135.89,43485,MEMBERSHIP
L011105,ST028,U02621,2026/05/20 05:56:00,2026-05-20 06:34:00,46.11,14755,MEMBERSHIP
L007267,ST001,U01118,2026-06-03 16:30:00,2026-06-03 15:20:00,84.89,32258,APP
L001579,ST018,U00084,2026-04-07 15:12:00,2026-04-07 17:59:00,-,5072,APP
L009498,ST039,U02243,2026-04-07 09:48:00,2026-04-07 10:48:00,40.95,14210,APP
L004980,ST008,U01521,2026-01-05 18:05:00,2026-01-05 23:11:00,23.84,6079,CARD
L001759,ST028,U01940,2026-05-21 20:16:00,2026-05-21 21:13:00,67.66,21651,membership
L003700,ST011,U01232,2026-01-20 11:10:00,2026-01-20 11:35:00,34.45,11024,MEMBERSHIP
L007254,ST011,U01402,2026-02-14 00:28:00,2026-02-14 00:55:00,44.31,14179,MEMBERSHIP
L005483,ST040,U00491,20260510214200,2026-05-10 23:51:00,14.39,4202,APP
L002504,ST033,U02786,2026-06-04 06:17:00,2026-06-04 06:43:00,55.06,17619,APP
L007093,ST033,U02747,2026-07-05 02:21:00,2026-07-05 03:10:00,109.72,35110,CARD
L011874,ST002,U00922,2026-04-05 21:14:00,2026-04-06 03:15:00,57.56,16808,APP
L001649,ST005,U00835,2026-03-30 00:39:00,2026-03-30 01:39:00,151.4,48448,APP
L007125,ST025,U02796,20260322153500,2026-03-22 19:05:00,22.01,6427,APP
L004066,ST002,U02587,2026-01-22 01:05:00,2026-01-22 03:11:00,18.03,5265,APP
L010125,ST035,U01482,20260306013000,2026-03-06 07:31:00,49.46,12612,MEMBERSHIP
L009349,ST014,U02383,2026-05-01 11:16:00,2026-05-01 11:53:00,-,6836,MEMBERSHIP
L001542,ST004,U02668,2026-05-03 10:13:00,2026-05-03 10:41:00,54.78,17530,CARD
L004674,ST011,U00017,2026-01-29 22:18:00,2026-01-29 22:42:00,46.69,14941,CARD
L006961,ST005,U00978,2026-07-17 03:18:00,2026-07-17 03:57:00,93.21,29827,MEMBERSHIP
L000296,ST021,U01478,2026/05/26 19:48:00,2026-05-27 01:18:00,32.92,9613,APP
L007106,ST037,U02294,2026-04-29 07:53:00,2026-04-29 08:20:00,41.03,14237,APP
L010168,ST018,U01963,2026-07-22 07:21:00,2026-07-22 10:41:00,12.93,3776,CARD
L002379,ST035,U01662,2026-04-06 19:52:00,2026-04-07 01:02:00,45.46,,MEMBERSHIP
L004139,ST032,U02688,2026-02-14 15:47:00,2026-02-14 16:41:00,60.05,22819,APP
L004818,ST030,U00386,2026-02-07 01:36:00,2026-02-07 02:32:00,147.04,47053,CARD
L001906,ST006,U00540,2026-05-04 10:30:00,2026-05-04 17:50:00,33.98,9922,APP
L009462,ST023,U02163,2026-04-25 14:20:00,2026-04-25 14:59:00,23.07,7382,APP
L009129,ST027,U02061,2026-07-26 06:59:00,2026-07-26 10:51:00,23.55,6877,MEMBERSHIP
L002082,ST036,U02111,2026-06-25 02:40:00,2026-06-25 08:48:00,43.95,12833,MEMBERSHIP
L009953,ST018,U01425,2026-03-04 00:20:00,2026-03-04 03:35:00,18.47,5393,APP
L003558,ST031,U00356,2026-07-18 10:10:00,2026-07-18 11:07:00,79.02,30028,membership
L004035,ST009,U01647,2026-05-28 05:08:00,2026-05-28 06:01:00,24.83,8616,APP
L004352,ST024,U01637,2026-07-12 00:47:00,2026-07-12 01:29:00,91.15,31629,APP
L000700,ST003,U01490,2026/07/11 07:16:00,2026-07-11 08:03:00,72.86,23315,CARD
L007009,ST005,U00403,2026/02/27 00:43:00,2026-02-27 01:03:00,56.58,18106,APP
L001101,ST011,U00146,2026-04-06 11:41:00,2026-04-06 12:25:00,66.59,21309,MEMBERSHIP
L001798,ST030,U00985,2026-05-05 00:32:00,2026-05-05 01:02:00,72.94,23341,MEMBERSHIP
L002491,ST006,U00419,2026-04-10 12:08:00,2026-04-10 17:41:00,25.04,7312,app
L006696,ST007,U02185,2026/06/11 12:54:00,2026-06-11 13:20:00,46.26,14803,APP
L010680,ST032,U02461,2026-07-06 04:21:00,2026-07-06 05:04:00,40.28,,CARD
L001272,ST017,U00088,2026/04/16 11:55:00,2026-04-16 17:22:00,26.29,7677,APP
L004343,ST021,U00726,2026-01-27 09:25:00,2026-01-27 17:07:00,45.32,13233,CARD
L001932,ST038,U00955,2026-07-27 23:19:00,2026-07-27 23:54:00,100.8,32256,CARD
L010251,ST028,U00385,2026-03-25 05:10:00,2026-03-25 05:38:00,29.56,9459,CARD
L010873,ST005,U02964,2026-04-14 09:23:00,2026-04-14 10:21:00,139.49,44637,CARD
L009307,ST012,U01798,2026-05-03 12:01:00,2026-05-03 12:37:00,19.9,6368,APP
L004931,ST021,U02593,2026-03-08 13:25:00,2026-03-08 16:52:00,16.25,4745,CARD
L008360,ST036,U01659,2026-02-15 21:44:00,2026-02-16 02:32:00,30.83,9002,APP
L010430,ST030,U00503,2026/04/30 12:00:00,2026-04-30 12:46:00,97.89,31325,MEMBERSHIP
L003820,ST033,U01254,2026/01/28 10:47:00,2026-01-28 11:18:00,53.24,17037,APP
L010187,ST021,U01445,2026/02/25 03:29:00,2026-02-25 09:55:00,30.52,8912,APP
L006141,ST014,U01371,2026-05-27 00:55:00,2026-05-27 01:23:00,16.76,6369,APP
L009113,ST033,U02722,2026-04-04 01:26:00,2026-04-04 02:22:00,90.9,29088,APP
L003336,ST028,U02929,2026-03-09 12:39:00,2026-03-09 13:26:00,65.73,21034,MEMBERSHIP
L004551,ST022,U01105,2026-01-14 21:04:00,2026-01-14 21:26:00,38.09,13217,CARD
L001846,ST030,U00790,2026-05-10 20:21:00,2026-05-10 21:07:00,115.56,36979,MEMBERSHIP
L006473,ST020,U02046,2026/01/18 21:02:00,2026-01-18 21:34:00,17.99,5757,MEMBERSHIP
L007587,ST016,U02766,20260608093800,2026-06-08 12:17:00,15.36,3917,MEMBERSHIP
L008679,ST024,U02688,2026-05-17 12:35:00,2026-05-17 13:07:00,69.95,24273,MEMBERSHIP
L006312,ST024,U01853,20260728213700,2026-07-28 22:03:00,66.37,23030,APP
L002606,ST038,U01301,2026-02-27 11:40:00,2026-02-27 12:17:00,99.84,31949,MEMBERSHIP
L010750,ST019,U01175,20260723015300,2026-07-23 02:20:00,55.23,19165,CARD
L007867,ST040,U02526,2026-01-01 04:06:00,2026-01-01 08:02:00,37.22,10868,Card
L002187,ST020,U02406,2026-05-11 01:40:00,2026-05-11 02:02:00,10.38,3322,card
L000249,ST020,U00398,2026-04-15 14:08:00,2026-04-15 15:01:00,25.99,8317,APP
L000272,ST006,U00384,2026-07-22 10:39:00,2026-07-22 18:32:00,32.81,9581,CARD
L003806,ST030,U01643,2026-01-02 12:07:00,2026-01-02 12:47:00,82.42,26374,CARD
L001860,ST004,U02823,2026-06-24 07:24:00,2026-06-24 08:18:00,84.69,27101,CARD
L009858,ST011,U01715,2026-06-10 12:45:00,2026-06-10 13:38:00,113.5,36320,card
L003439,ST015,U01249,2026/05/15 12:04:00,2026-05-15 12:27:00,32.87,10518,APP
L003500,ST008,U00335,2026-01-24 19:12:00,2026-01-24 23:08:00,2167.0,,CARD
L011627,ST039,U02432,2026/07/06 02:07:00,2026-07-06 03:05:00,33.18,11513,APP
L004081,ST037,U01920,2026-04-25 07:29:00,2026-04-25 08:22:00,110.53,38354,MEMBERSHIP
L003650,ST022,U00224,2026-04-03 06:58:00,2026-04-03 07:52:00,117.41,40741,CARD
L004722,ST028,U01005,2026-04-22 14:43:00,2026-04-22 15:13:00,41.54,13293,APP
L002365,ST030,U01041,2026-04-12 16:48:00,2026-04-12 17:12:00,67.78,21690,MEMBERSHIP
L007949,ST026,U00641,2026-02-10 08:36:00,2026-02-10 08:58:00,58.98,22412,MEMBERSHIP
L009650,ST029,U01508,2026-06-16 23:40:00,2026-06-17 05:45:00,51.34,,MEMBERSHIP
L007398,ST009,U02417,2026/03/24 22:19:00,2026-03-24 22:39:00,14.77,5125,CARD
L007482,ST003,U02121,2026/01/06 17:38:00,2026-01-06 18:23:00,93.69,29981,MEMBERSHIP
L000017,ST021,U00344,20260707200700,2026-07-08 02:38:00,34.0,9928,APP
L005137,ST030,U01931,2026-06-10 06:22:00,2026-06-10 06:56:00,89.75,28720,MEMBERSHIP
L006817,ST031,U00678,2026-05-02 19:15:00,2026-05-02 20:08:00,91.45,34751,CARD
L011015,ST038,U00866,20260331155000,2026-03-31 16:49:00,111.59,35709,APP
L007804,ST006,U01220,2026-05-26 05:01:00,2026-05-26 10:42:00,26.44,7720,CARD
L006989,ST036,U00401,2026-02-07 03:20:00,2026-02-07 07:55:00,36.95,10789,MEMBERSHIP
L003654,ST003,U02962,2026-07-15 02:13:00,2026-07-15 03:02:00,91.1,29152,APP
L010577,ST031,U00228,2026-02-24 18:36:00,2026-02-24 19:20:00,76.28,28986,APP
L009199,ST025,U00435,2026-02-01 04:05:00,2026-02-01 09:19:00,27.19,7939,MEMBERSHIP
L011405,ST032,U00312,2026-04-16 06:39:00,2026-04-16 07:17:00,47.81,18168,APP
L003496,ST038,U00220,2026-02-21 23:37:00,2026-02-22 00:36:00,162.39,51965,APP
L009933,ST002,U00385,2026-05-03 14:13:00,2026-05-03 19:33:00,34.54,10086,CARD
L005174,ST002,U00882,2026-07-15 21:13:00,2026-07-16 02:43:00,50.23,14667,APP
L010527,ST027,U01736,2026-05-06 01:12:00,2026-05-06 03:42:00,15.03,4389,CARD
L009644,ST039,U01660,20260215171200,2026-02-15 18:11:00,28.49,,APP
L011957,ST005,U00120,2026-01-09 08:37:00,2026-01-09 08:58:00,46.17,14774,MEMBERSHIP
L004587,ST014,U02892,2026-04-09 20:06:00,2026-04-09 20:33:00,19.25,7315, APP 
L009023,ST002,U01580,2026/05/22 02:39:00,2026-05-22 09:44:00,56.4,16469,APP
L001960,ST025,U00670,2026-04-02 01:31:00,2026-04-02 08:32:00,38.44,11224,MEMBERSHIP
L000743,ST036,U01743,2026/05/03 05:45:00,2026-05-03 12:58:00,66.65,19462,APP
L008499,ST002,U02192,20260127144700,2026-01-27 19:17:00,35.7,10424,Card
L000354,ST002,U00550,2026-06-11 12:26:00,2026-06-11 19:47:00,54.27,15847,membership
L009763,ST002,U00183,2026/02/07 02:27:00,2026-02-07 08:57:00,49.05,14323,MEMBERSHIP
L003043,ST024,U02428,2026-07-04 05:16:00,2026-07-04 06:11:00,164.68,57144,APP
L000970,ST021,U01239,2026-04-13 01:09:00,2026-04-13 07:49:00,38.35,11198,MEMBERSHIP
L000547,ST005,U00183,2026-01-09 18:15:00,2026-01-09 18:47:00,62.97,20150,MEMBERSHIP
L009427,ST039,U00258,2026-05-29 11:12:00,2026-05-29 11:53:00,22.55,7825,MEMBERSHIP
L001715,ST007,U01599,20260713235900,2026-07-14 00:20:00,33.3,10656,MEMBERSHIP
L002793,ST026,U01538,2026-04-15 14:24:00,2026-04-15 15:22:00,156.88,,MEMBERSHIP
L006930,ST012,U01256,2026-05-01 09:00:00,2026-05-01 09:50:00,29.52,9446,CARD
L000984,ST005,U02417,2026-06-28 23:57:00,2026-06-29 00:53:00,134.44,43021,CARD
L011365,ST016,U00912,20260318014600,2026-03-18 07:55:00,29.47,7515,membership
L001676,ST030,U02959,2026-07-06 15:17:00,2026-07-06 16:11:00,126.67,40534,APP
L007311,ST020,U00044,20260526162300,2026-05-26 16:51:00,13.55,4336,MEMBERSHIP
L005751,ST024,U01774,2026-04-29 21:29:00,2026-04-29 22:06:00,94.7,32861,APP
L008617,ST015,U02666,2026-03-11 21:29:00,2026-03-11 22:28:00,103.92,33254,MEMBERSHIP
L009318,ST025,U01109,2026-05-11 11:12:00,2026-05-11 15:54:00,23.89,6976,APP
L006398,ST015,U01998,2026-07-03 01:30:00,2026-07-03 02:06:00,78.0,24960,MEMBERSHIP
L004015,ST018,U02524,2026-04-26 21:00:00,2026-04-27 04:37:00,34.69,10129,MEMBERSHIP
L005063,ST031,U02803,2026-01-05 05:18:00,2026-01-05 05:49:00,56.1,21318,MEMBERSHIP
L011393,ST027,U01011,2026-06-07 00:25:00,2026-06-07 04:42:00,25.5,7446,APP
L000518,ST029,U01876,2026-05-10 00:00:00,2026-05-10 04:40:00,37.21,10865,APP
L008233,ST040,U01895,2026-03-20 04:29:00,2026-03-20 08:54:00,34.34,10027,CARD
L001849,ST019,U00819,2026-05-28 02:27:00,2026-05-28 03:26:00,-,52442,CARD
L008916,ST033,U02790,2026-05-03 21:11:00,2026-05-03 22:08:00,120.59,38589,MEMBERSHIP
L003596,ST020,U02798,2026-03-15 12:20:00,2026-03-15 13:17:00,32.55,10416,APP
L005865,ST900,U00261,2026-06-23 00:46:00,2026-06-23 05:44:00,24.86,,APP
L000812,ST025,U01412,2026-04-30 05:30:00,2026-04-30 08:45:00,15.4,4497,APP
L003336,ST028,U02929,2026-03-09 12:39:00,2026-03-09 13:26:00,65.73,21034,MEMBERSHIP
L002807,ST005,U00496,2026-06-03 07:54:00,2026-06-03 08:22:00,81.96,26227,MEMBERSHIP
L008920,ST035,U01100,2026-06-27 16:38:00,2026-06-27 21:06:00,40.42,10307,APP
L008643,ST039,U02640,2026-03-21 05:58:00,2026-03-21 06:26:00,19.96,6926,MEMBERSHIP
L007132,ST027,U01101,2026/05/08 21:39:00,2026-05-09 02:37:00,29.1,8497,CARD
L005385,ST031,U02006,2026-01-16 12:26:00,2026-01-16 12:47:00,30.9,11742,CARD
L003001,ST012,U01622,2026/03/30 02:51:00,2026-03-30 03:33:00,23.08,7386,APP
L011240,ST027,U00350,2026-03-11 03:41:00,2026-03-11 06:52:00,18.14,5297,MEMBERSHIP
L004661,ST009,U00278,2026-03-05 02:51:00,2026-03-05 03:22:00,22.21,7707,MEMBERSHIP
L011399,ST012,U02601,2026-05-14 05:16:00,2026-05-14 05:37:00,11.55,3696,MEMBERSHIP
L005987,ST022,U01526,2026-03-05 11:20:00,2026-03-05 11:51:00,45.07,15639, APP 
L007746,ST002,U00888,20260504013500,2026-05-04 07:43:00,37.93,11076,APP
L005134,ST036,U02363,2026/06/24 00:05:00,2026-06-24 07:04:00,62.85,18352,card
L007751,ST008,U02972,2026-04-07 03:05:00,2026-04-07 07:30:00,22.23,5669,CARD
L002329,ST015,U01105,2026-04-18 04:06:00,2026-04-18 04:38:00,69.91,22371,MEMBERSHIP
L011082,ST032,U00179,20260622153700,2026-06-22 15:58:00,22.5,8550,CARD
L002550,ST006,U02860,2026-04-29 02:33:00,2026-04-29 10:20:00,37.92,11073,CARD
L010850,ST038,U02522,2026-02-14 01:02:00,2026-02-14 01:56:00,136.73,43754,CARD
L003675,ST033,U01650,2026-07-12 03:32:00,2026-07-12 04:10:00,66.23,21194,CARD
L011994,ST011,U02851,2026-03-27 11:26:00,2026-03-27 12:07:00,75.59,24189,APP
L004083,ST017,U02557,2026-06-16 20:59:00,2026-06-17 03:09:00,,9773,MEMBERSHIP
L008437,ST032,U02224,20260629140500,2026-06-29 14:51:00,49.07,18647,APP
L004017,ST015,U02589,2026-06-10 08:28:00,2026-06-10 09:08:00,67.7,21664,app
L005401,ST023,U00873,2026/01/16 06:56:00,2026-01-16 07:40:00,25.59,8189, APP 
L008811,ST011,U01997,2026-02-06 19:26:00,2026-02-06 18:48:00,88.17,28214,APP
L007433,ST022,U00433,2026-07-28 01:35:00,2026-07-28 02:10:00,60.03,20830,APP
L007260,ST013,U00567,2026/07/29 21:34:00,2026-07-29 22:02:00,82.12,,CARD
L007394,ST002,U01796,2026-02-21 17:44:00,2026-02-21 22:23:00,36.86,10763,Card
L000949,ST038,U02741,2026-01-06 08:52:00,2026-01-06 09:44:00,-,37613,MEMBERSHIP
L000959,ST002,U00994,2026-04-06 08:19:00,2026-04-06 13:55:00,44.15,12892,MEMBERSHIP
L002324,ST016,U00166,2026-07-17 21:49:00,2026-07-18 01:52:00,22.72,5794,app
L011276,ST022,U01827,20260628053200,2026-06-28 06:04:00,63.49,22031,MEMBERSHIP
L004525,ST019,U01589,2026-03-15 03:50:00,2026-03-15 04:26:00,101.59,35252,card
L003146,ST025,U01491,2026/04/13 06:14:00,2026-04-13 08:59:00,11.15,3256,APP
L002078,ST030,U00017,2026-02-20 13:27:00,2026-02-20 13:58:00,74.52,23846,APP
L005648,ST009,U00430,2026-07-29 11:13:00,2026-07-29 11:48:00,21.79,7561,APP
L004904,ST027,U00634,2026-05-05 10:37:00,2026-05-05 13:04:00,10.41,3040,MEMBERSHIP
L007911,ST019,U02581,20260522193700,2026-05-22 20:02:00,70.08,24318,APP
L006462,ST015,U02568,2026-06-28 22:44:00,2026-06-28 23:25:00,72.24,23117,CARD
L009695,ST034,U00969,2026-01-01 08:23:00,2026-01-01 08:54:00,77.23,29347,MEMBERSHIP
L003591,ST010,U02360,2026-05-16 07:48:00,2026-05-16 10:24:00,15.07,4400,APP
L004463,ST028,U02377,2026/04/01 16:43:00,2026-04-01 17:10:00,26.5,8480,MEMBERSHIP
L008007,ST034,U02509,2026-01-22 12:24:00,2026-01-22 12:47:00,52.85,20083,MEMBERSHIP
L010313,ST015,U02872,2026-07-08 11:33:00,2026-07-08 12:13:00,61.96,19827,APP
L008691,ST033,U01937,20260210073000,2026-02-10 05:32:00,33.37,10678,APP
L008157,ST020,U00623,2026-06-01 20:50:00,2026-06-01 21:46:00,35.56,11379,app
L002114,ST004,U00996,2026-06-29 20:33:00,2026-06-29 21:09:00,73.88,23642,MEMBERSHIP
L004938,ST016,U01808,2026-06-11 03:40:00,2026-06-11 09:41:00,31.08,7925,CARD
L002057,ST016,U02040,2026-03-03 19:11:00,2026-03-03 21:45:00,11.47,2925,CARD
L002310,ST034,U02450,2026-02-03 20:41:00,2026-02-03 21:05:00,,25882,CARD
L005561,ST034,U00978,2026/03/23 13:46:00,2026-03-23 14:45:00,160.71,61070,CARD
L002117,ST038,U01226,2026-05-15 09:09:00,2026-05-15 09:56:00,104.16,33331,APP
L001713,ST017,U01825,2026/01/02 05:09:00,2026-01-02 09:23:00,16.71,4879,APP
L008938,ST002,U02609,2026-07-24 02:25:00,2026-07-24 04:38:00,18.5,5402,APP
L011609,ST003,U01892,2026-02-12 23:40:00,2026-02-13 00:27:00,68.96,,MEMBERSHIP
L004618,ST002,U00305,2026/03/20 13:09:00,2026-03-20 18:30:00,40.3,11768,MEMBERSHIP
L003021,ST900,U02841,2026-01-21 13:36:00,2026-01-21 14:22:00,78.32,29762,MEMBERSHIP
L001445,ST025,U01875,20260713042800,2026-07-13 10:41:00,32.15,9388,MEMBERSHIP
L002997,ST039,U01837,2026-05-12 23:50:00,2026-05-13 00:43:00,31.72,11007,CARD
L000522,ST033,U00688,2026-02-22 02:38:00,2026-02-22 03:35:00,79.14,25325,APP
L006654,ST030,U02374,20260108120100,2026-01-08 12:45:00,100.94,32301,CARD
L002359,ST007,U02565,2026-04-19 22:50:00,2026-04-19 23:34:00,77.29,24733,APP
L009714,ST024,U02877,2026/07/14 11:08:00,2026-07-14 11:47:00,101.57,35245,MEMBERSHIP
L010108,ST013,U02777,2026/03/31 22:21:00,2026-03-31 22:57:00,87.97,28150,CARD
L004336,ST022,U00467,2026-04-01 14:25:00,2026-04-01 15:15:00,80.19,27826,CARD
L000855,ST014,U00797,2026-06-27 16:14:00,2026-06-27 16:36:00,14.09,5354,MEMBERSHIP
L010701,ST032,U00537,2026-02-10 23:47:00,2026-02-11 00:12:00,37.21,14140, APP 
L010924,ST001,U00170,2026/04/09 01:59:00,2026-04-09 02:34:00,63.06,23963,MEMBERSHIP
L010401,ST006,U00838,2026-06-09 11:48:00,2026-06-09 15:20:00,15.71,4587,CARD
L000032,ST002,U02000,2026-01-22 07:48:00,2026-01-22 10:51:00,23.99,7005,MEMBERSHIP
L008645,ST039,U00784,2026-04-11 19:52:00,2026-04-11 20:17:00,18.4,6385,MEMBERSHIP
L006707,ST029,U00285,2026-01-30 19:59:00,2026-01-31 00:22:00,32.64,9531,CARD
L010953,ST022,U00382,2026-04-30 17:11:00,2026-04-30 17:51:00,89.14,"30,932",MEMBERSHIP
L011363,ST006,U02404,2026-07-11 15:21:00,2026-07-11 22:08:00,34.85,10176,MEMBERSHIP
L010428,ST015,U01725,2026-02-02 05:02:00,2026-02-02 05:45:00,92.13,29482,MEMBERSHIP
L001167,ST001,U00189,20260108100300,2026-01-08 10:47:00,62.69,,APP
L003072,ST011,U02731,20260326055700,2026-03-26 06:23:00,45.54,14573,Card
L000329,ST024,U01134,2026-02-03 03:21:00,2026-02-03 04:07:00,128.29,44517,APP
L000436,ST012,U01014,20260406181100,2026-04-06 18:33:00,11.07,3542,CARD
L003746,ST021,U00084,2026/03/16 20:58:00,2026-03-17 03:22:00,38.25,11169,MEMBERSHIP
L004987,ST037,U01357,2026/06/01 01:23:00,2026-06-01 02:15:00,80.58,,MEMBERSHIP
L008970,ST023,U02823,2026-02-09 03:37:00,2026-02-09 04:11:00,21.87,6998,MEMBERSHIP
L004733,ST037,U00208,2026-06-21 19:26:00,2026-06-21 20:04:00,58.33,20241,APP
L011004,ST016,U01858,2026-05-20 16:56:00,2026-05-20 22:05:00,28.36,7232,CARD
L011501,ST016,U01157,2026-03-02 12:08:00,2026-03-02 19:38:00,32.57,8305,MEMBERSHIP
L011774,ST008,U02280,2026-04-12 11:14:00,2026-04-12 17:26:00,38.51,9820,card
L008996,ST019,U01357,2026-01-26 03:45:00,2026-01-26 04:14:00,69.23,24023,APP
L006352,ST006,U01230,2026-02-16 09:12:00,2026-02-16 15:33:00,33.52,9788,APP
L010761,ST021,U01526,2026-04-23 11:50:00,2026-04-23 14:58:00,16.98,4958,APP
L005365,ST022,U01586,2026-06-12 20:39:00,2026-06-12 21:15:00,-,17621,app
L011497,ST020,U00253,2026-07-12 14:58:00,2026-07-12 15:43:00,30.52,9766,APP
L000671,ST008,U01952,2026-01-01 00:55:00,2026-01-01 05:10:00,24.29,6194, APP 
L010777,ST035,U01878,2026-06-07 23:49:00,2026-06-08 07:23:00,46.24,11791,MEMBERSHIP
L001851,ST029,U02302,2026-01-27 21:27:00,2026-01-28 03:44:00,57.06,16662,MEMBERSHIP
L011972,ST025,U00592,2026/03/31 06:15:00,2026-03-31 10:20:00,25.66,7493,APP
L003006,ST019,U00123,2026-01-21 14:54:00,2026-01-21 15:20:00,71.4,24776,CARD
L000454,ST029,U02413,2026-01-07 11:09:00,2026-01-07 15:49:00,36.81,10749,Card
L010271,ST013,U01776,2026-01-22 09:11:00,2026-01-22 09:43:00,91.66,29331,APP
L002036,ST007,U01769,2026-01-12 19:18:00,2026-01-12 20:03:00,88.1,28192,CARD
L005854,ST010,U02136,2026-02-25 16:39:00,2026-02-25 20:14:00,17.5,5110,CARD
L002537,ST026,U01964,2026/02/21 17:14:00,2026-02-21 18:12:00,144.16,54781,MEMBERSHIP
L007429,ST039,U00366,2026/01/12 15:58:00,2026-01-12 16:18:00,13.34,4629,CARD
L010321,ST011,U01629,2026-03-30 21:13:00,2026-03-30 21:45:00,53.4,,MEMBERSHIP
L008316,ST020,U02401,2026-04-14 19:58:00,2026-04-14 20:47:00,31.63,10122,APP
L000756,ST027,U02332,2026/06/20 05:36:00,2026-06-20 10:39:00,24.51,7157,MEMBERSHIP
L006681,ST004,U01519,2026-07-03 14:31:00,2026-07-03 15:22:00,85.57,27382,MEMBERSHIP
L004453,ST033,U00402,20260608104600,2026-06-08 11:42:00,87.08,27866,APP
L006298,ST003,U01538,2026-04-13 18:33:00,2026-04-13 19:32:00,82.87,26518,CARD
L011560,ST013,U00003,2026-03-07 03:21:00,2026-03-07 04:13:00,129.04,41293,CARD
L010280,ST010,U01734,2026-07-27 12:08:00,2026-07-27 19:16:00,28.9,8439,MEMBERSHIP
L007944,ST001,U02408,2026-02-19 07:29:00,2026-02-19 08:20:00,108.37,41181,Card
L000242,ST035,U02498,2026-07-01 14:06:00,2026-07-01 21:08:00,60.77,15496,CARD
L011354,ST022,U02160,2026/03/02 11:07:00,2026-03-02 12:02:00,88.55,30727,MEMBERSHIP
L007673,ST036,U02876,2026-07-23 15:57:00,2026-07-23 22:54:00,66.09,19298,APP
L006876,ST025,U02596,2026-02-13 06:00:00,2026-02-13 11:45:00,24.07,7028,CARD
L006897,ST036,U02203,2026-01-14 01:07:00,2026-01-14 08:57:00,66.93,19544,CARD
L007458,ST028,U01018,2026/02/09 08:03:00,2026-02-09 08:26:00,32.0,10240,APP
L003051,ST030,U02574,2026-06-29 09:59:00,2026-06-29 10:41:00,100.15,32048,CARD
L001081,ST040,U01711,2026-02-01 08:54:00,2026-02-01 14:18:00,34.28,10010,APP
L003123,ST027,U02671,2026-02-25 22:53:00,2026-02-26 03:28:00,N/A,8380,CARD
L002974,ST027,U01643,2026-07-08 10:24:00,2026-07-08 13:49:00,15.29,4465,MEMBERSHIP
L010851,ST010,U01818,2026-02-27 18:25:00,2026-02-27 21:02:00,13.21,3857,app
L004227,ST032,U00362,2026-03-20 11:27:00,2026-03-20 12:08:00,56.09,21314,membership
L007726,ST021,U02300,20260625094100,2026-06-25 11:51:00,10.2,2978,MEMBERSHIP
L009618,ST004,U00542,2026-05-27 00:06:00,2026-05-27 00:54:00,70.04,22413,MEMBERSHIP
L004150,ST001,U00046,2026-01-19 00:34:00,2026-01-19 00:59:00,44.51,"16,914",MEMBERSHIP
L001300,ST017,U00508,20260624115700,2026-06-24 18:36:00,36.06,10530,CARD
L007259,ST011,U00130,2026-03-07 08:38:00,2026-03-07 09:10:00,68.71,21987,MEMBERSHIP
L005544,ST003,U01352,2026-01-24 12:50:00,2026-01-24 13:44:00,85.34,27309,MEMBERSHIP
L007517,ST018,U01716,2026-07-20 17:39:00,2026-07-20 23:30:00,26.81,,APP
L000668,ST004,U01824,2026-03-10 20:13:00,2026-03-10 20:51:00,54.75,17520,MEMBERSHIP
L008286,ST033,U00651,20260715045600,2026-07-15 05:40:00,74.85,23952,APP
L008630,ST032,U00620,2026-05-28 19:08:00,2026-05-28 19:43:00,49.34,18749,MEMBERSHIP
L011212,ST031,U02480,2026-01-10 17:35:00,2026-01-10 18:02:00,54.87,20851,membership
L003610,ST039,U01241,2026-06-04 10:51:00,2026-06-04 11:48:00,38.32,13297,APP
L006038,ST010,U02871,2026-06-17 18:22:00,2026-06-17 20:56:00,15.89,4640,membership
L006840,ST020,U02790,2026/04/30 02:33:00,2026-04-30 03:32:00,28.42,9094,APP
L005670,ST016,U00884,2026/04/08 21:54:00,2026-04-09 04:52:00,42.8,10914,MEMBERSHIP
L004952,ST038,U02276,2026-06-17 07:56:00,2026-06-17 08:34:00,92.93,29738,APP
L009624,ST011,U01613,2026-02-11 01:03:00,2026-02-11 01:51:00,91.51,29283,APP
L002977,ST034,U02539,2026-03-26 22:11:00,2026-03-26 23:05:00,157.8,59964,MEMBERSHIP
L008210,ST011,U01269,2026-06-18 10:01:00,2026-06-18 10:57:00,90.26,28883,MEMBERSHIP
L007530,ST011,U01963,2026/01/21 06:32:00,2026-01-21 06:53:00,38.75,12400,CARD
L004288,ST021,U01669,2026-06-02 15:15:00,2026-06-02 18:53:00,20.21,5901,MEMBERSHIP
L000040,ST023,U02561,2026-03-04 20:32:00,2026-03-04 21:25:00,37.59,12029,APP
L006031,ST031,U02541,20260408160000,2026-04-08 16:28:00,52.21,19840,membership
L004664,ST021,U02907,2026-02-17 14:12:00,2026-02-17 21:05:00,34.22,9992,MEMBERSHIP
L010111,ST023,U00150,2026-05-04 13:59:00,2026-05-04 14:23:00,17.01,5443,MEMBERSHIP
L009330,ST007,U00317,2026-07-08 22:57:00,2026-07-08 23:42:00,68.18,21818,MEMBERSHIP
L003359,ST023,U01014,2026-03-29 04:58:00,2026-03-29 05:44:00,23.56,,APP
L008602,ST002,U00652,2026/04/04 22:05:00,2026-04-05 03:57:00,44.31,12939,APP
L000336,ST012,U01011,2026-01-19 06:59:00,2026-01-19 07:47:00,22.92,7334,CARD
L003677,ST009,U00450,2026-04-29 12:24:00,2026-04-29 12:54:00,15.7,5448,MEMBERSHIP
L009545,ST005,U01044,2026-01-31 23:01:00,2026-01-31 23:25:00,67.01,21443,MEMBERSHIP
L005597,ST038,U02088,2026-02-21 05:04:00,2026-02-21 06:02:00,108.06,34579,CARD
L001333,ST001,U01991,20260610094600,2026-06-10 10:44:00,104.11,39562,APP
L006276,ST016,U00238,2026-03-11 08:29:00,2026-03-11 13:40:00,27.68,7058,MEMBERSHIP
L006889,ST021,U01154,2026-02-15 07:19:00,2026-02-15 15:08:00,30.27,8839,CARD
L005247,ST023,U01524,2026-04-20 21:01:00,2026-04-20 21:42:00,22.74,7277,MEMBERSHIP
L007654,ST027,U00276,2026-02-02 04:03:00,2026-02-02 07:10:00,14.21,4149,APP
L003816,ST001,U00668,20260129225800,2026-01-29 23:28:00,50.26,19099,app
L000352,ST030,U02454,2026-05-01 01:08:00,2026-05-01 01:43:00,64.59,20669,CARD
L010897,ST013,U00067,2026-01-23 01:09:00,2026-01-23 01:41:00,64.04,20493,CARD
L007099,ST004,U00810,2026-03-09 21:36:00,2026-03-09 22:25:00,79.27,25366,MEMBERSHIP
L004939,ST015,U01943,2026-03-30 18:38:00,2026-03-30 19:10:00,68.59,21949,APP
L008059,ST019,U01126,2026-05-01 18:12:00,2026-05-01 18:32:00,47.34,16427,MEMBERSHIP
L011103,ST005,U01490,2026-02-12 17:33:00,2026-02-12 18:06:00,84.81,27139,MEMBERSHIP
L011198,ST020,U01802,2026-04-25 11:13:00,2026-04-25 11:49:00,21.56,6899,MEMBERSHIP
L005549,ST031,U02173,2026-02-26 10:29:00,2026-02-26 11:02:00,47.63,18099,CARD
L011154,ST014,U01958,2026-05-31 00:06:00,2026-05-31 01:06:00,34.73,13197,Card
L000172,ST021,U02285,2026-02-05 10:19:00,2026-02-05 16:39:00,37.61,10982,MEMBERSHIP
L010964,ST040,U02208,2026-03-30 01:05:00,2026-03-30 07:31:00,45.04,13152,MEMBERSHIP
L000620,ST001,U01398,2026-01-01 16:35:00,2026-01-01 17:03:00,62.57,23777,MEMBERSHIP
L009874,ST029,U00262,2026-06-24 17:34:00,2026-06-24 22:54:00,40.83,11922,APP
L001856,ST039,U00657,2026-06-10 07:37:00,2026-06-10 08:09:00,15.8,5483,MEMBERSHIP
L011224,ST010,U00496,2026-04-26 04:33:00,2026-04-26 08:25:00,23.53,6871,APP
L000627,ST019,U02608,20260722075100,2026-07-22 08:50:00,176.88,61377,CARD
L010389,ST003,U01635,2026/02/03 03:45:00,2026-02-03 04:08:00,37.19,11901,CARD
L010343,ST019,U02228,2026-07-08 12:31:00,2026-07-08 13:08:00,95.24,33048,MEMBERSHIP
L002720,ST012,U01499,2026-06-27 12:02:00,2026-06-27 13:00:00,26.65,,CARD
L010044,ST016,U01315,2026-01-10 16:59:00,2026-01-10 21:12:00,26.3,6706,APP
L002001,ST023,U00363,2026-05-28 17:15:00,2026-05-28 18:15:00,33.22,10630,card
L004951,ST014,U02572,2026-05-13 01:16:00,2026-05-13 01:50:00,18.93,7193,APP
L002881,ST040,U02612,2026-01-03 07:04:00,2026-01-03 14:36:00,58.55,17097,app
L009489,ST007,U01965,2026-04-07 00:32:00,2026-04-07 01:13:00,88.04,28173,CARD
L001867,ST021,U00333,2026-03-27 03:31:00,2026-03-27 06:56:00,21.38,6243,APP
L005696,ST020,U00349,2026-01-10 12:22:00,2026-01-10 13:08:00,30.79,9853,MEMBERSHIP
L006463,ST002,U01472,2026-03-02 07:00:00,2026-03-02 10:24:00,31.76,9274,MEMBERSHIP
L009810,ST021,U00391,2026-07-19 21:06:00,2026-07-20 01:01:00,19.19,5603,CARD
L003492,ST007,U01282,2026-02-17 10:02:00,2026-02-17 10:42:00,58.34,18669,APP
L008205,ST004,U01133,2026-06-13 23:20:00,2026-06-14 00:12:00,113.49,36317,CARD
L001722,ST012,U01986,2026-02-20 18:08:00,2026-02-20 18:53:00,26.17,8374,MEMBERSHIP
L005183,ST035,U01490,2026-03-06 20:37:00,2026-03-07 01:51:00,43.1,10990,CARD
L004353,ST040,U01186,2026-07-06 18:05:00,2026-07-06 23:19:00,32.46,9478,CARD
L003987,ST011,U00282,2026/03/30 18:17:00,2026-03-30 18:42:00,48.56,15539,MEMBERSHIP
L006223,ST021,U00250,2026-06-26 00:52:00,2026-06-26 06:14:00,24.19,7063,MEMBERSHIP
L004173,ST006,U02338,2026-05-19 21:37:00,2026-05-20 00:05:00,10.91,3186,MEMBERSHIP
L000960,ST012,U02254,2026/01/24 09:59:00,2026-01-24 10:21:00,16.4,5248,CARD
L003109,ST017,U01732,2026-03-17 18:51:00,2026-03-17 21:25:00,12.25,3577,MEMBERSHIP
L010092,ST039,U02357,2026-07-20 06:29:00,2026-07-20 07:04:00,25.1,8710,MEMBERSHIP
L008520,ST024,U00253,2026-06-21 05:48:00,2026-06-21 06:46:00,106.68,37018,CARD
L004672,ST018,U01777,2026-03-13 16:56:00,2026-03-14 00:02:00,43.07,12576,MEMBERSHIP
L006386,ST010,U02590,2026-03-29 03:47:00,2026-03-29 09:09:00,26.1,7621,APP
L001684,ST004,U01974,2026-03-01 10:21:00,2026-03-01 10:43:00,36.5,11680,app
L010581,ST023,U02528,2026-03-01 13:39:00,2026-03-01 14:34:00,29.27,9366,APP
L010886,ST013,U01998,2026-01-02 11:44:00,2026-01-02 12:21:00,79.66,25491,APP
L002075,ST015,U02610,2026-07-02 00:01:00,2026-07-02 00:31:00,67.12,21478, APP 
L006939,ST030,U01880,2026-07-27 15:02:00,2026-07-27 15:55:00,136.78,43770,MEMBERSHIP
L004666,ST001,U01463,2026-06-12 11:16:00,2026-06-12 11:46:00,56.35,21413,MEMBERSHIP
L001942,ST026,U01821,2026-05-17 21:58:00,2026-05-17 22:42:00,116.96,44445,APP
L004895,ST026,U01845,2026-01-19 13:56:00,2026-01-19 14:55:00,161.98,61552,APP
L010955,ST022,U00343,2026-06-23 21:07:00,2026-06-23 22:06:00,120.99,41984,MEMBERSHIP
L003617,ST020,U01317,2026-07-17 13:50:00,2026-07-17 14:12:00,13.23,4234,APP
L009948,ST010,U01813,2026/04/28 16:27:00,2026-04-28 23:33:00,31.68,9251,CARD
L004614,ST040,U02148,20260211042600,2026-02-11 09:23:00,33.66,9829,CARD
L009340,ST001,U02175,2026-06-14 16:28:00,2026-06-14 17:20:00,88.06,33463,CARD
L001915,ST035,U02041,2026-03-18 00:13:00,2026-03-18 07:23:00,68.04,17350,MEMBERSHIP
L004365,ST007,U02309,2026/02/14 22:24:00,2026-02-14 23:14:00,96.61,30915,MEMBERSHIP
L002716,ST012,U01863,2026-01-26 21:44:00,2026-01-26 22:14:00,15.76,5043,CARD
L005062,ST002,U02040,2026-06-24 13:18:00,2026-06-24 18:21:00,44.6,13023,Card
L004325,ST007,U00697,2026-06-05 16:47:00,2026-06-05 17:46:00,125.59,40189,MEMBERSHIP
L000085,ST002,U02740,2026-02-07 16:45:00,2026-02-07 19:48:00,25.22,7364,APP
L005178,ST040,U02569,2026-06-17 23:50:00,2026-06-18 05:44:00,39.51,11537,MEMBERSHIP
L004566,ST036,U00068,2026-05-23 01:14:00,2026-05-23 08:42:00,54.86,16019,APP
L002344,ST021,U02176,2026-04-26 22:43:00,2026-04-27 02:46:00,25.36,7405,CARD
L003959,ST021,U00454,2026-06-09 21:15:00,2026-06-10 02:34:00,30.85,"9,008",CARD
L007782,ST005,U02499,2026-04-30 11:25:00,2026-04-30 11:57:00,68.15,21808,APP
L010155,ST036,U01186,2026-05-09 19:43:00,2026-05-09 22:01:00,16.74,4888,APP
L008490,ST035,U01658,2026-02-25 03:08:00,2026-02-25 08:48:00,55.1,14050,APP
L008676,ST025,U00135,2026-02-17 13:30:00,2026-02-17 16:54:00,18.35,5358,app
L006403,ST004,U00840,2026-05-27 09:52:00,2026-05-27 10:19:00,48.57,15542,APP
L010137,ST020,U01798,2026-07-29 12:44:00,2026-07-29 13:12:00,19.26,6163,CARD
L006978,ST019,U01754,2026-03-23 21:10:00,2026-03-23 21:37:00,65.69,22794,MEMBERSHIP
L007552,ST005,U01531,2026-06-18 17:34:00,2026-06-18 17:54:00,55.76,17843,APP
L006188,ST021,U00688,2026-04-23 00:45:00,2026-04-23 04:21:00,20.29,5925,CARD
L002342,ST005,U01979,20260501015900,2026-05-01 02:27:00,63.54,20333,APP
L010746,ST033,U01537,2026-02-19 08:53:00,2026-02-19 09:28:00,75.12,24038,membership
L006372,ST023,U01453,2026/01/15 22:36:00,2026-01-15 22:57:00,14.22,4550,CARD
L002479,ST018,U00351,2026-01-28 19:29:00,2026-01-28 23:40:00,18.41,5376,MEMBERSHIP
L001429,ST007,U00219,2026-01-08 10:24:00,2026-01-08 11:03:00,75.18,24058,membership
L009722,ST031,U00311,2026/04/07 17:42:00,2026-04-07 18:20:00,78.23,-29727,APP
L001885,ST015,U02402,2026-01-22 16:28:00,2026-01-22 17:03:00,75.84,24269,APP
L008799,ST015,U00944,2026-06-02 11:41:00,2026-06-02 12:02:00,47.23,15114,MEMBERSHIP
L009822,ST029,U00865,2026-06-27 13:41:00,2026-06-27 20:31:00,49.17,14358,CARD
L010650,ST032,U01855,2026/01/17 03:37:00,2026-01-17 04:29:00,56.49,"21,466",APP
L010426,ST025,U01954,2026-04-27 14:54:00,2026-04-27 18:36:00,,6736,MEMBERSHIP
L005730,ST021,U02345,2026-06-24 10:18:00,2026-06-24 14:31:00,18.09,5282,CARD
L007340,ST040,U01315,2026-07-26 21:26:00,2026-07-27 01:20:00,30.16,8807,CARD
L011931,ST021,U00757,2026-01-11 18:20:00,2026-01-11 23:02:00,27.35,7986,MEMBERSHIP
L009854,ST010,U00943,2026-07-25 19:26:00,2026-07-26 01:49:00,33.5,9782,APP
L012000,ST021,U02279,2026/05/20 08:31:00,2026-05-20 15:32:00,35.99,10509,APP
L007794,ST001,U02614,2026-07-23 13:36:00,2026-07-23 14:12:00,79.97,30389,MEMBERSHIP
L011518,ST025,U00409,2026-03-09 22:44:00,2026-03-10 05:45:00,39.74,11604,CARD
L007427,ST015,U01029,2026-01-13 02:03:00,2026-01-13 02:29:00,57.25,18320,MEMBERSHIP
L000251,ST015,U00216,20260325112100,2026-03-25 12:21:00,129.53,41450,MEMBERSHIP
L009830,ST009,U02126,2026-04-21 21:22:00,2026-04-21 21:52:00,15.53,5389,APP
L001045,ST003,U02051,2026-03-12 18:41:00,2026-03-12 19:14:00,50.7,16224,APP
L008166,ST018,U00912,2026-05-18 21:09:00,2026-05-19 03:51:00,38.62,11277,CARD
L003956,ST007,U00011,2026-05-15 06:07:00,2026-05-15 07:01:00,103.06,32979,MEMBERSHIP
L000220,ST032,U02342,2026-06-24 17:24:00,2026-06-24 17:46:00,22.15,8417,APP
L005135,ST001,U00845,2026-07-14 08:22:00,2026-07-14 09:05:00,84.25,32015,APP
L007453,ST012,U02979,2026-03-01 23:05:00,2026-03-01 23:55:00,31.42,10054,CARD
L007276,ST031,U00433,2026-02-15 11:26:00,2026-02-15 11:59:00,49.41,18776,MEMBERSHIP
L011739,ST001,U02086,20260504171700,2026-05-04 18:01:00,76.88,"29,214",MEMBERSHIP
L004975,ST020,U02150,2026-04-19 03:31:00,2026-04-19 04:30:00,43.98,14074,CARD
L006938,ST015,U02716,2026/01/29 07:43:00,2026-01-29 08:27:00,94.69,30301,APP
L006467,ST030,U01453,2026-02-25 00:32:00,2026-02-25 01:09:00,68.36,21875,MEMBERSHIP
L004172,ST005,U01784,2026-02-12 18:44:00,2026-02-12 19:14:00,77.7,24864,APP
L009499,ST003,U01133,2026-02-12 01:10:00,2026-02-12 01:36:00,46.42,14854,APP
L010463,ST026,U00208,2026-02-28 02:20:00,2026-02-28 03:14:00,120.58,45820,APP
L007491,ST021,U02956,2026-03-21 05:24:00,2026-03-21 08:21:00,16.1,4701,CARD
L006132,ST027,U00907,2026/03/03 15:20:00,2026-03-03 19:14:00,21.99,6421,CARD
L000950,ST020,U00861,20260318235000,2026-03-19 00:20:00,14.28,4570,card
L009032,ST014,U02274,2026-07-20 16:16:00,2026-07-20 16:51:00,17.33,6585,MEMBERSHIP
L003106,ST032,U00817,2026-02-15 12:03:00,2026-02-15 12:30:00,34.59,13144,CARD
L009286,ST029,U02631,2026-03-22 12:51:00,2026-03-22 20:48:00,52.63,15368,MEMBERSHIP
L010743,ST002,U02766,2026-01-13 08:51:00,2026-01-13 11:19:00,18.8,5490,APP
L010349,ST024,U00083,2026-02-10 03:20:00,2026-02-10 03:48:00,59.38,,card
L011520,ST029,U01439,2026-02-25 05:35:00,2026-02-25 10:49:00,48.98,14302,MEMBERSHIP
L008288,ST034,U01271,2026-03-28 19:44:00,2026-03-28 20:40:00,137.02,52068,APP
L003737,ST004,U00656,2026-02-05 17:34:00,2026-02-05 18:00:00,48.36,15475, APP 
L005802,ST026,U00721,2026-07-27 05:43:00,2026-07-27 06:15:00,69.32,26342,CARD
L003964,ST021,U01708,2026-04-07 12:36:00,2026-04-07 15:27:00,12.86,3755,APP
L002654,ST040,U01071,2026/02/20 16:46:00,2026-02-20 23:33:00,47.02,13730,CARD
L006755,ST035,U02887,2026-06-13 22:21:00,2026-06-14 03:00:00,42.22,10766, APP 
L000451,ST029,U00045,2026-02-15 03:37:00,2026-02-15 09:19:00,48.17,14066,MEMBERSHIP
L002961,ST009,U02267,2026-06-15 17:58:00,2026-06-15 18:36:00,26.16,9078,MEMBERSHIP
L004789,ST012,U02194,2026-05-14 10:57:00,2026-05-14 11:47:00,30.82,9862,APP
L007019,ST022,U00020,2026/03/04 04:30:00,2026-03-04 05:29:00,90.61,31442,CARD
L005050,ST011,U00991,2026-07-05 16:45:00,2026-07-05 17:13:00,54.55,17456,MEMBERSHIP
L011448,ST033,U02919,20260609192100,2026-06-09 19:44:00,48.54,"15,533",app
L008581,ST012,U02005,2026-06-14 10:42:00,2026-06-14 11:36:00,40.49,12957,CARD
L004983,ST019,U01984,2026-05-02 14:27:00,2026-05-02 15:14:00,132.29,45905,MEMBERSHIP
L007300,ST002,U02849,2026-05-14 16:39:00,2026-05-15 00:13:00,49.29,14393,MEMBERSHIP
L011399,ST012,U02601,2026-05-14 05:16:00,2026-05-14 05:37:00,11.55,3696,MEMBERSHIP
L003943,ST006,U02673,2026-01-15 14:04:00,2026-01-15 19:00:00,26.69,7793,APP
L007008,ST012,U02000,2026-01-13 06:09:00,2026-01-13 06:57:00,34.38,11002, APP 
L011559,ST035,U00093,2026-02-10 11:49:00,2026-02-10 14:48:00,23.78,6064,MEMBERSHIP
L001515,ST038,U00955,2026-05-18 15:47:00,2026-05-18 16:39:00,118.45,37904,CARD
L003663,ST031,U00163,2026-04-25 09:51:00,2026-04-25 10:15:00,40.02,,CARD
L009351,ST007,U00409,2026-04-09 15:22:00,2026-04-09 15:44:00,33.23,10634,CARD
L001593,ST010,U00060,2026/02/04 12:51:00,2026-02-04 17:36:00,27.57,8050,CARD
L003404,ST031,U02631,2026-06-09 12:13:00,2026-06-09 12:38:00,37.1,14098,MEMBERSHIP
L003308,ST024,U01449,2026/04/28 16:04:00,2026-04-28 16:58:00,128.24,44499,APP
L001116,ST013,U01013,2026-07-21 13:56:00,2026-07-21 14:31:00,,25363,MEMBERSHIP
L006967,ST039,U02789,2026/02/19 13:07:00,2026-02-19 13:52:00,32.34,11222,APP
L011380,ST022,U02605,2026-04-16 13:32:00,2026-04-16 14:03:00,61.27,21261,MEMBERSHIP
L009802,ST015,U01831,2026-01-01 11:21:00,2026-01-01 11:55:00,69.69,22301,CARD
L000651,ST032,U00570,2026-07-10 19:02:00,2026-07-10 19:22:00,29.2,11096,MEMBERSHIP
L003963,ST025,U00373,2026-02-04 15:46:00,2026-02-04 22:26:00,27.4,8001,MEMBERSHIP
L010257,ST008,U01865,2026/03/13 13:01:00,2026-03-13 20:11:00,32.63,8321,APP
L000819,ST035,U01252,2026-06-06 01:10:00,2026-06-06 07:46:00,40.67,10371,APP
L008391,ST029,U00045,2026-06-01 16:42:00,2026-06-01 20:02:00,22.04,6436,Card
L001660,ST040,U01868,2026-02-06 02:18:00,2026-02-06 06:44:00,39.66,11581,APP
L002575,ST003,U02350,2026/07/13 22:04:00,2026-07-13 22:38:00,55.17,,APP
L000091,ST008,U01134,20260211204500,2026-02-12 01:04:00,23.4,5967,CARD
L010948,ST029,U01815,2026-05-11 08:26:00,2026-05-11 10:32:00,16.44,4800,APP
L006006,ST009,U01665,2026-02-16 14:37:00,2026-02-16 15:07:00,21.83,7575,MEMBERSHIP
L008760,ST027,U01057,2026-03-27 23:37:00,2026-03-28 02:56:00,16.17,4722,app
L000569,ST009,U01358,2026-05-06 02:25:00,2026-05-06 03:23:00,35.0,12145,MEMBERSHIP
L005239,ST033,U02938,2026-01-23 21:03:00,2026-01-23 21:25:00,32.13,10282,APP
L008931,ST009,U02812,2026-05-01 19:06:00,2026-05-01 19:44:00,22.32,7745,APP
L001813,ST030,U00527,2026-06-30 20:24:00,2026-06-30 21:08:00,103.31,33059,APP
L005564,ST040,U02913,2026-07-22 13:17:00,2026-07-22 20:57:00,64.74,18904,MEMBERSHIP
L007541,ST028,U02639,2026-07-18 23:24:00,2026-07-19 00:22:00,62.2,19904,CARD
L000856,ST020,U00038,2026-02-04 00:38:00,2026-02-04 01:26:00,33.5,10720,APP
L009296,ST012,U01212,2026-07-22 02:22:00,2026-07-22 02:45:00,15.69,5021,CARD
L001487,ST030,U00636,2026-06-01 06:04:00,2026-06-01 06:30:00,69.28,22170,MEMBERSHIP
L006659,ST027,U00611,2026-07-18 02:27:00,2026-07-18 08:51:00,36.52,,MEMBERSHIP
L002922,ST018,U01462,2026-07-11 13:25:00,2026-07-11 17:42:00,20.05,5855,APP
L002725,ST035,U02499,20260627225700,2026-06-28 04:34:00,38.22,9746,APP
L009451,ST035,U02662,2026-07-04 05:00:00,2026-07-04 12:05:00,63.52,16198,MEMBERSHIP
L001234,ST037,U00430,2026-02-20 23:31:00,2026-02-20 23:55:00,43.25,15008,MEMBERSHIP
L010891,ST017,U00302,2026-01-24 08:44:00,2026-01-24 11:57:00,16.29,4757,MEMBERSHIP
L009445,ST027,U02864,2026/02/21 23:55:00,2026-02-22 06:26:00,31.6,9227,MEMBERSHIP
L004304,ST037,U01797,2026-01-11 20:17:00,2026-01-11 20:59:00,61.05,21184,CARD
L004775,ST011,U02907,2026-07-03 14:28:00,2026-07-03 14:54:00,47.74,15277,CARD
L010577,ST031,U00228,2026-02-24 18:36:00,2026-02-24 19:20:00,76.28,28986,APP
L010194,ST006,U01667,2026/01/29 20:03:00,2026-01-30 02:19:00,-,,MEMBERSHIP
L006237,ST008,U02496,2026/01/01 07:37:00,2026-01-01 09:56:00,8.93,2277,Card
L010287,ST013,U01437,2026-02-27 09:45:00,2026-02-27 10:06:00,49.03,15690,CARD
L002455,ST023,U02340,2026-04-05 10:39:00,2026-04-05 11:16:00,24.58,7866,CARD
L000630,ST025,U00634,20260201203100,2026-02-02 00:54:00,22.63,6608,CARD
L006757,ST011,U01118,2026-06-28 08:36:00,2026-06-28 09:31:00,92.58,29626,MEMBERSHIP
L008816,ST027,U00753,2026-06-16 13:09:00,2026-06-16 16:10:00,13.53,3951,APP
L005578,ST006,U01744,2026-02-14 21:07:00,2026-02-15 00:57:00,24.05,7023,MEMBERSHIP
L003391,ST004,U01552,2026-03-22 15:10:00,2026-03-22 16:00:00,85.07,27222,MEMBERSHIP
L011974,ST019,U02806,2026-02-11 15:53:00,2026-02-11 16:24:00,67.55,23440,APP
L011577,ST004,U02143,2026-04-14 19:20:00,2026-04-14 20:03:00,77.4,24768,APP
L001952,ST026,U02433,20260111145900,2026-01-11 15:55:00,142.89,54298,CARD
L004580,ST004,U00049,2026/01/06 20:08:00,2026-01-06 21:00:00,80.7,,APP
L010066,ST018,U02174,2026/04/30 10:55:00,2026-04-30 13:21:00,13.42,3919,MEMBERSHIP
L000802,ST037,U01348,2026-05-09 22:44:00,2026-05-09 23:30:00,103.28,35838,CARD
L007024,ST016,U00436,2026-04-30 05:04:00,2026-04-30 08:33:00,16.93,4317,membership
L010370,ST040,U01117,2026-04-06 15:12:00,2026-04-06 20:30:00,49.12,14343,CARD
L007057,ST024,U01363,2026-02-01 21:02:00,2026-02-01 21:42:00,95.9,33277,APP
L006409,ST002,U02333,2026/04/05 11:28:00,2026-04-05 16:18:00,47.2,13782,Card
L008682,ST040,U00612,2026-01-24 17:28:00,2026-01-24 20:10:00,20.87,6094,MEMBERSHIP
L010414,ST005,U02095,20260201233600,2026-02-02 00:30:00,129.84,41549,CARD
L011606,ST020,U01667,20260104134100,2026-01-04 14:36:00,26.71,8547,MEMBERSHIP
L007542,ST035,U02674,2026-07-19 14:33:00,2026-07-19 18:49:00,36.46,9297,CARD
L003257,ST020,U02157,2026-01-20 20:07:00,2026-01-20 20:37:00,21.88,7002,MEMBERSHIP
L001012,ST037,U02947,2026/06/29 04:45:00,2026-06-29 05:42:00,88.4,30675,APP
L002897,ST012,U00146,2026/01/29 18:26:00,2026-01-29 19:13:00,22.4,7168,MEMBERSHIP
L004261,ST013,U00214,2026-04-04 23:59:00,2026-04-05 00:31:00,81.45,26064,MEMBERSHIP
L003781,ST037,U01338,2026/07/07 13:43:00,2026-07-07 14:38:00,80.74,28017,APP
L002538,ST036,U00097,2026-04-30 15:54:00,2026-04-30 19:01:00,27.64,8071,APP
L005291,ST014,U00497,20260709080200,2026-07-09 08:29:00,18.62,7076,APP
L009096,ST003,U02256,2026-05-20 03:50:00,2026-05-20 04:20:00,56.75,18160,MEMBERSHIP
L006680,ST012,U00493,2026-05-15 14:35:00,2026-05-15 15:32:00,40.02,12806,APP
L006797,ST016,U01812,2026-07-10 07:05:00,2026-07-10 10:17:00,16.86,4299,APP
L010640,ST035,U02646,2026-04-01 17:44:00,2026-04-02 01:11:00,67.95,17327,CARD
L001654,ST003,U01133,20260131012100,2026-01-31 02:04:00,91.7,29344,MEMBERSHIP
L011341,ST031,U01743,2026-06-07 10:59:00,2026-06-07 11:56:00,94.7,35986,CARD
L010169,ST027,U00206,2026-07-13 08:08:00,2026-07-13 16:02:00,36.28,10594,MEMBERSHIP
L000214,ST011,U02577,2026-06-26 11:42:00,2026-06-26 12:27:00,65.65,21008,APP
L002672,ST002,U01772,2026-06-19 13:00:00,2026-06-19 19:12:00,37.8,11038,CARD
L001865,ST033,U00866,2026-02-22 21:06:00,2026-02-22 21:38:00,50.48,16154,MEMBERSHIP
L006648,ST010,U02039,2026-05-28 07:04:00,2026-05-28 12:31:00,25.94,7574,APP
L005841,ST037,U02844,2026-05-16 23:23:00,2026-05-16 23:44:00,34.75,12058,membership
L002873,ST006,U01386,20260716212300,2026-07-17 04:35:00,38.78,11324,MEMBERSHIP
L009691,ST031,U01432,2026/06/19 05:46:00,2026-06-19 06:28:00,93.67,35595,APP
L008037,ST016,U01818,2026-07-05 15:53:00,2026-07-05 18:56:00,12.18,3106,membership
L007671,ST012,U02371,2026-03-23 06:39:00,2026-03-23 07:39:00,29.87,9558,APP
L007384,ST012,U00540,2026-06-27 00:34:00,2026-06-27 01:23:00,22.91,7331,APP
L009596,ST021,U02691,2026-03-21 14:35:00,2026-03-21 22:08:00,43.76,12778,CARD
L002284,ST002,U01851,20260727175800,2026-07-27 23:52:00,52.82,15423,Card
L007223,ST015,U00873,2026-02-16 06:58:00,2026-02-16 07:52:00,85.91,27491,MEMBERSHIP
L008213,ST019,U02133,2026-02-26 14:52:00,2026-02-26 15:36:00,101.15,35099,MEMBERSHIP
L005436,ST027,U00729,2026-05-18 22:43:00,2026-05-19 01:22:00,11.81,3449,membership
L010061,ST019,U02437,2026-03-25 08:17:00,2026-03-25 09:13:00,149.21,51776,CARD
L004496,ST036,U01577,2026-03-06 14:36:00,2026-03-06 22:29:00,48.22,14080,CARD
L000444,ST031,U02760,2026-02-04 03:02:00,2026-02-04 03:49:00,81.98,31152,membership
L011643,ST022,U00167,2026-07-26 01:17:00,2026-07-26 01:39:00,42.38,14706,membership
L011090,ST013,U02601,2026-05-31 20:48:00,2026-05-31 21:43:00,141.71,45347,APP
L011951,ST024,U00683,2026-06-26 12:47:00,2026-06-26 13:28:00,91.74,31834,CARD
L007903,ST027,U02346,2026-06-04 22:42:00,2026-06-05 05:58:00,38.0,11096,CARD
L006125,ST009,U00307,20260523104000,2026-05-23 11:35:00,32.41,11246,CARD
L002192,ST009,U00483,2026-07-14 01:03:00,2026-07-14 01:43:00,27.65,9595,MEMBERSHIP
L005339,ST010,U02247,2026-06-17 19:08:00,2026-06-17 22:49:00,15.64,4567,card
L007114,ST021,U02216,2026-04-10 11:00:00,2026-04-10 14:54:00,18.73,5469,CARD
L007101,ST025,U01634,20260607235600,2026-06-08 07:01:00,32.23,9411,CARD
L009448,ST011,U01092,2026-05-07 04:41:00,2026-05-07 05:02:00,42.01,13443,MEMBERSHIP
L011820,ST030,U01911,2026-07-09 19:13:00,2026-07-09 20:01:00,136.25,43600,MEMBERSHIP
L008270,ST026,U00808,2026-01-30 13:43:00,2026-01-30 14:13:00,78.07,29667,MEMBERSHIP
L000108,ST011,U00869,2026/04/22 04:25:00,2026-04-22 05:10:00,84.7,27104,APP
L006599,ST002,U02007,2026/06/01 02:55:00,2026-06-01 09:50:00,61.72,18022,MEMBERSHIP
L008237,ST035,U00887,2026/06/10 08:26:00,2026-06-10 15:27:00,52.06,13275,APP
L009819,ST035,U01349,2026-05-31 19:21:00,2026-06-01 00:25:00,48.96,12485,CARD
L008443,ST038,U00207,2026-06-16 06:01:00,2026-06-16 06:31:00,55.12,17638,CARD
L006723,ST017,U01922,2026-02-13 16:10:00,2026-02-13 22:42:00,29.31,8559,MEMBERSHIP
L004652,ST004,U01713,2026-06-17 05:38:00,2026-06-17 06:07:00,55.39,"17,725",MEMBERSHIP
L011847,ST038,U01196,2026-05-09 03:51:00,2026-05-09 04:46:00,137.18,43898,CARD
L001909,ST023,U02942,2026-04-28 10:33:00,2026-04-28 11:28:00,27.06,8659,app
L003118,ST016,U01799,2026-03-17 23:43:00,2026-03-18 02:38:00,13.65,3481,CARD
L010253,ST003,U02506,20260628142500,2026-06-28 15:15:00,102.49,32797,MEMBERSHIP
L000418,ST017,U01915,2026/01/11 16:27:00,2026-01-11 20:36:00,25.18,7353,APP
L001135,ST032,U02544,2026-05-23 01:53:00,2026-05-23 02:39:00,51.24,19471,CARD
L002650,ST030,U01556,2026-04-15 01:42:00,2026-04-15 02:12:00,58.18,18618,membership
L009905,ST040,U02227,2026/07/16 22:51:00,2026-07-17 03:19:00,40.99,11969,CARD
L003056,ST040,U02880,2026-06-06 05:31:00,2026-06-06 07:59:00,20.29,5925,CARD
L000488,ST022,U01836,2026-01-01 08:18:00,2026-01-01 09:14:00,108.2,37545,MEMBERSHIP
L003085,ST034,U00484,20260711212600,2026-07-11 21:53:00,71.97,27349,CARD
L006210,ST010,U02457,2026-02-14 10:01:00,2026-02-14 14:43:00,18.22,5320,MEMBERSHIP
L010305,ST013,U01243,2026-05-14 16:49:00,2026-05-14 17:46:00,112.84,36109,APP
L009044,ST013,U00420,2026-01-01 08:42:00,2026-01-01 09:21:00,114.86,36755,MEMBERSHIP
L004413,ST002,U02459,2026-05-27 14:42:00,2026-05-27 22:42:00,70.47,20577,MEMBERSHIP
L010069,ST017,U01912,2026-06-19 00:45:00,2026-06-19 08:13:00,42.01,12267,CARD
L008449,ST002,U02100,2026-07-29 22:13:00,2026-07-30 00:28:00,16.67,4868,APP
L009835,ST023,U02415,2026-04-01 13:09:00,2026-04-01 13:38:00,17.49,5597,MEMBERSHIP
L008893,ST003,U01459,2026-01-01 12:22:00,2026-01-01 13:08:00,75.85,24272,card
L011826,ST028,U02670,2026-03-28 12:06:00,2026-03-28 12:58:00,50.91,,APP
L011875,ST008,U01742,2026-07-15 03:38:00,2026-07-15 09:32:00,27.07,6903,APP
L011152,ST007,U00951,20260322073300,2026-03-22 08:06:00,52.55,16816,APP
L002727,ST009,U00545,2026-06-30 08:18:00,2026-06-30 09:13:00,33.15,11503,MEMBERSHIP
L006051,ST031,U01015,2026-07-14 20:57:00,2026-07-14 21:29:00,71.42,27140,MEMBERSHIP
L011171,ST017,U01149,2026-06-14 05:49:00,2026-06-14 08:13:00,9.96,2908,MEMBERSHIP
L005353,ST019,U01372,2026-06-13 05:56:00,2026-06-13 06:19:00,45.11,15653,APP
L000933,ST031,U02029,2026-02-05 10:07:00,2026-02-05 10:40:00,53.28,20246,MEMBERSHIP
L007256,ST023,U01706,2026/06/05 03:32:00,2026-06-05 04:09:00,20.91,6691,CARD
L011403,ST005,U02391,20260428115600,2026-04-28 12:42:00,133.23,42634,MEMBERSHIP
L005514,ST028,U02248,2026-05-23 06:38:00,2026-05-23 07:12:00,44.67,14294,MEMBERSHIP
