code,fiscalYear,fiscalQuarter,revenue,operatingProfit,netIncome,totalAssets,totalEquity,announceDate
G0001,2023,3,157574587772,17729456476,16311099958,544098086220,238982090778,2023-11-14
G0001,2023,4,174758176562,19197319602,15145169847,535557535597,235230857873,2024-02-14
G0001,2024,1,151778722143,13450247354,10189806222,542374961913,238225249576,2024-05-14
G0001,2024,2,160946433930,13070452140,10578140383,550332184614,241720269621,2024-08-14
G0001,2024,3,158827789801,18782309944,16081334645,546485362887,240030645043,2024-11-14
G0001,2024,4,193433601482,15852335715,14506599761,564670124977,248017867521,2025-02-14
G0001,2025,1,168124845206,16029766960,12896182139,580362595696,254910410533,2025-05-14
G0001,2025,2,171985742552,17948732157,13693734350,585306077921,257081717045,2025-08-14
G0001,2025,3,166575506430,15194419530,13978865968,603081995446,264889364312,2025-11-14
G0001,2025,4,200375231175,16034733434,10213939853,590507193198,259366182723,2026-02-13
G0001,2026,1,176404851438,12526206504,10350447870,602387521539,264584333233,2026-05-14
G0001,2026,2,188191016704,20407839204,15784188561,607288349871,266736905041,2026-08-14
G0002,2023,3,225254496670,74388071279,45076611236,1180792400228,726227852278,2023-11-14
G0002,2023,4,245029197911,78414827419,41633072207,1199272164214,737593541376,2024-02-14
G0002,2024,1,215061742019,80466739543,42787942594,1187464935547,730331690508,2024-05-14
G0002,2024,2,216435244958,75375032313,51042256806,1173640493678,721829184288,2024-08-14
G0002,2024,3,215818083608,63089559173,34011095373,1155157705511,710461635215,2024-11-14
G0002,2024,4,225625475888,61055841950,30219106319,1168931461933,718932968145,2025-02-14
G0002,2025,1,209793000448,54789544650,37781626502,1174681385208,722469368303,2025-05-14
G0002,2025,2,222912662307,55326689526,33005726589,1157666578815,712004678404,2025-08-14
G0002,2025,3,208655565945,67768972581,39376174345,1154328746646,709951797062,2025-11-14
G0002,2025,4,234788243498,87120039716,42110714728,1169615665881,719353777056,2026-02-13
G0002,2026,1,205546924507,67449174335,44568068874,1188140732747,730747328980,2026-05-14
G0002,2026,2,234017566429,73181818183,44704000016,1213192903459,746155273787,2026-08-14
G0003,2023,3,11504615382,3361144933,2896727549,52012706262,30513690425,2023-11-14
G0003,2023,4,13437051845,2610126883,2025469375,51219641625,30048432403,2024-02-14
G0003,2024,1,10724005983,3309581386,2640385340,50209751611,29455971955,2024-05-14
G0003,2024,2,11421141137,3587424141,3300430210,51129791607,29995721136,2024-08-14
G0003,2024,3,11608256735,3185806827,2740095263,49900885609,29274773124,2024-11-14
G0003,2024,4,13274024214,2588646843,2218184921,49805812396,29218997626,2025-02-14
G0003,2025,1,11791724296,3212640444,2955629208,51456995206,30187677873,2025-05-14
G0003,2025,2,11986558474,3088810901,2841706029,52149189448,30593759430,2025-08-14
G0003,2025,3,12135934866,2402315178,1908820262,52042511001,30531175625,2025-11-14
G0003,2025,4,12626777373,4156834593,2999102617,52032796537,30525476553,2026-02-13
G0003,2026,1,12221750158,3938993511,2750690817,52477917758,30786610651,2026-05-14
G0003,2026,2,12354128924,4332603446,3734474097,51456881705,30187611286,2026-08-14
G0004,2023,3,416559924933,41785224978,29376497791,1842811688637,929149532766,2023-11-14
G0004,2023,4,512352110125,80168636674,52895431349,1906239233112,961129834213,2024-02-14
G0004,2024,1,448525618397,75055807435,49953157225,1905715328931,960865680622,2024-05-14
G0004,2024,2,440247218894,60023859276,49959314953,1924433701270,970303523360,2024-08-14
G0004,2024,3,425973503232,69406538612,44617124893,1940137457064,978221390090,2024-11-14
G0004,2024,4,507220835736,82613240672,52622210682,1968689339504,992617309321,2025-02-14
G0004,2025,1,466439935974,73530535127,53508516572,1995542273610,1006156615227,2025-05-14
G0004,2025,2,439000461857,47498962923,39196130031,1998061980413,1007427056701,2025-08-14
G0004,2025,3,476926453749,78241403751,53324744534,1955571738744,986003387404,2025-11-14
G0004,2025,4,518297663999,58936689496,37726275823,1951287222352,983843125220,2026-02-13
G0004,2026,1,424082645408,64462654503,52637132316,2001685509275,1009254047581,2026-05-14
G0004,2026,2,467871217195,71634640377,40793910041,2011970609187,1014439816608,2026-08-14
G0005,2023,3,132858421791,25504669274,19481035163,556605258601,261231458604,2023-11-14
G0005,2023,4,146067058392,22415290351,17295104165,551154766221,258673379871,2024-02-14
G0005,2024,1,118423957623,19408566854,12184794349,549490253158,257892174216,2024-05-14
G0005,2024,2,125066017816,18825192985,14633004674,540132395972,253500252573,2024-08-14
G0005,2024,3,119842938580,22816347232,18050542561,540898556085,253859834378,2024-11-14
G0005,2024,4,141418310393,27079772568,21796211110,550963813143,258583759892,2025-02-14
G0005,2025,1,114328829127,19091985365,13882031482,544017292799,255323550590,2025-05-14
G0005,2025,2,129364014356,24112862457,19597849732,552201791866,259164780252,2025-08-14
G0005,2025,3,118572490353,17744787611,13076747859,561273274575,263422297808,2025-11-14
G0005,2025,4,138762510341,24155655055,18408732539,580399671647,272398886741,2026-02-13
G0005,2026,1,131598628034,23823440717,17474172276,574017732283,269403652142,2026-05-14
G0005,2026,2,129494312272,20600735289,12324334845,577232671008,270912518829,2026-08-14
G0006,2023,3,7967449096,321734355,224781081,19053835528,12115624116,2023-11-14
G0006,2023,4,8959045673,368683165,240708825,19686398709,12517847475,2024-02-14
G0006,2024,1,7985156985,305839710,202525479,20061648878,12756455077,2024-05-14
G0006,2024,2,8044833584,233345285,194114649,20599525925,13098471051,2024-08-14
G0006,2024,3,8175155583,255411237,150477481,20267648110,12887442313,2024-11-14
G0006,2024,4,9194189066,261011502,194042020,19858312179,12627160845,2025-02-14
G0006,2025,1,7434878671,246202552,204247217,20372716182,12954251186,2025-05-14
G0006,2025,2,8025136665,334618695,262252054,20183739415,12834087900,2025-08-14
G0006,2025,3,8571612224,368770347,263318608,20795879177,13223324768,2025-11-14
G0006,2025,4,9781266235,419720018,290096341,21456615664,13643462483,2026-02-13
G0006,2026,1,8250623232,229055837,182218141,21361865941,13583214664,2026-05-14
G0006,2026,2,8649716198,294199377,210911886,20956752141,13325617892,2026-08-14
G0007,2023,3,825171868936,276727539518,198431386030,5068984497203,3531913273208,2023-11-14
G0007,2023,4,960583283234,222835716209,205008858912,5069005437404,3531927863699,2024-02-14
G0007,2024,1,774366364740,238517048662,194101517488,5133741064329,3577033667457,2024-05-14
G0007,2024,2,900039496287,327478573846,298106902143,5044639857775,3514950673465,2024-08-14
G0007,2024,3,843011852090,225934714075,207859936949,5103690471780,3556095334198,2024-11-14
G0007,2024,4,966506874318,269428035164,184291871596,5139911850118,3581333282153,2025-02-14
G0007,2025,1,848182107453,225347923705,165297326477,5035828759882,3508811370096,2025-05-14
G0007,2025,2,892890506095,308676278850,210176945860,5090207503097,3546700814234,2025-08-14
G0007,2025,3,836877559438,314135674771,240858813550,5219301352761,3636649458064,2025-11-14
G0007,2025,4,1033938843059,240976565788,184122236762,5311813775520,3701109283116,2026-02-13
G0007,2026,1,917750286472,343249348777,303426342919,5483330152458,3820616645707,2026-05-14
G0007,2026,2,887223786669,288588372381,265501302590,5469495230613,3810976895551,2026-08-14
G0008,2023,3,875690621699,135081732415,124275193822,3175788610832,1810998058116,2023-11-14
G0008,2023,4,992338995838,120366237698,91216002382,3235431799769,1845009673050,2024-02-14
G0008,2024,1,873952639850,124117693270,100061473968,3346776715084,1908504272385,2024-05-14
G0008,2024,2,919503520838,104519402658,83778623380,3417333964697,1948739646238,2024-08-14
G0008,2024,3,1004815364705,115842514177,106575113043,3471624074942,1979698660290,2024-11-14
G0008,2024,4,1026832552460,130609250867,120160510798,3514312082498,2004041558468,2025-02-14
G0008,2025,1,951540544058,160670940181,114305547380,3632721199056,2071564528800,2025-05-14
G0008,2025,2,1081862381512,168079003558,144195098002,3621943758013,2065418677425,2025-08-14
G0008,2025,3,995592430606,141978514773,117588210783,3690390352482,2104450447123,2025-11-14
G0008,2025,4,1129627835548,140979270354,108602206839,3761493721133,2144997246149,2026-02-13
G0008,2026,1,987421202506,124605365755,90583859087,3687900696945,2103030717444,2026-05-14
G0008,2026,2,1097441885877,158012036039,145371073155,3655627384225,2084626814091,2026-08-14
G0009,2023,3,7078813551,1666262564,1256713889,38239096276,20758941151,2023-11-14
G0009,2023,4,7667533559,2007802463,1780394873,38413321614,20853523238,2024-02-14
G0009,2024,1,6868220430,1995706489,1496789962,37515648075,20366201256,2024-05-14
G0009,2024,2,7076365552,1487236072,1357659919,38209011452,20742608937,2024-08-14
G0009,2024,3,6877993760,1474088629,1123754390,38474774524,20886884312,2024-11-14
G0009,2024,4,7611275027,2266410385,2085097554,38547138509,20926168706,2025-02-14
G0009,2025,1,7351529621,2239310154,1965164903,39828259155,21621653450,2025-05-14
G0009,2025,2,7364175899,1812920719,1667887061,40124497320,21782472906,2025-08-14
G0009,2025,3,7300557914,1960525709,1541989507,39124069041,21239368235,2025-11-14
G0009,2025,4,8438180091,2279101960,1997208692,39690462133,21546847282,2026-02-13
G0009,2026,1,7244520003,1598147770,1470295949,39615607902,21506211003,2026-05-14
G0009,2026,2,7549769983,1342621753,1121713017,38904360090,21120094361,2026-08-14
G0010,2023,3,83324870118,2302368085,1493427689,248192437659,160552375883,2023-11-14
G0010,2023,4,103067614849,4381611626,2252551396,254633750561,164719175242,2024-02-14
G0010,2024,1,87718603457,3607630232,2011338130,258246180760,167056008132,2024-05-14
G0010,2024,2,99579885499,4450968619,2299301143,263273568027,170308157866,2024-08-14
G0010,2024,3,95029398533,2622902499,1642927966,259232614650,167694119052,2024-11-14
G0010,2024,4,107057207741,4060004179,2493216741,259889924012,168119323707,2025-02-14
G0010,2025,1,90548080854,2843811281,1501044924,259883423476,168115118597,2025-05-14
G0010,2025,2,100506855001,4045912369,2605349441,261203629950,168969142547,2025-08-14
G0010,2025,3,98139791011,4457387606,2704430685,260954549327,168808015616,2025-11-14
G0010,2025,4,113676080429,5276375040,3869426759,263493555298,170450464696,2026-02-13
G0010,2026,1,94486418771,4355706527,2340022703,267272664042,172895119712,2026-05-14
G0010,2026,2,90851281767,2627879913,1631259730,262144403444,169577716366,2026-08-14
G0011,2023,3,23330645514,1999445633,1201432817,117925670603,67434213502,2023-11-14
G0011,2023,4,27089641547,2813622392,1623935688,118083929027,67524711460,2024-02-14
G0011,2024,1,24600899228,2210138552,1223216054,122189359893,69872347052,2024-05-14
G0011,2024,2,27265922811,2672831208,1638902962,119421573494,68289625512,2024-08-14
G0011,2024,3,23872982058,3041610633,1391493067,119116875299,68115387935,2024-11-14
G0011,2024,4,27010435704,3253669932,1499654018,120746712182,69047388302,2025-02-14
G0011,2025,1,23886036847,2496527510,1280543647,119184568457,68154097360,2025-05-14
G0011,2025,2,25307363322,2609820597,1183307179,119038072558,68070325644,2025-08-14
G0011,2025,3,26057762218,2797046702,1234344604,121026711019,69207501883,2025-11-14
G0011,2025,4,28338511011,3579501321,1892111177,118846187188,67960598568,2026-02-13
G0011,2026,1,24286228427,3103308468,1921705499,122163327901,69857461006,2026-05-14
G0011,2026,2,25675804776,3588582488,1561670986,120168563104,68716781504,2026-08-14
G0012,2023,3,5421432242,1334988343,629108085,43127589923,18443382782,2023-11-14
G0012,2023,4,5535594268,1478432896,716295492,43485896704,18596611588,2024-02-14
G0012,2024,1,4678648555,1141210589,688713313,43261141478,18500495699,2024-05-14
G0012,2024,2,5236189440,900215581,503218514,43737278517,18704114257,2024-08-14
G0012,2024,3,5679442305,1398404120,827234932,45241596922,19347431452,2024-11-14
G0012,2024,4,5792267367,1224589903,705739615,44191376404,18898307838,2025-02-14
G0012,2025,1,5047256935,1078568147,600362952,43234083461,18488924420,2025-05-14
G0012,2025,2,5002110852,839121796,383617713,42495318958,18172994025,2025-08-14
G0012,2025,3,5104011651,1090365644,538184866,42165350265,18031883916,2025-11-14
G0012,2025,4,6057427438,1131943398,627123489,42793084507,18300332557,2026-02-13
G0012,2026,1,4805480097,961814090,498000670,41901197878,17918919951,2026-05-14
G0012,2026,2,5393807897,949777873,521098918,43324930711,18527774970,2026-08-14
G0013,2023,3,117436137848,6971873371,5100365008,512329387207,248057252048,2023-11-14
G0013,2023,4,129000902086,7463947533,5268921430,528151342121,255717852350,2024-02-14
G0013,2024,1,114591661466,10640106345,6723690160,539567925926,261245480624,2024-05-14
G0013,2024,2,112108221044,6236334937,3817432062,531075651206,257133730677,2024-08-14
G0013,2024,3,111932131530,9798861686,6013084588,547576312697,265122943962,2024-11-14
G0013,2024,4,132055374689,8604741152,6452635881,548376687407,265510465654,2025-02-14
G0013,2025,1,120458874096,9971303262,5337347014,559705662233,270995675822,2025-05-14
G0013,2025,2,131026992725,11353367565,8249293222,570517856276,276230673481,2025-08-14
G0013,2025,3,122609941004,8152095968,5987093838,584543339654,283021466577,2025-11-14
G0013,2025,4,137676593699,12086650578,6644092243,573808625576,277823982805,2026-02-13
G0013,2026,1,123731333073,8097872626,5656832812,584860615981,283175083949,2026-05-14
G0013,2026,2,127152714841,10452995508,7788201394,601737064033,291346243817,2026-08-14
G0014,2023,3,7793422010,780524264,629841605,34741247344,20724227731,2023-11-14
G0014,2023,4,8734253471,754990329,511552425,34830255743,20777323993,2024-02-14
G0014,2024,1,7223334628,640805810,397084150,35921289357,21428159262,2024-05-14
G0014,2024,2,8323478497,543635490,441717192,36001163727,21475806792,2024-08-14
G0014,2024,3,7726206053,538149384,439831083,36345376288,21681140223,2024-11-14
G0014,2024,4,8597366580,645210291,505848820,36894503807,22008711759,2025-02-14
G0014,2025,1,7849801110,585591098,454394384,36127840803,21551373583,2025-05-14
G0014,2025,2,8677402183,532765173,430564142,36907456689,22016438553,2025-08-14
G0014,2025,3,7691335829,724793366,449905230,36388013307,21706574522,2025-11-14
G0014,2025,4,9399849200,635179835,498693796,37305457793,22253858512,2026-02-13
G0014,2026,1,8334013329,845712579,669666240,37527784706,22386483387,2026-05-14
G0014,2026,2,8390458127,612103278,454571299,38716187764,23095402539,2026-08-14
G0015,2023,3,89976517539,14161032709,11897017097,275442830127,128300493770,2023-11-14
G0015,2023,4,100506911491,18185600667,14754587650,275332853416,128249266928,2024-02-14
G0015,2024,1,82111721745,11343197050,10127581288,280118331263,130478329019,2024-05-14
G0015,2024,2,87578090165,11370614353,9728100701,282179342039,131438342028,2024-08-14
G0015,2024,3,86036376906,17742769530,11249415606,276003660938,128561727181,2024-11-14
G0015,2024,4,99614737781,19768548667,18187064774,271702346045,126558186829,2025-02-14
G0015,2025,1,89835511127,12727912849,11709679821,277653036827,129330001820,2025-05-14
G0015,2025,2,90194547440,13757316493,9496769116,279822084129,130340337939,2025-08-14
G0015,2025,3,91745737386,13528066217,10595304730,281677256381,131204471944,2025-11-14
G0015,2025,4,104276484119,19928649421,18334357467,287760006769,134037799926,2026-02-13
G0015,2026,1,85333592195,11255941408,9322184453,290998504555,135546283065,2026-05-14
G0015,2026,2,100590269030,18555909082,12804122073,296225215583,137980870328,2026-08-14
G0016,2023,3,18280324887,1270316949,833497498,68276023355,32662063247,2023-11-14
G0016,2023,4,21331767223,999186494,668651624,68713026729,32871118068,2024-02-14
G0016,2024,1,17949516867,868202960,575688152,68899606770,32960374718,2024-05-14
G0016,2024,2,19081796827,1274657336,674145393,68084250711,32570322546,2024-08-14
G0016,2024,3,18625029076,701613126,491516200,67852935308,32459665277,2024-11-14
G0016,2024,4,20469597976,1062818607,560473285,69526049783,33260054170,2025-02-14
G0016,2025,1,18756139745,808965040,472826421,70306209271,33633268914,2025-05-14
G0016,2025,2,19170593077,1320683361,925195780,72709496044,34782959548,2025-08-14
G0016,2025,3,21112643376,1265145084,600930163,74223586364,35507274049,2025-11-14
G0016,2025,4,23650230249,1276734738,770922457,74425230262,35603736986,2026-02-13
G0016,2026,1,19226347791,1125767996,781137005,74355594292,35570424348,2026-05-14
G0016,2026,2,21422120544,1122930899,644209862,74236353388,35513381572,2026-08-14
G0017,2023,3,451081258155,25287276676,18119323984,1959835951599,880083329187,2023-11-14
G0017,2023,4,504181319697,35332017221,30515868090,1926670062261,865189865130,2024-02-14
G0017,2024,1,424949271499,38444219484,29474425044,1894289828574,850649207356,2024-05-14
G0017,2024,2,462343395997,42808770176,27799959084,1926964551874,865322108545,2024-08-14
G0017,2024,3,454917650205,32322595674,21120611425,1961388607642,880780564432,2024-11-14
G0017,2024,4,491493320144,41976186067,37745411324,1941254591743,871739189450,2025-02-14
G0017,2025,1,454834432007,34217583651,27704263679,1921014191335,862650041472,2025-05-14
G0017,2025,2,442420515414,28546470171,24572327593,1957655542040,879104195142,2025-08-14
G0017,2025,3,487973357019,37808627473,26050166250,1990224944080,893729800797,2025-11-14
G0017,2025,4,490182892259,45556091259,40139500150,1947978087460,874758440367,2026-02-13
G0017,2026,1,413466358129,28044843141,24930248687,1905926147898,855874609331,2026-05-14
G0017,2026,2,452058177238,30046292434,22997406002,1915017761133,859957286372,2026-08-14
G0018,2023,3,36551325397,5531631270,3469573488,263378624437,181939828100,2023-11-14
G0018,2023,4,44221693537,7341449785,4923735523,270103206776,186585115307,2024-02-14
G0018,2024,1,35875553769,6008632663,4613534398,278216587547,192189773263,2024-05-14
G0018,2024,2,43258793261,8758047832,5115980460,285810035919,197435266114,2024-08-14
G0018,2024,3,41343919519,5788435183,3430263912,286724983223,198067304327,2024-11-14
G0018,2024,4,46753977947,7261475772,4445574807,284519275175,196543619009,2025-02-14
G0018,2025,1,35645679827,4681026560,3621244920,278560659958,192427455708,2025-05-14
G0018,2025,2,41749339912,5672755073,4541665703,280647465553,193869004170,2025-08-14
G0018,2025,3,41336021268,6280397800,4823610737,288073887822,198999116737,2025-11-14
G0018,2025,4,43739653326,9919639051,6212247638,296721066912,204972518263,2026-02-13
G0018,2026,1,38649325719,5759583204,4045671916,292059335790,201752232028,2026-05-14
G0018,2026,2,39662206894,7559232287,5429762587,290568675960,200722496248,2026-08-14
G0019,2023,3,942499067124,22889957609,20501146631,2117817754480,1016214444399,2023-11-14
G0019,2023,4,1028166400743,32613692457,23616469117,2146587523416,1030019340828,2024-02-14
G0019,2024,1,920041973077,24909658678,18232910720,2132735749504,1023372700577,2024-05-14
G0019,2024,2,996190255014,37995271082,34955649395,2151849433245,1032544217561,2024-08-14
G0019,2024,3,1034145020283,25297901591,18309971538,2216728116058,1063675628405,2024-11-14
G0019,2024,4,1201936367780,45463358784,31787967614,2290481071783,1099065273603,2025-02-14
G0019,2025,1,966103096957,26124140736,19925909875,2272559384814,1090465724786,2025-05-14
G0019,2025,2,1042568026793,29167114013,26833744892,2319484461123,1112982270531,2025-08-14
G0019,2025,3,1103601528180,39983145716,33331205495,2301010011035,1104117483657,2025-11-14
G0019,2025,4,1180549894171,26782158469,24160642510,2352091217121,1128628308232,2026-02-13
G0019,2026,1,985609522481,21565149362,16958954527,2421640295356,1162000763320,2026-05-14
G0019,2026,2,1052038321892,39109329307,31207963671,2422412806060,1162371445139,2026-08-14
G0020,2023,3,277881353443,16609856197,10381680944,615632533271,380588747077,2023-11-14
G0020,2023,4,344628327325,21155118356,12261827750,627921819342,388186077847,2024-02-14
G0020,2024,1,313968985016,14471961406,11403637339,636097236205,393240183166,2024-05-14
G0020,2024,2,336618873957,17337311984,10829968432,645298464705,398928453095,2024-08-14
G0020,2024,3,295878087712,15807587087,9026074115,655338377436,405135204039,2024-11-14
G0020,2024,4,363312703372,14231084824,8146725028,664897313511,411044611531,2025-02-14
G0020,2025,1,314710979666,16698393005,10344462758,664943201209,411072979657,2025-05-14
G0020,2025,2,353050344192,15972146710,11466205287,670515682331,414517930165,2025-08-14
G0020,2025,3,335440604172,19592778986,13886154744,679900851598,420319913685,2025-11-14
G0020,2025,4,385521377349,22706563354,13916611154,663967702975,410469919177,2026-02-13
G0020,2026,1,293585253524,15694522878,12116825206,660026846051,408033651245,2026-05-14
G0020,2026,2,358258633880,17555165832,11802357396,678281472160,419318800914,2026-08-14
G0021,2023,3,76994879343,4257165531,3584298045,210159214991,91869563110,2023-11-14
G0021,2023,4,80967564782,6773971995,6232054236,208667303568,91217384947,2024-02-14
G0021,2024,1,76594971487,4005442813,3059129048,215924730505,94389916031,2024-05-14
G0021,2024,2,74737369083,4446419737,3701657501,214068243388,93578366271,2024-08-14
G0021,2024,3,72270316597,5357623202,4586314104,209917703217,91763988005,2024-11-14
G0021,2024,4,82973215049,4459149396,3671714822,216544898021,94661017723,2025-02-14
G0021,2025,1,73721098755,4814783992,3617284504,213703364180,93418861995,2025-05-14
G0021,2025,2,73723875387,5847261335,5164021492,213970409795,93535599032,2025-08-14
G0021,2025,3,70920693978,4177138250,2819763637,213744912194,93437024406,2025-11-14
G0021,2025,4,79971875973,5725798206,4485372726,212260503329,92788125932,2026-02-13
G0021,2026,1,70663289598,3926285418,3045961922,214235400890,93651437950,2026-05-14
G0021,2026,2,72543905326,5892369523,5420979961,211121205842,92290090371,2026-08-14
G0022,2023,3,76252781193,5561896672,3944648958,260879552976,98246602543,2023-11-14
G0022,2023,4,81892069640,4328916407,3481451387,254667862179,95907294958,2024-02-14
G0022,2024,1,73666370167,5007451343,3678097896,253081042175,95309702420,2024-05-14
G0022,2024,2,72245835274,6163083003,5050396493,253568189577,95493160942,2024-08-14
G0022,2024,3,74713637920,4093740461,3179098144,256730037017,96683904966,2024-11-14
G0022,2024,4,87010780785,4674189546,2757641342,250930772528,94499916122,2025-02-14
G0022,2025,1,69117687105,4687925099,3192536951,249300517859,93885966195,2025-05-14
G0022,2025,2,71976191940,5400831445,4047014304,255378714164,96175000080,2025-08-14
G0022,2025,3,78349240006,6478202704,4906158937,252805682187,95206002521,2025-11-14
G0022,2025,4,79133703970,6254412761,5185572153,260492165631,98100713415,2026-02-13
G0022,2026,1,72185994379,4353347030,3664613082,265847886012,100117664630,2026-05-14
G0022,2026,2,77750146148,6107572077,4994469954,259827654428,97850460118,2026-08-14
G0023,2023,3,318513819193,38447740140,34457843742,1241132019004,791964072399,2023-11-14
G0023,2023,4,381114503298,44573456644,41007580113,1249678985278,797417875954,2024-02-14
G0023,2024,1,325726412459,56089278149,51602135897,1251877604389,798820810789,2024-05-14
G0023,2024,2,353850025338,39780523824,32198009486,1280981366899,817391868442,2024-08-14
G0023,2024,3,340775572347,55859649655,48082679598,1288061304045,821909563392,2024-11-14
G0023,2024,4,371092143053,58816322642,45166354167,1298073618555,828298402977,2025-02-14
G0023,2025,1,352957324648,37502018732,29394835730,1339184885542,854531427286,2025-05-14
G0023,2025,2,377877114353,59680874073,44509894938,1356993426939,865895024995,2025-08-14
G0023,2025,3,381678875080,57217020225,50593858408,1325453718564,845769594739,2025-11-14
G0023,2025,4,409109167317,63486511739,58407590800,1352811577200,863226594321,2026-02-13
G0023,2026,1,347171022636,64465658213,49341722019,1354290076791,864170022208,2026-05-14
G0023,2026,2,404537955852,64381495346,59230975718,1382536169917,882193802594,2026-08-14
G0024,2023,3,43140068566,5292416785,4052352933,200582602363,101594911007,2023-11-14
G0024,2023,4,56177874815,7173829801,4857922569,204871974605,103767474261,2024-02-14
G0024,2024,1,46628063476,6728567189,5347165912,209174656464,105946778824,2024-05-14
G0024,2024,2,48895913814,7358021468,5933818446,215385505802,109092568530,2024-08-14
G0024,2024,3,46757537007,6693868330,4516227725,210750001226,106744689555,2024-11-14
G0024,2024,4,55493414143,7962965693,6412555270,210305683314,106519642925,2025-02-14
G0024,2025,1,45186044473,5872500684,4242337808,211093899156,106918873553,2025-05-14
G0024,2025,2,46584618534,5287037625,4625899854,206566679670,104625840880,2025-08-14
G0024,2025,3,47533320537,4902340488,3929234401,210086708180,106408732213,2025-11-14
G0024,2025,4,53621364665,5717272114,4942676114,210331187083,106532560561,2026-02-13
G0024,2026,1,46172662657,4335321057,2827982350,215403563291,109101714632,2026-05-14
G0024,2026,2,49290547680,4879714955,4219998397,212385468439,107573052254,2026-08-14
G0025,2023,3,118391598319,6165077417,4969588978,431201270608,228493723046,2023-11-14
G0025,2023,4,144603790118,7373796511,6783892790,442437187742,234447639959,2024-02-14
G0025,2024,1,126508370929,9927478971,7462275784,452864786188,239973228480,2024-05-14
G0025,2024,2,135941867493,10911569705,8366149252,464707095325,246248472754,2024-08-14
G0025,2024,3,136462016965,9736349166,6741172072,471376166499,249782416195,2024-11-14
G0025,2024,4,162320629077,8050998907,7406918995,478306144585,253454614310,2025-02-14
G0025,2025,1,130921252473,7263112279,6682063296,484766940646,256878192687,2025-05-14
G0025,2025,2,145483346410,9388143133,6390549598,485366395398,257195843995,2025-08-14
G0025,2025,3,144080034133,6728018351,5461620054,481075985738,254922354228,2025-11-14
G0025,2025,4,153317468146,8961474627,8244556657,472880883894,250579766534,2026-02-13
G0025,2026,1,137228694356,10280292069,9457868704,488045211170,258615349528,2026-05-14
G0025,2026,2,150840593904,8736401389,6143708443,489413521884,259340417914,2026-08-14
G0026,2023,3,92551360092,9544505051,8780944647,461518015107,267947460267,2023-11-14
G0026,2023,4,95683837987,8156420752,7001000202,472749141117,274468011127,2024-02-14
G0026,2024,1,84860063363,6877567738,6244322984,465391476111,270196308642,2024-05-14
G0026,2024,2,87174870589,6033350441,4640273904,472450233291,274294471654,2024-08-14
G0026,2024,3,82558977923,8003921094,6927832403,462645303672,268601939828,2024-11-14
G0026,2024,4,91236838849,9599831775,8318111542,455612813023,264519026600,2025-02-14
G0026,2025,1,81932701917,6389925920,4499051984,466924669261,271086447699,2025-05-14
G0026,2025,2,91035731765,8485055429,7433931275,481182553030,279364269191,2025-08-14
G0026,2025,3,94939808620,5881992265,4510122028,493599711123,286573404839,2025-11-14
G0026,2025,4,108450655740,9693633370,7550387828,481597486803,279605170840,2026-02-13
G0026,2026,1,91049185895,5694963778,4881816248,474663486758,275579439144,2026-05-14
G0026,2026,2,88722436314,8384331505,6629935466,477379419962,277156251707,2026-08-14
G0027,2023,3,197125228697,15126218338,10654176104,684211391379,352240922207,2023-11-14
G0027,2023,4,218338109057,14724265946,9858403763,674833262921,347412939718,2024-02-14
G0027,2024,1,191377595657,13355424838,11199704528,694628845327,357603962975,2024-05-14
G0027,2024,2,191064796925,13594980302,10063380492,690014469420,355228422250,2024-08-14
G0027,2024,3,192687033020,14834773565,9357030296,680964636162,350569450398,2024-11-14
G0027,2024,4,207367715745,11248026032,6401091760,684727195786,352506465024,2025-02-14
G0027,2025,1,183825060080,15474665079,10378880677,679857754281,349999613212,2025-05-14
G0027,2025,2,194145387077,11013155214,8398841944,701837760120,361315206060,2025-08-14
G0027,2025,3,203865223716,17729597934,12932443873,697626270169,359147076264,2025-11-14
G0027,2025,4,236578476913,21825873551,14671375314,706118516167,363518994942,2026-02-13
G0027,2026,1,198732061823,13563304894,11290805977,707316593883,364135780931,2026-05-14
G0027,2026,2,193428619815,16312393544,9893303585,700680547733,360719458074,2026-08-14
G0028,2023,3,818981663,152443949,95686343,6946480764,3040003823,2023-11-14
G0028,2023,4,935358882,202631698,109436735,7164409806,3135376594,2024-02-14
G0028,2024,1,757867267,94766125,61119079,7229313037,3163780339,2024-05-14
G0028,2024,2,775350999,150676176,78841696,7121426186,3116565577,2024-08-14
G0028,2024,3,839201286,149503922,107746854,7307931471,3198186299,2024-11-14
G0028,2024,4,979225480,159820245,118470496,7303082934,3196064423,2025-02-14
G0028,2025,1,808111559,115887082,76329713,7487550605,3276793420,2025-05-14
G0028,2025,2,945951779,204190662,115012781,7650733573,3348207546,2025-08-14
G0028,2025,3,836283333,120633383,64816891,7537020853,3298443195,2025-11-14
G0028,2025,4,898687998,140103869,89275130,7356269904,3219340756,2026-02-13
G0028,2026,1,824109960,148969217,97482161,7470552778,3269354624,2026-05-14
G0028,2026,2,848288402,141478067,92521930,7523654437,3292593621,2026-08-14
G0029,2023,3,202421752622,20946807166,13797383952,617152985824,408835833661,2023-11-14
G0029,2023,4,226941256218,24026673297,18326859725,624201508309,413505159796,2024-02-14
G0029,2024,1,189547695774,27121365834,24951656567,643232292401,426112190238,2024-05-14
G0029,2024,2,210941994942,23498660198,18731549071,662986868623,439198700105,2024-08-14
G0029,2024,3,209597864954,18917282061,14083930152,662640424257,438969196442,2024-11-14
G0029,2024,4,236147517346,27056044590,17167990232,648808867054,429806417763,2025-02-14
G0029,2025,1,192206887648,30297402764,20924278372,634292019023,420189665024,2025-05-14
G0029,2025,2,216810940130,19695820984,15270671767,632208741184,418809588039,2025-08-14
G0029,2025,3,201972746178,22158751355,14546939770,649526015597,430281496113,2025-11-14
G0029,2025,4,236244471053,24426887714,16400080147,633586550028,419722323844,2026-02-13
G0029,2026,1,187296097741,22493647436,19160732927,622449082451,412344257227,2026-05-14
G0029,2026,2,208707794654,24131807724,17349592374,613160679395,406191111907,2026-08-14
G0030,2023,3,733252134123,163713062296,150616017312,4161429227783,2011719215618,2023-11-14
G0030,2023,4,806228515880,238692427986,191809193174,4217166123857,2038663560629,2024-02-14
G0030,2024,1,682563026991,140626638211,105977359347,4318030156114,2087423277723,2024-05-14
G0030,2024,2,704341954132,174739668789,121237353131,4240188168392,2049792883474,2024-08-14
G0030,2024,3,678369535626,151989288689,124491321097,4166363468471,2014104527554,2024-11-14
G0030,2024,4,784128810200,251240248837,170767141943,4136868665766,1999846142245,2025-02-14
G0030,2025,1,663360344550,209779336493,192996989574,4077919383378,1971348864595,2025-05-14
G0030,2025,2,692737186003,185613984991,170764866192,4064087404947,1964662205931,2025-08-14
G0030,2025,3,728319171308,197954020506,182117698865,4109963949400,1986839857159,2025-11-14
G0030,2025,4,740384762320,221257985826,164024533575,4023046164984,1944822038876,2026-02-13
G0030,2026,1,705548762845,152887802493,109093161696,4085042815869,1974792476210,2026-05-14
G0030,2026,2,673091400852,216986229602,199627331234,4182034118408,2021680037282,2026-08-14
G0031,2023,3,4916387110,1244878862,1145288553,20992378800,11338708163,2023-11-14
G0031,2023,4,5233595007,1517330219,1395943801,21425455702,11572627942,2024-02-14
G0031,2024,1,4598906226,1354445920,1115642453,22069966806,11920750629,2024-05-14
G0031,2024,2,5338132458,1557623949,1216848125,21626261180,11681089909,2024-08-14
G0031,2024,3,5164093920,1647384200,1515593464,22216838927,12000081329,2024-11-14
G0031,2024,4,6127538236,1346021440,1238339724,22394179307,12095868988,2025-02-14
G0031,2025,1,5118991696,1370654816,1205219386,22243382596,12014418481,2025-05-14
G0031,2025,2,5225653805,1512071725,1192485524,21874032308,11814919645,2025-08-14
G0031,2025,3,5205896353,1648485961,1298469006,22477515230,12140881596,2025-11-14
G0031,2025,4,6156504867,1844240546,1696701302,22827851863,12330110500,2026-02-13
G0031,2026,1,5127237604,976156352,898063844,23400695267,12639522989,2026-05-14
G0031,2026,2,5255574273,1582714108,1456096979,22885828737,12361425810,2026-08-14
G0032,2023,3,99240107331,16169881965,11238874905,349621511176,156492225780,2023-11-14
G0032,2023,4,129155996325,18295875496,14124185019,355377292250,159068540344,2024-02-14
G0032,2024,1,102463262545,15251811951,13430921242,357919711875,160206539276,2024-05-14
G0032,2024,2,104610049599,18120371255,11790570748,357009322216,159799044601,2024-08-14
G0032,2024,3,101904650052,19226977523,16623217294,350197473079,156750029025,2024-11-14
G0032,2024,4,115418837686,16834915317,14865873738,342325213623,153226368825,2025-02-14
G0032,2025,1,106674984235,16380782692,10707777882,348510063792,155994736725,2025-05-14
G0032,2025,2,111172000144,14615128123,12637253001,346261748201,154988380138,2025-08-14
G0032,2025,3,103614154221,13320451998,10899965974,356888493390,159744961052,2025-11-14
G0032,2025,4,120681412336,13116421445,10644449660,348857814000,156150391347,2026-02-13
G0032,2026,1,106471178138,14116922303,12944837577,350314723971,156802511073,2026-05-14
G0032,2026,2,108774075917,19157096435,15139121198,348451671711,155968600157,2026-08-14
G0033,2023,3,34813308511,3497877792,2957259383,155528441786,92792806348,2023-11-14
G0033,2023,4,36200960407,3378439793,2350670044,155663932124,92873643836,2024-02-14
G0033,2024,1,30843589343,1841434302,1280343748,156110992991,93140373394,2024-05-14
G0033,2024,2,38111731819,2117571356,1729137048,161406319607,96299719759,2024-08-14
G0033,2024,3,35345487265,2995270984,2559228467,160685585418,95869708713,2024-11-14
G0033,2024,4,41844122882,3479719726,2481668984,162630910797,97030346594,2025-02-14
G0033,2025,1,36166466986,2787462150,2180550846,166120271174,99112200807,2025-05-14
G0033,2025,2,35292620257,2392741517,2039304591,167623829744,100009267720,2025-08-14
G0033,2025,3,36723621573,3525989431,2448148420,163657722653,97642972508,2025-11-14
G0033,2025,4,37541874897,3452616563,2515321409,161091754537,96112041060,2026-02-13
G0033,2026,1,33341688888,2334818657,1843485423,164407321389,98090204985,2026-05-14
G0033,2026,2,38064971773,3706606855,2939092356,168633280387,100611535427,2026-08-14
G0034,2023,3,29890917571,1428712384,903394577,68790454292,37766298393,2023-11-14
G0034,2023,4,34596213694,1664595834,855916884,69959960020,38408362801,2024-02-14
G0034,2024,1,30603954506,1292418831,875169661,71471116703,39237995266,2024-05-14
G0034,2024,2,31080697280,1913182064,1171841018,71875338603,39459915081,2024-08-14
G0034,2024,3,30309649372,1547907074,829708541,70882054485,38914597206,2024-11-14
G0034,2024,4,32821372704,1938312659,1083411126,73060885275,40110786046,2025-02-14
G0034,2025,1,30331911170,1438504352,912740891,72377726867,39735728714,2025-05-14
G0034,2025,2,30835284129,1454930360,936980949,73545337013,40376752438,2025-08-14
G0034,2025,3,30865131335,1284494082,908062512,76089319227,41773411210,2025-11-14
G0034,2025,4,36151821620,1290410978,960964564,75162679293,41264681320,2026-02-13
G0034,2026,1,32536911093,1829947449,1231010809,76901841175,42219489763,2026-05-14
G0034,2026,2,33663522937,1719643552,926671342,77057042018,42304695791,2026-08-14
G0035,2023,3,42232392853,6686495159,5054833171,144312718228,57348891579,2023-11-14
G0035,2023,4,48012250505,8257948630,7597312739,148320145950,58941416068,2024-02-14
G0035,2024,1,41641121601,5207942354,3944210751,148147397043,58872766829,2024-05-14
G0035,2024,2,41346738097,6656758439,6124217764,152885515453,60755662822,2024-08-14
G0035,2024,3,39085232203,7672411221,7058618324,150063297237,59634132520,2024-11-14
G0035,2024,4,46258108131,7462931110,6865896621,148745291926,59110366184,2025-02-14
G0035,2025,1,41113329993,4491191010,3277149052,149239559912,59306784916,2025-05-14
G0035,2025,2,44782682600,7140242530,5654866860,148888953045,59167456134,2025-08-14
G0035,2025,3,43733973196,4956479055,3746603985,148736100264,59106713480,2025-11-14
G0035,2025,4,45051283489,6117857682,4214560922,151499993607,60205065875,2026-02-13
G0035,2026,1,42189306556,8061095305,6754874949,148050612329,58834305242,2026-05-14
G0035,2026,2,42936011877,8024074933,6625717907,150766144175,59913439108,2026-08-14
G0036,2023,3,1908931943850,197033344148,126670438804,6399318512268,2677666367907,2023-11-14
G0036,2023,4,2002339809056,177862528575,91974586104,6434024902749,2692188560288,2024-02-14
G0036,2024,1,1749962835761,108774904518,74093335684,6531215889316,2732856177550,2024-05-14
G0036,2024,2,1881160870699,190280174821,106442306782,6483859029244,2713040650121,2024-08-14
G0036,2024,3,1790897360895,185037532559,122741802392,6673966517248,2792587312151,2024-11-14
G0036,2024,4,1921374098607,175824767136,104586120778,6508268340679,2723254236485,2025-02-14
G0036,2025,1,1818169973958,169180818894,84490987609,6541651198281,2737222623102,2025-05-14
G0036,2025,2,1796487378986,181449482750,125350196516,6466153786320,2705632246644,2025-08-14
G0036,2025,3,1824867683973,173689713315,91722854617,6596136323551,2760020830006,2025-11-14
G0036,2025,4,1984114597496,186123383033,112687941104,6607337207247,2764707614935,2026-02-13
G0036,2026,1,1771273915685,189550238595,117874079996,6559827797463,2744828256142,2026-05-14
G0036,2026,2,1819761044803,126137544718,73258855342,6532936375600,2733576080497,2026-08-14
G0037,2023,3,282346089003,33896180024,22487021142,1393105830985,765912601908,2023-11-14
G0037,2023,4,367667315484,31385266132,24558686894,1422867771430,782275353923,2024-02-14
G0037,2024,1,293830430637,36566569692,31274597071,1439212778574,791261639582,2024-05-14
G0037,2024,2,343675266725,42750845081,27164299934,1454762512776,799810693873,2024-08-14
G0037,2024,3,329245507374,26454727230,20034036859,1482861999063,815259448860,2024-11-14
G0037,2024,4,379096310918,48273584287,40084214960,1481204915333,814348404428,2025-02-14
G0037,2025,1,299615965367,40438610212,32909455607,1528134752477,840149856747,2025-05-14
G0037,2025,2,351321660448,34313834465,26603813776,1513075437599,831870429022,2025-08-14
G0037,2025,3,340404063939,43715863799,30559274108,1516676375118,833850180569,2025-11-14
G0037,2025,4,374465267446,44516914339,28991830307,1529910279216,841126019702,2026-02-13
G0037,2026,1,348149430307,36143386442,22240784782,1581774592177,869640386667,2026-05-14
G0037,2026,2,327883295185,39865029170,24332384728,1575494135421,866187468110,2026-08-14
G0038,2023,3,119641059525,23703095794,21584193046,874377126730,483490653491,2023-11-14
G0038,2023,4,130091701909,25458772167,23422070393,904428632367,500107764867,2024-02-14
G0038,2024,1,108931056270,16731593996,15316698169,900848454507,498128089873,2024-05-14
G0038,2024,2,113158363700,13284484286,12217895889,926435021747,512276294048,2024-08-14
G0038,2024,3,125764839386,18849701803,14802315281,927886320580,513078796081,2024-11-14
G0038,2024,4,134011023899,25585588700,23538741604,955968803168,528607127555,2025-02-14
G0038,2025,1,123793609934,22835320782,17969216230,934317128714,516634739543,2025-05-14
G0038,2025,2,122551599128,20162226612,15134457505,931177169782,514898485529,2025-08-14
G0038,2025,3,117097818503,22499423960,18478107839,917288583472,507218731032,2025-11-14
G0038,2025,4,123819791556,15891165640,11324762669,917568239819,507373368231,2026-02-13
G0038,2026,1,122299558482,14294622059,11666838225,945492974423,522814472269,2026-05-14
G0038,2026,2,122536653767,23566290912,18151982531,970389446923,536581085542,2026-08-14
G0039,2023,3,149750186712,20697059547,16822162642,489726588247,262874498687,2023-11-14
G0039,2023,4,168963109785,30249683282,20032706984,482257585552,258865301747,2024-02-14
G0039,2024,1,143205615084,14788014022,9856822562,482775421578,259143264775,2024-05-14
G0039,2024,2,144584286345,24757257770,16337286507,478341940851,256763469495,2024-08-14
G0039,2024,3,145179200640,19832322477,14181564172,474872944422,254901388245,2024-11-14
G0039,2024,4,144099386056,18198120221,15912443680,466012877928,250145498747,2025-02-14
G0039,2025,1,122320147382,19368574856,13384768574,458308446744,246009928954,2025-05-14
G0039,2025,2,130916218370,17825523978,13694951017,459763552673,246790997924,2025-08-14
G0039,2025,3,128737622071,13617516363,10398180065,459799316521,246810195174,2025-11-14
G0039,2025,4,152338594065,21207349458,18486026442,467917932489,251168090281,2026-02-13
G0039,2026,1,129692541599,18654662041,16872814971,468666043424,251569659833,2026-05-14
G0039,2026,2,148039848942,23708434890,21664505925,460245787514,247049851017,2026-08-14
G0040,2023,3,25290247898,4379467416,4029110023,137487208406,85052791553,2023-11-14
G0040,2023,4,29988903844,8562578986,6399429537,135523384784,83837924490,2024-02-14
G0040,2024,1,26529390892,4803625480,3921886608,138210649115,85500328837,2024-05-14
G0040,2024,2,25630506673,5864378382,4110392887,136754991491,84599825104,2024-08-14
G0040,2024,3,25652616419,7429236820,6568078606,134092251734,82952592229,2024-11-14
G0040,2024,4,27535782548,6621434024,5605869542,134885585024,83443366693,2025-02-14
G0040,2025,1,24061580114,7398454404,6806578052,136333832487,84339286328,2025-05-14
G0040,2025,2,25938493057,5515437164,5074202191,138678790687,85789932125,2025-08-14
G0040,2025,3,24675140396,5761406888,4571052064,136766947159,84607221159,2025-11-14
G0040,2025,4,29071800725,5259529546,4814013214,137559661272,85097612585,2026-02-13
G0040,2026,1,27660110969,5775872739,5313802920,140257687192,86766674302,2026-05-14
G0040,2026,2,28215129661,7925786738,5455355072,137825063086,85261796333,2026-08-14
G0041,2023,3,9831045685,2996803523,2000742718,51861030418,28681394984,2023-11-14
G0041,2023,4,10683074841,3600005705,1978437507,52732827799,29163536676,2024-02-14
G0041,2024,1,9687206526,2784651116,1615949435,53168349538,29404399053,2024-05-14
G0041,2024,2,9772140401,3695758327,2409643314,54723835310,30264650025,2024-08-14
G0041,2024,3,9915817617,2947559645,2085638018,54952562099,30391145841,2024-11-14
G0041,2024,4,11462922795,3879415260,2140072052,54155427435,29950295863,2025-02-14
G0041,2025,1,9289631383,2324319758,1557734195,53275574182,29463698923,2025-05-14
G0041,2025,2,9488263363,3637215386,2674368266,54967360801,30399330164,2025-08-14
G0041,2025,3,8909113745,3421693597,2149772075,53724436331,29711939124,2025-11-14
G0041,2025,4,10420460202,3486180432,2710953893,53328105952,29492751266,2026-02-13
G0041,2026,1,9517690924,2388445147,1494187098,52237705681,28889712711,2026-05-14
G0041,2026,2,9503344456,2112681015,1723208381,52755457359,29176051803,2026-08-14
G0042,2023,3,931429457169,99721346114,87940509534,3220101259303,2128814019501,2023-11-14
G0042,2023,4,1038215030156,106878326836,82393053656,3324263303017,2197675710827,2024-02-14
G0042,2024,1,866629671070,115634183807,99218052327,3279991231287,2168407374405,2024-05-14
G0042,2024,2,897047499876,139114508770,101142449475,3268054688469,2160516107128,2024-08-14
G0042,2024,3,856861832683,134292641540,123549230217,3224656407057,2131825434863,2024-11-14
G0042,2024,4,971940933745,103939362441,71591625801,3241651086032,2143060643928,2025-02-14
G0042,2025,1,783245805990,134884676295,115605585185,3187921227981,2107539750057,2025-05-14
G0042,2025,2,826706681242,81885494070,57134257251,3190096272584,2108977675474,2025-08-14
G0042,2025,3,902999591599,118329862926,90916365512,3248748160792,2147752531242,2025-11-14
G0042,2025,4,1043135990592,110691316018,84617601256,3304055700043,2184316432641,2026-02-13
G0042,2026,1,851553251087,110769298065,79155153419,3383223253176,2236654226837,2026-05-14
G0042,2026,2,962934567132,90017785917,64331588218,3461298557960,2288269933927,2026-08-14
G0043,2023,3,19004654243,5534504284,4011929416,86819156995,50869483801,2023-11-14
G0043,2023,4,18891466631,3567655800,2133542530,85296668685,49977420378,2024-02-14
G0043,2024,1,18103209297,3321158345,2847335788,88258827128,51713022014,2024-05-14
G0043,2024,2,18538876344,3961880184,2782656987,88565548307,51892737512,2024-08-14
G0043,2024,3,18823695320,3701223367,3000990558,86422600513,50637131585,2024-11-14
G0043,2024,4,19978264504,5387327427,3280222232,87371527592,51193131348,2025-02-14
G0043,2025,1,17460761717,3643138556,2362805937,89650685575,52528546181,2025-05-14
G0043,2025,2,19050742015,3836720704,3096534880,92723267951,54328847921,2025-08-14
G0043,2025,3,20132139184,4254743555,3676163469,91804857036,53790728331,2025-11-14
G0043,2025,4,21673440531,4134110155,2948846252,94164883817,55173526187,2026-02-13
G0043,2026,1,18567699555,4540563652,3317563024,96415933949,56492471938,2026-05-14
G0043,2026,2,20442398306,6796948686,4354203865,95815916303,56140906811,2026-08-14
G0044,2023,3,204644235173,13924887424,11723422090,712844343981,442537192197,2023-11-14
G0044,2023,4,239131754242,17463238351,12546208234,731056035475,453843097739,2024-02-14
G0044,2024,1,214485407996,21262003844,17800033330,743320387359,461456866288,2024-05-14
G0044,2024,2,219591956549,15552253199,12198968955,753160377701,467565579549,2024-08-14
G0044,2024,3,217430092396,16140399353,10860300322,762383680857,473291450444,2024-11-14
G0044,2024,4,257523505768,24359138045,13993239899,766739774004,475995733990,2025-02-14
G0044,2025,1,213966717223,19239907311,16357605847,786522928805,488277211499,2025-05-14
G0044,2025,2,244340386461,21188202046,16502883113,788745551208,489657026161,2025-08-14
G0044,2025,3,208838190077,17773977324,12761260409,775359800674,481347087944,2025-11-14
G0044,2025,4,248942439689,18401063385,13174699044,795153825143,493635313396,2026-02-13
G0044,2026,1,223036083446,14249745673,10697811725,797760932066,495253817894,2026-05-14
G0044,2026,2,226208300299,15072305877,8816942686,809682558895,502654821084,2026-08-14
G0045,2023,3,2040515440416,208777006636,171321538120,9024197508102,5036436931317,2023-11-14
G0045,2023,4,2256821405209,181384093501,159304165162,8801073317485,4911910521863,2024-02-14
G0045,2024,1,1955877456210,177906152839,143696598062,9099454550373,5078438155991,2024-05-14
G0045,2024,2,2166514969528,153407901290,125558951681,8985308338233,5014732746410,2024-08-14
G0045,2024,3,2109686339950,181770629796,146251073347,9241209823410,5157552281284,2024-11-14
G0045,2024,4,2448668281501,232247377310,185111104672,9433972214756,5265133661886,2025-02-14
G0045,2025,1,2055058999558,224064310363,206139165534,9707762521876,5417937012320,2025-05-14
G0045,2025,2,2385045876367,199112389044,157506282640,9973247339918,5566105039570,2025-08-14
G0045,2025,3,2233084027980,221341691938,173918695717,9805229655725,5472333768604,2025-11-14
G0045,2025,4,2613593733128,272275837317,205630795015,10027560967594,5596417669591,2026-02-13
G0045,2026,1,2253021798982,214119181336,161004982484,10022647984240,5593675715996,2026-05-14
G0045,2026,2,2432321342741,251997273661,204925261000,9820031065968,5480594488643,2026-08-14
G0046,2023,3,53905692121,12608165628,5885836846,196810731385,70017443385,2023-11-14
G0046,2023,4,56063914779,8943708646,4249235281,196187576327,69795749560,2024-02-14
G0046,2024,1,51581960807,12146650509,4963555257,197064593489,70107757442,2024-05-14
G0046,2024,2,49278983630,10185185422,4859178497,198327820350,70557163399,2024-08-14
G0046,2024,3,54536531765,9422351724,4356546386,198719380625,70696464997,2024-11-14
G0046,2024,4,53606217999,11344294718,5130869085,194499960373,69195362814,2025-02-14
G0046,2025,1,47923159762,8233124889,4060537145,191192120712,68018564808,2025-05-14
G0046,2025,2,49837456408,8188261207,3322726964,190487601467,67767924835,2025-08-14
G0046,2025,3,48673926237,7297307810,4025509620,186349006157,66295576957,2025-11-14
G0046,2025,4,54639600724,10220232206,4941766570,188903065641,67204209906,2026-02-13
G0046,2026,1,45996749746,7390448518,4078025939,192754571870,68574422889,2026-05-14
G0046,2026,2,53154413438,10613469269,5085568558,199407056743,70941112854,2026-08-14
G0047,2023,3,54506743244,3192760363,2628011852,222722119233,117753021708,2023-11-14
G0047,2023,4,62340354352,2687349496,2294059094,223174272663,117992074896,2024-02-14
G0047,2024,1,57068404131,2972704362,2250161408,220260111266,116451359895,2024-05-14
G0047,2024,2,57433335403,4073242895,2605670957,221373768928,117040149887,2024-08-14
G0047,2024,3,56845813232,4042562716,3170620091,223281597208,118048817305,2024-11-14
G0047,2024,4,67019436270,4067303029,2596676501,227188387762,120114334616,2025-02-14
G0047,2025,1,58521563092,2972260491,2615844112,234583277746,124024007547,2025-05-14
G0047,2025,2,66775742902,3550424778,2469454094,238212955357,125943015448,2025-08-14
G0047,2025,3,65223667116,2646592189,2259623718,235427146846,124470160524,2025-11-14
G0047,2025,4,71193838085,5030309570,3634511071,241418524755,127637797647,2026-02-13
G0047,2026,1,57156745952,3257616217,2777061312,238204459302,125938523590,2026-05-14
G0047,2026,2,64714006702,4248688285,2994102721,233159577494,123271298264,2026-08-14
G0048,2023,3,445900301767,29647238295,17063580971,1410243675398,528882827080,2023-11-14
G0048,2023,4,510833467716,26864946465,11315207575,1380675429619,517793865865,2024-02-14
G0048,2024,1,437275551711,26974469524,14028719160,1346940919126,505142432931,2024-05-14
G0048,2024,2,434111973486,40089392966,21062510607,1384255615627,519136540844,2024-08-14
G0048,2024,3,411316031533,35277168756,15694382467,1362718380849,511059444797,2024-11-14
G0048,2024,4,494074602137,32312479031,15268826929,1403446079951,526333528997,2025-02-14
G0048,2025,1,415796350846,27593062343,14024012373,1440033892681,540055034132,2025-05-14
G0048,2025,2,505088379166,40041660266,20010593904,1482773625340,556083690053,2025-08-14
G0048,2025,3,497444069687,39783323029,23586432115,1494092879949,560328743218,2025-11-14
G0048,2025,4,498687983803,30350684485,15110428644,1484589304642,556764623156,2026-02-13
G0048,2026,1,479233032224,31294947885,13496966472,1484321388971,556664146905,2026-05-14
G0048,2026,2,454963149133,33886709739,19580090592,1473944223319,552772404788,2026-08-14
G0049,2023,3,620024503902,229811835675,158702104814,3429688226070,2004708282148,2023-11-14
G0049,2023,4,666953845345,245961904393,152021783061,3423261658417,2000951849332,2024-02-14
G0049,2024,1,542567084839,151805817070,75463261824,3339777653100,1952154096926,2024-05-14
G0049,2024,2,606117414302,232996468772,152168403031,3391362472814,1982306259017,2024-08-14
G0049,2024,3,625571363330,220571162002,147853940260,3418560327819,1998203845500,2024-11-14
G0049,2024,4,694223060807,156438860920,106888728647,3378805281557,1974966377473,2025-02-14
G0049,2025,1,572526486172,185623318137,102634041279,3389605006608,1981278991572,2025-05-14
G0049,2025,2,599407327702,153995702507,85547494067,3353909240923,1960414238746,2025-08-14
G0049,2025,3,560570663384,128409726935,81178744669,3451325955678,2017355885338,2025-11-14
G0049,2025,4,646870751290,221061059612,150352883219,3408569253887,1992363901068,2026-02-13
G0049,2026,1,563867583241,212952088242,117667853591,3430155965467,2004981683396,2026-05-14
G0049,2026,2,552513062432,207520283051,114985505128,3347704177332,1956787278640,2026-08-14
G0050,2023,3,25552455635,4609718870,3646350580,93888329949,36557803334,2023-11-14
G0050,2023,4,26068852572,3529320744,2833880029,92016217339,35828848791,2024-02-14
G0050,2024,1,23799424192,3927485402,3294260483,94975769454,36981225494,2024-05-14
G0050,2024,2,28086076418,4041107381,3717818791,96707295886,37655439242,2024-08-14
G0050,2024,3,25027185352,2615954833,2406678447,97628114169,38013983203,2024-11-14
G0050,2024,4,29072632197,5193248234,4082838058,95556394969,37207306770,2025-02-14
G0050,2025,1,26927284323,4267103074,3809786909,98691619218,38428085876,2025-05-14
G0050,2025,2,27204279630,3272324151,2713154314,98113064887,38202811068,2025-08-14
G0050,2025,3,27259568740,3403640617,2490503924,98546798059,38371696083,2025-11-14
G0050,2025,4,30242691122,4392360689,3899463848,99492040467,38739750197,2026-02-13
G0050,2026,1,25167596602,3543287633,3025665767,101594269724,39558306495,2026-05-14
G0050,2026,2,26843467888,4356033426,3380571818,100897900521,39287157477,2026-08-14
G0051,2023,3,196739474901,9567511656,5902801183,432298946101,244659385150,2023-11-14
G0051,2023,4,218308401364,8907324069,6719348282,440952786647,249557022136,2024-02-14
G0051,2024,1,189174691655,6244282325,4080928599,452041032981,255832409932,2024-05-14
G0051,2024,2,196813800418,6979832080,4849911671,458634689021,259564086465,2024-08-14
G0051,2024,3,195789199894,8116734668,7409606183,470744148684,266417429464,2024-11-14
G0051,2024,4,233800217678,10062480806,8774579041,486639742759,275413533452,2025-02-14
G0051,2025,1,221896576599,7169805928,5518897581,501651708811,283909548576,2025-05-14
G0051,2025,2,243127649928,10199794524,9145236832,515867343595,291954880394,2025-08-14
G0051,2025,3,216772438708,10745817483,6931950461,529667566772,299765110207,2025-11-14
G0051,2025,4,273118109806,9925918269,7430970873,546912074916,309524631478,2026-02-13
G0051,2026,1,218624073542,6583910890,4421587972,543996729765,307874693262,2026-05-14
G0051,2026,2,259659556440,13031967003,10338434810,544498609287,308158731741,2026-08-14
G0052,2023,3,878997240161,88908519318,61539772656,3434093503273,1879542750279,2023-11-14
G0052,2023,4,893322830449,94752232788,67716829144,3359168662643,1838535002270,2024-02-14
G0052,2024,1,808262024947,122115242707,90826040796,3299333064014,1805785874879,2024-05-14
G0052,2024,2,837034087950,138575429046,107515232386,3307979790973,1810518388118,2024-08-14
G0052,2024,3,866186521638,92211069675,69351182657,3367743607246,1843228227701,2024-11-14
G0052,2024,4,1000591044255,140221273696,98795388067,3442846400506,1884333372469,2025-02-14
G0052,2025,1,779973738743,121956971809,67097835728,3394455110240,1857847926249,2025-05-14
G0052,2025,2,872637120833,87518837913,54041704266,3316454891555,1815156967074,2025-08-14
G0052,2025,3,798548982856,123935910398,89686209214,3387257340382,1853908453971,2025-11-14
G0052,2025,4,961725822751,158437049130,111892685626,3445716709512,1885904345560,2026-02-13
G0052,2026,1,831372042421,116079384787,64174108741,3456449710660,1891778715165,2026-05-14
G0052,2026,2,858841958147,148261952784,91609384719,3440415125892,1883002691004,2026-08-14
G0053,2023,3,121665797742,4921254493,3561067114,307876978473,162737249294,2023-11-14
G0053,2023,4,125610116163,5333822225,4322362414,301392996920,159309953990,2024-02-14
G0053,2024,1,108648738934,4624927646,3649483242,311323569639,164559044378,2024-05-14
G0053,2024,2,112095181082,4482460404,3374689161,307356466409,162462117643,2024-08-14
G0053,2024,3,122444094287,6819991943,4583911386,310730336825,164245474078,2024-11-14
G0053,2024,4,129537154895,7499706316,4902714889,307391438715,162480603263,2025-02-14
G0053,2025,1,110563358676,3554067350,2995687492,306231619632,161867547463,2025-05-14
G0053,2025,2,115923873088,6278350048,4987798203,309232157002,163453567959,2025-08-14
G0053,2025,3,114677012505,5088125078,3244211761,314999228549,166501919819,2025-11-14
G0053,2025,4,141841568828,4590995471,3656312755,310417805956,164080276881,2026-02-13
G0053,2026,1,110315360817,5621289898,3319609803,306394967033,161953889439,2026-05-14
G0053,2026,2,124896821364,4601918647,3999228588,308790635647,163220189123,2026-08-14
G0054,2023,3,111715186136,45694033008,23827013984,557186596581,298734247314,2023-11-14
G0054,2023,4,125776394672,45449426693,28478378797,561595096856,301097854083,2024-02-14
G0054,2024,1,107348373640,32443661322,18515016998,567134882789,304067996924,2024-05-14
G0054,2024,2,116594451521,49155067531,26201425309,585332260698,313824477116,2024-08-14
G0054,2024,3,111281314454,28305952279,15485774359,602143401115,322837729427,2024-11-14
G0054,2024,4,121395914340,44954940932,28419366420,600652023356,322038130845,2025-02-14
G0054,2025,1,115500855739,35362522648,19467654416,610655039828,327401223954,2025-05-14
G0054,2025,2,121795785499,31863349852,22174615659,595706803981,319386763427,2025-08-14
G0054,2025,3,116430703352,44597238144,25382549707,597068924998,320117061319,2025-11-14
G0054,2025,4,130782018295,39145102920,21708978028,601541208984,322514865571,2026-02-13
G0054,2026,1,104967280598,38530586593,21137208029,600362105816,321882692257,2026-05-14
G0054,2026,2,114880630800,39112584811,22609012779,611357702430,327777954810,2026-08-14
G0055,2023,3,53871532890,4356832366,2235121771,198692044017,115231682508,2023-11-14
G0055,2023,4,63759542062,5621240344,2904042907,204994186832,118886617579,2024-02-14
G0055,2024,1,52619281178,3103818315,1483175738,199945415784,115958576925,2024-05-14
G0055,2024,2,54865154318,4278851224,2615111526,195654511999,113470062273,2024-08-14
G0055,2024,3,55436375187,3491696254,1917953017,196419599078,113913775417,2024-11-14
G0055,2024,4,62502134271,4375111740,2396176957,194054114506,112541909883,2025-02-14
G0055,2025,1,55848902847,3857933766,2348432100,199810799610,115880506118,2025-05-14
G0055,2025,2,57645291849,4646734815,2453355475,200533480818,116299625927,2025-08-14
G0055,2025,3,57601199165,2863442467,1569376085,198082551894,114878206841,2025-11-14
G0055,2025,4,61037204280,3392739599,2205949883,201317862935,116754529250,2026-02-13
G0055,2026,1,53354227177,4627215587,2825112569,204486086525,118591944214,2026-05-14
G0055,2026,2,56965763683,5145850087,3284701518,200894599476,116509057114,2026-08-14
G0056,2023,3,114837381421,7810625021,4797920248,321078340307,161490640409,2023-11-14
G0056,2023,4,145737124576,8712679231,6572519420,331820721640,166893664603,2024-02-14
G0056,2024,1,119285847055,9642061583,7667782984,329314463725,165633108705,2024-05-14
G0056,2024,2,129577727444,6834095427,4795260161,332760047445,167366111065,2024-08-14
G0056,2024,3,127986793326,11368284493,8403037904,338409664969,170207661670,2024-11-14
G0056,2024,4,135111023149,11164219112,6766542357,336539706424,169267141039,2025-02-14
G0056,2025,1,125120180657,8089721082,6432405860,331448977983,166706691165,2025-05-14
G0056,2025,2,130600723854,8825221151,5527398690,342192736628,172110408097,2025-08-14
G0056,2025,3,140957760442,9190629709,5226824448,348667908143,175367182109,2025-11-14
G0056,2025,4,139410593512,7670012090,4675956130,350210280525,176142938903,2026-02-13
G0056,2026,1,134538621497,11489007666,8079614363,346568460315,174311236779,2026-05-14
G0056,2026,2,134338532241,11478743769,7232876152,347934213733,174998160705,2026-08-14
G0057,2023,3,32736089714,4144416554,2861445730,147160483191,86574641396,2023-11-14
G0057,2023,4,36620381402,2950025764,1571471923,145264363501,85459152518,2024-02-14
G0057,2024,1,34127838751,4048602768,2710255467,144404031755,84953018597,2024-05-14
G0057,2024,2,36154899334,4874040377,3476216773,144686904673,85119432983,2024-08-14
G0057,2024,3,35222542109,4710021003,2963824617,146591426638,86239864926,2024-11-14
G0057,2024,4,37681394691,4904154952,3200005195,142921623125,84080916299,2025-02-14
G0057,2025,1,32895044338,3881134110,2733319086,143990863664,84709951446,2025-05-14
G0057,2025,2,33775529669,2594793280,1719480987,148086670840,87119518402,2025-08-14
G0057,2025,3,32043499510,4103599043,2771325323,144716847722,85137048505,2025-11-14
G0057,2025,4,39503315655,4208016433,2570122826,147308764836,86661875617,2026-02-13
G0057,2026,1,35261810568,4765511705,3705589906,144497699898,85008123648,2026-05-14
G0057,2026,2,33358552810,4154137885,3235891647,144083040047,84764178894,2026-08-14
G0058,2023,3,118643949460,20120985319,13229297574,364032057739,161051131604,2023-11-14
G0058,2023,4,131888097653,19204969580,17668572014,374386374142,165631976445,2024-02-14
G0058,2024,1,114516327932,18303534867,13040153442,366404646271,162100786599,2024-05-14
G0058,2024,2,110072685288,17990660201,15852125920,361097634238,159752915649,2024-08-14
G0058,2024,3,116746000200,13757016770,11713334536,359404875571,159004023641,2024-11-14
G0058,2024,4,126938535686,17069463405,12098697368,362806200934,160508801275,2025-02-14
G0058,2025,1,110734273187,17168062307,15254055276,357261402786,158055731560,2025-05-14
G0058,2025,2,103703802467,22021566769,16381804780,352350499562,155883102791,2025-08-14
G0058,2025,3,104367802661,16687606049,12505759902,349446970241,154598554706,2025-11-14
G0058,2025,4,115618560004,20860455583,18219067084,358255565406,158495558249,2026-02-13
G0058,2026,1,106432613822,17125865947,12883381344,363940138419,161010465651,2026-05-14
G0058,2026,2,114561050990,22666078464,16460163126,374367213782,165623499725,2026-08-14
G0059,2023,3,41636295259,5243073318,3199185760,131764662768,83386891554,2023-11-14
G0059,2023,4,45800482301,4073737559,3110138241,128507523676,81325620357,2024-02-14
G0059,2024,1,38192994072,5086528508,4377625192,130231765348,82416801788,2024-05-14
G0059,2024,2,39487076285,4780949315,3185094320,128409645705,81263678562,2024-08-14
G0059,2024,3,38386685701,4786610154,3922721188,125820672004,79625253929,2024-11-14
G0059,2024,4,48288956738,5271438561,3774066173,127026223910,80388184019,2025-02-14
G0059,2025,1,39057788710,4306347993,3311242194,124079215641,78523178229,2025-05-14
G0059,2025,2,41533579203,3785790266,2865736263,124105010685,78539502549,2025-08-14
G0059,2025,3,40278154926,4999294691,3531989401,124232001783,78619868504,2025-11-14
G0059,2025,4,47159506916,3783841847,2621604800,127894719753,80937809140,2026-02-13
G0059,2026,1,38342961795,3641773436,3188022276,131736226403,83368895682,2026-05-14
G0059,2026,2,42876154900,3272161243,2192771982,132421503740,83802571493,2026-08-14
G0060,2023,3,458352636022,34811240808,32026341544,2220547782884,1248341124698,2023-11-14
G0060,2023,4,504847426758,44796707573,41212970967,2211553170267,1243284559414,2024-02-14
G0060,2024,1,414494178652,35193153583,32377701296,2171885934474,1220984547622,2024-05-14
G0060,2024,2,459141114518,38265303281,35204079019,2234224079555,1256029625572,2024-08-14
G0060,2024,3,487407012853,45215373863,41598143954,2188379439963,1230256818794,2024-11-14
G0060,2024,4,531584572981,39291676197,36148342101,2137451457165,1201626272847,2025-02-14
G0060,2025,1,460055208722,25285842793,19876584969,2206656855458,1240531963328,2025-05-14
G0060,2025,2,486830458993,27170543784,19543829707,2273013988724,1277836424422,2025-08-14
G0060,2025,3,466124275604,28980350753,26661922693,2342442610204,1316867605869,2025-11-14
G0060,2025,4,528035628140,31541979822,29018621436,2363710610731,1328823988840,2026-02-13
G0060,2026,1,483059198957,40823225211,30883215623,2426364544129,1364046595751,2026-05-14
G0060,2026,2,525740948632,31928641817,24885013836,2426397600302,1364065179175,2026-08-14
G0061,2023,3,18938118305,1293855718,949543631,72202161181,40757754081,2023-11-14
G0061,2023,4,23016876309,1403269829,1234516392,74605559668,42114460347,2024-02-14
G0061,2024,1,20577924877,1284880722,1158748489,75354339690,42537142874,2024-05-14
G0061,2024,2,21682711865,1172118139,889129472,75688424673,42725732154,2024-08-14
G0061,2024,3,20695891477,1261857597,1124536063,76733996862,43315952356,2024-11-14
G0061,2024,4,23685367594,2054564921,1890199727,75952491769,42874796691,2025-02-14
G0061,2025,1,19124027049,1004277602,731922818,74500983657,42055427718,2025-05-14
G0061,2025,2,20478069088,1832630351,1485956020,75584135368,42666861370,2025-08-14
G0061,2025,3,19410158939,1093543485,954807015,75524397194,42633139473,2025-11-14
G0061,2025,4,22666027216,1684521223,1224429316,75480957807,42608618160,2026-02-13
G0061,2026,1,19216452608,1708730900,1369615752,74049661555,41800658679,2026-05-14
G0061,2026,2,19703706352,1643266737,1392584028,75747929191,42759322153,2026-08-14
G0062,2023,3,10581802913,1446729334,1330990987,80256938966,30539578889,2023-11-14
G0062,2023,4,11935573304,1786374115,1240427357,79677421258,30319059306,2024-02-14
G0062,2024,1,10264259641,1565976858,1212686085,81344423910,30953391485,2024-05-14
G0062,2024,2,10519626311,1340853282,1233585020,82338422966,31331630588,2024-08-14
G0062,2024,3,11050469966,1754695134,1582193435,85167235868,32408057821,2024-11-14
G0062,2024,4,13213196125,1905197953,1752782117,85226243254,32430511465,2025-02-14
G0062,2025,1,11470392480,1879135398,1311508220,87658174952,33355916432,2025-05-14
G0062,2025,2,11873817472,1700164059,1353140628,86927280838,33077794705,2025-08-14
G0062,2025,3,11399641630,1827412818,1315333746,87995159615,33484146711,2025-11-14
G0062,2025,4,13511638598,1478320185,1247151670,86671431001,32980438061,2026-02-13
G0062,2026,1,11663436334,2169702982,1725455096,88176641360,33553204616,2026-05-14
G0062,2026,2,12550567619,1494163489,1196651355,87399013946,33257299813,2026-08-14
G0063,2023,3,30451206125,2060592212,1645672433,104735390376,47379379855,2023-11-14
G0063,2023,4,34724921753,2233457324,1783966069,107680494745,48711663223,2024-02-14
G0063,2024,1,29063895780,1866240302,1716941078,106184143279,48034755406,2024-05-14
G0063,2024,2,29493938261,1810390575,1197265525,108365996792,49021765298,2024-08-14
G0063,2024,3,27996238151,1448943341,1227790056,107193551735,48491383738,2024-11-14
G0063,2024,4,33966593223,1545233667,1421614974,108181549530,48938326483,2025-02-14
G0063,2025,1,30281981173,2052977591,1623185270,107210769166,48499172426,2025-05-14
G0063,2025,2,32782036731,1913625011,1287053409,109135870329,49370034691,2025-08-14
G0063,2025,3,29090387671,1423693406,987052095,108521932403,49092306235,2025-11-14
G0063,2025,4,35224475966,2061463899,1358386156,110812212906,50128365484,2026-02-13
G0063,2026,1,30271542142,1537057236,1284242136,111738243782,50547276117,2026-05-14
G0063,2026,2,31944700005,1660207901,1265102428,110997727597,50212287175,2026-08-14
G0064,2023,3,50325825428,9600218937,5612316821,465291614744,279186544253,2023-11-14
G0064,2023,4,51786297223,12018005332,6902296088,457254917505,274364325974,2024-02-14
G0064,2024,1,51556819012,11010701294,7704762958,472699193813,283631275977,2024-05-14
G0064,2024,2,49192586589,9862524297,6987188952,488407869387,293056872118,2024-08-14
G0064,2024,3,54386043599,10195493270,8182718231,501562018248,300949688681,2024-11-14
G0064,2024,4,59806706374,12038840391,8925818559,507757472506,304667115365,2025-02-14
G0064,2025,1,53410880779,13545584218,9426042371,516634561240,309993589447,2025-05-14
G0064,2025,2,59343726624,12918927746,9002113741,522838370334,313716029240,2025-08-14
G0064,2025,3,57440817153,9219287978,5598117970,524398948486,314652414955,2025-11-14
G0064,2025,4,64282640660,13205948585,10076463030,522670670791,313615405342,2026-02-13
G0064,2026,1,49871586723,6954635822,4627935513,521556047085,312946603389,2026-05-14
G0064,2026,2,58673233725,10446641368,6331294900,536548935564,321942709466,2026-08-14
G0065,2023,3,31373246211,4639766799,3197548274,111849126799,73170078948,2023-11-14
G0065,2023,4,32835310320,4167961400,2659354201,111082724119,72668709414,2024-02-14
G0065,2024,1,27657655369,3551652898,2373390304,113561337148,74290182162,2024-05-14
G0065,2024,2,29387661985,4462587424,3089588653,114324063512,74789146704,2024-08-14
G0065,2024,3,30665165364,3428391504,2634249687,114928227175,75184381822,2024-11-14
G0065,2024,4,32538528736,4744807718,3222597819,114236323967,74731748764,2025-02-14
G0065,2025,1,27999685146,4389780422,2761778634,112865708992,73835112297,2025-05-14
G0065,2025,2,31696851036,3261118839,2550667830,111494298667,72937955523,2025-08-14
G0065,2025,3,28312289646,4394401481,3683818247,110805776048,72487533997,2025-11-14
G0065,2025,4,35156144190,5975798664,5172283140,113620276042,74328739133,2026-02-13
G0065,2026,1,29302173446,3413840146,2073620625,115863900600,75796485827,2026-05-14
G0065,2026,2,31467470596,5556803172,4408711768,114357365630,74810932467,2026-08-14
G0066,2023,3,70165192410,4223939172,3831404720,205097149730,131437061990,2023-11-14
G0066,2023,4,78462534131,3958955710,2939273571,205006301164,131378841441,2024-02-14
G0066,2024,1,68253182578,4039431564,3563365451,211424676839,135492074817,2024-05-14
G0066,2024,2,72428748818,3940706951,2507735933,215406038643,138043541275,2024-08-14
G0066,2024,3,73445637768,5040555010,3999043239,218491870572,140021104996,2024-11-14
G0066,2024,4,80606594016,4268405432,3112298525,220443467659,141271791257,2025-02-14
G0066,2025,1,79064569447,4875561184,4461732523,225624592430,144592129050,2025-05-14
G0066,2025,2,80740458514,4424417162,4065016185,228212912475,146250860938,2025-08-14
G0066,2025,3,71271248704,5406614831,4002637096,223747856482,143389417753,2025-11-14
G0066,2025,4,88610067054,5974254000,3902995179,224591766660,143930239868,2026-02-13
G0066,2026,1,68264275781,5019294931,3279194005,218968528453,140326572485,2026-05-14
G0066,2026,2,73435659386,5590386436,4747620625,216697597957,138871240548,2026-08-14
G0067,2023,3,1045225922108,93179231677,60978683804,3757513567865,1401600218777,2023-11-14
G0067,2023,4,1160585740998,72579940501,51756788786,3755359820504,1400796843695,2024-02-14
G0067,2024,1,987380084669,92243669578,68164748608,3723675961195,1388978362314,2024-05-14
G0067,2024,2,1172541449307,111419136216,77705785688,3846293133328,1434716122719,2024-08-14
G0067,2024,3,1129528749313,108683309725,67339113094,3807865801782,1420382240665,2024-11-14
G0067,2024,4,1182311606707,103112868305,67502714688,3775871265207,1408447872723,2025-02-14
G0067,2025,1,1014748843231,85726049706,60425259705,3806509176198,1419876202115,2025-05-14
G0067,2025,2,1159058568670,87948861886,58489763399,3928376093811,1465334108069,2025-08-14
G0067,2025,3,1112353064375,97040518156,59671554268,3856974233915,1438700308711,2025-11-14
G0067,2025,4,1262015056951,93861190731,62744279530,3805069604897,1419339223761,2026-02-13
G0067,2026,1,970984308324,90702658443,53852895403,3834285317117,1430237054973,2026-05-14
G0067,2026,2,1018141476627,101601402743,66556420263,3767640899839,1405377842052,2026-08-14
G0068,2023,3,8341511590,748750247,688850228,31818447777,16905679811,2023-11-14
G0068,2023,4,9189997172,770964440,635927268,32541098301,17289636265,2024-02-14
G0068,2024,1,8214822589,605966613,536463846,31940152144,16970343401,2024-05-14
G0068,2024,2,8087227112,750302301,690278117,31839225847,16916719551,2024-08-14
G0068,2024,3,8859049606,630555933,497959844,32255361590,17137819514,2024-11-14
G0068,2024,4,9510364084,1104600964,974188145,33316514793,17701628171,2025-02-14
G0068,2025,1,9128783729,630965901,560250365,34238664549,18191581943,2025-05-14
G0068,2025,2,8942725420,735539303,588236239,35270422418,18739772360,2025-08-14
G0068,2025,3,9077996433,703909446,480994320,36401046013,19340491812,2025-11-14
G0068,2025,4,11067383964,914246115,676549849,37262874294,19798395763,2026-02-13
G0068,2026,1,8985151313,1026979996,944821596,36951736035,19633082740,2026-05-14
G0068,2026,2,9434492007,643680456,480666541,37350061305,19844719698,2026-08-14
G0069,2023,3,680198204954,105146819597,93927295467,6090218223645,2904469793020,2023-11-14
G0069,2023,4,723219764477,133613229813,111490410647,5977048442424,2850498293319,2024-02-14
G0069,2024,1,557374266609,70256798405,53076814992,5839699857105,2784995744391,2024-05-14
G0069,2024,2,665006217707,72597156316,50552793015,5810857027455,2771240387130,2024-08-14
G0069,2024,3,595639375172,104259094230,83184476905,5783985733031,2758425269496,2024-11-14
G0069,2024,4,735205581425,83340271161,76673049468,5985119219480,2854347306163,2025-02-14
G0069,2025,1,583983920245,68817567993,61172994828,5996493074568,2859771581175,2025-05-14
G0069,2025,2,691269072124,108536546880,90151706973,6113061137638,2915363746445,2025-08-14
G0069,2025,3,597570819361,84104446665,70208060353,6006322696237,2864459399931,2025-11-14
G0069,2025,4,711597592395,131399672376,120887698586,6082818233778,2900940683512,2026-02-13
G0069,2026,1,611826853802,83122865503,60634123708,6191463873555,2952754586937,2026-05-14
G0069,2026,2,666733412503,126976283097,100335592793,6225250250199,2968867558061,2026-08-14
G0070,2023,3,273028656977,25873382204,13876583549,933774330347,434659512104,2023-11-14
G0070,2023,4,276281382341,22795031182,8762198281,924244148129,430223339232,2024-02-14
G0070,2024,1,276909470801,26663822481,12122522072,944791958297,439788071150,2024-05-14
G0070,2024,2,269313763273,23690039361,11820035748,921697776080,429038036962,2024-08-14
G0070,2024,3,276735194546,27054009044,11436277604,923897683091,430062064371,2024-11-14
G0070,2024,4,304241179049,25272496927,12512123610,944393691670,439602683341,2025-02-14
G0070,2025,1,258313426742,23427334889,10445356041,933088184030,434340120133,2025-05-14
G0070,2025,2,288866112602,18737114509,8956900151,963340827328,448422322597,2025-08-14
G0070,2025,3,273473937486,17583892383,6605738093,963502974767,448497800070,2025-11-14
G0070,2025,4,327590324201,31586246816,12563440553,990897208104,461249450774,2026-02-13
G0070,2026,1,264758238068,21204615352,9788788637,982306161923,457250433217,2026-05-14
G0070,2026,2,293124358790,20154899361,7510651621,957918598435,445898347276,2026-08-14
G0071,2023,3,10715616197,1344735938,761456752,46303191877,18377932276,2023-11-14
G0071,2023,4,12274211368,1548395024,793881123,46633052262,18508855255,2024-02-14
G0071,2024,1,10716936135,1543821428,1062029737,45924268445,18227535966,2024-05-14
G0071,2024,2,11003746461,1088859362,739693625,45378311307,18010843274,2024-08-14
G0071,2024,3,11228921762,1091946831,591637265,46129889989,18309148025,2024-11-14
G0071,2024,4,12931195264,2061382948,1336788570,46198616797,18336425985,2025-02-14
G0071,2025,1,11611139307,1257785499,828930627,46879055360,18606494922,2025-05-14
G0071,2025,2,11528665563,1105455358,636216469,46050603873,18277679031,2025-08-14
G0071,2025,3,10959540172,1384165026,927636868,46614057843,18501316289,2025-11-14
G0071,2025,4,12176614249,1454934678,866668639,45679880740,18130537454,2026-02-13
G0071,2026,1,11118504348,1608246468,1013352271,45712616604,18143530457,2026-05-14
G0071,2026,2,11311794514,1396699600,689284914,46314694505,18382497717,2026-08-14
G0072,2023,3,7174514762,636231287,585332784,28873527502,17996585309,2023-11-14
G0072,2023,4,8156728255,960260766,814148609,29765459972,18552518033,2024-02-14
G0072,2024,1,7745603854,615678349,529815439,30474839451,18994667276,2024-05-14
G0072,2024,2,7867766309,765594535,525361772,30069906886,18742276796,2024-08-14
G0072,2024,3,8199373079,734229522,653215764,30845414187,19225642858,2024-11-14
G0072,2024,4,8833333297,634662838,478884900,30562922122,19049568337,2025-02-14
G0072,2025,1,7547390239,923716707,638408349,30303149546,18887654649,2025-05-14
G0072,2025,2,7653413969,718448685,660972790,31177529636,19432647147,2025-08-14
G0072,2025,3,8347731185,969218169,838433238,31147661625,19414030710,2025-11-14
G0072,2025,4,9682713361,1234216415,1135479102,32196855721,20067983056,2026-02-13
G0072,2026,1,7558682852,760674844,638208828,31689984056,19752054939,2026-05-14
G0072,2026,2,8293510047,963180953,779926301,31128642314,19402176161,2026-08-14
G0073,2023,3,406534653641,54507544924,45250046943,1401034039984,611343006957,2023-11-14
G0073,2023,4,487847778680,64761295519,59580391877,1438226997385,627572201798,2024-02-14
G0073,2024,1,420148067740,66853852383,50467860673,1480299378194,645930539326,2024-05-14
G0073,2024,2,442501344192,59004322940,46979568462,1453215085567,634112273372,2024-08-14
G0073,2024,3,457017229628,71008267353,65327605965,1491860926018,650975435603,2024-11-14
G0073,2024,4,440711603660,58182883972,37976314813,1455414208724,635071863592,2025-02-14
G0073,2025,1,423404408323,41586624521,29175594014,1419218843483,619277969373,2025-05-14
G0073,2025,2,452278701945,43975121758,38193468079,1444746600637,630417039070,2025-08-14
G0073,2025,3,406732048127,71125510805,50636700877,1425925292434,622204337007,2025-11-14
G0073,2025,4,450194772900,68199041560,53847285267,1473100187161,642789163051,2026-02-13
G0073,2026,1,432138533463,63795172013,54208849148,1496542413448,653018208670,2026-05-14
G0073,2026,2,470675739627,62457220758,55044428954,1526950816275,666286954389,2026-08-14
G0074,2023,3,14792709840,3133356257,2012713040,140414889891,88776657782,2023-11-14
G0074,2023,4,16460871149,3103846585,2146363537,138773927392,87739166912,2024-02-14
G0074,2024,1,15581636461,2989825531,2141092270,143482164925,90715928084,2024-05-14
G0074,2024,2,16652963546,2703045923,1944269416,140204570593,88643684388,2024-08-14
G0074,2024,3,14636166905,2021408244,1729825996,140656374890,88929335544,2024-11-14
G0074,2024,4,17404887946,2671433538,1666892367,140515349225,88840172726,2025-02-14
G0074,2025,1,16161478841,3023190986,1778497259,143112621583,90482286034,2025-05-14
G0074,2025,2,17475706301,2280333414,1909545210,144202264164,91171207462,2025-08-14
G0074,2025,3,16663776659,2222410339,1317982288,146957155690,92912974752,2025-11-14
G0074,2025,4,18490298185,4324992004,2947642366,146786000373,92804762603,2026-02-13
G0074,2026,1,17051691783,2973368025,1795017476,148024168842,93587588830,2026-05-14
G0074,2026,2,17279345165,2884692658,1779903549,146919889704,92889413507,2026-08-14
G0075,2023,3,233771089140,19444482915,15640045276,1085850218161,535584416930,2023-11-14
G0075,2023,4,254587955856,18897563685,11620568814,1086239908704,535776627770,2024-02-14
G0075,2024,1,222044297438,20137058262,12425532166,1081263355420,533321994208,2024-05-14
G0075,2024,2,239534953908,23704447302,17116511130,1118196501017,551538887218,2024-08-14
G0075,2024,3,230717434745,16727393244,14652567633,1133246700693,558962242929,2024-11-14
G0075,2024,4,254251267894,18824714061,12014829524,1133272125175,558974783293,2025-02-14
G0075,2025,1,239553063524,25432870898,22114592182,1142550620347,563551305306,2025-05-14
G0075,2025,2,256507641217,19623773849,12400516419,1179538058838,581794977727,2025-08-14
G0075,2025,3,233754544596,16836621138,12868747001,1163830568456,574047420157,2025-11-14
G0075,2025,4,273505201476,19845468436,12161753987,1148633917005,566551828619,2026-02-13
G0075,2026,1,224512517487,17732355614,11330308597,1158472774178,571404743407,2026-05-14
G0075,2026,2,248081455867,19426384646,15143865972,1176436397675,580265115359,2026-08-14
G0076,2023,3,64654920313,5676538333,3728787673,242860245107,87879498107,2023-11-14
G0076,2023,4,75921696708,5971710686,3473938910,238030118400,86131706448,2024-02-14
G0076,2024,1,62882455500,7637622112,4971555360,241227671111,87288747722,2024-05-14
G0076,2024,2,68254975432,7088689586,4167280688,243685033786,88177949651,2024-08-14
G0076,2024,3,65427243339,6622014761,3136533238,241209267052,87282088174,2024-11-14
G0076,2024,4,80057303450,6827165156,4192037254,240343687440,86968876344,2025-02-14
G0076,2025,1,62719972201,5802111932,2909942676,236537106281,85591456826,2025-05-14
G0076,2025,2,69461496862,6801912591,3210567858,241108726006,87245707182,2025-08-14
G0076,2025,3,66242555645,8928966424,4168835772,238107088990,86159558420,2025-11-14
G0076,2025,4,76523310776,6129312892,3692252945,243081403485,87959524739,2026-02-13
G0076,2026,1,66118178488,6712133651,3729583392,239779634788,86764772687,2026-05-14
G0076,2026,2,68388495878,9216677449,4306201519,243144156003,87982231871,2026-08-14
G0077,2023,3,42160875036,8210694657,5725323386,275583577669,116508819434,2023-11-14
G0077,2023,4,51823879149,12048152808,10331421723,280373712818,118533950960,2024-02-14
G0077,2024,1,42782249492,12703621865,11687332115,279781809786,118283711363,2024-05-14
G0077,2024,2,46290114020,14121955153,12148349773,277972595304,117518827456,2024-08-14
G0077,2024,3,46834367694,12568842622,11563335212,278838860872,117885059652,2024-11-14
G0077,2024,4,47538479200,9494714031,8735136909,280872188447,118744692135,2025-02-14
G0077,2025,1,41851181698,10929065683,7847297485,285385348648,120652726610,2025-05-14
G0077,2025,2,48288291511,14915749714,13291398511,292129257537,123503857544,2025-08-14
G0077,2025,3,49671868549,14430468848,13276031340,295466361328,124914689155,2025-11-14
G0077,2025,4,50782954137,10161641389,7075087440,299190245992,126489040608,2026-02-13
G0077,2026,1,45620252200,9077219372,6332280223,296234978613,125239638462,2026-05-14
G0077,2026,2,51594682232,16085756844,13123148579,302002208148,127677857423,2026-08-14
G0078,2023,3,27305111644,3558993014,2356169613,110628663153,41104467646,2023-11-14
G0078,2023,4,29387353727,4448508329,3571086266,112972093970,41975177582,2024-02-14
G0078,2024,1,24840118891,3643025690,2479171120,116536832372,43299668633,2024-05-14
G0078,2024,2,29381533708,4268735759,2599933297,117018809466,43478748912,2024-08-14
G0078,2024,3,26182400378,2856853804,2308576821,118372681697,43981784886,2024-11-14
G0078,2024,4,30900787736,3029166814,2646303754,120416273331,44741088522,2025-02-14
G0078,2025,1,27125906988,4031773330,2996262018,122394664532,45476166709,2025-05-14
G0078,2025,2,30659253252,4223436320,2809810508,120642606173,44825183283,2025-08-14
G0078,2025,3,27347241293,4083414417,2963073049,122821690902,45634829853,2025-11-14
G0078,2025,4,29963432249,3468810562,2680364021,121963516198,45315972034,2026-02-13
G0078,2026,1,25430562076,3616580918,2243637773,120469657371,44760923549,2026-05-14
G0078,2026,2,28042023263,3780075798,2545769353,117633167582,43707015824,2026-08-14
G0079,2023,3,275357340518,15891913908,7950204684,1285899827860,720236022968,2023-11-14
G0079,2023,4,346860895706,17838448401,11676702711,1330299864608,745104605414,2024-02-14
G0079,2024,1,308613935416,20318000328,12412875953,1348755769143,755441808200,2024-05-14
G0079,2024,2,308178917577,21977986821,13659952690,1315337177262,736723963164,2024-08-14
G0079,2024,3,307504823277,21812434858,11813970608,1302853833562,729732008095,2024-11-14
G0079,2024,4,330701844296,17645142291,8901601434,1302881771602,729747656268,2025-02-14
G0079,2025,1,309700885902,21331447803,11724498611,1336935167163,748821056587,2025-05-14
G0079,2025,2,323928586863,21146496443,13318982867,1364743879764,764396792841,2025-08-14
G0079,2025,3,299896412490,14851010491,9147265482,1385241932676,775877808538,2025-11-14
G0079,2025,4,362306727041,26640274163,14011482975,1365679472752,764920821041,2026-02-13
G0079,2026,1,298500864090,14705407146,8177769547,1363085360969,763467851911,2026-05-14
G0079,2026,2,308511833919,20740752370,9907348255,1390611057649,778885070171,2026-08-14
G0080,2023,3,10087073601,3782119402,1966935272,62994317369,25203121798,2023-11-14
G0080,2023,4,12181832062,2872968823,2017684313,63983171375,25598748086,2024-02-14
G0080,2024,1,10322707913,2442412267,1596162432,64952986675,25986757261,2024-05-14
G0080,2024,2,11783599114,4935031084,3575961513,67194489954,26883550536,2024-08-14
G0080,2024,3,10536598593,2738056370,1966003249,66841043741,26742141781,2024-11-14
G0080,2024,4,12299707617,4344017175,2790691127,67810408800,27129970822,2025-02-14
G0080,2025,1,10983619812,3888716602,2093535836,68769297536,27513608436,2025-05-14
G0080,2025,2,11140299078,3837202458,2711648757,68440449741,27382041155,2025-08-14
G0080,2025,3,11481662757,4600511651,2948843297,66811386855,26730276487,2025-11-14
G0080,2025,4,12868101385,3511491864,2145637455,66347404274,26544643719,2026-02-13
G0080,2026,1,10564929249,3330047886,2035506005,64729586337,25897377994,2026-05-14
G0080,2026,2,11230014639,3794168526,2503434860,66252193079,26506551087,2026-08-14
G0081,2023,3,369857135231,14642728377,10095272507,1041293999650,507050282530,2023-11-14
G0081,2023,4,420001351625,19178509671,12974000959,1056994708856,514695624807,2024-02-14
G0081,2024,1,356449529567,12386305952,8414237104,1071727377717,521869587119,2024-05-14
G0081,2024,2,403718999187,12192219727,6197758667,1099965550289,535619952900,2024-08-14
G0081,2024,3,365400327690,17053574143,9885403551,1124478288572,547556246469,2024-11-14
G0081,2024,4,462273233891,20589729475,12226085291,1161701806265,565681958486,2025-02-14
G0081,2025,1,410188256431,18450990967,12507785234,1168602774356,569042333003,2025-05-14
G0081,2025,2,400274820056,18780710905,12976712262,1196513008130,582633011452,2025-08-14
G0081,2025,3,423646583453,12173044885,5985135027,1188127958345,578549974516,2025-11-14
G0081,2025,4,447426964073,17912049159,9482725748,1201157239345,584894484918,2026-02-13
G0081,2026,1,418565176298,13263388189,7613062497,1233990305008,600882299335,2026-05-14
G0081,2026,2,436192840123,18377371214,12636830263,1236205050661,601960753076,2026-08-14
G0082,2023,3,73557959007,4588693357,2627113751,247008525132,149115636386,2023-11-14
G0082,2023,4,87372400844,6090959212,3457822470,244605920338,147665217043,2024-02-14
G0082,2024,1,77432607648,4776879967,2945896001,248559386745,150051870131,2024-05-14
G0082,2024,2,82847720058,4387784009,2152502480,248058202796,149749312300,2024-08-14
G0082,2024,3,73564743576,3620745932,2481481296,245006904141,147907285429,2024-11-14
G0082,2024,4,83628104725,5720173555,3190574117,248505125457,150019113341,2025-02-14
G0082,2025,1,82988174898,3602754257,2216692602,256662805524,154943792170,2025-05-14
G0082,2025,2,81098063157,6051241256,3795685348,258184333760,155862317760,2025-08-14
G0082,2025,3,79050924229,5434769714,3588443633,256916968146,155097226637,2025-11-14
G0082,2025,4,83705157428,4234668153,2210525213,251665824282,151927183584,2026-02-13
G0082,2026,1,80577536770,4601317585,2524606017,249560206251,150656051049,2026-05-14
G0082,2026,2,77007139837,5793768243,4120290692,246016704841,148516888170,2026-08-14
G0083,2023,3,249764962395,103556984659,80269838125,1213679381508,816492897559,2023-11-14
G0083,2023,4,259151261293,67768887758,48343271543,1191834130829,801796683470,2024-02-14
G0083,2024,1,215432589286,76162841390,53581347434,1163873030610,782986081523,2024-05-14
G0083,2024,2,235152505378,67293762928,43975765381,1176148939914,791244599309,2024-08-14
G0083,2024,3,226312914187,80485257970,57303369976,1187703580541,799017889479,2024-11-14
G0083,2024,4,262736275572,77594365677,43264143764,1196006365532,804603520312,2025-02-14
G0083,2025,1,216505627845,64630155429,37321258282,1178619184187,792906435981,2025-05-14
G0083,2025,2,242580563752,73240137399,45978129571,1201575045609,808349804381,2025-08-14
G0083,2025,3,231144151548,88076955418,55091002762,1180639744495,794265751436,2025-11-14
G0083,2025,4,251671153963,73518374732,47254765574,1201750886207,808468099708,2026-02-13
G0083,2026,1,230716409356,93467024983,65669104764,1184561640084,796904174682,2026-05-14
G0083,2026,2,218950265169,60909881740,39146946534,1156968316536,778340991488,2026-08-14
G0084,2023,3,9590282408,537888812,353069417,36237128063,15519821332,2023-11-14
G0084,2023,4,12192135559,759643600,450140225,37172599657,15920469859,2024-02-14
G0084,2024,1,9526189593,573125050,390509381,37063249760,15873636930,2024-05-14
G0084,2024,2,10778153523,587779184,366793014,37061195690,15872757202,2024-08-14
G0084,2024,3,9938708076,631733823,523490724,37541553784,16078487407,2024-11-14
G0084,2024,4,12255811953,481046219,368994737,37740601547,16163736594,2025-02-14
G0084,2025,1,9921525205,387883228,274651136,38535424050,16504147215,2025-05-14
G0084,2025,2,11130249024,474995741,352278388,39202888258,16790012177,2025-08-14
G0084,2025,3,11497859448,514446534,347444251,40332669681,17273880705,2025-11-14
G0084,2025,4,12689165725,494813443,364095073,40469582780,17332518543,2026-02-13
G0084,2026,1,11628108235,569581195,449400171,41193544398,17642580503,2026-05-14
G0084,2026,2,12162286433,511671623,439031179,41778443641,17893084123,2026-08-14
G0085,2023,3,98868007031,5439238434,2925981250,271767337172,115675432521,2023-11-14
G0085,2023,4,103886165159,6214079456,3721189352,274042823133,116643973573,2024-02-14
G0085,2024,1,92150758656,5944124332,2556298341,282760184588,120354443592,2024-05-14
G0085,2024,2,93922989976,6803194051,3344738451,281110620881,119652320971,2024-08-14
G0085,2024,3,99974096188,8813841911,4268804062,280020471669,119188308323,2024-11-14
G0085,2024,4,105473765203,9663816994,5209060710,275585646654,117300663152,2025-02-14
G0085,2025,1,86183927992,6411172275,3618499094,271085504361,115385216242,2025-05-14
G0085,2025,2,95878490264,8424051028,4663736976,268332872644,114213582197,2025-08-14
G0085,2025,3,87848283373,5688866925,2577331450,273151798300,116264716507,2025-11-14
G0085,2025,4,115543704335,7503001611,3633781924,280434481224,119364527934,2026-02-13
G0085,2026,1,91570614646,5649066080,2588907631,276157619583,117544118516,2026-05-14
G0085,2026,2,97962324136,5798946220,2793631021,284341053121,121027326703,2026-08-14
G0086,2023,3,1038627042341,174763701729,116718293376,4486785676429,2493386585725,2023-11-14
G0086,2023,4,1201331934767,183969598627,122101706604,4626230863738,2570878755968,2024-02-14
G0086,2024,1,1071510544409,190143674134,134330499818,4567874887115,2538449302055,2024-05-14
G0086,2024,2,1011357427260,177805599979,121589764655,4497902042409,2499564147975,2024-08-14
G0086,2024,3,1105686935121,142376011599,90810903199,4635570861774,2576069158963,2024-11-14
G0086,2024,4,1141433844097,123475294721,74022928157,4557458364672,2532660655304,2025-02-14
G0086,2025,1,954948906376,132296578239,97806705061,4624144088844,2569719098051,2025-05-14
G0086,2025,2,1003496557347,179673416646,135005921372,4553151080463,2530267020875,2025-08-14
G0086,2025,3,1121802264798,129284210079,73579322682,4678911125109,2600154113987,2025-11-14
G0086,2025,4,1101043926538,130442761655,75136606011,4599173371751,2555842426526,2026-02-13
G0086,2026,1,1017486346778,174295922316,105757482771,4497684909163,2499443483168,2026-05-14
G0086,2026,2,1152519063013,146565656778,82027577183,4650608802444,2584426010002,2026-08-14
G0087,2023,3,46360186502,8134515565,5879743560,387214159051,190044775100,2023-11-14
G0087,2023,4,53135590623,5868177186,5398723011,397060924483,194877569248,2024-02-14
G0087,2024,1,44659250760,4869548470,4445574555,391748789960,192270372721,2024-05-14
G0087,2024,2,48879043789,8149942189,7497946814,400186941383,196411818875,2024-08-14
G0087,2024,3,50982659620,5495772379,3763919253,403097107784,197840129039,2024-11-14
G0087,2024,4,54235467060,8096797774,6538773219,398432206593,195550594741,2025-02-14
G0087,2025,1,47588986483,6505568437,5652882532,406639805743,199578885800,2025-05-14
G0087,2025,2,53088140920,7653244725,5897820427,400764209096,196695141966,2025-08-14
G0087,2025,3,51071572801,6311673135,5806739284,391194411845,191998283848,2025-11-14
G0087,2025,4,57598564686,9498123041,6838690470,391725891767,192259134285,2026-02-13
G0087,2026,1,45609554608,7870964645,6973360224,395147406146,193938414123,2026-05-14
G0087,2026,2,54510875309,10635394475,8898378003,404729370059,198641243641,2026-08-14
G0088,2023,3,310141721600,107564533916,79636038871,1504067912052,579973865790,2023-11-14
G0088,2023,4,360824592361,104137405194,77973196163,1543948776048,595352066919,2024-02-14
G0088,2024,1,302567853624,76967328351,69985451151,1551207206420,598150943146,2024-05-14
G0088,2024,2,333622376485,96271140105,67304394923,1604396056434,618660750390,2024-08-14
G0088,2024,3,328090885676,97226792999,83682448221,1581612261466,609875239085,2024-11-14
G0088,2024,4,353883270222,117070815272,92988427705,1593688017444,614531692973,2025-02-14
G0088,2025,1,298993883789,103079843106,72559438366,1556862766032,600331746782,2025-05-14
G0088,2025,2,327778097704,106494882247,94386080265,1560467094725,601721588576,2025-08-14
G0088,2025,3,328220996551,72837986074,67010947188,1584760290217,611089130021,2025-11-14
G0088,2025,4,374593989782,71300865869,61062386627,1584625494086,611037152159,2026-02-13
G0088,2026,1,300229400326,87262327538,80281341335,1574434044629,607107293479,2026-05-14
G0088,2026,2,294910270048,68606849241,61695234279,1535969439370,592275206690,2026-08-14
G0089,2023,3,10641907710,1031252147,819118308,37300866137,21347321663,2023-11-14
G0089,2023,4,11309830121,1183997814,735701262,38550365965,22062411619,2024-02-14
G0089,2024,1,11099868966,1492477379,869681983,38845254495,22231176609,2024-05-14
G0089,2024,2,10802631992,952243852,780610527,38934765833,22282404034,2024-08-14
G0089,2024,3,10097183311,1199126353,970911261,38118583867,21815302308,2024-11-14
G0089,2024,4,11384866531,1386412110,830211659,37246634543,21316284869,2025-02-14
G0089,2025,1,9629953106,1171489658,896276910,36440349467,20854847143,2025-05-14
G0089,2025,2,10116073212,1212157312,859211845,35674518360,20416561261,2025-08-14
G0089,2025,3,9526948739,1258886566,951776953,35600085308,20373963154,2025-11-14
G0089,2025,4,11481538699,987597732,646283051,35944112659,20570850339,2026-02-13
G0089,2026,1,9385713352,1070128017,876400877,35222641468,20157951680,2026-05-14
G0089,2026,2,10650911641,899819822,606108388,36139722690,20682798148,2026-08-14
G0090,2023,3,162748062674,10042779437,8012014729,706723345714,411651007390,2023-11-14
G0090,2023,4,187357806355,9289764454,5973651921,727431132860,423712843880,2024-02-14
G0090,2024,1,172340198102,8602030425,6037280809,744295153604,433535769881,2024-05-14
G0090,2024,2,167003180659,8975362097,7095114100,739110180731,430515635737,2024-08-14
G0090,2024,3,167765176277,14504199528,11740283056,740983814883,431606986958,2024-11-14
G0090,2024,4,193084130048,11137898584,7950052835,739762244529,430895448745,2025-02-14
G0090,2025,1,156464596953,9305032660,6036275716,725270161475,422454124959,2025-05-14
G0090,2025,2,175488166853,11843630700,9089721697,728732698386,424470977545,2025-08-14
G0090,2025,3,163475070019,8307592558,5356134514,736552669161,429025940766,2025-11-14
G0090,2025,4,178750251471,11721135481,10356928634,735481883195,428402231186,2026-02-13
G0090,2026,1,167755873725,13949435538,11349227490,720412026948,419624367057,2026-05-14
G0090,2026,2,157258982284,10275711921,6485795985,703103896536,409542756815,2026-08-14
G0091,2023,3,608938031727,53930683805,43116168631,1876265844646,1075363652008,2023-11-14
G0091,2023,4,676263320419,71711806749,64244296910,1915852386128,1098052296018,2024-02-14
G0091,2024,1,631498821407,50519875500,38436868193,1955843003997,1120972532509,2024-05-14
G0091,2024,2,682350826645,67855608110,57136791657,1917143747347,1098792427232,2024-08-14
G0091,2024,3,677490902881,58519273307,41729464578,1973397662290,1131033815405,2024-11-14
G0091,2024,4,754271644713,62946868000,55741038446,2025339249271,1160803634445,2025-02-14
G0091,2025,1,626966072841,42649325978,31889570631,2048796458449,1174247907388,2025-05-14
G0091,2025,2,672158903984,58631883811,35700627565,2034743930643,1166193836764,2025-08-14
G0091,2025,3,644655133172,42054662342,28140982194,2012480665615,1153433861383,2025-11-14
G0091,2025,4,733696524721,74115285580,64099570449,1992739207826,1142119235471,2026-02-13
G0091,2026,1,659909952017,48644687623,41290227424,2020674126835,1158129864567,2026-05-14
G0091,2026,2,674149473737,71761751825,45891545314,1991903552077,1141640287447,2026-08-14
G0092,2023,3,109424866248,12660193264,6003804244,435611966963,192808316204,2023-11-14
G0092,2023,4,117563826755,9883265596,5107007886,440652871936,195039495496,2024-02-14
G0092,2024,1,117041370382,14801588550,8847471649,453517353899,200733505978,2024-05-14
G0092,2024,2,116944605830,13669579298,8466959749,454412516971,201129718428,2024-08-14
G0092,2024,3,109855569114,13872324888,6475892618,468697181868,207452322937,2024-11-14
G0092,2024,4,137512611938,15767280811,8208074067,460434919499,203795323092,2025-02-14
G0092,2025,1,108815710265,7776861953,3715243005,461647267555,204331926319,2025-05-14
G0092,2025,2,112875686171,14342929370,6499804797,470037090220,208045386243,2025-08-14
G0092,2025,3,114007149256,11402533802,6288798941,469338664851,207736252817,2025-11-14
G0092,2025,4,139308600847,15207636962,8795859323,463676793822,205230224741,2026-02-13
G0092,2026,1,124813911933,8727249070,5614038205,479591437801,212274282162,2026-05-14
G0092,2026,2,117551114633,9710662374,6024463956,470782883484,208375485401,2026-08-14
G0093,2023,3,67809955238,10111942026,4402934934,299681666442,120813440285,2023-11-14
G0093,2023,4,74453910450,8963127136,4414071101,305136256490,123012399590,2024-02-14
G0093,2024,1,62374174556,7969122919,3354474072,302032825557,121761284792,2024-05-14
G0093,2024,2,68936192758,10164624019,4161512584,304361528748,122700076434,2024-08-14
G0093,2024,3,71324384037,10277729822,5480463207,303646825658,122411951572,2024-11-14
G0093,2024,4,83681329396,13618582772,6609620421,310093759513,125010963608,2025-02-14
G0093,2025,1,71933697809,11295871514,4963644158,309283407928,124684279083,2025-05-14
G0093,2025,2,73544851291,9811794211,3913483550,307464956992,123951190149,2025-08-14
G0093,2025,3,68085405397,11359133898,6284781009,306156835148,123423834898,2025-11-14
G0093,2025,4,79183957864,9094404737,4252778942,311998376488,125778789455,2026-02-13
G0093,2026,1,64328356879,9855490048,3845845837,310101119060,125013930531,2026-05-14
G0093,2026,2,75338882187,13264160106,5807716438,317755179150,128099582525,2026-08-14
G0094,2023,3,15264361121,716045396,531619690,43990500394,18004681933,2023-11-14
G0094,2023,4,16065616512,771722193,559231903,43068291519,17627235045,2024-02-14
G0094,2024,1,14370737848,618610773,546128490,43016269225,17605943065,2024-05-14
G0094,2024,2,15717483894,684483568,449190696,43512928197,17809218470,2024-08-14
G0094,2024,3,14746105694,956354411,797946928,43295414026,17720193035,2024-11-14
G0094,2024,4,16482883431,844639937,698074762,43745257861,17904307676,2025-02-14
G0094,2025,1,15341404688,1089615328,724463132,43984895770,18002388040,2025-05-14
G0094,2025,2,16138611176,1150165000,899303555,42880818202,17550504900,2025-08-14
G0094,2025,3,14329864735,703893844,623675378,42188122117,17266994311,2025-11-14
G0094,2025,4,16518808386,872562085,592146886,41674101987,17056613232,2026-02-13
G0094,2026,1,13775714058,817590298,580430927,42306847450,17315586890,2026-05-14
G0094,2026,2,16541885388,1067808061,710915617,43221979701,17690137417,2026-08-14
G0095,2023,3,144400759877,12731254507,9280859798,672835343547,304478701694,2023-11-14
G0095,2023,4,170259672734,21432462677,14526738845,692537551217,313394557065,2024-02-14
G0095,2024,1,145958593754,11915916224,6844729970,677103676871,306410253895,2024-05-14
G0095,2024,2,138573411859,15926550870,9907002530,677889090285,306765677638,2024-08-14
G0095,2024,3,148888749792,16283754895,9763181277,693819259358,313974569448,2024-11-14
G0095,2024,4,158806598919,18850842010,10922549511,680983849683,308166151517,2025-02-14
G0095,2025,1,128524891213,15931960827,11450083193,676550275206,306159822609,2025-05-14
G0095,2025,2,137600969189,14536227966,9259463473,670086035516,303234555191,2025-08-14
G0095,2025,3,141757395880,10378132984,6358495022,676554840814,306161888687,2025-11-14
G0095,2025,4,148799603467,14467157702,8992352514,675421542499,305649036318,2026-02-13
G0095,2026,1,130417596767,13865662149,9654916475,662595770920,299844979923,2026-05-14
G0095,2026,2,156651754127,15191635690,8356357161,685200802195,310074452320,2026-08-14
G0096,2023,3,4025842197,581950191,376027748,19613138846,7840086350,2023-11-14
G0096,2023,4,4313986936,397556872,193860671,19637954698,7850006150,2024-02-14
G0096,2024,1,3549413053,557828872,323197925,19214826373,7680866339,2024-05-14
G0096,2024,2,4002847071,369869234,174429559,19560835667,7819178863,2024-08-14
G0096,2024,3,3721367493,389064893,198790932,19637576031,7849854783,2024-11-14
G0096,2024,4,4022271689,499809524,232890524,19271439404,7703496630,2025-02-14
G0096,2025,1,3869755123,425758004,240199884,19708534222,7878219358,2025-05-14
G0096,2025,2,3954087632,478410290,242731134,19699225528,7874498334,2025-08-14
G0096,2025,3,3894250190,368012478,252249670,20340773372,8130948387,2025-11-14
G0096,2025,4,4593638669,550577297,314570037,20406768130,8157328897,2026-02-13
G0096,2026,1,4201366088,558845927,277225945,20668850566,8262092797,2026-05-14
G0096,2026,2,4219868834,460377144,276997734,20758738942,8298024457,2026-08-14
G0097,2023,3,7110367935,687294111,536875061,33445287998,21708250898,2023-11-14
G0097,2023,4,7376729530,632741158,522060563,33476589927,21728567963,2024-02-14
G0097,2024,1,6370453503,466302451,398711005,33180462655,21536361363,2024-05-14
G0097,2024,2,6513388112,573494724,527615146,33234195954,21571237903,2024-08-14
G0097,2024,3,6675957525,678917132,527056798,34129196820,22152153916,2024-11-14
G0097,2024,4,8414335924,720342811,626427310,34786799828,22578982684,2025-02-14
G0097,2025,1,6865250900,579292697,532949282,34718047495,22534357777,2025-05-14
G0097,2025,2,6985559764,463344366,358861384,34469823102,22373243380,2025-08-14
G0097,2025,3,7126969580,551275079,507173073,34835130136,22610352319,2025-11-14
G0097,2025,4,7935544039,620179182,494320779,35569797762,23087201230,2026-02-13
G0097,2026,1,6583078761,690634881,593560898,35115882934,22792579848,2026-05-14
G0097,2026,2,6989693618,411032013,288679060,34398423541,22326900242,2026-08-14
G0098,2023,3,333409301460,37148076441,31436679705,1224461742205,560871578316,2023-11-14
G0098,2023,4,338863996989,35976316181,32804382606,1195433831530,547575180793,2024-02-14
G0098,2024,1,302725318238,49534741465,37086006644,1231227101835,563970489293,2024-05-14
G0098,2024,2,319369351435,47173606517,41919401815,1238326519871,567222417599,2024-08-14
G0098,2024,3,344718917397,53378346240,37364568990,1244608157161,570099756841,2024-11-14
G0098,2024,4,353547613289,56331180191,51550036744,1220983768802,559278473064,2025-02-14
G0098,2025,1,324900168323,43089548496,28996103139,1262397964049,578248477804,2025-05-14
G0098,2025,2,347034031765,34789636273,31048515836,1244060339269,569848825778,2025-08-14
G0098,2025,3,346576888486,39162616405,32644326323,1272367037485,582814867883,2025-11-14
G0098,2025,4,367941088218,53837866106,46867814022,1293368831780,592434857718,2026-02-13
G0098,2026,1,328946155514,37129391439,29784541052,1303507194100,597078791522,2026-05-14
G0098,2026,2,351114827359,41390943611,27476073840,1327064289561,607869251408,2026-08-14
G0099,2023,3,1008851819435,33923775449,25794935565,2724809312460,987133015800,2023-11-14
G0099,2023,4,1146396524104,46807982524,34771520803,2737786251205,991834249248,2024-02-14
G0099,2024,1,935138365422,37295567028,27342211353,2728858647656,988599992753,2024-05-14
G0099,2024,2,967933673720,44867574203,26484350512,2801233073152,1014819510053,2024-08-14
G0099,2024,3,1000780628358,34099114255,29054718775,2884006706812,1044806410879,2024-11-14
G0099,2024,4,1238032167847,40261772000,27517576262,2963747314794,1073694519299,2025-02-14
G0099,2025,1,1023295591028,59665542438,49501416167,3055801106461,1107043398638,2025-05-14
G0099,2025,2,1221976794193,39902895763,32519147195,3120983970632,1130657585874,2025-08-14
G0099,2025,3,1085893775992,37853018903,32339855376,3118537448449,1129771269606,2025-11-14
G0099,2025,4,1317738482220,72127977055,51891731559,3151364280821,1141663643098,2026-02-13
G0099,2026,1,1158488393242,64260311581,37907134873,3181460050811,1152566618238,2026-05-14
G0099,2026,2,1111846686487,47836863293,31587160875,3183995572535,1153485176903,2026-08-14
G0100,2023,3,709432507554,169906657890,146166837974,6424253746674,3034254559695,2023-11-14
G0100,2023,4,807016583139,187175987975,130807181741,6354572250202,3001343126440,2024-02-14
G0100,2024,1,706130179945,158189960221,145145965195,6350260415891,2999306593726,2024-05-14
G0100,2024,2,763366025178,154808232234,130064360556,6393856162103,3019897404261,2024-08-14
G0100,2024,3,760714260610,164540864459,130864273143,6429432528056,3036700562241,2024-11-14
G0100,2024,4,852950864042,123993925935,91701411488,6637140793499,3134803746885,2025-02-14
G0100,2025,1,700989342525,153990217534,118568973930,6658844370832,3145054615092,2025-05-14
G0100,2025,2,810231823681,192618893414,177209381941,6518848730333,3078932941311,2025-08-14
G0100,2025,3,755523883588,178213997172,163956877398,6426029547032,3035093292184,2025-11-14
G0100,2025,4,843223588493,191804242740,176459903321,6272620587084,2962636341606,2026-02-13
G0100,2026,1,767178576054,150640684661,118952644660,6423330285923,3033818397752,2026-05-14
G0100,2026,2,720731299244,175643589623,161592102453,6430084770711,3037008624521,2026-08-14
G0101,2023,3,64485578645,4026087072,2693181418,178618435170,121916270374,2023-11-14
G0101,2023,4,69495342095,7399169413,4704995320,176005470441,120132787532,2024-02-14
G0101,2024,1,66665853875,7319044034,4943580651,172765521801,117921355918,2024-05-14
G0101,2024,2,67231365403,7017451227,4267713845,175623041877,119871760364,2024-08-14
G0101,2024,3,63558006815,5477873115,3335897629,175975824309,120112552521,2024-11-14
G0101,2024,4,74610520198,7244970773,4172363610,171806273094,117266619330,2025-02-14
G0101,2025,1,60469769308,4999939030,2534114504,169517657747,115704521626,2025-05-14
G0101,2025,2,68306899058,4373692786,2954680248,172432825465,117694273553,2025-08-14
G0101,2025,3,68085925850,4689768295,2399539757,170699671569,116511306864,2025-11-14
G0101,2025,4,76424024267,7522836697,4278218671,174425968158,119054695972,2026-02-13
G0101,2026,1,66124439449,5251484796,3741293564,173980769203,118750824783,2026-05-14
G0101,2026,2,71144376057,7533906434,4293663070,175464588388,119763607707,2026-08-14
G0102,2023,3,40773454865,2073841382,1302286262,88448473063,32569883864,2023-11-14
G0102,2023,4,43724443102,1897755562,1008829076,88968108555,32761232194,2024-02-14
G0102,2024,1,37704637532,1479310608,723307807,90390286555,33284928881,2024-05-14
G0102,2024,2,42228587139,1668330349,969255763,89746984268,33048042024,2024-08-14
G0102,2024,3,38013497180,1979258876,943353407,90213237415,33219733070,2024-11-14
G0102,2024,4,43447553911,2045241987,893702227,88904566694,32737833814,2025-02-14
G0102,2025,1,38543866878,1906803277,989391075,91080592900,33539124309,2025-05-14
G0102,2025,2,42796749051,1670403921,892207735,91413021962,33661536552,2025-08-14
G0102,2025,3,37902406676,2032726345,1278685400,93411874134,34397585246,2025-11-14
G0102,2025,4,45590157672,1901941074,1045662624,92430943655,34036371641,2026-02-13
G0102,2026,1,40528745044,1427367076,852411365,92831007470,34183689413,2026-05-14
G0102,2026,2,40889760792,2106203232,1247471599,92122191157,33922677954,2026-08-14
G0103,2023,3,82553330452,6822445599,4476066498,298967630511,121817875810,2023-11-14
G0103,2023,4,89626472292,5734820703,4325210720,296601782019,120853883028,2024-02-14
G0103,2024,1,71098334571,4942059073,3239479444,290786055083,118484196716,2024-05-14
G0103,2024,2,76251481163,4285693256,2984482585,295879092434,120559414661,2024-08-14
G0103,2024,3,79080824134,4843545509,3423066578,293273843666,119497875422,2024-11-14
G0103,2024,4,89586824787,5180047474,2935761680,286809468085,116863889594,2025-02-14
G0103,2025,1,76759264302,5005505609,3085020571,293220790839,119476258424,2025-05-14
G0103,2025,2,77973106013,6122642028,4073056343,301418792649,122816630640,2025-08-14
G0103,2025,3,88450042357,7183290572,4986224883,305654197027,124542395946,2025-11-14
G0103,2025,4,98240212971,6392127448,4659575183,302352010802,123196881347,2026-02-13
G0103,2026,1,74906927485,5459057330,4023559753,306993500388,125088110846,2026-05-14
G0103,2026,2,90886895761,4550419116,2645503357,312483792255,127325194813,2026-08-14
G0104,2023,3,65083040555,3800619222,2457226717,223150218954,112627886824,2023-11-14
G0104,2023,4,77416247100,4727805935,3203476218,223545514536,112827399539,2024-02-14
G0104,2024,1,68595136682,3606435111,2540670017,226601848867,114369985868,2024-05-14
G0104,2024,2,72688905148,2758451643,1971686759,229949914524,116059814189,2024-08-14
G0104,2024,3,66011809923,4494719850,3339268574,229613722941,115890132314,2024-11-14
G0104,2024,4,73309887612,4448317808,3492886337,230524758296,116349948071,2025-02-14
G0104,2025,1,63473524405,3921520789,2145981102,236998124602,119617171250,2025-05-14
G0104,2025,2,75411851506,4435782714,2916021532,237696122730,119969463327,2025-08-14
G0104,2025,3,65463288888,3888166060,2392130296,236907374703,119571368161,2025-11-14
G0104,2025,4,82761339214,5252725193,3154211574,237927648346,120086318426,2026-02-13
G0104,2026,1,69088373721,2801697106,1490661393,237024123941,119630293579,2026-05-14
G0104,2026,2,68750367883,4261015006,2322790432,240367595261,121317803057,2026-08-14
G0105,2023,3,90824609484,15150398765,11974968485,413795797609,176698033366,2023-11-14
G0105,2023,4,103263472534,17478610566,14443710701,422485774802,180408805416,2024-02-14
G0105,2024,1,95567847052,26493974970,24374456972,429256099768,183299852434,2024-05-14
G0105,2024,2,96296180504,16386685307,11604744989,440233791351,187987518487,2024-08-14
G0105,2024,3,104241664743,16784169127,12703576643,443718825854,189475689093,2024-11-14
G0105,2024,4,105007535466,20691396667,19036084934,446636065912,190721401554,2025-02-14
G0105,2025,1,94307139097,24476001840,22517921693,451407974800,192759090000,2025-05-14
G0105,2025,2,107348514755,18148525429,13029153453,464616165288,198399218046,2025-08-14
G0105,2025,3,102591255628,16614706115,12396835276,469200163181,200356665215,2025-11-14
G0105,2025,4,106219946769,21927758793,18326495106,458595751680,195828396277,2026-02-13
G0105,2026,1,96801314162,23758362011,18785945520,467660536988,199699217938,2026-05-14
G0105,2026,2,111593492190,28810863425,22939585918,465001914549,198563939719,2026-08-14
G0106,2023,3,197754421713,12332204015,7862523165,779436705283,279963565915,2023-11-14
G0106,2023,4,209613431600,12250662602,6853510769,785494966458,282139614836,2024-02-14
G0106,2024,1,168084496455,8600703634,4817423587,772224496914,277373034112,2024-05-14
G0106,2024,2,178431933287,10410636734,5796318383,753884927124,270785698257,2024-08-14
G0106,2024,3,193541263982,11109328598,6213604065,768705426002,276109029435,2024-11-14
G0106,2024,4,212813813132,12071724094,7064548969,757809519369,272195360943,2025-02-14
G0106,2025,1,175577393989,12224852806,8179358024,770415527356,276723275685,2025-05-14
G0106,2025,2,189893977346,14056967784,7981209297,753110334991,270507474799,2025-08-14
G0106,2025,3,189511247798,15528354448,11925779635,747220307549,268391853254,2025-11-14
G0106,2025,4,193343528754,12182772631,9187835333,734322926217,263759280982,2026-02-13
G0106,2026,1,177417655382,8371932314,4974164007,759645502185,272854822183,2026-05-14
G0106,2026,2,196612990606,14031294575,9716644613,773429533996,277805867819,2026-08-14
G0107,2023,3,144697726400,8322524153,7656722220,419280192367,259148856144,2023-11-14
G0107,2023,4,164740608559,7840645027,6735288186,411315506680,254226040273,2024-02-14
G0107,2024,1,131942204001,5999843904,4125438824,416636487114,257514833825,2024-05-14
G0107,2024,2,150992415555,10089626773,6905598367,407830418269,252071975541,2024-08-14
G0107,2024,3,146996060356,9106432190,8377917615,404546400336,250042188524,2024-11-14
G0107,2024,4,156748286595,6411031305,5898148800,413162205559,255367448598,2025-02-14
G0107,2025,1,136742459007,7794667427,5459551108,425076276820,262731302163,2025-05-14
G0107,2025,2,155510463792,6424025790,5910103727,420976264969,260197165324,2025-08-14
G0107,2025,3,150775826304,6124471649,5248445311,419390464064,259217012915,2025-11-14
G0107,2025,4,154741614372,7916902444,6101826799,424051103630,262097662739,2026-02-13
G0107,2026,1,144783973774,9868392251,8789018061,415856687707,257032855119,2026-05-14
G0107,2026,2,141963747039,9564568994,8121261031,412815760675,255153317817,2026-08-14
G0108,2023,3,16824970975,2202329961,1269836156,62965284700,29891162724,2023-11-14
G0108,2023,4,17952136038,1471656133,634291602,64165107909,30460748186,2024-02-14
G0108,2024,1,17129347177,1768520868,949995691,65687561397,31183494143,2024-05-14
G0108,2024,2,16988716014,2060720250,965658625,67196980958,31900052576,2024-08-14
G0108,2024,3,18056305901,1490398328,770993295,65988131287,31326182031,2024-11-14
G0108,2024,4,18289537588,1976859821,1014309111,65879563563,31274642273,2025-02-14
G0108,2025,1,15670220546,2214648540,1053690565,67055864090,31833060942,2025-05-14
G0108,2025,2,17195163426,2264591315,1003569999,67200125568,31901545399,2025-08-14
G0108,2025,3,16867889809,2552200467,1176002317,67199178455,31901095781,2025-11-14
G0108,2025,4,19585096739,1780562686,935910506,67150748602,31878104944,2026-02-13
G0108,2026,1,16683503336,2529212880,1468365129,66313717542,31480745800,2026-05-14
G0108,2026,2,17399879806,1545503834,821301194,68557029562,32545700957,2026-08-14
G0109,2023,3,139167433330,39047327494,32457762161,809234632069,412510953889,2023-11-14
G0109,2023,4,141778274364,32711478513,22341466158,798388879162,406982283093,2024-02-14
G0109,2024,1,132272862562,40111337031,23707645166,804709154349,410204071488,2024-05-14
G0109,2024,2,152567381226,50919257253,39549937888,831712235613,423969012296,2024-08-14
G0109,2024,3,136810251269,53016095892,35995832659,849493104566,433032889349,2024-11-14
G0109,2024,4,172734917491,67587280480,53408744340,876978799994,447043844874,2025-02-14
G0109,2025,1,132262709507,54379368146,37952831580,863027621860,439932169753,2025-05-14
G0109,2025,2,144382594727,45296928735,28523763769,863938879892,440396687590,2025-08-14
G0109,2025,3,149097657515,58680142840,38828778448,852042977735,434332698541,2025-11-14
G0109,2025,4,170656804779,51569046271,30703460168,860332707591,438558425216,2026-02-13
G0109,2026,1,145409850753,50198389526,42116128795,876790685110,446947952475,2026-05-14
G0109,2026,2,157212757839,48710963309,36874043077,877713619222,447418422245,2026-08-14
G0110,2023,3,854720498262,268129993585,159125490707,4124570426371,1675346904236,2023-11-14
G0110,2023,4,965073375584,252312091409,162025799989,4141830601316,1682357762985,2024-02-14
G0110,2024,1,792167087482,242002145987,189220354524,4241869138322,1722992116615,2024-05-14
G0110,2024,2,824189649707,342910107638,206028357637,4224424915449,1715906499990,2024-08-14
G0110,2024,3,835710683704,311833569842,177722394692,4212069707176,1710887974958,2024-11-14
G0110,2024,4,1012846209364,359115358947,219691825347,4175954893770,1696218607101,2025-02-14
G0110,2025,1,830012198271,356554062863,286638129204,4308868282798,1750206298380,2025-05-14
G0110,2025,2,883529426315,249132283687,164417854976,4319363786240,1754469435479,2025-08-14
G0110,2025,3,931653704339,414371059618,258517554102,4416068822003,1793749764226,2025-11-14
G0110,2025,4,1087232660704,432445036894,265068413728,4491402776850,1824349437644,2026-02-13
G0110,2026,1,876964434597,297705593384,237322737706,4580180042397,1860409609159,2026-05-14
G0110,2026,2,989246687297,297637890732,166382096331,4665768961044,1895174715599,2026-08-14
G0111,2023,3,17194639788,2322818898,889583592,95988625693,64126432187,2023-11-14
G0111,2023,4,19434486026,1677982933,627667549,95613523270,63875840204,2024-02-14
G0111,2024,1,15909981209,1421439749,685967795,93601521128,62531696374,2024-05-14
G0111,2024,2,18151170072,2745275746,1035939103,96682944369,64590280681,2024-08-14
G0111,2024,3,18259737916,2878340525,1491336234,96793735223,64664295932,2024-11-14
G0111,2024,4,19792181713,2682339806,1190543373,96456448397,64438967143,2025-02-14
G0111,2025,1,17877532440,1533360288,637410348,95821034536,64014470765,2025-05-14
G0111,2025,2,18472051400,2437655461,1012422111,97004123135,64804848274,2025-08-14
G0111,2025,3,17665620546,1922793673,737966193,95679722989,63920065775,2025-11-14
G0111,2025,4,20534985131,1848954221,861536643,93972608602,62779606119,2026-02-13
G0111,2026,1,16713622919,1806910815,847059569,93383093197,62385772794,2026-05-14
G0111,2026,2,18323669514,1669832167,869990647,95320676933,63680200453,2026-08-14
G0112,2023,3,1815802998172,154588851295,96978030418,7134316356597,4039315426017,2023-11-14
G0112,2023,4,2150208489267,220096181828,162883547531,7154609173923,4050804836630,2024-02-14
G0112,2024,1,1993845097031,131696907085,81061917293,7090468591477,4014489648018,2024-05-14
G0112,2024,2,2063536267928,154360934934,103680561361,7285600315078,4124969551326,2024-08-14
G0112,2024,3,2074754910464,169188275384,96197083445,7307459680324,4137345911839,2024-11-14
G0112,2024,4,2176898788840,167925423567,100326511895,7498822918598,4245692169797,2025-02-14
G0112,2025,1,1992393204481,120211460532,89098227086,7332279431027,4151398386788,2025-05-14
G0112,2025,2,2016324580077,150685546777,83779561597,7501627878196,4247280285043,2025-08-14
G0112,2025,3,1933771943627,178231209361,132022973025,7423371679198,4202973100445,2025-11-14
G0112,2025,4,2382790711423,162654006248,96198074830,7468698535452,4228636311961,2026-02-13
G0112,2026,1,1896398076068,159091324632,93343767204,7584334077036,4294106975661,2026-05-14
G0112,2026,2,2204360936156,189303766532,129255046274,7629097787101,4319451344421,2026-08-14
G0113,2023,3,185750523160,14253109974,11139136577,703273612242,335269034028,2023-11-14
G0113,2023,4,224131324236,16536198635,12479584356,718487588340,342521936713,2024-02-14
G0113,2024,1,173949378746,14961193494,11723865675,700843768732,334110663698,2024-05-14
G0113,2024,2,198285936480,13094840361,7427971208,717478323644,342040793679,2024-08-14
G0113,2024,3,175816748806,16362632123,9779791726,717863122608,342224237469,2024-11-14
G0113,2024,4,228626770330,23672742288,14973707197,734527493571,350168581545,2025-02-14
G0113,2025,1,181630425727,15719397006,10046196675,733289992611,349578632279,2025-05-14
G0113,2025,2,181777009498,13378329721,9536157136,729015076332,347540667216,2025-08-14
G0113,2025,3,184183247039,17386536373,10327398685,753804122391,359358257670,2025-11-14
G0113,2025,4,205974563081,13445382354,10576040649,735219109327,350498292972,2026-02-13
G0113,2026,1,174935486887,18465919693,14786282210,736814444524,351258831234,2026-05-14
G0113,2026,2,203109943133,13689198995,10460164841,726682851584,346428834318,2026-08-14
G0114,2023,3,668044696910,26297253268,23499312158,1419091769378,644768202571,2023-11-14
G0114,2023,4,752344177973,30644300241,24254627234,1388085090367,630680233686,2024-02-14
G0114,2024,1,592882658079,27126734177,18538522846,1385338294945,629432219720,2024-05-14
G0114,2024,2,643779441373,17659012322,16218900217,1426878578272,648306160357,2024-08-14
G0114,2024,3,657789095916,24330311688,22383886753,1427628716963,648646987910,2024-11-14
G0114,2024,4,764325577546,25540977602,19585510582,1412032110231,641560627250,2025-02-14
G0114,2025,1,663097786768,31347840165,22506041124,1443520001973,655867236448,2025-05-14
G0114,2025,2,657749346600,23894473680,21982915785,1421102930176,645681978946,2025-08-14
G0114,2025,3,670419296914,23926143364,20399243400,1459781073130,663255498327,2025-11-14
G0114,2025,4,745932765223,22081613631,16332851402,1493522876184,678586178256,2026-02-13
G0114,2026,1,674987382703,19893264449,18301803293,1502417267276,682627369024,2026-05-14
G0114,2026,2,698026724114,24569813313,22604228248,1525036722091,692904579800,2026-08-14
G0115,2023,3,10239909967,1049089790,557639263,38453328777,16718330329,2023-11-14
G0115,2023,4,12776388222,1457049533,1026739672,39527010143,17185134122,2024-02-14
G0115,2024,1,10122410757,1127934367,626129479,40193923827,17475087778,2024-05-14
G0115,2024,2,11908382261,1378830928,862221548,40334900495,17536380118,2024-08-14
G0115,2024,3,10713647091,1292167423,950066602,40452823216,17587649308,2024-11-14
G0115,2024,4,13500296303,1230026097,823265919,41817663806,18181040220,2025-02-14
G0115,2025,1,10728576834,1334687732,933027858,41164058545,17896872658,2025-05-14
G0115,2025,2,12207526583,957718958,549198602,41985486862,18254004547,2025-08-14
G0115,2025,3,11216348863,1236884263,624579481,43081505763,18730520018,2025-11-14
G0115,2025,4,13600751217,1713025617,1186676600,43493735969,18909745093,2026-02-13
G0115,2026,1,12109259045,1335430702,944419031,43054247418,18718668923,2026-05-14
G0115,2026,2,12547902466,1132152236,796604457,44508979802,19351142036,2026-08-14
G0116,2023,3,1008584803153,46382663574,28394651202,2677993922106,945797747601,2023-11-14
G0116,2023,4,1128721174542,59335131783,30234140911,2630720691993,929102073203,2024-02-14
G0116,2024,1,1041423723435,31165179553,18163140277,2619528698277,925149352340,2024-05-14
G0116,2024,2,1086898281087,52867129132,36338401702,2582337929158,912014540728,2024-08-14
G0116,2024,3,961545470584,49323652070,31795886616,2543538492658,898311589670,2024-11-14
G0116,2024,4,1116086747352,46375376553,26866854439,2541191667492,897482752107,2025-02-14
G0116,2025,1,1064151720838,54841807912,33954869196,2627014214381,927793041787,2025-05-14
G0116,2025,2,1162317758455,47312941299,24543670803,2671397106552,943467924056,2025-08-14
G0116,2025,3,1018960701762,50233162022,25759838712,2713136008929,958209017951,2025-11-14
G0116,2025,4,1235426068302,65547992441,41555341967,2764810940050,976459258573,2026-02-13
G0116,2026,1,1116161070022,42910661297,26939839703,2753429282675,972439553442,2026-05-14
G0116,2026,2,1106593549383,49666798503,32117532086,2785958695836,983928095460,2026-08-14
G0117,2023,3,102206906259,5716002826,3396880927,326773804100,213879601283,2023-11-14
G0117,2023,4,112943213197,5934394178,3684503787,324634302795,212479257436,2024-02-14
G0117,2024,1,91650676565,5312797495,3669954009,319192135285,208917256435,2024-05-14
G0117,2024,2,98569743076,4235615511,3372928812,322217875338,210897660213,2024-08-14
G0117,2024,3,93389818947,5734066872,4039644014,316998563797,207481522636,2024-11-14
G0117,2024,4,106345582288,5003381643,4039750627,318541145115,208491171124,2025-02-14
G0117,2025,1,93758016961,6053684891,4149642981,326557740658,213738183696,2025-05-14
G0117,2025,2,105806794585,6063506432,4499234802,319625161601,209200680304,2025-08-14
G0117,2025,3,92128286070,5350321936,4224068878,318353719987,208368497853,2025-11-14
G0117,2025,4,118516910922,4654576688,3516195584,324901271524,212653993491,2026-02-13
G0117,2026,1,102162950248,6571167521,5169836594,332312152228,217504554307,2026-05-14
G0117,2026,2,102679417624,6464686529,4948438688,324341407611,212287552029,2026-08-14
G0118,2023,3,14411081986,1476045488,1225922702,49485922184,25893658251,2023-11-14
G0118,2023,4,15387668525,1393319569,1219333059,49959524751,26141472224,2024-02-14
G0118,2024,1,13742232031,2041547462,1450718430,48702162439,25483553597,2024-05-14
G0118,2024,2,13839142784,1851827345,1703681158,49455196001,25877580683,2024-08-14
G0118,2024,3,13419140066,2180388381,2005957311,50979647462,26675254514,2024-11-14
G0118,2024,4,15592831126,2097561300,1861546273,49958613729,26140995529,2025-02-14
G0118,2025,1,13068375246,1364833870,1249727989,50131584562,26231503040,2025-05-14
G0118,2025,2,15004068081,1324242093,1218302726,50114213821,26222413747,2025-08-14
G0118,2025,3,13479056207,1263093679,1082684002,49436189791,25867635626,2025-11-14
G0118,2025,4,16347177622,2525220229,2323202611,49436655116,25867879109,2026-02-13
G0118,2026,1,13741129441,1946545315,1471588346,48704716294,25484889909,2026-05-14
G0118,2026,2,13503659406,2024806498,1472811110,48106913304,25172087689,2026-08-14
G0119,2023,3,7504498004,1343832441,1236325845,53859047073,21236046891,2023-11-14
G0119,2023,4,7766786279,907103744,834535444,52548363649,20719258418,2024-02-14
G0119,2024,1,7143265433,985449138,701527592,53422021433,21063732349,2024-05-14
G0119,2024,2,7493198398,1055274248,905336733,54496454809,21487369951,2024-08-14
G0119,2024,3,6907568819,1050707204,893244853,55071154047,21713967722,2024-11-14
G0119,2024,4,7977730704,1508650743,1387958683,55419856726,21851457463,2025-02-14
G0119,2025,1,7021871160,1273325268,1171459247,57293353607,22590157268,2025-05-14
G0119,2025,2,8146227739,978855543,900547100,57473415747,22661153847,2025-08-14
G0119,2025,3,8051214712,1596611418,1184262201,58420297641,23034499262,2025-11-14
G0119,2025,4,9160488831,1819501402,1673941290,59962951552,23642751219,2026-02-13
G0119,2026,1,7769116476,1604859172,1230262345,61973306726,24435412788,2026-05-14
G0119,2026,2,8116401934,1497264868,1377483678,63834363335,25169207528,2026-08-14
G0120,2023,3,67231504202,8921112774,7445725098,489722333406,306438956660,2023-11-14
G0120,2023,4,78103410871,14009231662,11719805853,492350891360,308083751072,2024-02-14
G0120,2024,1,67413844006,10551144600,7963722304,489673202202,306408213290,2024-05-14
G0120,2024,2,69553891423,12758967099,9481918193,489626631577,306379072178,2024-08-14
G0120,2024,3,69603808014,10378237946,7900853394,477331116939,298685274243,2024-11-14
G0120,2024,4,73559384604,9960406881,6485267600,470354448875,294319692490,2025-02-14
G0120,2025,1,66404209828,12677304064,11000910115,476894489682,298412059011,2025-05-14
G0120,2025,2,69994937820,11405496510,7607289959,485250285679,303640616568,2025-08-14
G0120,2025,3,72577413588,8390974913,6114892051,481459873595,301268803308,2025-11-14
G0120,2025,4,83437026143,9508320847,5918906060,495333951495,309950371752,2026-02-13
G0120,2026,1,75074009574,10598246633,7618433816,509102798040,318566092706,2026-05-14
G0120,2026,2,71313808747,9301897733,7966958106,498091942555,311676157662,2026-08-14
